frame,frame_ms,eye_x,eye_y,eye_z,step_m,yaw_step_deg,visual_error_m,body_x,body_z
0,33.3050,-2.48246,2.07522,-2.48246,0.069367,0.74786,0.00000,-2.48246,-2.48246
1,16.5460,-2.46301,1.98836,-2.46301,0.091115,3.53400,0.00000,-2.45059,-2.45059
2,7.3320,-2.44867,1.92066,-2.44867,0.070674,1.50000,0.00000,-2.43639,-2.43639
3,0.7820,-2.44565,1.90612,-2.44565,0.015152,0.85161,0.00000,-2.43639,-2.43639
4,0.4170,-2.44529,1.90438,-2.44529,0.001806,0.15934,0.00000,-2.43639,-2.43639
5,49.5370,-2.43639,1.86150,-2.43639,0.044698,0.01899,0.00000,-2.42039,-2.42039
6,3.6330,-2.40442,1.70368,-2.40442,0.164166,0.47005,0.00000,-2.40260,-2.40260
7,3.1410,-2.39079,1.63527,-2.39079,0.071072,1.42331,0.00000,-2.38302,-2.38302
8,0.6740,-2.38302,1.59620,-2.38302,0.040582,0.52903,0.00000,-2.38302,-2.38302
9,19.4930,-2.36877,1.52392,-2.36877,0.075043,0.29766,0.00000,-2.36165,-2.36165
10,17.1930,-2.35282,1.44266,-2.35282,0.084333,0.50000,0.00000,-2.33848,-2.33848
11,15.9180,-2.33134,1.33260,-2.33134,0.114169,0.53571,0.00000,-2.31352,-2.31352
12,17.4270,-2.30547,1.19925,-2.30547,0.138282,0.67883,0.00000,-2.28677,-2.28677
13,33.5540,-2.27841,1.08444,-2.27841,0.121017,0.76118,0.00000,-2.25822,-2.25822
14,4.6030,-2.24075,1.04083,-2.24075,0.068845,0.74376,0.00000,-2.22710,-2.22710
15,11.6280,-2.21239,1.04083,-2.21239,0.040107,0.95166,0.00000,-2.19339,-2.19339
16,16.8270,-2.18159,1.04083,-2.18159,0.043556,0.65625,0.00000,-2.15711,-2.15711
17,16.8910,-2.14606,1.04083,-2.14564,0.050541,0.66667,0.00000,-2.11968,-2.11824
18,27.4640,-2.10869,1.04083,-2.10606,0.054436,0.72733,0.00000,-2.08230,-2.07682
19,5.5040,-2.07132,1.04083,-2.06388,0.056350,0.74921,0.00000,-2.04496,-2.03285
20,16.6660,-2.03390,1.04083,-2.01907,0.058380,0.75002,0.00000,-2.00764,-1.98636
21,16.7440,-1.99654,1.04083,-1.97178,0.060270,0.75168,0.00000,-1.97035,-1.93737
22,16.7110,-1.95924,1.04083,-1.92213,0.062094,0.75101,0.00000,-1.93306,-1.88618
23,17.5180,-1.92185,1.04083,-1.87079,0.063522,0.75000,0.00000,-1.89577,-1.83499
24,15.6250,-1.88456,1.04083,-1.81959,0.063333,0.75224,0.00000,-1.85848,-1.78379
25,16.7690,-1.84727,1.04083,-1.76840,0.063333,0.75000,0.00000,-1.82119,-1.73260
26,16.7380,-1.80998,1.04083,-1.71721,0.063334,0.75000,0.00000,-1.78391,-1.68141
27,16.9040,-1.77269,1.04083,-1.66601,0.063333,0.75000,0.00000,-1.74662,-1.63021
28,16.5820,-1.73521,1.04083,-1.61455,0.063670,0.75000,0.00000,-1.70933,-1.57902
29,16.9050,-1.69792,1.04083,-1.56336,0.063334,0.75399,0.00000,-1.67204,-1.52783
30,18.1650,-1.66063,1.04083,-1.51216,0.063333,0.75000,0.00000,-1.63475,-1.47664
31,15.0450,-1.62334,1.04083,-1.46097,0.063334,0.75000,0.00000,-1.59747,-1.42544
32,16.4980,-1.58606,1.04083,-1.40978,0.063334,0.75000,0.00000,-1.56018,-1.37425
33,16.6450,-1.54877,1.04083,-1.35858,0.063333,0.75000,0.00000,-1.52289,-1.32306
34,18.2960,-1.51148,1.04083,-1.30739,0.063333,0.75000,0.00000,-1.48560,-1.27186
35,15.0570,-1.47419,1.04083,-1.25620,0.063333,0.75000,0.00000,-1.44831,-1.22067
36,17.1450,-1.43690,1.04083,-1.20500,0.063333,0.75000,0.00000,-1.41103,-1.16948
37,16.1660,-1.39962,1.04083,-1.15381,0.063334,0.75000,0.00000,-1.37374,-1.11828
38,16.6130,-1.36233,1.04083,-1.10262,0.063333,0.75000,0.00000,-1.33645,-1.06709
39,16.6110,-1.32504,1.04083,-1.05143,0.063334,0.75000,0.00000,-1.29916,-1.01590
40,16.7260,-1.28775,1.04083,-1.00023,0.063333,0.75000,0.00000,-1.26187,-0.96471
41,16.3990,-1.25046,1.04083,-0.94904,0.063333,0.75000,0.00000,-1.22459,-0.91351
42,16.8990,-1.21318,1.04083,-0.89785,0.063334,0.75000,0.00000,-1.18730,-0.86232
43,21.8140,-1.17589,1.04083,-0.84665,0.063334,0.75000,0.00000,-1.15001,-0.81113
44,11.1130,-1.13860,1.04083,-0.79546,0.063334,0.75000,0.00000,-1.11272,-0.75993
45,16.6100,-1.10131,1.04083,-0.74427,0.063333,0.75000,0.00000,-1.07543,-0.70874
46,16.5460,-1.06402,1.04083,-0.69308,0.063333,0.75000,0.00000,-1.03815,-0.65755
47,16.8170,-1.02674,1.04083,-0.64188,0.063334,0.75000,0.00000,-1.00086,-0.60636
48,17.0470,-0.98940,1.04083,-0.59063,0.063408,0.75000,0.00000,-0.96357,-0.55516
49,16.4510,-0.95212,1.04083,-0.53944,0.063333,0.75089,0.00000,-0.92628,-0.50397
50,16.5750,-0.91483,1.04083,-0.48824,0.063333,0.75000,0.00000,-0.88899,-0.45278
51,16.4890,-0.87754,1.04083,-0.43705,0.063334,0.75000,0.00000,-0.85171,-0.40158
52,16.8370,-0.84025,1.04083,-0.38585,0.063338,0.75000,0.00000,-0.81442,-0.35039
53,16.6070,-0.80296,1.04083,-0.33466,0.063333,0.75006,0.00000,-0.77713,-0.29920
54,16.6600,-0.76567,1.04083,-0.28347,0.063333,0.75000,0.00000,-0.73984,-0.24800
55,18.7480,-0.72839,1.04083,-0.23227,0.063333,0.75000,0.00000,-0.70255,-0.19681
56,14.4610,-0.69110,1.04083,-0.18108,0.063333,0.75000,0.00000,-0.66527,-0.14562
57,16.7810,-0.65381,1.04083,-0.12989,0.063336,0.75000,0.00000,-0.62798,-0.09443
58,16.7580,-0.61651,1.04083,-0.07867,0.063357,0.75003,0.00000,-0.59069,-0.04323
59,17.0970,-0.57905,1.04083,-0.02725,0.063623,0.75029,0.00000,-0.55340,0.00796
60,16.6470,-0.54166,1.04083,0.02408,0.063498,0.75343,0.00000,-0.51612,0.05915
61,17.1590,-0.50432,1.04083,0.07535,0.063426,0.75195,0.00000,-0.47883,0.11035
62,16.3800,-0.46700,1.04083,0.12658,0.063384,0.75109,0.00000,-0.44154,0.16154
63,16.3540,-0.42971,1.04083,0.17777,0.063333,0.75060,0.00000,-0.40425,0.21273
64,16.6600,-0.39243,1.04083,0.22897,0.063333,0.75000,0.00000,-0.36696,0.26392
65,16.3300,-0.35514,1.04083,0.28016,0.063333,0.75000,0.00000,-0.32968,0.31512
66,17.0290,-0.31785,1.04083,0.33135,0.063333,0.75000,0.00000,-0.29239,0.36631
67,18.2730,-0.28056,1.04083,0.38255,0.063333,0.75001,0.00000,-0.25510,0.41750
68,14.8030,-0.24327,1.04083,0.43374,0.063333,0.75000,0.00000,-0.21781,0.46870
69,16.5400,-0.20599,1.04083,0.48493,0.063333,0.75000,0.00000,-0.18052,0.51989
70,16.6730,-0.16870,1.04083,0.53613,0.063333,0.75000,0.00000,-0.14324,0.57108
71,16.5810,-0.13141,1.04083,0.58732,0.063333,0.75000,0.00000,-0.10595,0.62228
72,17.2530,-0.09412,1.04083,0.63851,0.063333,0.75000,0.00000,-0.06866,0.67347
73,17.0700,-0.05676,1.04083,0.68981,0.063461,0.75000,0.00000,-0.03137,0.72466
74,16.4020,-0.01947,1.04083,0.74100,0.063333,0.75151,0.00000,0.00592,0.77585
75,17.0570,0.01895,1.04083,0.79375,0.065259,0.75000,0.00000,0.04320,0.82705
76,16.7610,0.05626,1.04083,0.84497,0.063365,0.77280,0.00000,0.08049,0.87824
77,16.4920,0.09355,1.04083,0.89616,0.063333,0.75038,0.00000,0.11778,0.92943
78,16.3840,0.13083,1.04083,0.94735,0.063333,0.75000,0.00000,0.15507,0.98063
79,18.6970,0.16812,1.04083,0.99855,0.063333,0.75000,0.00000,0.19236,1.03182
80,14.8440,0.20541,1.04083,1.04974,0.063333,0.75000,0.00000,0.22964,1.08301
81,16.2830,0.24270,1.04083,1.10093,0.063333,0.75000,0.00000,0.26693,1.13421
82,16.7530,0.27999,1.04083,1.15213,0.063333,0.75000,0.00000,0.30422,1.18540
83,16.6190,0.31727,1.04083,1.20332,0.063333,0.75000,0.00000,0.34151,1.23659
84,16.7350,0.35456,1.04083,1.25451,0.063333,0.75000,0.00000,0.37880,1.28778
85,17.4240,0.39200,1.04083,1.30591,0.063584,0.75000,0.00000,0.41608,1.33898
86,16.4010,0.42935,1.04083,1.35719,0.063445,0.75298,0.00000,0.45337,1.39017
87,17.0130,0.46682,1.04083,1.40864,0.063646,0.75132,0.00000,0.49066,1.44136
88,16.1850,0.50411,1.04083,1.45983,0.063333,0.75370,0.00000,0.52795,1.49256
89,16.4810,0.54140,1.04083,1.51102,0.063333,0.75000,0.00000,0.56524,1.54375
90,16.5550,0.57869,1.04083,1.56222,0.063333,0.75001,0.00000,0.60252,1.59494
91,18.5740,0.61598,1.04083,1.61341,0.063333,0.75000,0.00000,0.63981,1.64614
92,14.9150,0.65326,1.04083,1.66460,0.063333,0.75000,0.00000,0.67710,1.69733
93,16.7200,0.69055,1.04083,1.71579,0.063333,0.75000,0.00000,0.71439,1.74852
94,16.6260,0.72784,1.04083,1.76699,0.063334,0.74999,0.00000,0.75168,1.79971
95,16.7950,0.76513,1.04083,1.81818,0.063333,0.75000,0.00000,0.78896,1.85091
96,16.6530,0.80241,1.04083,1.86937,0.063333,0.75000,0.00000,0.82625,1.90210
97,16.6350,0.83970,1.04083,1.92057,0.063333,0.75000,0.00000,0.86354,1.95329
98,17.3150,0.87711,1.04083,1.97192,0.063530,0.75001,0.00000,0.90083,2.00449
99,16.4680,0.91453,1.04083,2.02330,0.063563,0.75232,0.00000,0.93812,2.05568
100,16.1600,0.95182,1.04083,2.07449,0.063333,0.75272,0.00000,0.97540,2.10687
101,16.6870,0.98911,1.04083,2.12568,0.063333,0.75000,0.00000,1.01269,2.15807
102,16.6380,1.02639,1.04083,2.17688,0.063334,0.75000,0.00000,1.04998,2.20926
103,18.5540,1.06368,1.04083,2.22807,0.063334,0.75000,0.00000,1.08727,2.26045
104,15.2670,1.10097,1.04083,2.27926,0.063333,0.75000,0.00000,1.12456,2.31164
105,16.2490,1.13826,1.04083,2.33045,0.063333,0.75000,0.00000,1.16184,2.36284
106,16.6480,1.17555,1.04083,2.38165,0.063334,0.75000,0.00000,1.19913,2.41403
107,16.6460,1.21283,1.04083,2.43284,0.063334,0.75000,0.00000,1.23642,2.46522
108,16.6470,1.25012,1.04083,2.48403,0.063333,0.75000,0.00000,1.27371,2.51642
109,16.8570,1.28741,1.04083,2.53523,0.063333,0.75000,0.00000,1.31100,2.56761
110,16.5350,1.32470,1.04083,2.58642,0.063333,0.75000,0.00000,1.34828,2.61880
111,510.4580,1.64659,1.04083,3.02835,0.546729,0.75000,0.00000,1.64659,3.02835
112,8.1520,1.71033,1.04083,3.11990,0.111557,6.47443,0.00000,1.73679,3.16026
113,1.1450,1.71568,1.04083,3.12806,0.009757,1.50000,0.00000,1.73679,3.16026
114,531.8000,1.83291,1.04083,3.33564,0.238398,0.15163,0.00000,1.83315,3.33563
115,10.0490,1.84082,1.04083,3.32499,0.013269,6.57186,0.00000,1.84635,3.31470
116,6.7590,1.84635,1.04083,3.31470,0.011680,0.89537,0.00000,1.85287,3.29945
117,16.5240,1.85287,1.04083,3.29946,0.016581,0.63113,0.00000,1.85934,3.28140
118,16.9120,1.86095,1.04083,3.27620,0.024614,0.75001,0.00000,1.86577,3.26063
119,16.3650,1.86864,1.04083,3.25010,0.027211,0.93749,0.00000,1.87215,3.23723
120,17.3270,1.87509,1.04083,3.22517,0.025752,0.90000,0.00000,1.87850,3.21124
121,16.1880,1.88140,1.04083,3.19806,0.027835,0.76041,0.00000,1.88480,3.18267
122,16.5380,1.88769,1.04083,3.16834,0.030377,0.74804,0.00000,1.89107,3.15156
123,16.8020,1.89395,1.04083,3.13601,0.032930,0.74957,0.00000,1.89731,3.11792
124,16.7420,1.90023,1.04083,3.10092,0.035650,0.75110,0.00000,1.90352,3.08175
125,17.1380,1.90642,1.04083,3.06360,0.037828,0.75581,0.00000,1.90970,3.04306
126,16.6810,1.91260,1.04083,3.02367,0.040406,0.74930,0.00000,1.91586,3.00185
127,18.0460,1.91873,1.04083,2.98141,0.042700,0.75114,0.00000,1.92199,2.95814
128,14.7490,1.92485,1.04083,2.93653,0.045300,0.74786,0.00000,1.92811,2.91193
129,16.5720,1.93096,1.04083,2.88914,0.047781,0.75000,0.00000,1.93421,2.86320
130,16.8140,1.93705,1.04083,2.83925,0.050263,0.75000,0.00000,1.94029,2.81198
131,16.6530,1.94313,1.04083,2.78686,0.052746,0.75000,0.00000,1.94636,2.75825
132,16.7170,1.94920,1.04083,2.73196,0.055230,0.75000,0.00000,1.95242,2.70202
133,16.4490,1.95519,1.04083,2.67521,0.057063,0.75001,0.00000,1.95848,2.64330
134,17.4620,1.96124,1.04083,2.61534,0.060175,0.74171,0.00000,1.96453,2.58207
135,16.4440,1.96729,1.04083,2.55328,0.062351,0.74999,0.00000,1.97057,2.51903
136,17.9370,1.97334,1.04083,2.49024,0.063333,0.75002,0.00000,1.97662,2.45598
137,16.4620,1.97938,1.04083,2.42720,0.063333,0.74999,0.00000,1.98267,2.39294
138,16.8530,1.98543,1.04083,2.36415,0.063333,0.74999,0.00000,1.98872,2.32989
139,16.7550,1.99148,1.04083,2.30111,0.063334,0.75002,0.00000,1.99476,2.26685
140,18.5100,1.99753,1.04083,2.23807,0.063333,0.74999,0.00000,2.00081,2.20381
141,14.2280,2.00357,1.04083,2.17502,0.063333,0.75000,0.00000,2.00686,2.14076
142,16.5970,2.00962,1.04083,2.11198,0.063334,0.74999,0.00000,2.01291,2.07772
143,16.5480,2.01567,1.04083,2.04893,0.063333,0.74999,0.00000,2.01896,2.01467
144,16.9120,2.02172,1.04083,1.98589,0.063333,0.75002,0.00000,2.02500,1.95163
145,16.3730,2.02776,1.04083,1.92285,0.063333,0.75000,0.00000,2.03105,1.88859
146,17.2770,2.03381,1.04083,1.85980,0.063333,0.74999,0.00000,2.03710,1.82554
147,17.0500,2.03986,1.04083,1.79676,0.063333,0.75000,0.00000,2.04315,1.76250
148,16.4830,2.04591,1.04083,1.73371,0.063334,0.74999,0.00000,2.04919,1.69945
149,16.8460,2.05196,1.04083,1.67067,0.063333,0.75001,0.00000,2.05524,1.63641
150,16.7210,2.05800,1.04083,1.60763,0.063333,0.75000,0.00000,2.06129,1.57337
151,16.6150,2.06405,1.04083,1.54458,0.063334,0.74999,0.00000,2.06734,1.51032
152,16.4450,2.07010,1.04083,1.48154,0.063333,0.75000,0.00000,2.07339,1.44728
153,21.6410,2.07615,1.04083,1.41849,0.063334,0.75000,0.00000,2.07943,1.38423
154,11.8620,2.08219,1.04083,1.35545,0.063333,0.75000,0.00000,2.08548,1.32119
155,16.3960,2.08824,1.04083,1.29241,0.063333,0.75000,0.00000,2.09153,1.25815
156,16.5360,2.09429,1.04083,1.22936,0.063333,0.75000,0.00000,2.09758,1.19510
157,16.8160,2.10034,1.04083,1.16632,0.063333,0.75000,0.00000,2.10362,1.13206
158,16.5530,2.10639,1.04083,1.10327,0.063334,0.75000,0.00000,2.10967,1.06902
159,16.4090,2.11243,1.04083,1.04023,0.063333,0.75002,0.00000,2.11572,1.00597
160,17.3840,2.11848,1.04083,0.97719,0.063333,0.75000,0.00000,2.12177,0.94293
161,16.7720,2.12453,1.04083,0.91414,0.063334,0.75000,0.00000,2.12781,0.87988
162,16.3620,2.13058,1.04083,0.85110,0.063333,0.75000,0.00000,2.13386,0.81684
163,16.8270,2.13662,1.04083,0.78805,0.063333,0.75000,0.00000,2.13991,0.75380
164,16.7090,2.14267,1.04083,0.72501,0.063334,0.75000,0.00000,2.14596,0.69075
165,16.4490,2.14872,1.04083,0.66197,0.063333,0.75000,0.00000,2.15201,0.62771
166,22.0160,2.15477,1.04083,0.59892,0.063334,0.74998,0.00000,2.15805,0.56466
167,11.6400,2.16081,1.04083,0.53588,0.063333,0.75000,0.00000,2.16410,0.50162
168,16.6810,2.16686,1.04083,0.47283,0.063333,0.75000,0.00000,2.17015,0.43858
169,16.5450,2.17291,1.04083,0.40979,0.063333,0.75000,0.00000,2.17620,0.37553
170,16.8040,2.17896,1.04083,0.34675,0.063333,0.75000,0.00000,2.18224,0.31249
171,16.4390,2.18500,1.04083,0.28370,0.063333,0.75000,0.00000,2.18829,0.24944
172,16.7430,2.19105,1.04083,0.22066,0.063333,0.75000,0.00000,2.19434,0.18640
173,16.9190,2.19710,1.04083,0.15762,0.063333,0.75000,0.00000,2.20039,0.12336
174,16.6420,2.20315,1.04083,0.09457,0.063333,0.75002,0.00000,2.20643,0.06031
175,17.0690,2.20920,1.04083,0.03153,0.063333,0.75000,0.00000,2.21248,-0.00273
176,16.4000,2.21524,1.04083,-0.03152,0.063333,0.75000,0.00000,2.21853,-0.06578
177,16.7080,2.22129,1.04083,-0.09456,0.063333,0.75000,0.00000,2.22458,-0.12882
178,16.5540,2.22734,1.04083,-0.15760,0.063333,0.75000,0.00000,2.23062,-0.19186
179,22.1360,2.23339,1.04083,-0.22065,0.063333,0.75000,0.00000,2.23667,-0.25491
180,11.1920,2.23943,1.04083,-0.28369,0.063333,0.75000,0.00000,2.24272,-0.31795
181,16.6810,2.24548,1.04083,-0.34674,0.063333,0.74998,0.00000,2.24877,-0.38100
182,16.8890,2.25153,1.04083,-0.40978,0.063333,0.75000,0.00000,2.25481,-0.44404
183,16.4340,2.25758,1.04083,-0.47282,0.063333,0.75000,0.00000,2.26086,-0.50708
184,16.8500,2.26362,1.04083,-0.53587,0.063334,0.75000,0.00000,2.26691,-0.57013
185,17.3930,2.26967,1.04083,-0.59891,0.063333,0.75000,0.00000,2.27296,-0.63317
186,16.5510,2.27572,1.04083,-0.66196,0.063333,0.75000,0.00000,2.27901,-0.69622
187,16.5980,2.28177,1.04083,-0.72500,0.063333,0.75000,0.00000,2.28505,-0.75926
188,16.6670,2.28781,1.04083,-0.78804,0.063334,0.75000,0.00000,2.29110,-0.82230
189,16.7110,2.29386,1.04083,-0.85109,0.063333,0.75002,0.00000,2.29715,-0.88535
190,16.5950,2.29991,1.04083,-0.91413,0.063333,0.75000,0.00000,2.30320,-0.94839
191,16.2510,2.30596,1.04083,-0.97718,0.063333,0.75000,0.00000,2.30924,-1.01144
192,21.7250,2.31200,1.04083,-1.04022,0.063333,0.75000,0.00000,2.31529,-1.07448
193,11.5790,2.31805,1.04083,-1.10326,0.063333,0.75000,0.00000,2.32134,-1.13752
194,16.9050,2.32410,1.04083,-1.16631,0.063334,0.75000,0.00000,2.32739,-1.20057
195,16.4460,2.33015,1.04083,-1.22935,0.063333,0.75000,0.00000,2.33343,-1.26361
196,17.0110,2.33619,1.04083,-1.29240,0.063333,0.74998,0.00000,2.33948,-1.32665
197,16.8480,2.34224,1.04083,-1.35544,0.063333,0.75000,0.00000,2.34553,-1.38970
198,16.9720,2.34829,1.04083,-1.41848,0.063334,0.75000,0.00000,2.35158,-1.45274
199,16.4880,2.35434,1.04083,-1.48153,0.063333,0.75000,0.00000,2.35762,-1.51579
200,16.6860,2.35874,1.04083,-1.54292,0.061552,0.75000,0.00000,2.36006,-1.57522
201,16.3830,2.36006,1.04083,-1.60071,0.057799,0.75000,0.00000,2.36006,-1.63104
202,16.6750,2.36006,1.04083,-1.65488,0.054173,0.75000,0.00000,2.36006,-1.68325
203,16.7880,2.36006,1.04083,-1.70544,0.050562,0.75000,0.00000,2.36006,-1.73185
204,16.2920,2.36006,1.04083,-1.75239,0.046951,0.75002,0.00000,2.36006,-1.77684
205,18.4770,2.36006,1.04083,-1.79573,0.043339,0.75000,0.00000,2.36006,-1.81822
206,14.7400,2.36006,1.04083,-1.83546,0.039729,0.75000,0.00000,2.36006,-1.85598
207,16.4450,2.36006,1.04083,-1.87158,0.036117,0.75000,0.00000,2.36006,-1.89014
208,17.0850,2.36006,1.04083,-1.90408,0.032506,0.75000,0.00000,2.36006,-1.92068
209,16.5810,2.36006,1.04083,-1.93298,0.028895,0.75000,0.00000,2.36006,-1.94761
210,16.9550,2.36006,1.04083,-1.95826,0.025284,0.75000,0.00000,2.36006,-1.97094
211,16.2870,2.36006,1.04083,-1.97994,0.021673,0.74998,0.00000,2.36006,-1.99065
212,16.8480,2.36071,1.04083,-1.99533,0.015412,0.75000,0.00000,2.36149,-2.00091
213,16.3230,2.36214,1.04083,-2.00129,0.006121,0.75000,0.00000,2.36291,-2.00173
214,16.9500,2.36355,1.04083,-2.00097,0.001444,0.75000,0.00000,2.36431,-2.00006
215,16.8480,2.36494,1.04083,-1.99815,0.003145,0.75000,0.00000,2.36569,-1.99588
216,16.6820,2.36632,1.04083,-1.99283,0.005496,0.75000,0.00000,2.36706,-1.98920
217,16.3950,2.36768,1.04083,-1.98496,0.007990,0.75000,0.00000,2.36842,-1.97991
218,22.6500,2.36904,1.04083,-1.97450,0.010545,0.75000,0.00000,2.36977,-1.96806
219,10.7060,2.37038,1.04083,-1.96150,0.013069,0.75002,0.00000,2.37111,-1.95369
220,16.7510,2.37171,1.04083,-1.94598,0.015581,0.75000,0.00000,2.37244,-1.93680
221,16.6480,2.37304,1.04083,-1.92794,0.018088,0.74998,0.00000,2.37375,-1.91739
222,16.8070,2.37435,1.04083,-1.90739,0.020591,0.75002,0.00000,2.37506,-1.89548
223,16.4760,2.37565,1.04083,-1.88433,0.023093,0.74998,0.00000,2.37636,-1.87106
224,16.9360,2.37694,1.04083,-1.85877,0.025593,0.75002,0.00000,2.37765,-1.84414
225,16.2760,2.37823,1.04083,-1.83071,0.028093,0.74998,0.00000,2.37893,-1.81472
226,17.0520,2.37951,1.04083,-1.80014,0.030593,0.75000,0.00000,2.38020,-1.78279
227,16.5860,2.38078,1.04083,-1.76707,0.033092,0.75002,0.00000,2.38147,-1.74836
228,16.7670,2.38205,1.04083,-1.73150,0.035591,0.74998,0.00000,2.38273,-1.71144
229,16.3950,2.38331,1.04083,-1.69343,0.038090,0.75002,0.00000,2.38399,-1.67201
230,17.0340,2.38456,1.04083,-1.65286,0.040590,0.74998,0.00000,2.38524,-1.63008
231,18.1430,2.38581,1.04083,-1.60979,0.043089,0.75002,0.00000,2.38649,-1.58565
232,15.0400,2.38705,1.04083,-1.56422,0.045588,0.74998,0.00000,2.38773,-1.53872
233,16.6890,2.38829,1.04083,-1.51615,0.048087,0.75002,0.00000,2.38897,-1.48929
234,16.5950,2.38953,1.04083,-1.46558,0.050587,0.74998,0.00000,2.39020,-1.43736
235,16.6330,2.39077,1.04083,-1.41251,0.053086,0.75002,0.00000,2.39144,-1.38293
236,16.8650,2.39200,1.04083,-1.35694,0.055585,0.74998,0.00000,2.39267,-1.32600
237,16.1760,2.39323,1.04083,-1.29886,0.058085,0.75002,0.00000,2.39390,-1.26657
238,17.2480,2.39446,1.04083,-1.23829,0.060584,0.74998,0.00000,2.39513,-1.20464
239,16.3290,2.39569,1.04083,-1.17573,0.062577,0.75002,0.00000,2.39635,-1.14132
240,16.8060,2.39692,1.04083,-1.11241,0.063333,0.74998,0.00000,2.39758,-1.07800
241,16.7150,2.39814,1.04083,-1.04909,0.063333,0.75000,0.00000,2.39881,-1.01468
242,16.7110,2.39937,1.04083,-0.98576,0.063333,0.75002,0.00000,2.40004,-0.95135
243,16.3550,2.40060,1.04083,-0.92244,0.063333,0.74998,0.00000,2.40127,-0.88803
244,22.0030,2.40183,1.04083,-0.85912,0.063333,0.75002,0.00000,2.40250,-0.82471
245,12.2580,2.40306,1.04083,-0.79580,0.063333,0.74998,0.00000,2.40373,-0.76139
246,16.4210,2.40429,1.04083,-0.73248,0.063333,0.75002,0.00000,2.40496,-0.69807
247,16.3260,2.40552,1.04083,-0.66916,0.063334,0.74998,0.00000,2.40619,-0.63475
248,16.6280,2.40675,1.04083,-0.60584,0.063333,0.75002,0.00000,2.40741,-0.57143
249,16.4150,2.40798,1.04083,-0.54251,0.063333,0.74998,0.00000,2.40864,-0.50810
250,16.8570,2.40920,1.04083,-0.47919,0.063333,0.75002,0.00000,2.40987,-0.44478
251,17.2100,2.41043,1.04083,-0.41587,0.063333,0.74998,0.00000,2.41110,-0.38146
252,16.9650,2.41166,1.04083,-0.35255,0.063333,0.75002,0.00000,2.41233,-0.31814
253,16.4780,2.41289,1.04083,-0.28923,0.063333,0.74998,0.00000,2.41356,-0.25482
254,16.7120,2.41412,1.04083,-0.22591,0.063333,0.75002,0.00000,2.41479,-0.19150
255,16.5770,2.41535,1.04083,-0.16259,0.063333,0.74998,0.00000,2.41602,-0.12818
256,16.6930,2.41658,1.04083,-0.09926,0.063333,0.75000,0.00000,2.41724,-0.06485
257,18.3790,2.41780,1.04083,-0.03594,0.063333,0.75002,0.00000,2.41847,-0.00153
258,14.8800,2.41903,1.04083,0.02738,0.063333,0.74998,0.00000,2.41970,0.06179
259,16.9090,2.42026,1.04083,0.09070,0.063333,0.75003,0.00000,2.42093,0.12511
260,16.4880,2.42149,1.04083,0.15402,0.063333,0.74997,0.00000,2.42216,0.18843
261,16.6870,2.42272,1.04083,0.21734,0.063333,0.75002,0.00000,2.42339,0.25175
262,17.1970,2.42395,1.04083,0.28066,0.063333,0.74998,0.00000,2.42462,0.31507
263,16.1630,2.42518,1.04083,0.34399,0.063333,0.75002,0.00000,2.42585,0.37840
264,16.6080,2.42641,1.04083,0.40731,0.063333,0.74998,0.00000,2.42707,0.44172
265,16.8280,2.42764,1.04083,0.47063,0.063334,0.75002,0.00000,2.42830,0.50504
266,16.5810,2.42886,1.04083,0.53395,0.063333,0.74998,0.00000,2.42953,0.56836
267,16.5750,2.43009,1.04083,0.59727,0.063333,0.75002,0.00000,2.43076,0.63168
268,17.0090,2.43132,1.04083,0.66059,0.063333,0.74998,0.00000,2.43199,0.69500
269,16.6870,2.43255,1.04083,0.72391,0.063333,0.75002,0.00000,2.43322,0.75832
270,18.4690,2.43378,1.04083,0.78724,0.063333,0.74998,0.00000,2.43445,0.82165
271,14.8630,2.43501,1.04083,0.85056,0.063333,0.75000,0.00000,2.43568,0.88497
272,16.6570,2.43624,1.04083,0.91388,0.063333,0.75002,0.00000,2.43690,0.94829
273,16.9390,2.43746,1.04083,0.97720,0.063333,0.74998,0.00000,2.43813,1.01161
274,16.5990,2.43869,1.04083,1.04052,0.063333,0.75002,0.00000,2.43936,1.07493
275,16.8360,2.43992,1.04083,1.10384,0.063333,0.74998,0.00000,2.44059,1.13825
276,16.5430,2.44115,1.04083,1.16716,0.063333,0.75002,0.00000,2.44182,1.20157
277,16.5950,2.44238,1.04083,1.23049,0.063333,0.74998,0.00000,2.44305,1.26490
278,16.4660,2.44361,1.04083,1.29381,0.063333,0.75002,0.00000,2.44428,1.32822
279,16.6260,2.44484,1.04083,1.35713,0.063333,0.74998,0.00000,2.44550,1.39154
280,17.1330,2.44606,1.04083,1.42045,0.063333,0.75002,0.00000,2.44673,1.45486
281,16.5470,2.44729,1.04083,1.48377,0.063333,0.74998,0.00000,2.44796,1.51818
282,16.7460,2.44852,1.04083,1.54709,0.063334,0.75002,0.00000,2.44919,1.58150
283,21.8200,2.44975,1.04083,1.61041,0.063334,0.74998,0.00000,2.45042,1.64482
284,11.5510,2.45098,1.04083,1.67374,0.063333,0.75002,0.00000,2.45165,1.70814
285,16.3630,2.45221,1.04083,1.73706,0.063333,0.74998,0.00000,2.45288,1.77147
286,17.0200,2.45344,1.04083,1.80038,0.063333,0.75000,0.00000,2.45411,1.83479
287,16.7870,2.45467,1.04083,1.86370,0.063333,0.75002,0.00000,2.45533,1.89811
288,16.6790,2.45589,1.04083,1.92702,0.063333,0.74998,0.00000,2.45656,1.96143
289,16.2720,2.45712,1.04083,1.99034,0.063333,0.75000,0.00000,2.45779,2.02475
290,16.8010,2.45835,1.04083,2.05366,0.063333,0.75002,0.00000,2.45902,2.08807
291,16.4020,2.45958,1.04083,2.11698,0.063333,0.75002,0.00000,2.46025,2.15139
292,16.9630,2.46081,1.04083,2.18031,0.063333,0.74997,0.00000,2.46148,2.21472
293,16.8080,2.46204,1.04083,2.24363,0.063333,0.75002,0.00000,2.46271,2.27804
294,16.9990,2.46327,1.04083,2.30695,0.063335,0.74998,0.00000,2.46393,2.34136
295,16.0200,2.46450,1.04083,2.37027,0.063333,0.75000,0.00000,2.46516,2.40468
296,21.9220,2.46572,1.04083,2.43359,0.063334,0.74998,0.00000,2.46639,2.46800
297,11.5100,2.46695,1.04083,2.49691,0.063333,0.75005,0.00000,2.46762,2.53132
298,16.7090,2.46818,1.04083,2.56023,0.063334,0.74998,0.00000,2.46885,2.59464
299,16.6750,2.46941,1.04083,2.62356,0.063333,0.75000,0.00000,2.47008,2.65797
300,16.7790,2.47064,1.04083,2.68688,0.063333,0.74998,0.00000,2.47131,2.72129
301,16.5210,2.47131,1.04083,2.74855,0.061677,0.75002,0.00000,2.47131,2.78100
302,16.9560,2.47131,1.04083,2.80661,0.058061,0.75000,0.00000,2.47131,2.83710
303,16.6150,2.47131,1.04083,2.86106,0.054450,0.74998,0.00000,2.47131,2.88958
304,16.7240,2.47131,1.04083,2.91190,0.050840,0.75002,0.00000,2.47131,2.93846
305,16.9590,2.47131,1.04083,2.95913,0.047228,0.74997,0.00000,2.47131,2.98373
306,16.5060,2.47131,1.04083,3.00274,0.043616,0.75005,0.00000,2.47131,3.02538
307,16.1460,2.47131,1.04083,3.04275,0.040007,0.74998,0.00000,2.47131,3.06343
308,17.4310,2.47131,1.04083,3.07915,0.036394,0.75000,0.00000,2.47131,3.09786
309,17.8870,2.47131,1.04083,3.11193,0.032785,0.74998,0.00000,2.47131,3.12868
310,14.9910,2.47131,1.04083,3.14110,0.029171,0.75002,0.00000,2.47131,3.15589
311,16.6490,2.47131,1.04083,3.16666,0.025562,0.74998,0.00000,2.47131,3.17949
312,16.7420,2.47131,1.04083,3.18861,0.021950,0.75000,0.00000,2.47131,3.19948
313,16.5390,2.47144,1.04083,3.20429,0.015676,0.75002,0.00000,2.47160,3.21002
314,17.2760,2.47173,1.04083,3.21052,0.006238,0.75000,0.00000,2.47189,3.21112
315,16.8420,2.47202,1.04083,3.21048,0.000291,0.74998,0.00000,2.47218,3.20972
316,16.2620,2.47231,1.04083,3.20794,0.002558,0.75002,0.00000,2.47246,3.20582
317,16.6670,2.47259,1.04083,3.20289,0.005052,0.75002,0.00000,2.47274,3.19942
318,16.7140,2.47287,1.04083,3.19535,0.007549,0.74997,0.00000,2.47302,3.19051
319,16.4840,2.47315,1.04083,3.18530,0.010053,0.75002,0.00000,2.47330,3.17910
320,16.9420,2.47342,1.04083,3.17275,0.012554,0.74998,0.00000,2.47357,3.16519
321,16.9420,2.47369,1.04083,3.15770,0.015054,0.75000,0.00000,2.47384,3.14878
322,18.0290,2.47396,1.04083,3.14015,0.017554,0.74998,0.00000,2.47411,3.12987
323,14.9100,2.47423,1.04083,3.12009,0.020055,0.75003,0.00000,2.47438,3.10846
324,16.6050,2.47450,1.04083,3.09754,0.022555,0.75000,0.00000,2.47464,3.08455
325,16.8160,2.47476,1.04083,3.07249,0.025055,0.75000,0.00000,2.47491,3.05813
326,16.6280,2.47503,1.04083,3.04493,0.027556,0.74997,0.00000,2.47517,3.02922
327,19.4480,2.47529,1.04083,3.01488,0.030054,0.75003,0.00000,2.47543,2.99781
328,14.4050,2.47555,1.04083,2.98232,0.032556,0.74997,0.00000,2.47569,2.96390
329,18.9280,2.47581,1.04083,2.94727,0.035055,0.75003,0.00000,2.47595,2.92748
330,16.2030,2.47607,1.04083,2.90972,0.037554,0.74997,0.00000,2.47621,2.88857
331,18.4480,2.47632,1.04083,2.86966,0.040055,0.75003,0.00000,2.47646,2.84716
332,12.7410,2.47658,1.04083,2.82711,0.042555,0.75000,0.00000,2.47672,2.80325
333,16.7470,2.47683,1.04083,2.78205,0.045055,0.75000,0.00000,2.47697,2.75683
334,16.4760,2.47709,1.04083,2.73450,0.047555,0.75000,0.00000,2.47722,2.70792
335,18.5650,2.47734,1.04083,2.68445,0.050055,0.75000,0.00000,2.47748,2.65651
336,14.7230,2.47759,1.04083,2.63189,0.052555,0.75000,0.00000,2.47773,2.60260
337,16.6580,2.47784,1.04083,2.57684,0.055055,0.75000,0.00000,2.47798,2.54618
338,16.5930,2.47810,1.04083,2.51928,0.057554,0.75000,0.00000,2.47823,2.48727
339,16.5390,2.47835,1.04083,2.45923,0.060055,0.75000,0.00000,2.47848,2.42586
340,16.7210,2.47860,1.04083,2.39694,0.062290,0.75000,0.00000,2.47873,2.36253
341,16.4230,2.47885,1.04083,2.33361,0.063333,0.74997,0.00000,2.47899,2.29919
342,16.7110,2.47910,1.04083,2.27028,0.063333,0.75003,0.00000,2.47924,2.23586
343,16.9760,2.47935,1.04083,2.20694,0.063334,0.74997,0.00000,2.47949,2.17253
344,16.4390,2.47960,1.04083,2.14361,0.063333,0.75003,0.00000,2.47974,2.10919
345,16.6750,2.47985,1.04083,2.08028,0.063333,0.74997,0.00000,2.47999,2.04586
346,18.3510,2.48010,1.04083,2.01694,0.063334,0.75003,0.00000,2.48024,1.98253
347,16.7320,2.48036,1.04083,1.95361,0.063333,0.75000,0.00000,2.48049,1.91920
348,21.1930,2.48061,1.04083,1.89028,0.063334,0.75000,0.00000,2.48074,1.85586
349,12.8690,2.48086,1.04083,1.82695,0.063333,0.75000,0.00000,2.48099,1.79253
350,16.0620,2.48111,1.04083,1.76361,0.063333,0.75000,0.00000,2.48124,1.72920
351,16.1700,2.48136,1.04083,1.70028,0.063333,0.75000,0.00000,2.48150,1.66586
352,17.0360,2.48161,1.04083,1.63695,0.063334,0.75000,0.00000,2.48175,1.60253
353,17.1270,2.48186,1.04083,1.57362,0.063333,0.75000,0.00000,2.48200,1.53920
354,16.9630,2.48211,1.04083,1.51028,0.063333,0.75000,0.00000,2.48225,1.47587
355,16.4080,2.48236,1.04083,1.44695,0.063334,0.75000,0.00000,2.48250,1.41253
356,15.5220,2.48261,1.04083,1.38362,0.063333,0.74997,0.00000,2.48275,1.34920
357,16.1430,2.48287,1.04083,1.32028,0.063333,0.75003,0.00000,2.48300,1.28587
358,16.7850,2.48312,1.04083,1.25695,0.063334,0.74997,0.00000,2.48325,1.22254
359,20.5950,2.48337,1.04083,1.19362,0.063333,0.75003,0.00000,2.48350,1.15920
360,14.2060,2.48362,1.04083,1.13029,0.063334,0.74997,0.00000,2.48376,1.09587
361,21.1510,2.48387,1.04083,1.06695,0.063333,0.75003,0.00000,2.48401,1.03254
362,10.7600,2.48412,1.04083,1.00362,0.063333,0.75000,0.00000,2.48426,0.96920
363,18.0580,2.48437,1.04083,0.94029,0.063334,0.75000,0.00000,2.48451,0.90587
364,16.8410,2.48462,1.04083,0.87695,0.063333,0.75000,0.00000,2.48476,0.84254
365,16.4170,2.48488,1.04083,0.81362,0.063333,0.75000,0.00000,2.48501,0.77921
366,15.5050,2.48513,1.04083,0.75029,0.063333,0.75000,0.00000,2.48526,0.71587
367,16.2260,2.48538,1.04083,0.68696,0.063334,0.75000,0.00000,2.48551,0.65254
368,17.0210,2.48563,1.04083,0.62362,0.063333,0.75000,0.00000,2.48577,0.58921
369,18.3520,2.48588,1.04083,0.56029,0.063334,0.75000,0.00000,2.48602,0.52587
370,16.3030,2.48613,1.04083,0.49696,0.063333,0.75000,0.00000,2.48627,0.46254
371,15.2910,2.48638,1.04083,0.43362,0.063333,0.74997,0.00000,2.48652,0.39921
372,16.3250,2.48663,1.04083,0.37029,0.063333,0.75003,0.00000,2.48677,0.33588
373,18.6350,2.48688,1.04083,0.30696,0.063333,0.74997,0.00000,2.48702,0.27254
374,17.5070,2.48714,1.04083,0.24363,0.063333,0.75003,0.00000,2.48727,0.20921
375,16.2600,2.48739,1.04083,0.18029,0.063333,0.74997,0.00000,2.48752,0.14588
376,17.0850,2.48764,1.04083,0.11696,0.063333,0.75003,0.00000,2.48777,0.08254
377,16.2700,2.48789,1.04083,0.05363,0.063333,0.75000,0.00000,2.48803,0.01921
378,16.1780,2.48814,1.04083,-0.00971,0.063333,0.75000,0.00000,2.48828,-0.04412
379,15.2420,2.48839,1.04083,-0.07304,0.063333,0.75000,0.00000,2.48853,-0.10745
380,16.4830,2.48864,1.04083,-0.13637,0.063333,0.75000,0.00000,2.48878,-0.17079
381,16.7340,2.48889,1.04083,-0.19970,0.063333,0.75000,0.00000,2.48903,-0.23412
382,17.0520,2.48915,1.04083,-0.26304,0.063333,0.75000,0.00000,2.48928,-0.29745
383,16.0190,2.48940,1.04083,-0.32637,0.063333,0.75000,0.00000,2.48953,-0.36079
384,16.8820,2.48965,1.04083,-0.38970,0.063333,0.75000,0.00000,2.48978,-0.42412
385,17.1100,2.48990,1.04083,-0.45304,0.063333,0.75000,0.00000,2.49004,-0.48745
386,16.4730,2.49015,1.04083,-0.51637,0.063333,0.74997,0.00000,2.49029,-0.55078
387,18.6180,2.49040,1.04083,-0.57970,0.063333,0.75003,0.00000,2.49054,-0.61412
388,14.2460,2.49065,1.04083,-0.64303,0.063333,0.74997,0.00000,2.49079,-0.67745
389,16.7570,2.49090,1.04083,-0.70637,0.063334,0.75003,0.00000,2.49104,-0.74078
390,16.9170,2.49116,1.04083,-0.76970,0.063333,0.74997,0.00000,2.49129,-0.80412
391,16.6080,2.49141,1.04083,-0.83303,0.063333,0.75003,0.00000,2.49154,-0.86745
392,17.1200,2.49166,1.04083,-0.89637,0.063334,0.75000,0.00000,2.49179,-0.93078
393,16.3750,2.49191,1.04083,-0.95970,0.063333,0.75000,0.00000,2.49204,-0.99411
394,16.2950,2.49216,1.04083,-1.02303,0.063334,0.75000,0.00000,2.49230,-1.05745
395,16.7660,2.49241,1.04083,-1.08636,0.063333,0.75000,0.00000,2.49255,-1.12078
396,17.0420,2.49266,1.04083,-1.14970,0.063333,0.75000,0.00000,2.49280,-1.18411
397,16.5650,2.49291,1.04083,-1.21303,0.063333,0.75000,0.00000,2.49305,-1.24745
398,16.8250,2.49316,1.04083,-1.27636,0.063333,0.75000,0.00000,2.49330,-1.31078
399,16.5270,2.49342,1.04083,-1.33969,0.063333,0.75000,0.00000,2.49355,-1.37411
400,18.6180,2.49367,1.04083,-1.40303,0.063333,0.75000,0.00000,2.49380,-1.43744
401,14.3680,2.49392,1.04083,-1.46636,0.063334,0.74997,0.00000,2.49405,-1.50078
402,16.8620,2.49405,1.04083,-1.52804,0.061684,0.75003,0.00000,2.49405,-1.56050
403,16.7680,2.49405,1.04083,-1.58612,0.058073,0.74997,0.00000,2.49405,-1.61661
404,16.6130,2.49405,1.04083,-1.64058,0.054461,0.75003,0.00000,2.49405,-1.66911
405,16.4850,2.49405,1.04083,-1.69143,0.050851,0.74997,0.00000,2.49405,-1.71800
406,16.7400,2.49405,1.04083,-1.73867,0.047240,0.75003,0.00000,2.49405,-1.76327
407,16.3390,2.49405,1.04083,-1.78230,0.043628,0.75000,0.00000,2.49405,-1.80494
408,17.0070,2.49405,1.04083,-1.82232,0.040018,0.75000,0.00000,2.49405,-1.84300
409,16.5950,2.49405,1.04083,-1.85872,0.036405,0.75000,0.00000,2.49405,-1.87744
410,16.8130,2.49405,1.04083,-1.89152,0.032795,0.75000,0.00000,2.49405,-1.90827
411,16.5460,2.49405,1.04083,-1.92070,0.029185,0.75000,0.00000,2.49405,-1.93549
412,16.4930,2.49405,1.04083,-1.94627,0.025573,0.75000,0.00000,2.49405,-1.95910
413,21.6490,2.49405,1.04083,-1.96824,0.021962,0.75000,0.00000,2.49405,-1.97910
414,11.7170,2.49408,1.04083,-1.98392,0.015687,0.75000,0.00000,2.49412,-1.98966
415,16.5650,2.49414,1.04083,-1.99017,0.006243,0.75000,0.00000,2.49418,-1.99077
416,16.8000,2.49420,1.04083,-1.99014,0.000066,0.74997,0.00000,2.49424,-1.98938
417,16.7070,2.49426,1.04083,-1.98760,0.002532,0.75003,0.00000,2.49429,-1.98549
418,16.2280,2.49432,1.04083,-1.98257,0.005031,0.74997,0.00000,2.49435,-1.97910
419,16.5450,2.49438,1.04083,-1.97504,0.007532,0.75003,0.00000,2.49441,-1.97021
420,17.3230,2.49444,1.04083,-1.96501,0.010031,0.74997,0.00000,2.49447,-1.95882
421,16.3000,2.49449,1.04083,-1.95248,0.012531,0.75003,0.00000,2.49452,-1.94493
422,16.7140,2.49455,1.04083,-1.93745,0.015032,0.75000,0.00000,2.49458,-1.92854
423,16.7080,2.49461,1.04083,-1.91992,0.017531,0.75000,0.00000,2.49464,-1.90965
424,16.6260,2.49466,1.04083,-1.89989,0.020031,0.75000,0.00000,2.49469,-1.88826
425,16.6540,2.49472,1.04083,-1.87735,0.022532,0.75000,0.00000,2.49475,-1.86437
426,21.5290,2.49477,1.04083,-1.85232,0.025031,0.75000,0.00000,2.49480,-1.83798
427,11.8810,2.49483,1.04083,-1.82479,0.027531,0.75000,0.00000,2.49486,-1.80909
428,16.4580,2.49488,1.04083,-1.79476,0.030031,0.75000,0.00000,2.49491,-1.77770
429,16.7460,2.49494,1.04083,-1.76223,0.032531,0.75000,0.00000,2.49497,-1.74381
430,16.7170,2.49499,1.04083,-1.72720,0.035032,0.75000,0.00000,2.49502,-1.70742
431,16.6100,2.49504,1.04083,-1.68967,0.037531,0.74997,0.00000,2.49507,-1.66853
432,16.5310,2.49510,1.04083,-1.64964,0.040031,0.75003,0.00000,2.49513,-1.62714
433,16.7800,2.49515,1.04083,-1.60710,0.042531,0.74997,0.00000,2.49518,-1.58325
434,16.3820,2.49520,1.04083,-1.56207,0.045031,0.75003,0.00000,2.49523,-1.53686
435,16.4750,2.49526,1.04083,-1.51454,0.047532,0.74997,0.00000,2.49528,-1.48797
436,16.6660,2.49531,1.04083,-1.46451,0.050031,0.75003,0.00000,2.49534,-1.43658
437,16.7680,2.49536,1.04083,-1.41198,0.052531,0.75000,0.00000,2.49539,-1.38269
438,16.4600,2.49541,1.04083,-1.35695,0.055031,0.75000,0.00000,2.49544,-1.32630
439,22.0410,2.49547,1.04083,-1.29942,0.057531,0.75000,0.00000,2.49549,-1.26741
440,11.5300,2.49552,1.04083,-1.23938,0.060031,0.75000,0.00000,2.49555,-1.20602
441,17.3130,2.49557,1.04083,-1.17711,0.062277,0.75000,0.00000,2.49560,-1.14269
442,16.0890,2.49562,1.04083,-1.11377,0.063333,0.75000,0.00000,2.49565,-1.07936
443,16.5380,2.49567,1.04083,-1.05044,0.063333,0.75000,0.00000,2.49570,-1.01602
444,537.9130,2.49612,1.04083,-0.50936,0.541083,0.75000,0.00000,2.49612,-0.50936
445,7.8850,2.49624,1.04083,-0.36751,0.141845,6.40756,0.00000,2.49628,-0.31936
446,4.2320,2.49629,1.04083,-0.30418,0.063331,1.67975,0.00000,2.49633,-0.25602
447,16.6040,2.49634,1.04083,-0.24085,0.063331,0.74994,0.00000,2.49638,-0.19269
448,16.8890,2.49639,1.04083,-0.17752,0.063331,0.75000,0.00000,2.49643,-0.12936
449,16.8450,2.49645,1.04083,-0.11419,0.063333,0.74997,0.00000,2.49649,-0.06602
450,16.6420,2.49650,1.04083,-0.05085,0.063333,0.75000,0.00000,2.49654,-0.00269
451,17.1270,2.49655,1.04083,0.01248,0.063333,0.75000,0.00000,2.49659,0.06064
452,16.3910,2.49660,1.04083,0.07581,0.063333,0.75000,0.00000,2.49664,0.12398
453,16.2240,2.49665,1.04083,0.13915,0.063333,0.74997,0.00000,2.49669,0.18731
454,16.9790,2.49671,1.04083,0.20248,0.063333,0.75003,0.00000,2.49675,0.25064
455,18.3040,2.49676,1.04083,0.26581,0.063333,0.75000,0.00000,2.49680,0.31398
456,15.5860,2.49681,1.04083,0.32915,0.063333,0.74997,0.00000,2.49685,0.37731
457,16.2210,2.49686,1.04083,0.39248,0.063333,0.75000,0.00000,2.49690,0.44064
458,16.5850,2.49692,1.04083,0.45581,0.063333,0.75003,0.00000,2.49696,0.50398
459,16.4260,2.49697,1.04083,0.51915,0.063333,0.75000,0.00000,2.49701,0.56731
460,16.8720,2.49702,1.04083,0.58248,0.063333,0.74997,0.00000,2.49706,0.63064
461,16.6540,2.49707,1.04083,0.64581,0.063333,0.75003,0.00000,2.49711,0.69398
462,16.8320,2.49712,1.04083,0.70915,0.063334,0.75000,0.00000,2.49716,0.75731
463,16.7380,2.49718,1.04083,0.77248,0.063333,0.75000,0.00000,2.49722,0.82064
464,17.0250,2.49723,1.04083,0.83581,0.063333,0.74997,0.00000,2.49727,0.88398
465,16.4400,2.49728,1.04083,0.89915,0.063334,0.75003,0.00000,2.49732,0.94731
466,16.8750,2.49733,1.04083,0.96248,0.063334,0.75000,0.00000,2.49737,1.01064
467,16.6190,2.49739,1.04083,1.02581,0.063333,0.75000,0.00000,2.49743,1.07398
468,20.7890,2.49744,1.04083,1.08915,0.063333,0.74997,0.00000,2.49748,1.13731
469,12.6010,2.49749,1.04083,1.15248,0.063333,0.75003,0.00000,2.49753,1.20064
470,16.7700,2.49754,1.04083,1.21581,0.063333,0.75000,0.00000,2.49758,1.26397
471,16.7290,2.49760,1.04083,1.27915,0.063334,0.74997,0.00000,2.49763,1.32731
472,16.5900,2.49765,1.04083,1.34248,0.063333,0.75000,0.00000,2.49769,1.39064
473,16.6950,2.49770,1.04083,1.40581,0.063333,0.75003,0.00000,2.49774,1.45397
474,16.2560,2.49775,1.04083,1.46915,0.063334,0.75000,0.00000,2.49779,1.51731
475,16.9480,2.49780,1.04083,1.53248,0.063333,0.74997,0.00000,2.49784,1.58064
476,16.7580,2.49786,1.04083,1.59581,0.063333,0.75003,0.00000,2.49790,1.64397
477,16.6080,2.49791,1.04083,1.65914,0.063334,0.75000,0.00000,2.49795,1.70731
478,16.4750,2.49796,1.04083,1.72248,0.063334,0.75000,0.00000,2.49800,1.77064
479,16.8700,2.49801,1.04083,1.78581,0.063334,0.74997,0.00000,2.49805,1.83397
480,16.8230,2.49806,1.04083,1.84915,0.063333,0.75003,0.00000,2.49810,1.89731
481,21.3750,2.49812,1.04083,1.91248,0.063333,0.75000,0.00000,2.49816,1.96064
482,11.8260,2.49817,1.04083,1.97581,0.063334,0.75000,0.00000,2.49821,2.02397
483,17.0240,2.49822,1.04083,2.03914,0.063333,0.74997,0.00000,2.49826,2.08731
484,16.4320,2.49827,1.04083,2.10248,0.063333,0.75003,0.00000,2.49831,2.15064
485,16.5950,2.49833,1.04083,2.16581,0.063333,0.75000,0.00000,2.49837,2.21397
486,16.6030,2.49838,1.04083,2.22914,0.063333,0.74997,0.00000,2.49842,2.27731
487,16.8730,2.49843,1.04083,2.29248,0.063333,0.75000,0.00000,2.49847,2.34064
488,16.4410,2.49848,1.04083,2.35581,0.063333,0.75003,0.00000,2.49852,2.40397
489,16.1990,2.49853,1.04083,2.41914,0.063334,0.75000,0.00000,2.49857,2.46731
490,16.9840,2.49859,1.04083,2.48248,0.063333,0.74997,0.00000,2.49863,2.53064
491,16.7890,2.49864,1.04083,2.54581,0.063333,0.75003,0.00000,2.49868,2.59397
492,16.3910,2.49869,1.04083,2.60914,0.063333,0.75000,0.00000,2.49873,2.65731
493,16.6620,2.49874,1.04083,2.67248,0.063334,0.75000,0.00000,2.49878,2.72064
494,21.1850,2.49878,1.04083,2.73495,0.062468,0.74997,0.00000,2.49878,2.78036
495,12.3150,2.49878,1.04083,2.79380,0.058857,0.75003,0.00000,2.49878,2.83647
496,16.7460,2.49878,1.04083,2.84905,0.055246,0.75000,0.00000,2.49878,2.88897
497,16.5530,2.49878,1.04083,2.90068,0.051635,0.75000,0.00000,2.49878,2.93786
498,16.8200,2.49878,1.04083,2.94871,0.048024,0.74997,0.00000,2.49878,2.98314
499,16.3320,2.49878,1.04083,2.99312,0.044413,0.75003,0.00000,2.49878,3.02481
500,16.7360,2.49878,1.04083,3.03392,0.040802,0.75000,0.00000,2.49878,3.06286
501,16.7630,2.49878,1.04083,3.07122,0.037294,0.74997,0.00000,2.49878,3.09731
502,16.7800,2.49878,1.04083,3.10478,0.033568,0.75229,0.00000,2.49878,3.12814
503,16.4730,2.49878,1.04083,3.13474,0.029957,0.74997,0.00000,2.49878,3.15536
504,16.7960,2.49878,1.04083,3.16109,0.026346,0.75000,0.00000,2.49878,3.17897
505,16.4530,2.49878,1.04083,3.18382,0.022735,0.75000,0.00000,2.49878,3.19897
506,18.9830,2.49879,1.04083,3.20157,0.017747,0.75003,0.00000,2.49880,3.20953
507,14.8020,2.49880,1.04083,3.20980,0.008233,0.75262,0.00000,2.49881,3.21064
508,16.3820,2.49881,1.04083,3.21030,0.000493,0.75055,0.00000,2.49882,3.20925
509,16.6020,2.49882,1.04083,3.20829,0.002006,0.75000,0.00000,2.49883,3.20536
510,17.1800,2.49883,1.04083,3.20379,0.004506,0.75000,0.00000,2.49884,3.19897
511,16.2250,2.49885,1.04083,3.19678,0.007006,0.74997,0.00000,2.49886,3.19008
512,16.6270,2.49886,1.04083,3.18727,0.009506,0.75003,0.00000,2.49887,3.17869
513,16.9170,2.49887,1.04083,3.17526,0.012012,0.75000,0.00000,2.49888,3.16481
514,16.8570,2.49888,1.04083,3.16073,0.014530,0.75034,0.00000,2.49889,3.14842
515,16.3540,2.49889,1.04083,3.14372,0.017010,0.75101,0.00000,2.49890,3.12953
516,17.4930,2.49890,1.04083,3.12414,0.019586,0.75003,0.00000,2.49891,3.10814
517,16.0230,2.49892,1.04083,3.10212,0.022020,0.75262,0.00000,2.49892,3.08425
518,18.3580,2.49893,1.04083,3.07760,0.024520,0.75003,0.00000,2.49894,3.05786
519,14.7590,2.49894,1.04083,3.05058,0.027019,0.74997,0.00000,2.49895,3.02897
520,16.6880,2.49895,1.04083,3.02106,0.029519,0.75000,0.00000,2.49896,2.99758
521,16.6740,2.49896,1.04083,2.98904,0.032019,0.74997,0.00000,2.49897,2.96369
522,16.7680,2.49897,1.04083,2.95452,0.034519,0.75003,0.00000,2.49898,2.92731
523,16.9010,2.49898,1.04083,2.91750,0.037019,0.75000,0.00000,2.49899,2.88842
524,16.7050,2.49899,1.04083,2.87791,0.039594,0.75000,0.00000,2.49900,2.84703
525,16.6840,2.49900,1.04083,2.83588,0.042023,0.75134,0.00000,2.49901,2.80314
526,16.8950,2.49902,1.04083,2.79116,0.044720,0.75000,0.00000,2.49902,2.75675
527,518.0680,2.49911,1.04083,2.29925,0.491914,0.75317,0.00000,2.49911,2.29925
528,7.3750,2.49913,1.04083,2.17258,0.126667,6.55637,0.00000,2.49914,2.10925
529,507.5800,2.49923,1.04083,1.60258,0.569999,1.50003,0.00000,2.49923,1.60258
530,7.5350,2.49924,1.04083,1.50934,0.093239,6.75000,0.00000,2.49925,1.47592
531,9.2870,2.49925,1.04083,1.45801,0.051334,1.10416,0.00000,2.49926,1.41258
532,16.5680,2.49926,1.04083,1.39498,0.063027,0.60788,0.00000,2.49927,1.34925
533,16.8360,2.49928,1.04083,1.31582,0.079167,0.74640,0.00000,2.49928,1.28592
534,16.8460,2.49929,1.04083,1.23982,0.075999,0.93750,0.00000,2.49929,1.22258
535,16.8750,2.49930,1.04083,1.17282,0.066998,0.89996,0.00000,2.49930,1.15925
536,16.1420,2.49931,1.04083,1.11055,0.062271,0.79343,0.00000,2.49931,1.09592
537,16.9940,2.49932,1.04083,1.04625,0.064299,0.73740,0.00000,2.49932,1.03258
538,16.4630,2.49933,1.04083,0.98301,0.063236,0.76144,0.00000,2.49933,0.96925
539,16.6090,2.49934,1.04083,0.91969,0.063327,0.74884,0.00000,2.49935,0.90592
540,17.1440,2.49935,1.04083,0.85603,0.063654,0.74994,0.00000,2.49936,0.84258
541,16.7080,2.49936,1.04083,0.79269,0.063346,0.75378,0.00000,2.49937,0.77925
542,18.5770,2.49937,1.04083,0.72943,0.063255,0.75015,0.00000,2.49938,0.71592
543,14.3540,2.49939,1.04083,0.66630,0.063130,0.74908,0.00000,2.49939,0.65258
544,17.0610,2.49940,1.04083,0.60297,0.063333,0.74759,0.00000,2.49940,0.58925
545,16.3360,2.49941,1.04083,0.53964,0.063333,0.75000,0.00000,2.49941,0.52592
546,16.5890,2.49942,1.04083,0.47630,0.063333,0.74997,0.00000,2.49942,0.46258
547,16.8580,2.49943,1.04083,0.41297,0.063333,0.75003,0.00000,2.49943,0.39925
548,16.8350,2.49944,1.04083,0.34964,0.063333,0.75000,0.00000,2.49944,0.33592
549,16.3740,2.49945,1.04083,0.28630,0.063333,0.74997,0.00000,2.49945,0.27258
550,16.8150,2.49946,1.04083,0.22297,0.063333,0.75000,0.00000,2.49946,0.20925
551,17.3450,2.49947,1.04083,0.15964,0.063333,0.75003,0.00000,2.49947,0.14592
552,16.0260,2.49948,1.04083,0.09630,0.063333,0.75000,0.00000,2.49948,0.08258
553,16.3760,2.49949,1.04083,0.03297,0.063333,0.74997,0.00000,2.49949,0.01925
554,16.7880,2.49950,1.04083,-0.03036,0.063333,0.75000,0.00000,2.49950,-0.04408
555,21.8080,2.49951,1.04083,-0.09370,0.063333,0.75003,0.00000,2.49952,-0.10742
556,11.4000,2.49952,1.04083,-0.15703,0.063333,0.75000,0.00000,2.49953,-0.17075
557,16.9080,2.49953,1.04083,-0.22036,0.063333,0.74997,0.00000,2.49954,-0.23408
558,16.5860,2.49954,1.04083,-0.28370,0.063333,0.75003,0.00000,2.49955,-0.29742
559,16.6100,2.49955,1.04083,-0.34703,0.063333,0.75000,0.00000,2.49956,-0.36075
560,16.8800,2.49957,1.04083,-0.41036,0.063333,0.75000,0.00000,2.49957,-0.42408
561,16.6790,2.49958,1.04083,-0.47370,0.063333,0.74997,0.00000,2.49958,-0.48742
562,16.9040,2.49959,1.04083,-0.53703,0.063333,0.75003,0.00000,2.49959,-0.55075
563,16.3650,2.49960,1.04083,-0.60036,0.063334,0.75000,0.00000,2.49960,-0.61408
564,16.7020,2.49961,1.04083,-0.66370,0.063333,0.74997,0.00000,2.49961,-0.67742
565,16.3410,2.49962,1.04083,-0.72685,0.063152,0.75000,0.00000,2.49962,-0.74075
566,17.0430,2.49963,1.04083,-0.79018,0.063334,0.74789,0.00000,2.49963,-0.80408
567,16.5440,2.49964,1.04083,-0.85352,0.063333,0.75000,0.00000,2.49964,-0.86742
568,21.8430,2.49965,1.04083,-0.91685,0.063333,0.74994,0.00000,2.49965,-0.93075
569,11.7370,2.49966,1.04083,-0.98018,0.063334,0.75006,0.00000,2.49966,-0.99408
570,16.3020,2.49967,1.04083,-1.04352,0.063334,0.75003,0.00000,2.49967,-1.05742
571,16.7220,2.49968,1.04083,-1.10685,0.063333,0.74994,0.00000,2.49969,-1.12075
572,17.0070,2.49969,1.04083,-1.17018,0.063333,0.75003,0.00000,2.49970,-1.18408
573,16.5040,2.49970,1.04083,-1.23352,0.063334,0.75000,0.00000,2.49971,-1.24742
574,16.6760,2.49971,1.04083,-1.29685,0.063333,0.75000,0.00000,2.49972,-1.31075
575,16.6210,2.49972,1.04083,-1.36018,0.063333,0.74997,0.00000,2.49973,-1.37408
576,17.2810,2.49974,1.04083,-1.42352,0.063334,0.75000,0.00000,2.49974,-1.43742
577,15.8390,2.49975,1.04083,-1.48685,0.063333,0.75000,0.00000,2.49975,-1.50075
578,17.5520,2.49975,1.04083,-1.54736,0.060515,0.75003,0.00000,2.49975,-1.56047
579,16.2830,2.49975,1.04083,-1.60427,0.056904,0.74994,0.00000,2.49975,-1.61658
580,16.5770,2.49975,1.04083,-1.65756,0.053292,0.75000,0.00000,2.49975,-1.66908
581,18.2640,2.49975,1.04083,-1.70724,0.049682,0.75009,0.00000,2.49975,-1.71797
582,14.8580,2.49975,1.04083,-1.75331,0.046070,0.74994,0.00000,2.49975,-1.76325
583,17.0780,2.49975,1.04083,-1.79577,0.042459,0.75000,0.00000,2.49975,-1.80492
584,16.5680,2.49975,1.04083,-1.83462,0.038848,0.75003,0.00000,2.49975,-1.84297
585,16.4490,2.49975,1.04083,-1.86986,0.035237,0.75000,0.00000,2.49975,-1.87742
586,16.9630,2.49975,1.04083,-1.90148,0.031626,0.74997,0.00000,2.49975,-1.90825
587,16.3790,2.49975,1.04083,-1.92950,0.028015,0.75000,0.00000,2.49975,-1.93547
588,16.7930,2.49975,1.04083,-1.95390,0.024404,0.75006,0.00000,2.49975,-1.95908
589,16.5380,2.49975,1.04083,-1.97469,0.020792,0.74994,0.00000,2.49975,-1.97908
590,16.9550,2.49975,1.04083,-1.98732,0.012628,0.75003,0.00000,2.49975,-1.98964
591,16.5410,2.49975,1.04083,-1.99050,0.003184,0.74994,0.00000,2.49975,-1.99075
592,16.4710,2.49976,1.04083,-1.98966,0.000840,0.75006,0.00000,2.49976,-1.98936
593,16.7660,2.49976,1.04083,-1.98632,0.003340,0.74997,0.00000,2.49976,-1.98547
594,18.4960,2.49976,1.04083,-1.98048,0.005840,0.75000,0.00000,2.49976,-1.97908
595,15.1670,2.49976,1.04083,-1.97214,0.008340,0.75003,0.00000,2.49976,-1.97019
596,16.5060,2.49977,1.04083,-1.96130,0.010840,0.75000,0.00000,2.49977,-1.95880
597,16.5770,2.49977,1.04083,-1.94796,0.013340,0.74994,0.00000,2.49977,-1.94492
598,16.5710,2.49977,1.04083,-1.93212,0.015840,0.75003,0.00000,2.49977,-1.92853
599,16.8300,2.49977,1.04083,-1.91378,0.018340,0.75006,0.00000,2.49977,-1.90964
600,16.9890,2.49978,1.04083,-1.89294,0.020841,0.74994,0.00000,2.49978,-1.88825
601,16.8070,2.49978,1.04083,-1.86960,0.023340,0.75003,0.00000,2.49978,-1.86436
602,16.7290,2.49978,1.04083,-1.84376,0.025840,0.75000,0.00000,2.49978,-1.83797
603,16.1740,2.49978,1.04083,-1.81542,0.028340,0.75000,0.00000,2.49978,-1.80908
604,16.7110,2.49979,1.04083,-1.78458,0.030840,0.75003,0.00000,2.49979,-1.77769
605,38.0790,2.49979,1.04083,-1.75124,0.033340,0.74994,0.00000,2.49979,-1.74380
606,5.3540,2.49979,1.04083,-1.71413,0.037114,0.75000,0.00000,2.49979,-1.70742
607,6.7650,2.49979,1.04083,-1.67570,0.038427,0.77625,0.00000,2.49979,-1.66853
608,16.9370,2.49979,1.04083,-1.63477,0.040928,0.75000,0.00000,2.49979,-1.62714
609,16.5770,2.49980,1.04083,-1.59134,0.043428,0.75003,0.00000,2.49980,-1.58325
610,16.6670,2.49980,1.04083,-1.54570,0.045643,0.74994,0.00000,2.49980,-1.53686
611,16.4080,2.49980,1.04083,-1.49729,0.048412,0.74548,0.00000,2.49980,-1.48797
612,16.6190,2.49980,1.04083,-1.44638,0.050912,0.74994,0.00000,2.49980,-1.43658
613,16.4270,2.49980,1.04083,-1.39296,0.053413,0.75003,0.00000,2.49980,-1.38269
614,16.5700,2.49981,1.04083,-1.33705,0.055912,0.75000,0.00000,2.49981,-1.32630
615,16.6030,2.49981,1.04083,-1.27864,0.058413,0.74997,0.00000,2.49981,-1.26742
616,16.6830,2.49981,1.04083,-1.21773,0.060912,0.75000,0.00000,2.49981,-1.20603
617,17.0010,2.49981,1.04083,-1.15476,0.062962,0.75000,0.00000,2.49981,-1.14269
618,16.4470,2.49982,1.04083,-1.09143,0.063333,0.75000,0.00000,2.49982,-1.07936
619,21.6870,2.49982,1.04083,-1.02810,0.063333,0.75003,0.00000,2.49982,-1.01603
620,11.3540,2.49982,1.04083,-0.96519,0.062905,0.74994,0.00000,2.49982,-0.95269
621,16.8960,2.49982,1.04083,-0.90186,0.063333,0.74500,0.00000,2.49982,-0.88936
622,16.7110,2.49982,1.04083,-0.83853,0.063333,0.75000,0.00000,2.49982,-0.82603
623,16.7570,2.49983,1.04083,-0.77519,0.063334,0.74997,0.00000,2.49983,-0.76269
624,16.9150,2.49983,1.04083,-0.71186,0.063333,0.75000,0.00000,2.49983,-0.69936
625,16.3010,2.49983,1.04083,-0.64853,0.063333,0.75000,0.00000,2.49983,-0.63603
626,16.6870,2.49983,1.04083,-0.58519,0.063333,0.75003,0.00000,2.49983,-0.57269
627,16.8700,2.49983,1.04083,-0.52186,0.063333,0.74994,0.00000,2.49984,-0.50936
628,16.6580,2.49984,1.04083,-0.45853,0.063333,0.75000,0.00000,2.49984,-0.44603
629,16.5210,2.49984,1.04083,-0.39519,0.063333,0.75009,0.00000,2.49984,-0.38269
630,16.6400,2.49984,1.04083,-0.33186,0.063333,0.75000,0.00000,2.49984,-0.31936
631,16.8660,2.49984,1.04083,-0.26853,0.063333,0.74994,0.00000,2.49984,-0.25603
632,21.5210,2.49985,1.04083,-0.20519,0.063333,0.75003,0.00000,2.49985,-0.19269
633,11.8030,2.49985,1.04083,-0.14186,0.063333,0.75000,0.00000,2.49985,-0.12936
634,16.5670,2.49985,1.04083,-0.07853,0.063333,0.74997,0.00000,2.49985,-0.06603
635,16.6430,2.49985,1.04083,-0.01519,0.063333,0.75000,0.00000,2.49985,-0.00269
636,16.7030,2.49985,1.04083,0.04814,0.063333,0.75006,0.00000,2.49985,0.06064
637,16.6240,2.49986,1.04083,0.11147,0.063333,0.74994,0.00000,2.49986,0.12397
638,17.4650,2.49986,1.04083,0.17481,0.063333,0.75003,0.00000,2.49986,0.18731
639,16.1350,2.49986,1.04083,0.23814,0.063333,0.74994,0.00000,2.49986,0.25064
640,16.6210,2.49986,1.04083,0.30147,0.063333,0.75006,0.00000,2.49986,0.31397
641,16.3890,2.49986,1.04083,0.36481,0.063333,0.75000,0.00000,2.49987,0.37731
642,16.6510,2.49987,1.04083,0.42814,0.063333,0.75000,0.00000,2.49987,0.44064
643,16.7350,2.49987,1.04083,0.49147,0.063334,0.74994,0.00000,2.49987,0.50397
644,16.8600,2.49987,1.04083,0.55481,0.063333,0.75006,0.00000,2.49987,0.56731
645,21.4990,2.49987,1.04083,0.61814,0.063333,0.75000,0.00000,2.49987,0.63064
646,11.7840,2.49987,1.04083,0.68147,0.063333,0.75000,0.00000,2.49988,0.69397
647,16.5180,2.49988,1.04083,0.74481,0.063333,0.75000,0.00000,2.49988,0.75731
648,16.8350,2.49988,1.04083,0.80814,0.063333,0.75000,0.00000,2.49988,0.82064
649,16.5810,2.49988,1.04083,0.87147,0.063333,0.75000,0.00000,2.49988,0.88397
650,16.7630,2.49988,1.04083,0.93481,0.063334,0.75000,0.00000,2.49988,0.94731
651,16.7010,2.49989,1.04083,0.99814,0.063333,0.75000,0.00000,2.49989,1.01064
652,16.6800,2.49989,1.04083,1.06147,0.063333,0.75000,0.00000,2.49989,1.07397
653,17.1160,2.49989,1.04083,1.12481,0.063333,0.75000,0.00000,2.49989,1.13731
654,16.2970,2.49989,1.04083,1.18814,0.063334,0.74994,0.00000,2.49989,1.20064
655,17.0080,2.49989,1.04083,1.25147,0.063333,0.75006,0.00000,2.49990,1.26397
656,16.5760,2.49990,1.04083,1.31481,0.063333,0.75000,0.00000,2.49990,1.32731
657,16.3130,2.49990,1.04083,1.37814,0.063333,0.75000,0.00000,2.49990,1.39064
658,18.3100,2.49990,1.04083,1.44147,0.063333,0.74994,0.00000,2.49990,1.45397
659,15.2000,2.49990,1.04083,1.50481,0.063333,0.75006,0.00000,2.49990,1.51731
660,16.4420,2.49991,1.04083,1.56814,0.063333,0.75000,0.00000,2.49991,1.58064
661,16.7480,2.49991,1.04083,1.63147,0.063333,0.75000,0.00000,2.49991,1.64397
662,16.7200,2.49991,1.04083,1.69481,0.063333,0.75000,0.00000,2.49991,1.70731
663,16.7250,2.49991,1.04083,1.75814,0.063333,0.75000,0.00000,2.49991,1.77064
664,16.4560,2.49991,1.04083,1.82147,0.063333,0.75000,0.00000,2.49992,1.83397
665,16.7940,2.49992,1.04083,1.88481,0.063333,0.75000,0.00000,2.49992,1.89731
666,16.8000,2.49992,1.04083,1.94814,0.063333,0.75000,0.00000,2.49992,1.96064
667,16.5320,2.49992,1.04083,2.01147,0.063333,0.75000,0.00000,2.49992,2.02397
668,16.7200,2.49992,1.04083,2.07481,0.063333,0.75000,0.00000,2.49992,2.08731
669,16.6230,2.49993,1.04083,2.13814,0.063334,0.74994,0.00000,2.49993,2.15064
670,17.2630,2.49993,1.04083,2.20147,0.063333,0.75006,0.00000,2.49993,2.21397
671,20.0770,2.49993,1.04083,2.26481,0.063334,0.75000,0.00000,2.49993,2.27731
672,12.8640,2.49993,1.04083,2.32814,0.063333,0.75000,0.00000,2.49993,2.34064
673,16.7000,2.49994,1.04083,2.39147,0.063334,0.74994,0.00000,2.49994,2.40397
674,16.4750,2.49994,1.04083,2.45481,0.063334,0.75006,0.00000,2.49994,2.46731
675,16.6470,2.49994,1.04083,2.51814,0.063334,0.75000,0.00000,2.49994,2.53064
676,16.6420,2.49994,1.04083,2.58147,0.063333,0.75000,0.00000,2.49994,2.59397
677,16.7830,2.49994,1.04083,2.64481,0.063334,0.75000,0.00000,2.49994,2.65731
678,16.7110,2.49995,1.04083,2.70814,0.063333,0.75000,0.00000,2.49995,2.72064
679,16.5830,2.49995,1.04083,2.76857,0.060435,0.75000,0.00000,2.49995,2.78036
680,16.8990,2.49995,1.04083,2.82540,0.056823,0.75000,0.00000,2.49995,2.83647
681,16.3950,2.49995,1.04083,2.87861,0.053212,0.75000,0.00000,2.49995,2.88897
682,17.2350,2.49995,1.04083,2.92821,0.049602,0.75000,0.00000,2.49995,2.93786
683,16.4270,2.49995,1.04083,2.97420,0.045990,0.75000,0.00000,2.49995,2.98314
684,21.7840,2.49995,1.04083,3.01658,0.042380,0.74994,0.00000,2.49995,3.02481
685,11.3980,2.49995,1.04083,3.05535,0.038768,0.75006,0.00000,2.49995,3.06286
686,16.5220,2.49995,1.04083,3.09051,0.035157,0.75000,0.00000,2.49995,3.09731
687,17.0200,2.49995,1.04083,3.12205,0.031546,0.75000,0.00000,2.49995,3.12814
688,16.3050,2.49995,1.04083,3.14999,0.027934,0.74994,0.00000,2.49995,3.15536
689,16.9370,2.49995,1.04083,3.17431,0.024324,0.75006,0.00000,2.49995,3.17897
690,16.5810,2.49995,1.04083,3.19502,0.020713,0.75000,0.00000,2.49995,3.19897
691,16.6150,2.49995,1.04083,3.20744,0.012419,0.75000,0.00000,2.49995,3.20953
692,16.7550,2.49995,1.04083,3.21042,0.002975,0.75000,0.00000,2.49995,3.21064
693,16.6360,2.49995,1.04083,3.20952,0.000895,0.75000,0.00000,2.49995,3.20925
694,17.0900,2.49995,1.04083,3.20613,0.003396,0.75000,0.00000,2.49995,3.20536
695,16.3160,2.49995,1.04083,3.20023,0.005895,0.75000,0.00000,2.49995,3.19897
696,16.6380,2.49995,1.04083,3.19184,0.008396,0.75000,0.00000,2.49995,3.19008
697,21.6520,2.49995,1.04083,3.18094,0.010895,0.75000,0.00000,2.49995,3.17869
698,12.1660,2.49995,1.04083,3.16755,0.013396,0.75000,0.00000,2.49995,3.16480
699,16.3190,2.49995,1.04083,3.15165,0.015895,0.74994,0.00000,2.49995,3.14842
700,16.6430,2.49995,1.04083,3.13326,0.018396,0.75006,0.00000,2.49995,3.12953
701,16.8520,2.49995,1.04083,3.11236,0.020895,0.75000,0.00000,2.49995,3.10814
702,16.9940,2.49995,1.04083,3.08896,0.023396,0.75000,0.00000,2.49995,3.08425
703,16.6110,2.49995,1.04083,3.06307,0.025896,0.74994,0.00000,2.49995,3.05786
704,16.2270,2.49995,1.04083,3.03467,0.028395,0.75006,0.00000,2.49995,3.02897
705,16.7900,2.49995,1.04083,3.00378,0.030896,0.75000,0.00000,2.49995,2.99758
706,16.6580,2.49995,1.04083,2.97038,0.033395,0.75000,0.00000,2.49995,2.96369
707,16.4230,2.49996,1.04083,2.93449,0.035896,0.75000,0.00000,2.49996,2.92730
708,17.0090,2.49996,1.04083,2.89609,0.038395,0.75000,0.00000,2.49996,2.88842
709,16.4470,2.49996,1.04083,2.85520,0.040896,0.75000,0.00000,2.49996,2.84703
710,21.5250,2.49996,1.04083,2.81180,0.043395,0.75000,0.00000,2.49996,2.80314
711,12.1630,2.49996,1.04083,2.76590,0.045896,0.75000,0.00000,2.49996,2.75675
712,16.3700,2.49996,1.04083,2.71751,0.048395,0.75000,0.00000,2.49996,2.70786
713,16.7940,2.49996,1.04083,2.66661,0.050896,0.75000,0.00000,2.49996,2.65647
714,534.2750,2.49996,1.04083,2.23592,0.430697,0.74994,0.00000,2.49996,2.17258
715,3.1080,2.49996,1.04083,2.15269,0.083228,5.39807,0.00000,2.49996,2.10925
716,14.1280,2.49996,1.04083,2.08936,0.063331,0.98560,0.00000,2.49996,2.04592
717,15.3970,2.49996,1.04083,2.02603,0.063331,0.74994,0.00000,2.49996,1.98258
718,16.5520,2.49996,1.04083,1.96269,0.063334,0.75000,0.00000,2.49996,1.91925
719,16.9340,2.49996,1.04083,1.89936,0.063333,0.75000,0.00000,2.49996,1.85592
720,16.8990,2.49997,1.04083,1.83603,0.063333,0.75000,0.00000,2.49996,1.79258
721,16.6020,2.49997,1.04083,1.77269,0.063333,0.75000,0.00000,2.49997,1.72925
722,16.3700,2.49997,1.04083,1.70936,0.063333,0.75000,0.00000,2.49997,1.66592
723,17.0730,2.49997,1.04083,1.64603,0.063333,0.75000,0.00000,2.49997,1.60258
724,16.5820,2.49997,1.04083,1.58269,0.063333,0.75000,0.00000,2.49997,1.53925
725,16.6160,2.49997,1.04083,1.51936,0.063333,0.75000,0.00000,2.49997,1.47592
726,16.9160,2.49997,1.04083,1.45603,0.063333,0.75000,0.00000,2.49997,1.41258
727,16.5530,2.49997,1.04083,1.39269,0.063333,0.75000,0.00000,2.49997,1.34925
728,16.9540,2.49997,1.04083,1.32936,0.063333,0.75000,0.00000,2.49997,1.28592
729,21.3930,2.49997,1.04083,1.26603,0.063333,0.75000,0.00000,2.49997,1.22258
730,11.9300,2.49997,1.04083,1.20269,0.063333,0.75000,0.00000,2.49997,1.15925
731,16.6940,2.49997,1.04083,1.13936,0.063333,0.75000,0.00000,2.49997,1.09592
732,16.3720,2.49997,1.04083,1.07603,0.063333,0.75000,0.00000,2.49997,1.03258
733,16.9040,2.49997,1.04083,1.01269,0.063333,0.75000,0.00000,2.49997,0.96925
734,16.6860,2.49997,1.04083,0.94936,0.063333,0.75000,0.00000,2.49997,0.90592
735,16.9210,2.49997,1.04083,0.88603,0.063333,0.75000,0.00000,2.49997,0.84258
736,16.4310,2.49997,1.04083,0.82269,0.063333,0.75000,0.00000,2.49997,0.77925
737,16.6220,2.49997,1.04083,0.75936,0.063333,0.75000,0.00000,2.49997,0.71592
738,16.6620,2.49997,1.04083,0.69603,0.063333,0.75000,0.00000,2.49997,0.65258
739,16.5760,2.49997,1.04083,0.63269,0.063333,0.75000,0.00000,2.49997,0.58925
740,16.6470,2.49997,1.04083,0.56936,0.063333,0.75000,0.00000,2.49997,0.52592
741,17.2180,2.49998,1.04083,0.50603,0.063333,0.75000,0.00000,2.49997,0.46258
742,20.9460,2.49998,1.04083,0.44269,0.063333,0.75000,0.00000,2.49998,0.39925
743,12.0680,2.49998,1.04083,0.37936,0.063333,0.75000,0.00000,2.49998,0.33592
744,16.9180,2.49998,1.04083,0.31603,0.063333,0.75000,0.00000,2.49998,0.27258
745,533.1780,2.49998,1.04083,-0.17075,0.486776,0.75000,0.00000,2.49998,-0.23408
746,3.2450,2.49998,1.04083,-0.25382,0.083074,5.76447,0.00000,2.49998,-0.29742
747,13.4500,2.49998,1.04083,-0.31715,0.063331,0.98376,0.00000,2.49998,-0.36075
748,21.4230,2.49998,1.04083,-0.38049,0.063331,0.75000,0.00000,2.49998,-0.42408
749,12.0910,2.49998,1.04083,-0.44382,0.063333,0.74994,0.00000,2.49998,-0.48742
750,16.8420,2.49998,1.04083,-0.50715,0.063334,0.75000,0.00000,2.49998,-0.55075
751,16.6920,2.49998,1.04083,-0.57049,0.063333,0.75000,0.00000,2.49998,-0.61408
752,16.2680,2.49998,1.04083,-0.63382,0.063333,0.75000,0.00000,2.49998,-0.67742
753,16.7270,2.49998,1.04083,-0.69715,0.063333,0.75000,0.00000,2.49998,-0.74075
754,16.7400,2.49998,1.04083,-0.76049,0.063333,0.75000,0.00000,2.49998,-0.80408
755,17.0730,2.49998,1.04083,-0.82382,0.063333,0.75000,0.00000,2.49998,-0.86742
756,16.9560,2.49998,1.04083,-0.88736,0.063541,0.75000,0.00000,2.49999,-0.93075
757,16.6190,2.49999,1.04083,-0.95069,0.063333,0.75250,0.00000,2.49999,-0.99408
758,16.2130,2.49999,1.04083,-1.01403,0.063333,0.74994,0.00000,2.49999,-1.05742
759,17.0950,2.49999,1.04083,-1.07736,0.063333,0.75000,0.00000,2.49999,-1.12075
760,18.3800,2.49999,1.04083,-1.14069,0.063333,0.75006,0.00000,2.49999,-1.18408
761,14.8740,2.49999,1.04083,-1.20403,0.063340,0.75000,0.00000,2.49999,-1.24742
762,16.7570,2.49999,1.04083,-1.26737,0.063333,0.75006,0.00000,2.49999,-1.31075
763,16.5680,2.49999,1.04083,-1.33070,0.063333,0.75000,0.00000,2.49999,-1.37408
764,16.0360,2.49999,1.04083,-1.39403,0.063333,0.74994,0.00000,2.49999,-1.43742
765,16.9240,2.49999,1.04083,-1.45737,0.063333,0.75006,0.00000,2.49999,-1.50075
766,16.6070,2.49999,1.04083,-1.51956,0.062195,0.75000,0.00000,2.49999,-1.56047
767,16.5660,2.49999,1.04083,-1.57815,0.058585,0.75000,0.00000,2.49999,-1.61658
768,17.2220,2.49999,1.04083,-1.63313,0.054981,0.74994,0.00000,2.49999,-1.66908
769,16.4640,2.49999,1.04083,-1.68449,0.051362,0.75012,0.00000,2.49999,-1.71797
770,16.2330,2.49999,1.04083,-1.73224,0.047751,0.75000,0.00000,2.49999,-1.76325
771,17.1280,2.49999,1.04083,-1.77647,0.044225,0.75006,0.00000,2.49999,-1.80492
772,18.3180,2.49999,1.04083,-1.81699,0.040521,0.75153,0.00000,2.49999,-1.84297
773,14.7550,2.49999,1.04083,-1.85390,0.036910,0.75000,0.00000,2.49999,-1.87742
774,16.4660,2.49999,1.04083,-1.88720,0.033299,0.74994,0.00000,2.49999,-1.90825
775,17.0880,2.49999,1.04083,-1.91688,0.029688,0.75000,0.00000,2.49999,-1.93547
776,766.8940,2.49999,1.04083,-1.97908,0.062199,0.75006,0.00000,2.49999,-1.97019
777,7.1740,2.49999,1.04083,-1.95880,0.020278,5.76208,0.00000,2.49999,-1.94492
778,6.9450,2.49999,1.04083,-1.95414,0.004666,1.50000,0.00000,2.49999,-1.94492
779,19.1700,2.49999,1.04083,-1.93949,0.014653,0.25201,0.00000,2.49999,-1.92853
780,16.6930,2.49999,1.04083,-1.92227,0.017217,0.74646,0.00000,2.49999,-1.90964
781,16.5660,2.49999,1.04083,-1.90255,0.019717,0.75006,0.00000,2.49999,-1.88825
782,17.4750,2.49999,1.04083,-1.88033,0.022217,0.75000,0.00000,2.49999,-1.86436
783,16.6070,2.49999,1.04083,-1.85562,0.024717,0.75000,0.00000,2.49999,-1.83797
784,16.5170,2.49999,1.04083,-1.82840,0.027217,0.74994,0.00000,2.49999,-1.80908
785,16.6810,2.49999,1.04083,-1.79868,0.029717,0.75006,0.00000,2.49999,-1.77769
786,16.7290,2.49999,1.04083,-1.76646,0.032218,0.75000,0.00000,2.49999,-1.74380
787,16.8140,2.49999,1.04083,-1.73175,0.034718,0.74994,0.00000,2.49999,-1.70742
788,16.4850,2.49999,1.04083,-1.69453,0.037217,0.75006,0.00000,2.49999,-1.66853
789,16.9090,2.49999,1.04083,-1.65481,0.039717,0.75000,0.00000,2.49999,-1.62714
790,18.0360,2.49999,1.04083,-1.61259,0.042217,0.75000,0.00000,2.49999,-1.58325
791,15.0170,2.49999,1.04083,-1.56788,0.044717,0.74994,0.00000,2.49999,-1.53686
792,16.7340,2.49999,1.04083,-1.52066,0.047217,0.75006,0.00000,2.49999,-1.48797
793,16.5270,2.49999,1.04083,-1.47094,0.049717,0.75000,0.00000,2.49999,-1.43658
794,16.9680,2.49999,1.04083,-1.41873,0.052217,0.75000,0.00000,2.49999,-1.38269
795,16.5120,2.49999,1.04083,-1.36401,0.054718,0.74994,0.00000,2.49999,-1.32630
796,16.8890,2.49999,1.04083,-1.30679,0.057218,0.75006,0.00000,2.49999,-1.26742
797,16.4840,2.49999,1.04083,-1.24707,0.059717,0.75000,0.00000,2.49999,-1.20603
798,16.6840,2.49999,1.04083,-1.18504,0.062033,0.75000,0.00000,2.49999,-1.14269
799,16.6600,2.49999,1.04083,-1.12171,0.063333,0.74994,0.00000,2.49999,-1.07936
800,16.8430,2.49999,1.04083,-1.05837,0.063333,0.75006,0.00000,2.49999,-1.01603
801,16.6380,2.49999,1.04083,-0.99504,0.063334,0.75000,0.00000,2.49999,-0.95269
802,16.7010,2.49999,1.04083,-0.93171,0.063333,0.74994,0.00000,2.49999,-0.88936
803,18.4810,2.49999,1.04083,-0.86837,0.063333,0.75006,0.00000,2.49999,-0.82603
804,14.7580,2.49999,1.04083,-0.80504,0.063334,0.75000,0.00000,2.49999,-0.76269
805,16.6840,2.49999,1.04083,-0.74171,0.063333,0.75000,0.00000,2.49999,-0.69936
806,16.5590,2.49999,1.04083,-0.67837,0.063333,0.74994,0.00000,2.49999,-0.63603
807,533.2310,2.49999,1.04083,-0.19269,0.485681,0.75006,0.00000,2.49999,-0.12936
808,10.1890,2.49999,1.04083,-0.06603,0.126667,5.75146,0.00000,2.49999,-0.00269
809,3.9180,2.49999,1.04083,-0.04281,0.023213,1.50000,0.00000,2.49999,-0.00269
810,19.3130,2.49999,1.04083,0.02049,0.063308,0.27490,0.00000,2.49999,0.06064
811,16.4390,2.49999,1.04083,0.08383,0.063333,0.74969,0.00000,2.49999,0.12397
812,17.1920,2.49999,1.04083,0.14716,0.063333,0.75000,0.00000,2.49999,0.18731
813,17.1950,2.49999,1.04083,0.21049,0.063333,0.75000,0.00000,2.49999,0.25064
814,16.1800,2.49999,1.04083,0.27383,0.063333,0.75000,0.00000,2.49999,0.31397
815,16.5610,2.49999,1.04083,0.33716,0.063333,0.75000,0.00000,2.49999,0.37731
816,16.8430,2.49999,1.04083,0.40049,0.063333,0.75000,0.00000,2.49999,0.44064
817,16.8270,2.49999,1.04083,0.46383,0.063333,0.75000,0.00000,2.49999,0.50397
818,16.5700,2.49999,1.04083,0.52716,0.063333,0.75000,0.00000,2.49999,0.56731
819,16.3190,2.49999,1.04083,0.59049,0.063333,0.75000,0.00000,2.49999,0.63064
820,16.8730,2.49999,1.04083,0.65383,0.063333,0.75000,0.00000,2.49999,0.69397
821,20.1090,2.49999,1.04083,0.71716,0.063334,0.75000,0.00000,2.49999,0.75731
822,13.0070,2.49999,1.04083,0.78049,0.063333,0.75000,0.00000,2.49999,0.82064
823,16.6150,2.49999,1.04083,0.84383,0.063333,0.75000,0.00000,2.49999,0.88397
824,17.0230,2.49999,1.04083,0.90716,0.063334,0.74994,0.00000,2.49999,0.94731
825,16.3770,2.49999,1.04083,0.97049,0.063333,0.75006,0.00000,2.49999,1.01064
826,16.4530,2.49999,1.04083,1.03383,0.063334,0.75000,0.00000,2.49999,1.07397
827,16.7830,2.49999,1.04083,1.09716,0.063333,0.75000,0.00000,2.49999,1.13731
828,16.7800,2.49999,1.04083,1.16049,0.063334,0.75000,0.00000,2.49999,1.20064
829,16.4690,2.49999,1.04083,1.22383,0.063333,0.75000,0.00000,2.49999,1.26397
830,16.6680,2.49999,1.04083,1.28716,0.063333,0.75000,0.00000,2.49999,1.32731
831,16.7320,2.49999,1.04083,1.35049,0.063333,0.75000,0.00000,2.49999,1.39064
832,16.6750,2.50000,1.04083,1.41383,0.063333,0.75000,0.00000,2.49999,1.45397
833,16.8140,2.49999,1.04083,1.47716,0.063333,0.75000,0.00000,2.49999,1.51731
834,21.3380,2.50000,1.04083,1.54049,0.063334,0.75000,0.00000,2.49999,1.58064
835,11.8990,2.49999,1.04083,1.60383,0.063333,0.75000,0.00000,2.50000,1.64397
836,16.6380,2.50000,1.04083,1.66716,0.063333,0.75000,0.00000,2.50000,1.70731
837,16.6470,2.50000,1.04083,1.73049,0.063333,0.75000,0.00000,2.50000,1.77064
838,513.0130,2.50000,1.04083,2.27731,0.546812,0.75000,0.00000,2.50000,2.27731
839,10.1980,2.50000,1.04083,2.36546,0.088152,6.47540,0.00000,2.50000,2.40397
840,10.4770,2.50000,1.04083,2.42884,0.063384,1.04388,0.00000,2.50000,2.46731
841,16.3380,2.50000,1.04083,2.49106,0.062221,0.75061,0.00000,2.50000,2.53064
842,16.6060,2.50000,1.04083,2.57023,0.079167,0.73688,0.00000,2.50000,2.59397
843,16.8610,2.50000,1.04083,2.64623,0.075999,0.93744,0.00000,2.50000,2.65731
844,16.7180,2.50000,1.04083,2.71285,0.066618,0.90002,0.00000,2.50000,2.72064
845,16.4110,2.50000,1.04083,2.77254,0.059691,0.78888,0.00000,2.50000,2.78036
846,16.4640,2.50000,1.04083,2.82911,0.056572,0.74402,0.00000,2.50000,2.83647
847,16.6940,2.50000,1.04083,2.88171,0.052603,0.74988,0.00000,2.50000,2.88897
848,16.6960,2.50000,1.04083,2.93123,0.049521,0.74469,0.00000,2.50000,2.93786
849,16.6140,2.50000,1.04083,2.97705,0.045820,0.75201,0.00000,2.50000,2.98314
850,16.6510,2.50000,1.04083,3.01914,0.042088,0.75092,0.00000,2.50000,3.02481
851,18.4470,2.50000,1.04083,3.05762,0.038479,0.74884,0.00000,2.50000,3.06286
852,14.9830,2.50000,1.04083,3.09256,0.034941,0.74866,0.00000,2.50000,3.09731
853,16.6590,2.50000,1.04083,3.12389,0.031331,0.75000,0.00000,2.50000,3.12814
854,16.6400,2.50000,1.04083,3.15161,0.027719,0.75000,0.00000,2.50000,3.15536
855,16.9620,2.50000,1.04083,3.17572,0.024108,0.75000,0.00000,2.50000,3.17897
856,16.7820,2.50000,1.04083,3.19622,0.020497,0.75000,0.00000,2.50000,3.19897
857,16.3370,2.50000,1.04083,3.20807,0.011857,0.75000,0.00000,2.50000,3.20953
858,16.7510,2.50000,1.04083,3.21048,0.002411,0.75000,0.00000,2.50000,3.21064
859,16.5330,2.50000,1.04083,3.20944,0.001045,0.75000,0.00000,2.50000,3.20925
860,16.7950,2.50000,1.04083,3.20590,0.003545,0.75000,0.00000,2.50000,3.20536
861,16.4320,2.50000,1.04083,3.19985,0.006045,0.75000,0.00000,2.50000,3.19897
862,16.6760,2.50000,1.04083,3.19131,0.008545,0.75000,0.00000,2.50000,3.19008
863,16.7480,2.50000,1.04083,3.18026,0.011044,0.75000,0.00000,2.50000,3.17869
864,21.3480,2.50000,1.04083,3.16672,0.013545,0.75000,0.00000,2.50000,3.16480
865,12.1220,2.50000,1.04083,3.15067,0.016045,0.75000,0.00000,2.50000,3.14842
866,16.4190,2.50000,1.04083,3.13213,0.018545,0.75000,0.00000,2.50000,3.12953
867,16.9690,2.50000,1.04083,3.11108,0.021045,0.75000,0.00000,2.50000,3.10814
868,16.4150,2.50000,1.04083,3.08754,0.023545,0.75000,0.00000,2.50000,3.08425
869,16.8620,2.50000,1.04083,3.06149,0.026045,0.75000,0.00000,2.50000,3.05786
870,518.5580,2.50000,1.04083,2.75675,0.304745,0.75000,0.00000,2.50000,2.75675
871,7.5370,2.50000,1.04083,2.65647,0.100278,6.10327,0.00000,2.50000,2.60258
872,4.7710,2.50000,1.04083,2.63620,0.020276,1.50000,0.00000,2.50000,2.60258
873,19.2810,2.50000,1.04083,2.58109,0.055105,0.28223,0.00000,2.50000,2.54619
874,17.3430,2.50000,1.04083,2.52289,0.058205,0.75360,0.00000,2.50000,2.48730
875,16.5880,2.50000,1.04083,2.46321,0.059673,0.76105,0.00000,2.50000,2.42592
876,16.9110,2.50000,1.04083,2.40106,0.062152,0.74744,0.00000,2.50000,2.36258
877,16.4180,2.50000,1.04083,2.33773,0.063334,0.75006,0.00000,2.50000,2.29925
878,16.8760,2.50000,1.04083,2.27439,0.063333,0.75000,0.00000,2.50000,2.23592
879,16.2310,2.50000,1.04083,2.21202,0.062377,0.75000,0.00000,2.50000,2.17258
880,16.9590,2.50000,1.04083,2.14868,0.063333,0.73865,0.00000,2.50000,2.10925
881,16.5120,2.50000,1.04083,2.08535,0.063333,0.75000,0.00000,2.50000,2.04592
882,18.5360,2.50000,1.04083,2.02202,0.063333,0.74994,0.00000,2.50000,1.98258
883,15.1070,2.50000,1.04083,1.95868,0.063334,0.75000,0.00000,2.50000,1.91925
884,16.6700,2.50000,1.04083,1.89535,0.063333,0.75012,0.00000,2.50000,1.85592
885,16.2870,2.50000,1.04083,1.83202,0.063333,0.74994,0.00000,2.50000,1.79258
886,17.0720,2.50000,1.04083,1.76868,0.063334,0.75000,0.00000,2.50000,1.72925
887,16.4280,2.50000,1.04083,1.70535,0.063333,0.75000,0.00000,2.50000,1.66592
888,16.6700,2.50000,1.04083,1.64202,0.063333,0.75000,0.00000,2.50000,1.60258
889,16.7870,2.50000,1.04083,1.57868,0.063334,0.75000,0.00000,2.50000,1.53925
890,16.7380,2.50000,1.04083,1.51535,0.063333,0.74994,0.00000,2.50000,1.47592
891,16.3280,2.50000,1.04083,1.45202,0.063333,0.75012,0.00000,2.50000,1.41258
892,16.9300,2.50000,1.04083,1.38868,0.063334,0.74994,0.00000,2.50000,1.34925
893,16.6660,2.50000,1.04083,1.32535,0.063333,0.75000,0.00000,2.50000,1.28592
894,16.4810,2.50000,1.04083,1.26202,0.063333,0.75000,0.00000,2.50000,1.22258
895,22.2970,2.50000,1.04083,1.19868,0.063333,0.75000,0.00000,2.50000,1.15925
896,11.1610,2.50000,1.04083,1.13535,0.063334,0.75000,0.00000,2.50000,1.09592
897,16.5720,2.50000,1.04083,1.07202,0.063333,0.74994,0.00000,2.50000,1.03258
898,16.8110,2.50000,1.04083,1.00868,0.063333,0.75000,0.00000,2.50000,0.96925
899,16.6840,2.50000,1.04083,0.94535,0.063333,0.75012,0.00000,2.50000,0.90592
900,16.6890,2.50000,1.04083,0.88202,0.063333,0.74994,0.00000,2.50000,0.84258
901,16.6720,2.50000,1.04083,0.81868,0.063333,0.75000,0.00000,2.50000,0.77925
902,16.5440,2.50000,1.04083,0.75535,0.063333,0.75000,0.00000,2.50000,0.71592
903,16.5090,2.50000,1.04083,0.69202,0.063334,0.75000,0.00000,2.50000,0.65258
904,17.1650,2.50000,1.04083,0.62868,0.063333,0.75000,0.00000,2.50000,0.58925
905,16.4710,2.50000,1.04083,0.56535,0.063334,0.74994,0.00000,2.50000,0.52592
906,16.7440,2.50000,1.04083,0.50202,0.063333,0.75012,0.00000,2.50000,0.46258
907,16.6570,2.50000,1.04083,0.43868,0.063333,0.74994,0.00000,2.50000,0.39925
908,21.6780,2.50000,1.04083,0.37535,0.063333,0.75000,0.00000,2.50000,0.33592
909,11.5260,2.50000,1.04083,0.31202,0.063333,0.75000,0.00000,2.50000,0.27258
910,16.9070,2.50000,1.04083,0.24868,0.063333,0.75000,0.00000,2.50000,0.20925
911,16.9920,2.50000,1.04083,0.18535,0.063333,0.75000,0.00000,2.50000,0.14592
912,16.3340,2.50000,1.04083,0.12202,0.063333,0.74994,0.00000,2.50000,0.08258
913,16.5760,2.50000,1.04083,0.05868,0.063333,0.75000,0.00000,2.50000,0.01925
914,16.5060,2.50000,1.04083,-0.00465,0.063333,0.75012,0.00000,2.50000,-0.04408
915,16.9820,2.50000,1.04083,-0.06798,0.063333,0.74994,0.00000,2.50000,-0.10742
916,16.5370,2.50000,1.04083,-0.13132,0.063333,0.75000,0.00000,2.50000,-0.17075
917,16.5490,2.50000,1.04083,-0.19465,0.063333,0.75000,0.00000,2.50000,-0.23408
918,17.0250,2.50000,1.04083,-0.25798,0.063333,0.75000,0.00000,2.50000,-0.29742
919,16.3520,2.50000,1.04083,-0.32132,0.063333,0.75000,0.00000,2.50000,-0.36075
920,16.7520,2.50000,1.04083,-0.38465,0.063333,0.74994,0.00000,2.50000,-0.42408
921,20.0980,2.50000,1.04083,-0.44798,0.063333,0.75012,0.00000,2.50000,-0.48742
922,12.9830,2.50000,1.04083,-0.51132,0.063333,0.74994,0.00000,2.50000,-0.55075
923,16.5420,2.50000,1.04083,-0.57465,0.063333,0.75000,0.00000,2.50000,-0.61408
924,16.5480,2.50000,1.04083,-0.63798,0.063333,0.75000,0.00000,2.50000,-0.67742
925,16.9210,2.50000,1.04083,-0.70132,0.063333,0.75000,0.00000,2.50000,-0.74075
926,17.0310,2.50000,1.04083,-0.76465,0.063333,0.75000,0.00000,2.50000,-0.80408
927,16.4000,2.50000,1.04083,-0.82798,0.063333,0.74994,0.00000,2.50000,-0.86742
928,16.6020,2.50000,1.04083,-0.89132,0.063333,0.75000,0.00000,2.50000,-0.93075
929,16.4650,2.50000,1.04083,-0.95465,0.063334,0.75012,0.00000,2.50000,-0.99408
930,16.8930,2.50000,1.04083,-1.01798,0.063333,0.74994,0.00000,2.50000,-1.05742
931,16.4510,2.50000,1.04083,-1.08132,0.063334,0.75000,0.00000,2.50000,-1.12075
932,16.9140,2.50000,1.04083,-1.14465,0.063333,0.75000,0.00000,2.50000,-1.18408
933,16.5720,2.50000,1.04083,-1.20798,0.063333,0.75000,0.00000,2.50000,-1.24742
934,20.3420,2.50000,1.04083,-1.27132,0.063333,0.75000,0.00000,2.50000,-1.31075
935,12.8860,2.50000,1.04083,-1.33465,0.063334,0.74994,0.00000,2.50000,-1.37408
936,16.6670,2.50000,1.04083,-1.39798,0.063333,0.75012,0.00000,2.50000,-1.43742
937,16.5870,2.50000,1.04083,-1.46132,0.063333,0.74994,0.00000,2.50000,-1.50075
938,16.6310,2.50000,1.04083,-1.52329,0.061971,0.75000,0.00000,2.50000,-1.56047
939,17.0540,2.50000,1.04083,-1.58165,0.058359,0.75000,0.00000,2.50000,-1.61658
940,16.1430,2.50000,1.04083,-1.63639,0.054748,0.75000,0.00000,2.50000,-1.66908
941,16.9310,2.50000,1.04083,-1.68753,0.051137,0.75000,0.00000,2.50000,-1.71797
942,16.7530,2.50000,1.04083,-1.73506,0.047526,0.74994,0.00000,2.50000,-1.76325
943,16.7420,2.50000,1.04083,-1.77897,0.043916,0.75000,0.00000,2.50000,-1.80492
944,16.7340,2.50000,1.04083,-1.81928,0.040303,0.75012,0.00000,2.50000,-1.84297
945,16.4000,2.50000,1.04083,-1.85597,0.036693,0.74994,0.00000,2.50000,-1.87742
946,16.7910,2.50000,1.04083,-1.88905,0.033082,0.75000,0.00000,2.50000,-1.90825
947,21.9780,2.50000,1.04083,-1.91852,0.029470,0.75000,0.00000,2.50000,-1.93547
948,11.5170,2.50000,1.04083,-1.94438,0.025860,0.75000,0.00000,2.50000,-1.95908
949,16.6870,2.50000,1.04083,-1.96663,0.022248,0.75000,0.00000,2.50000,-1.97908
950,16.3890,2.50000,1.04083,-1.98307,0.016436,0.74994,0.00000,2.50000,-1.98964
951,16.8170,2.50000,1.04083,-1.99006,0.006991,0.75012,0.00000,2.50000,-1.99075
952,16.4190,2.50000,1.04083,-1.99023,0.000168,0.74994,0.00000,2.50000,-1.98936
953,17.0230,2.50000,1.04083,-1.98789,0.002332,0.75000,0.00000,2.50000,-1.98547
954,16.7250,2.50000,1.04083,-1.98306,0.004832,0.75000,0.00000,2.50000,-1.97908
955,16.6280,2.50000,1.04083,-1.97573,0.007332,0.75000,0.00000,2.50000,-1.97019
956,16.5420,2.50000,1.04083,-1.96590,0.009832,0.75000,0.00000,2.50000,-1.95880
957,16.6190,2.50000,1.04083,-1.95356,0.012333,0.74994,0.00000,2.50000,-1.94492
958,16.4790,2.50000,1.04083,-1.93873,0.014832,0.75000,0.00000,2.50000,-1.92853
959,16.8660,2.50000,1.04083,-1.92140,0.017332,0.75012,0.00000,2.50000,-1.90964
960,18.5460,2.50000,1.04083,-1.90157,0.019832,0.74994,0.00000,2.50000,-1.88825
961,14.9570,2.50000,1.04083,-1.87923,0.022332,0.75000,0.00000,2.50000,-1.86436
962,16.6960,2.50000,1.04083,-1.85440,0.024832,0.75000,0.00000,2.50000,-1.83797
963,16.7680,2.50000,1.04083,-1.82707,0.027332,0.75000,0.00000,2.50000,-1.80908
964,16.0970,2.50000,1.04083,-1.79724,0.029832,0.75000,0.00000,2.50000,-1.77769
965,17.0520,2.50000,1.04083,-1.76491,0.032332,0.74994,0.00000,2.50000,-1.74380
966,16.6420,2.50000,1.04083,-1.73007,0.034832,0.75012,0.00000,2.50000,-1.70742
967,16.6900,2.50000,1.04083,-1.69274,0.037332,0.74994,0.00000,2.50000,-1.66853
968,16.6560,2.50000,1.04083,-1.65291,0.039833,0.75000,0.00000,2.50000,-1.62714
969,16.6180,2.50000,1.04083,-1.61058,0.042332,0.75000,0.00000,2.50000,-1.58325
970,16.5010,2.50000,1.04083,-1.56574,0.044833,0.75000,0.00000,2.50000,-1.53686
971,16.9310,2.50000,1.04083,-1.51841,0.047332,0.75000,0.00000,2.50000,-1.48797
972,16.7910,2.50000,1.04083,-1.46858,0.049832,0.74994,0.00000,2.50000,-1.43658
973,21.3380,2.50000,1.04083,-1.41625,0.052332,0.75000,0.00000,2.50000,-1.38269
974,11.9170,2.50000,1.04083,-1.36142,0.054832,0.75012,0.00000,2.50000,-1.32630
975,16.6930,2.50000,1.04083,-1.30408,0.057333,0.74994,0.00000,2.50000,-1.26742
976,16.2690,2.50000,1.04083,-1.24425,0.059832,0.75000,0.00000,2.50000,-1.20603
977,17.0980,2.50000,1.04083,-1.18213,0.062123,0.75000,0.00000,2.50000,-1.14269
978,16.5590,2.50000,1.04083,-1.11879,0.063333,0.75000,0.00000,2.50000,-1.07936
979,16.7410,2.50000,1.04083,-1.05546,0.063333,0.75000,0.00000,2.50000,-1.01603
980,16.6360,2.50000,1.04083,-0.99213,0.063333,0.74994,0.00000,2.50000,-0.95269
981,16.8150,2.50000,1.04083,-0.92879,0.063333,0.75012,0.00000,2.50000,-0.88936
982,16.2440,2.50000,1.04083,-0.86546,0.063333,0.74994,0.00000,2.50000,-0.82603
983,17.0520,2.50000,1.04083,-0.80213,0.063334,0.75000,0.00000,2.50000,-0.76269
984,16.5470,2.50000,1.04083,-0.73879,0.063333,0.75000,0.00000,2.50000,-0.69936
985,16.8710,2.50000,1.04083,-0.67546,0.063333,0.75000,0.00000,2.50000,-0.63603
986,22.3760,2.50000,1.04083,-0.61213,0.063333,0.75000,0.00000,2.50000,-0.57269
987,11.0520,2.50000,1.04083,-0.54879,0.063333,0.74994,0.00000,2.50000,-0.50936
988,17.1020,2.50000,1.04083,-0.48546,0.063333,0.75000,0.00000,2.50000,-0.44603
989,16.0310,2.50000,1.04083,-0.42213,0.063333,0.75012,0.00000,2.50000,-0.38269
990,16.6710,2.50000,1.04083,-0.35879,0.063333,0.74994,0.00000,2.50000,-0.31936
991,16.6100,2.50000,1.04083,-0.29546,0.063333,0.75000,0.00000,2.50000,-0.25603
992,17.0760,2.50000,1.04083,-0.23213,0.063333,0.75000,0.00000,2.50000,-0.19269
993,16.3340,2.50000,1.04083,-0.16879,0.063333,0.75000,0.00000,2.50000,-0.12936
994,16.9010,2.50000,1.04083,-0.10546,0.063333,0.75000,0.00000,2.50000,-0.06603
995,16.5770,2.50000,1.04083,-0.04213,0.063333,0.74994,0.00000,2.50000,-0.00269
996,16.5800,2.50000,1.04083,0.02121,0.063333,0.75012,0.00000,2.50000,0.06064
997,16.5190,2.50000,1.04083,0.08454,0.063333,0.74994,0.00000,2.50000,0.12397
998,16.7480,2.50000,1.04083,0.14787,0.063333,0.75000,0.00000,2.50000,0.18731
999,18.2890,2.50000,1.04083,0.21121,0.063333,0.75000,0.00000,2.50000,0.25064
1000,15.1270,2.50000,1.04083,0.27454,0.063333,0.75000,0.00000,2.50000,0.31397
1001,16.5790,2.50000,1.04083,0.33787,0.063333,0.75000,0.00000,2.50000,0.37731
1002,16.8780,2.50000,1.04083,0.40121,0.063333,0.74994,0.00000,2.50000,0.44064
1003,16.7040,2.50000,1.04083,0.46454,0.063333,0.75000,0.00000,2.50000,0.50397
1004,16.4050,2.50000,1.04083,0.52787,0.063333,0.75012,0.00000,2.50000,0.56731
1005,16.7530,2.50000,1.04083,0.59121,0.063333,0.74994,0.00000,2.50000,0.63064
1006,16.5350,2.50000,1.04083,0.65454,0.063333,0.75000,0.00000,2.50000,0.69397
1007,17.1510,2.50000,1.04083,0.71787,0.063333,0.75000,0.00000,2.50000,0.75731
1008,16.6900,2.50000,1.04083,0.78121,0.063333,0.75000,0.00000,2.50000,0.82064
1009,16.4080,2.50000,1.04083,0.84454,0.063334,0.75000,0.00000,2.50000,0.88397
1010,16.5900,2.50000,1.04083,0.90787,0.063333,0.74994,0.00000,2.50000,0.94731
1011,16.7540,2.50000,1.04083,0.97121,0.063333,0.75012,0.00000,2.50000,1.01064
1012,21.9030,2.50000,1.04083,1.03454,0.063333,0.74994,0.00000,2.50000,1.07397
1013,11.2480,2.50000,1.04083,1.09787,0.063334,0.75000,0.00000,2.50000,1.13731
1014,16.8780,2.50000,1.04083,1.16121,0.063333,0.75000,0.00000,2.50000,1.20064
1015,16.5860,2.50000,1.04083,1.22454,0.063333,0.75000,0.00000,2.50000,1.26397
1016,16.9530,2.50000,1.04083,1.28787,0.063334,0.75000,0.00000,2.50000,1.32731
1017,16.5590,2.50000,1.04083,1.35121,0.063333,0.74994,0.00000,2.50000,1.39064
1018,16.5880,2.50000,1.04083,1.41454,0.063333,0.75000,0.00000,2.50000,1.45397
1019,16.5320,2.50000,1.04083,1.47787,0.063333,0.75012,0.00000,2.50000,1.51731
1020,16.7190,2.50000,1.04083,1.54121,0.063334,0.74994,0.00000,2.50000,1.58064
1021,16.8890,2.50000,1.04083,1.60454,0.063333,0.75000,0.00000,2.50000,1.64397
1022,16.4640,2.50000,1.04083,1.66787,0.063333,0.75000,0.00000,2.50000,1.70731
1023,16.7340,2.50000,1.04083,1.73121,0.063334,0.75000,0.00000,2.50000,1.77064
1024,16.6700,2.50000,1.04083,1.79454,0.063333,0.75000,0.00000,2.50000,1.83397
1025,21.5860,2.50000,1.04083,1.85787,0.063333,0.74994,0.00000,2.50000,1.89731
1026,11.7580,2.50000,1.04083,1.92121,0.063334,0.75012,0.00000,2.50000,1.96064
1027,16.6790,2.50000,1.04083,1.98454,0.063333,0.74994,0.00000,2.50000,2.02397
1028,16.5820,2.50000,1.04083,2.04787,0.063334,0.75000,0.00000,2.50000,2.08731
1029,16.6540,2.50000,1.04083,2.11120,0.063333,0.75000,0.00000,2.50000,2.15064
1030,16.5740,2.50000,1.04083,2.17454,0.063333,0.75000,0.00000,2.50000,2.21397
1031,16.7630,2.50000,1.04083,2.23787,0.063333,0.75000,0.00000,2.50000,2.27731
1032,16.7140,2.50000,1.04083,2.30120,0.063333,0.74994,0.00000,2.50000,2.34064
1033,16.6540,2.50000,1.04083,2.36454,0.063333,0.75000,0.00000,2.50000,2.40397
1034,16.7840,2.50000,1.04083,2.42787,0.063334,0.75012,0.00000,2.50000,2.46730
1035,16.6860,2.50000,1.04083,2.49120,0.063333,0.74994,0.00000,2.50000,2.53064
1036,16.4720,2.50000,1.04083,2.55454,0.063333,0.75000,0.00000,2.50000,2.59397
1037,16.8540,2.50000,1.04083,2.61787,0.063333,0.75000,0.00000,2.50000,2.65730
1038,18.2560,2.50000,1.04083,2.68120,0.063333,0.75000,0.00000,2.50000,2.72064
1039,14.7520,2.50000,1.04083,2.74317,0.061971,0.75000,0.00000,2.50000,2.78036
1040,17.1130,2.50000,1.04083,2.80153,0.058360,0.74994,0.00000,2.50000,2.83647
1041,16.3940,2.50000,1.04083,2.85628,0.054748,0.75012,0.00000,2.50000,2.88897
1042,16.4340,2.50000,1.04083,2.90742,0.051137,0.74994,0.00000,2.50000,2.93786
1043,17.0400,2.50000,1.04083,2.95495,0.047526,0.75000,0.00000,2.50000,2.98314
1044,16.6390,2.50000,1.04083,2.99886,0.043915,0.75000,0.00000,2.50000,3.02480
1045,16.4790,2.50000,1.04083,3.03917,0.040305,0.75000,0.00000,2.50000,3.06286
1046,17.4190,2.50000,1.04083,3.07586,0.036692,0.75000,0.00000,2.50000,3.09730
1047,16.2300,2.50000,1.04083,3.10894,0.033082,0.74994,0.00000,2.50000,3.12814
1048,16.7430,2.50000,1.04083,3.13841,0.029470,0.75000,0.00000,2.50000,3.15536
1049,16.7930,2.50000,1.04083,3.16427,0.025860,0.75012,0.00000,2.50000,3.17897
1050,16.4790,2.50000,1.04083,3.18652,0.022248,0.74994,0.00000,2.50000,3.19897
1051,21.1030,2.50000,1.04083,3.20295,0.016436,0.75000,0.00000,2.50000,3.20953
1052,12.1520,2.50000,1.04083,3.20995,0.006991,0.75000,0.00000,2.50000,3.21064
1053,16.5610,2.50000,1.04083,3.21011,0.000168,0.75000,0.00000,2.50000,3.20925
1054,16.6700,2.50000,1.04083,3.20778,0.002332,0.75000,0.00000,2.50000,3.20536
1055,16.8610,2.50000,1.04083,3.20295,0.004832,0.74994,0.00000,2.50000,3.19897
1056,16.6270,2.50000,1.04083,3.19562,0.007332,0.75012,0.00000,2.50000,3.19008
1057,16.4780,2.50000,1.04083,3.18579,0.009832,0.74994,0.00000,2.50000,3.17869
1058,17.0610,2.50000,1.04083,3.17345,0.012333,0.75000,0.00000,2.50000,3.16480
1059,16.4160,2.50000,1.04083,3.15862,0.014832,0.75000,0.00000,2.50000,3.14842
1060,16.6560,2.50000,1.04083,3.14129,0.017332,0.75000,0.00000,2.50000,3.12953
1061,16.6070,2.50000,1.04083,3.12146,0.019832,0.75000,0.00000,2.50000,3.10814
1062,16.7960,2.50000,1.04083,3.09912,0.022333,0.74994,0.00000,2.50000,3.08425
1063,16.3710,2.50000,1.04083,3.07429,0.024833,0.75000,0.00000,2.50000,3.05786
1064,20.5480,2.50000,1.04083,3.04696,0.027332,0.75012,0.00000,2.50000,3.02897
1065,13.2240,2.50000,1.04083,3.01713,0.029832,0.74994,0.00000,2.50000,2.99758
1066,16.5760,2.50000,1.04083,2.98479,0.032332,0.75000,0.00000,2.50000,2.96369
1067,16.6680,2.50000,1.04083,2.94996,0.034832,0.75000,0.00000,2.50000,2.92730
1068,16.9530,2.50000,1.04083,2.91263,0.037333,0.75000,0.00000,2.50000,2.88842
1069,16.2250,2.50000,1.04083,2.87280,0.039832,0.75000,0.00000,2.50000,2.84703
1070,16.8340,2.50000,1.04083,2.83046,0.042333,0.74994,0.00000,2.50000,2.80314
1071,16.6250,2.50000,1.04083,2.78563,0.044832,0.75012,0.00000,2.50000,2.75675
1072,16.7820,2.50000,1.04083,2.73830,0.047332,0.74994,0.00000,2.50000,2.70786
1073,16.4850,2.50000,1.04083,2.68847,0.049832,0.75000,0.00000,2.50000,2.65647
1074,16.7470,2.50000,1.04083,2.63614,0.052331,0.75000,0.00000,2.50000,2.60258
1075,16.7860,2.50000,1.04083,2.58130,0.054832,0.75000,0.00000,2.50000,2.54619
1076,16.6960,2.50000,1.04083,2.52397,0.057332,0.75000,0.00000,2.50000,2.48730
1077,21.8620,2.50000,1.04083,2.46414,0.059833,0.74994,0.00000,2.50000,2.42592
1078,527.7020,2.50000,1.04083,1.98258,0.481556,0.75000,0.00000,2.50000,1.91925
1079,3.0940,2.50000,1.04083,1.89268,0.089903,5.71704,0.00000,2.50000,1.85592
1080,14.1120,2.50000,1.04083,1.82935,0.063330,1.06464,0.00000,2.50000,1.79258
1081,16.8730,2.50000,1.04083,1.76602,0.063331,0.75000,0.00000,2.50000,1.72925
1082,20.7100,2.50000,1.04083,1.70268,0.063333,0.75000,0.00000,2.50000,1.66592
1083,12.8700,2.50000,1.04083,1.63935,0.063334,0.74994,0.00000,2.50000,1.60258
1084,16.9680,2.50000,1.04083,1.57602,0.063333,0.75000,0.00000,2.50000,1.53925
1085,16.4500,2.50000,1.04083,1.51268,0.063334,0.75000,0.00000,2.50000,1.47592
1086,16.4590,2.50000,1.04083,1.44935,0.063333,0.75000,0.00000,2.50000,1.41258
1087,17.1540,2.50000,1.04083,1.38602,0.063334,0.75000,0.00000,2.50000,1.34925
1088,15.9790,2.50000,1.04083,1.32269,0.063333,0.74994,0.00000,2.50000,1.28592
1089,16.7580,2.50000,1.04083,1.25935,0.063334,0.75012,0.00000,2.50000,1.22258
1090,16.6320,2.50000,1.04083,1.19602,0.063333,0.74994,0.00000,2.50000,1.15925
1091,16.9390,2.50000,1.04083,1.13268,0.063334,0.75000,0.00000,2.50000,1.09592
1092,16.5210,2.50000,1.04083,1.06935,0.063333,0.75000,0.00000,2.50000,1.03258
1093,16.5020,2.50000,1.04083,1.00602,0.063334,0.75000,0.00000,2.50000,0.96925
1094,16.6120,2.50000,1.04083,0.94269,0.063333,0.75000,0.00000,2.50000,0.90592
1095,18.3480,2.50000,1.04083,0.87935,0.063333,0.75000,0.00000,2.50000,0.84258
1096,15.1460,2.50000,1.04083,0.81602,0.063333,0.74994,0.00000,2.50000,0.77925
1097,17.0450,2.50000,1.04083,0.75269,0.063333,0.75012,0.00000,2.50000,0.71592
1098,16.9390,2.50000,1.04083,0.68935,0.063333,0.74994,0.00000,2.50000,0.65258
1099,16.3350,2.50000,1.04083,0.62602,0.063333,0.75000,0.00000,2.50000,0.58925
1100,16.3870,2.50000,1.04083,0.56269,0.063333,0.75000,0.00000,2.50000,0.52592
1101,16.4660,2.50000,1.04083,0.49935,0.063333,0.75000,0.00000,2.50000,0.46258
1102,16.7170,2.50000,1.04083,0.43602,0.063333,0.75000,0.00000,2.50000,0.39925
1103,16.7080,2.50000,1.04083,0.37269,0.063333,0.74994,0.00000,2.50000,0.33592
1104,16.5390,2.50000,1.04083,0.30935,0.063333,0.75012,0.00000,2.50000,0.27258
1105,17.0210,2.50000,1.04083,0.24602,0.063333,0.74994,0.00000,2.50000,0.20925
1106,16.4280,2.50000,1.04083,0.18269,0.063333,0.75000,0.00000,2.50000,0.14592
1107,16.8030,2.50000,1.04083,0.11935,0.063333,0.75000,0.00000,2.50000,0.08258
1108,21.2660,2.50000,1.04083,0.05602,0.063333,0.75000,0.00000,2.50000,0.01925
1109,12.0630,2.50000,1.04083,-0.00731,0.063333,0.75000,0.00000,2.50000,-0.04408
1110,16.6520,2.50000,1.04083,-0.07065,0.063333,0.75000,0.00000,2.50000,-0.10742
1111,16.9570,2.50000,1.04083,-0.13398,0.063333,0.74994,0.00000,2.50000,-0.17075
1112,16.3490,2.50000,1.04083,-0.19731,0.063333,0.75012,0.00000,2.50000,-0.23408
1113,16.5860,2.50000,1.04083,-0.26065,0.063333,0.74994,0.00000,2.50000,-0.29742
1114,16.7290,2.50000,1.04083,-0.32398,0.063333,0.75000,0.00000,2.50000,-0.36075
1115,16.7980,2.50000,1.04083,-0.38731,0.063333,0.75000,0.00000,2.50000,-0.42408
1116,16.7150,2.50000,1.04083,-0.45065,0.063333,0.75000,0.00000,2.50000,-0.48742
1117,16.5350,2.50000,1.04083,-0.51398,0.063333,0.75000,0.00000,2.50000,-0.55075
1118,16.6210,2.50000,1.04083,-0.57731,0.063333,0.74994,0.00000,2.50000,-0.61408
1119,16.8980,2.50000,1.04083,-0.64065,0.063333,0.75012,0.00000,2.50000,-0.67742
1120,16.2680,2.50000,1.04083,-0.70398,0.063333,0.74994,0.00000,2.50000,-0.74075
1121,21.7490,2.50000,1.04083,-0.76731,0.063333,0.75000,0.00000,2.50000,-0.80408
1122,11.7840,2.50000,1.04083,-0.83065,0.063333,0.75000,0.00000,2.50000,-0.86742
1123,16.7430,2.50000,1.04083,-0.89398,0.063333,0.75000,0.00000,2.50000,-0.93075
1124,16.6970,2.50000,1.04083,-0.95731,0.063333,0.75000,0.00000,2.50000,-0.99408
1125,16.8460,2.50000,1.04083,-1.02065,0.063333,0.75000,0.00000,2.50000,-1.05742
1126,16.9690,2.50000,1.04083,-1.08398,0.063333,0.74994,0.00000,2.50000,-1.12075
1127,16.3340,2.50000,1.04083,-1.14731,0.063333,0.75018,0.00000,2.50000,-1.18408
1128,16.6730,2.50000,1.04083,-1.21065,0.063333,0.74988,0.00000,2.50000,-1.24742
1129,16.6470,2.50000,1.04083,-1.27398,0.063333,0.75000,0.00000,2.50000,-1.31075
1130,17.1640,2.50000,1.04083,-1.33731,0.063333,0.75000,0.00000,2.50000,-1.37408
1131,16.4850,2.50000,1.04083,-1.40065,0.063333,0.75006,0.00000,2.50000,-1.43742
1132,16.9880,2.50000,1.04083,-1.46398,0.063333,0.75000,0.00000,2.50000,-1.50075
1133,16.3530,2.50000,1.04083,-1.52580,0.061819,0.74988,0.00000,2.50000,-1.56047
1134,21.0150,2.50000,1.04083,-1.58401,0.058208,0.75012,0.00000,2.50000,-1.61658
1135,12.0140,2.50000,1.04083,-1.63860,0.054596,0.74988,0.00000,2.50000,-1.66908
1136,17.3000,2.50000,1.04083,-1.68959,0.050985,0.75006,0.00000,2.50000,-1.71797
1137,16.3930,2.50000,1.04083,-1.73696,0.047374,0.75000,0.00000,2.50000,-1.76325
1138,16.6960,2.50000,1.04083,-1.78073,0.043764,0.75000,0.00000,2.50000,-1.80492
1139,16.2370,2.50000,1.04083,-1.82088,0.040151,0.75000,0.00000,2.50000,-1.84297
1140,17.0700,2.50000,1.04083,-1.85742,0.036541,0.75000,0.00000,2.50000,-1.87742
1141,16.5780,2.50000,1.04083,-1.89035,0.032930,0.74994,0.00000,2.50000,-1.90825
1142,16.3570,2.50000,1.04083,-1.91967,0.029319,0.75012,0.00000,2.50000,-1.93547
1143,16.6990,2.50000,1.04083,-1.94538,0.025707,0.75000,0.00000,2.50000,-1.95908
1144,16.7320,2.50000,1.04083,-1.96755,0.022180,0.75000,0.00000,2.50000,-1.97908
1145,16.7130,2.50000,1.04083,-1.98355,0.015999,0.75305,0.00000,2.50000,-1.98964
1146,18.9760,2.50000,1.04083,-1.99012,0.006561,0.74988,0.00000,2.50000,-1.99075
1147,14.8600,2.50000,1.04083,-1.99014,0.000025,0.75421,0.00000,2.50000,-1.98936
1148,16.5320,2.50000,1.04083,-1.98764,0.002496,0.75745,0.00000,2.50000,-1.98547
1149,16.4860,2.50000,1.04083,-1.98265,0.004993,0.75183,0.00000,2.50000,-1.97908
1150,16.8580,2.50000,1.04083,-1.97514,0.007509,0.75000,0.00000,2.50000,-1.97019
1151,16.6850,2.50000,1.04083,-1.96514,0.010000,0.75146,0.00000,2.50000,-1.95881
1152,16.8160,2.50000,1.04083,-1.95262,0.012527,0.75018,0.00000,2.50000,-1.94492
1153,16.6550,2.50000,1.04083,-1.93757,0.015041,0.75159,0.00000,2.50000,-1.92853
1154,16.5200,2.50000,1.04083,-1.92003,0.017546,0.75165,0.00000,2.50000,-1.90964
1155,16.6040,2.50000,1.04083,-1.89999,0.020033,0.75153,0.00000,2.50000,-1.88825
1156,16.5690,2.50000,1.04083,-1.87748,0.022516,0.75067,0.00000,2.50000,-1.86436
1157,17.2150,2.50000,1.04083,-1.85223,0.025250,0.75000,0.00000,2.50000,-1.83797
1158,18.3390,2.50000,1.04083,-1.82469,0.027538,0.75665,0.00000,2.50000,-1.80908
1159,15.3100,2.50000,1.04083,-1.79448,0.030215,0.75006,0.00000,2.50000,-1.77769
1160,16.3320,2.50000,1.04083,-1.76192,0.032552,0.75415,0.00000,2.50000,-1.74380
1161,16.6010,2.50000,1.04083,-1.72687,0.035053,0.75000,0.00000,2.50000,-1.70742
1162,16.5380,2.50000,1.04083,-1.68932,0.037553,0.75000,0.00000,2.50000,-1.66853
1163,16.7010,2.50000,1.04083,-1.64927,0.040052,0.74988,0.00000,2.50000,-1.62714
1164,16.8220,2.50000,1.04083,-1.60671,0.042552,0.75012,0.00000,2.50000,-1.58325
1165,16.5800,2.50000,1.04083,-1.56166,0.045052,0.75000,0.00000,2.50000,-1.53686
1166,16.5190,2.50000,1.04083,-1.51411,0.047552,0.75006,0.00000,2.50000,-1.48797
1167,16.8670,2.50000,1.04083,-1.46398,0.050134,0.75000,0.00000,2.50000,-1.43658
1168,16.5260,2.50000,1.04083,-1.41142,0.052556,0.75110,0.00000,2.50000,-1.38269
1169,16.9800,2.50000,1.04083,-1.35621,0.055207,0.75000,0.00000,2.50000,-1.32630
1170,18.3810,2.50000,1.04083,-1.29865,0.057563,0.75208,0.00000,2.50000,-1.26742
1171,15.0590,2.50000,1.04083,-1.23847,0.060176,0.75000,0.00000,2.50000,-1.20603
1172,16.1590,2.50000,1.04083,-1.17617,0.062305,0.75134,0.00000,2.50000,-1.14269
1173,16.8680,2.50000,1.04083,-1.11283,0.063334,0.75000,0.00000,2.50000,-1.07936
1174,16.7780,2.50000,1.04083,-1.04950,0.063333,0.75000,0.00000,2.50000,-1.01603
1175,16.5820,2.50000,1.04083,-0.98617,0.063334,0.75000,0.00000,2.50000,-0.95269
1176,16.9480,2.50000,1.04083,-0.92283,0.063333,0.75006,0.00000,2.50000,-0.88936
1177,16.4570,2.50000,1.04083,-0.85950,0.063334,0.75000,0.00000,2.50000,-0.82603
1178,17.1760,2.50000,1.04083,-0.79608,0.063426,0.75000,0.00000,2.50000,-0.76269
1179,16.2690,2.50000,1.04083,-0.73274,0.063333,0.75098,0.00000,2.50000,-0.69936
1180,16.4200,2.50000,1.04083,-0.66941,0.063333,0.75000,0.00000,2.50000,-0.63603
1181,16.8770,2.50000,1.04083,-0.60608,0.063334,0.75000,0.00000,2.50000,-0.57269
1182,18.4890,2.50000,1.04083,-0.54274,0.063333,0.75006,0.00000,2.50000,-0.50936
1183,14.8410,2.50000,1.04083,-0.47933,0.063408,0.75000,0.00000,2.50000,-0.44603
1184,16.5930,2.50000,1.04083,-0.41600,0.063333,0.75085,0.00000,2.50000,-0.38269
1185,16.9020,2.50000,1.04083,-0.35243,0.063571,0.75000,0.00000,2.50000,-0.31936
1186,16.1440,2.50000,1.04083,-0.28910,0.063333,0.75287,0.00000,2.50000,-0.25603
1187,16.7950,2.50000,1.04083,-0.22576,0.063333,0.75000,0.00000,2.50000,-0.19269
1188,17.1450,2.50000,1.04083,-0.16243,0.063333,0.75000,0.00000,2.50000,-0.12936
1189,16.7880,2.50000,1.04083,-0.09910,0.063333,0.74994,0.00000,2.50000,-0.06603
1190,16.5120,2.50000,1.04083,-0.03576,0.063333,0.75000,0.00000,2.50000,-0.00269
1191,16.5350,2.50000,1.04083,0.02757,0.063333,0.75012,0.00000,2.50000,0.06064
1192,16.4650,2.50000,1.04083,0.09090,0.063333,0.74988,0.00000,2.50000,0.12397
1193,16.7920,2.50000,1.04083,0.15428,0.063374,0.75000,0.00000,2.50000,0.18731
1194,18.6520,2.50000,1.04083,0.21775,0.063475,0.75061,0.00000,2.50000,0.25064
1195,14.8690,2.50000,1.04083,0.28110,0.063350,0.75165,0.00000,2.50000,0.31397
1196,16.9580,2.50000,1.04083,0.34467,0.063570,0.75018,0.00000,2.50000,0.37731
1197,16.5290,2.50000,1.04083,0.40801,0.063333,0.75275,0.00000,2.50000,0.44064
1198,16.2320,2.50000,1.04083,0.47134,0.063333,0.75000,0.00000,2.50000,0.50397
1199,17.0780,2.50000,1.04083,0.53467,0.063333,0.75006,0.00000,2.50000,0.56731
1200,16.5920,2.50000,1.04083,0.59801,0.063333,0.75000,0.00000,2.50000,0.63064
1201,16.6750,2.50000,1.04083,0.66134,0.063334,0.75000,0.00000,2.50000,0.69397
1202,16.5300,2.50000,1.04083,0.72467,0.063333,0.74988,0.00000,2.50000,0.75731
1203,16.7190,2.50000,1.04083,0.78801,0.063333,0.75000,0.00000,2.50000,0.82064
1204,53.7050,2.50000,1.04083,0.85134,0.063333,0.75000,0.00000,2.50000,0.88397
1205,6.6620,2.50000,1.04083,0.94731,0.095966,0.75012,0.00000,2.50000,1.01064
1206,9.3610,2.50000,1.04083,1.01592,0.068611,1.13647,0.00000,2.50000,1.07397
1207,4.0230,2.50000,1.04083,1.08453,0.068611,0.81238,0.00000,2.50000,1.13731
1208,9.5630,2.50000,1.04083,1.15314,0.068611,0.81256,0.00000,2.50000,1.20064
1209,17.0900,2.50000,1.04083,1.22175,0.068611,0.81250,0.00000,2.50000,1.26397
1210,17.2520,2.50000,1.04083,1.29036,0.068611,0.81238,0.00000,2.50000,1.32731
1211,16.1200,2.50000,1.04083,1.35785,0.067486,0.81268,0.00000,2.50000,1.39064
1212,16.5350,2.50000,1.04083,1.42118,0.063334,0.79913,0.00000,2.50000,1.45397
1213,16.2960,2.50000,1.04083,1.48451,0.063333,0.75006,0.00000,2.50000,1.51731
1214,16.6080,2.50000,1.04083,1.54785,0.063334,0.75000,0.00000,2.50000,1.58064
1215,16.7570,2.50000,1.04083,1.61118,0.063333,0.74988,0.00000,2.50000,1.64397
1216,16.7860,2.50000,1.04083,1.67451,0.063333,0.75000,0.00000,2.50000,1.70731
1217,16.5700,2.50000,1.04083,1.73785,0.063334,0.75000,0.00000,2.50000,1.77064
1218,18.4550,2.50000,1.04083,1.80118,0.063333,0.75006,0.00000,2.50000,1.83397
1219,15.4180,2.50000,1.04083,1.86451,0.063333,0.75000,0.00000,2.50000,1.89731
1220,16.4330,2.50000,1.04083,1.92785,0.063334,0.75000,0.00000,2.50000,1.96064
1221,16.4420,2.50000,1.04083,1.99118,0.063333,0.75000,0.00000,2.50000,2.02397
1222,16.5400,2.50000,1.04083,2.05451,0.063334,0.74988,0.00000,2.50000,2.08731
1223,16.6930,2.50000,1.04083,2.11785,0.063333,0.75006,0.00000,2.50000,2.15064
1224,16.7100,2.50000,1.04083,2.18118,0.063333,0.75000,0.00000,2.50000,2.21397
1225,16.6730,2.50000,1.04083,2.24451,0.063333,0.75012,0.00000,2.50000,2.27730
1226,16.6770,2.50000,1.04083,2.30785,0.063333,0.75000,0.00000,2.50000,2.34064
1227,532.3430,2.50000,1.04083,2.83647,0.528624,0.75000,0.00000,2.50000,2.83647
1228,5.9310,2.50000,1.04083,2.91246,0.075985,6.38824,0.00000,2.50000,2.93786
1229,12.6650,2.50000,1.04083,2.95961,0.047153,1.11029,0.00000,2.50000,2.98314
1230,16.4560,2.50000,1.04083,3.00315,0.043542,0.75006,0.00000,2.50000,3.02480
1231,16.6820,2.50000,1.04083,3.05260,0.049445,0.75000,0.00000,2.50000,3.06286
1232,16.4350,2.50000,1.04083,3.09490,0.042307,0.93744,0.00000,2.50000,3.09730
1233,17.2620,2.50000,1.04083,3.12753,0.032623,0.89990,0.00000,2.50000,3.12814
1234,15.8660,2.50000,1.04083,3.15482,0.027293,0.78741,0.00000,2.50000,3.15536
1235,16.7850,2.50000,1.04083,3.17850,0.023682,0.75000,0.00000,2.50000,3.17897
1236,16.4880,2.50000,1.04083,3.19857,0.020070,0.75000,0.00000,2.50000,3.19897
1237,16.7280,2.50000,1.04083,3.20932,0.010743,0.74988,0.00000,2.50000,3.20953
1238,16.4300,2.50000,1.04083,3.21062,0.001300,0.75006,0.00000,2.50000,3.21064
1239,18.5870,2.50000,1.04083,3.20928,0.001339,0.75000,0.00000,2.50000,3.20925
1240,15.1180,2.50000,1.04083,3.20544,0.003839,0.75000,0.00000,2.50000,3.20536
1241,16.5130,2.50000,1.04083,3.19910,0.006339,0.74988,0.00000,2.50000,3.19897
1242,16.9270,2.50000,1.04083,3.19026,0.008838,0.74994,0.00000,2.50000,3.19008
1243,16.8030,2.50000,1.04083,3.17892,0.011338,0.75000,0.00000,2.50000,3.17869
1244,16.1080,2.50000,1.04083,3.16509,0.013838,0.75000,0.00000,2.50000,3.16480
1245,17.0460,2.50000,1.04083,3.14875,0.016338,0.75000,0.00000,2.50000,3.14842
1246,16.3980,2.50000,1.04083,3.12991,0.018837,0.74988,0.00000,2.50000,3.12953
1247,17.2130,2.50000,1.04083,3.10857,0.021337,0.75006,0.00000,2.50000,3.10814
1248,16.4200,2.50000,1.04083,3.08474,0.023837,0.75000,0.00000,2.50000,3.08425
1249,16.7290,2.50000,1.04083,3.05840,0.026337,0.74988,0.00000,2.50000,3.05786
1250,16.8150,2.50000,1.04083,3.02956,0.028836,0.75000,0.00000,2.50000,3.02897
1251,16.4690,2.50000,1.04083,2.99823,0.031337,0.74994,0.00000,2.50000,2.99758
1252,21.5330,2.50000,1.04083,2.96439,0.033836,0.75000,0.00000,2.50000,2.96369
1253,11.8440,2.50000,1.04083,2.92805,0.036336,0.74988,0.00000,2.50000,2.92730
1254,16.8010,2.50000,1.04083,2.88922,0.038836,0.75000,0.00000,2.50000,2.88842
1255,16.4520,2.50000,1.04083,2.84788,0.041336,0.75006,0.00000,2.50000,2.84703
1256,16.6070,2.50000,1.04083,2.80405,0.043835,0.74988,0.00000,2.50000,2.80314
1257,16.8690,2.50000,1.04083,2.75771,0.046335,0.75000,0.00000,2.50000,2.75675
1258,536.7640,2.50000,1.04083,2.36258,0.395129,0.75000,0.00000,2.50000,2.29925
1259,3.1990,2.50000,1.04083,2.26898,0.093605,5.26556,0.00000,2.50000,2.23592
1260,10.0840,2.50000,1.04083,2.20565,0.063330,1.10852,0.00000,2.50000,2.17258
1261,16.7440,2.50000,1.04083,2.14232,0.063332,0.75000,0.00000,2.50000,2.10925
1262,16.9550,2.50000,1.04083,2.07898,0.063333,0.74988,0.00000,2.50000,2.04592
1263,16.7600,2.50000,1.04083,2.01565,0.063333,0.75000,0.00000,2.50000,1.98258
1264,17.3780,2.50000,1.04083,1.95232,0.063333,0.75000,0.00000,2.50000,1.91925
1265,16.5610,2.50000,1.04083,1.88898,0.063333,0.75000,0.00000,2.50000,1.85592
1266,16.4380,2.50000,1.04083,1.82565,0.063333,0.75000,0.00000,2.50000,1.79258
1267,16.5280,2.50000,1.04083,1.76232,0.063334,0.75000,0.00000,2.50000,1.72925
1268,16.6810,2.50000,1.04083,1.69881,0.063502,0.75000,0.00000,2.50000,1.66592
1269,16.7890,2.50000,1.04083,1.63548,0.063333,0.75208,0.00000,2.50000,1.60258
1270,18.7000,2.50000,1.04083,1.57201,0.063476,0.75000,0.00000,2.50000,1.53925
1271,14.8110,2.50000,1.04083,1.50867,0.063334,0.75171,0.00000,2.50000,1.47592
1272,16.4500,2.50000,1.04083,1.44534,0.063333,0.74988,0.00000,2.50000,1.41258
1273,16.6800,2.50000,1.04083,1.38186,0.063477,0.75000,0.00000,2.50000,1.34925
1274,16.7180,2.50000,1.04083,1.31853,0.063333,0.75171,0.00000,2.50000,1.28592
1275,16.6040,2.50000,1.04083,1.25519,0.063334,0.75000,0.00000,2.50000,1.22258
1276,16.8440,2.50000,1.04083,1.19186,0.063333,0.75000,0.00000,2.50000,1.15925
1277,16.4390,2.50000,1.04083,1.12853,0.063333,0.75000,0.00000,2.50000,1.09592
1278,16.4720,2.50000,1.04083,1.06519,0.063333,0.75000,0.00000,2.50000,1.03258
1279,16.8950,2.50000,1.04083,1.00186,0.063334,0.75012,0.00000,2.50000,0.96925
1280,16.7830,2.50000,1.04083,0.93853,0.063333,0.74988,0.00000,2.50000,0.90592
1281,16.5000,2.50000,1.04083,0.87519,0.063333,0.75000,0.00000,2.50000,0.84258
1282,18.2700,2.50000,1.04083,0.81186,0.063333,0.75000,0.00000,2.50000,0.77925
1283,15.1810,2.50000,1.04083,0.74853,0.063333,0.75000,0.00000,2.50000,0.71592
1284,16.2100,2.50000,1.04083,0.68519,0.063333,0.75000,0.00000,2.50000,0.65258
1285,16.9470,2.50000,1.04083,0.62186,0.063333,0.75000,0.00000,2.50000,0.58925
1286,16.3430,2.50000,1.04083,0.55853,0.063333,0.75012,0.00000,2.50000,0.52592
1287,16.8870,2.50000,1.04083,0.49519,0.063333,0.75000,0.00000,2.50000,0.46258
1288,16.8030,2.50000,1.04083,0.43186,0.063333,0.74988,0.00000,2.50000,0.39925
1289,537.3380,2.50000,1.04083,-0.04408,0.475945,0.75000,0.00000,2.50000,-0.10742
1290,5.4890,2.50000,1.04083,-0.17075,0.126667,5.63623,0.00000,2.50000,-0.23408
1291,4.0150,2.50000,1.04083,-0.20009,0.029339,1.50000,0.00000,2.50000,-0.23408
1292,19.3520,2.50000,1.04083,-0.26337,0.063278,0.34741,0.00000,2.50000,-0.29742
1293,16.4210,2.50000,1.04083,-0.32670,0.063333,0.74939,0.00000,2.50000,-0.36075
1294,17.5500,2.50000,1.04083,-0.39003,0.063333,0.75000,0.00000,2.50000,-0.42408
1295,16.6910,2.50000,1.04083,-0.45337,0.063333,0.75000,0.00000,2.50000,-0.48742
1296,16.3260,2.50000,1.04083,-0.51670,0.063333,0.75000,0.00000,2.50000,-0.55075
1297,16.7370,2.50000,1.04083,-0.58003,0.063333,0.74988,0.00000,2.50000,-0.61408
1298,16.4670,2.50000,1.04083,-0.64337,0.063333,0.75012,0.00000,2.50000,-0.67742
1299,16.8220,2.50000,1.04083,-0.70670,0.063333,0.75000,0.00000,2.50000,-0.74075
1300,16.8170,2.50000,1.04083,-0.77003,0.063333,0.75000,0.00000,2.50000,-0.80408
1301,18.4710,2.50000,1.04083,-0.83337,0.063333,0.75000,0.00000,2.50000,-0.86742
1302,15.0760,2.50000,1.04083,-0.89670,0.063333,0.75000,0.00000,2.50000,-0.93075
1303,16.3780,2.50000,1.04083,-0.96003,0.063333,0.75000,0.00000,2.50000,-0.99408
1304,16.9720,2.50000,1.04083,-1.02337,0.063334,0.74988,0.00000,2.50000,-1.05742
1305,16.4750,2.50000,1.04083,-1.08670,0.063333,0.75000,0.00000,2.50000,-1.12075
1306,16.5410,2.50000,1.04083,-1.15003,0.063333,0.75012,0.00000,2.50000,-1.18408
1307,16.7360,2.50000,1.04083,-1.21337,0.063333,0.75000,0.00000,2.50000,-1.24742
1308,16.6850,2.50000,1.04083,-1.27670,0.063334,0.75000,0.00000,2.50000,-1.31075
1309,16.9230,2.50000,1.04083,-1.34003,0.063333,0.75000,0.00000,2.50000,-1.37408
1310,16.3180,2.50000,1.04083,-1.40337,0.063333,0.75000,0.00000,2.50000,-1.43742
1311,16.6520,2.50000,1.04083,-1.46670,0.063333,0.75000,0.00000,2.50000,-1.50075
1312,16.8330,2.50000,1.04083,-1.52836,0.061664,0.74988,0.00000,2.50000,-1.56047
1313,16.6610,2.50000,1.04083,-1.58642,0.058053,0.75012,0.00000,2.50000,-1.61658
1314,21.4580,2.50000,1.04083,-1.64086,0.054441,0.75000,0.00000,2.50000,-1.66908
1315,11.7960,2.50000,1.04083,-1.69169,0.050831,0.75000,0.00000,2.50000,-1.71797
1316,16.9000,2.50000,1.04083,-1.73891,0.047219,0.75000,0.00000,2.50000,-1.76325
1317,16.5090,2.50000,1.04083,-1.78251,0.043608,0.75000,0.00000,2.50000,-1.80492
1318,16.5170,2.50000,1.04083,-1.82251,0.039998,0.75000,0.00000,2.50000,-1.84297
1319,16.8630,2.50000,1.04083,-1.85890,0.036386,0.74988,0.00000,2.50000,-1.87742
1320,16.8240,2.50000,1.04083,-1.89167,0.032775,0.75000,0.00000,2.50000,-1.90825
1321,16.5080,2.50000,1.04083,-1.92084,0.029164,0.75012,0.00000,2.50000,-1.93547
1322,16.5140,2.50000,1.04083,-1.94639,0.025553,0.75000,0.00000,2.50000,-1.95908
1323,16.9670,2.50000,1.04083,-1.96833,0.021941,0.75000,0.00000,2.50000,-1.97908
1324,16.4080,2.50000,1.04083,-1.98396,0.015633,0.75000,0.00000,2.50000,-1.98964
1325,16.7980,2.50000,1.04083,-1.99015,0.006189,0.75000,0.00000,2.50000,-1.99075
1326,16.5150,2.50000,1.04083,-1.99011,0.000045,0.75000,0.00000,2.50000,-1.98936
1327,18.4600,2.50000,1.04083,-1.98756,0.002545,0.74988,0.00000,2.50000,-1.98547
1328,14.9890,2.50000,1.04083,-1.98252,0.005045,0.75012,0.00000,2.50000,-1.97908
1329,16.5850,2.50000,1.04083,-1.97497,0.007545,0.75000,0.00000,2.50000,-1.97019
1330,16.7490,2.50000,1.04083,-1.96493,0.010045,0.75000,0.00000,2.50000,-1.95881
1331,16.7990,2.50000,1.04083,-1.95238,0.012545,0.75000,0.00000,2.50000,-1.94492
1332,16.1760,2.50000,1.04083,-1.93734,0.015045,0.75000,0.00000,2.50000,-1.92853
1333,17.1570,2.50000,1.04083,-1.91979,0.017545,0.75000,0.00000,2.50000,-1.90964
1334,16.4910,2.50000,1.04083,-1.89975,0.020045,0.74988,0.00000,2.50000,-1.88825
1335,16.9550,2.50000,1.04083,-1.87720,0.022545,0.75000,0.00000,2.50000,-1.86436
1336,16.1810,2.50000,1.04083,-1.85216,0.025045,0.75012,0.00000,2.50000,-1.83797
1337,17.1900,2.50000,1.04083,-1.82462,0.027544,0.75000,0.00000,2.50000,-1.80908
1338,16.4560,2.50000,1.04083,-1.79457,0.030045,0.75000,0.00000,2.50000,-1.77769
1339,16.8450,2.50000,1.04083,-1.76203,0.032545,0.75000,0.00000,2.50000,-1.74381
1340,21.6130,2.50000,1.04083,-1.72698,0.035045,0.75000,0.00000,2.50000,-1.70742
1341,11.5440,2.50000,1.04083,-1.68944,0.037545,0.75000,0.00000,2.50000,-1.66853
1342,16.5700,2.50000,1.04083,-1.64939,0.040045,0.74988,0.00000,2.50000,-1.62714
1343,16.8500,2.50000,1.04083,-1.60685,0.042544,0.75012,0.00000,2.50000,-1.58325
1344,16.7860,2.50000,1.04083,-1.56180,0.045045,0.75000,0.00000,2.50000,-1.53686
1345,16.6730,2.50000,1.04083,-1.51426,0.047545,0.75000,0.00000,2.50000,-1.48797
1346,16.6010,2.50000,1.04083,-1.46421,0.050045,0.75000,0.00000,2.50000,-1.43658
1347,16.5750,2.50000,1.04083,-1.41167,0.052545,0.75000,0.00000,2.50000,-1.38269
1348,16.4190,2.50000,1.04083,-1.35662,0.055045,0.75000,0.00000,2.50000,-1.32631
1349,17.1150,2.50000,1.04083,-1.29908,0.057544,0.74988,0.00000,2.50000,-1.26742
1350,16.6080,2.50000,1.04083,-1.23903,0.060046,0.75000,0.00000,2.50000,-1.20603
1351,16.7380,2.50000,1.04083,-1.17674,0.062288,0.75012,0.00000,2.50000,-1.14269
1352,16.5650,2.50000,1.04083,-1.11341,0.063333,0.75000,0.00000,2.50000,-1.07936
1353,21.1410,2.50000,1.04083,-1.05008,0.063333,0.75000,0.00000,2.50000,-1.01603
1354,11.9280,2.50000,1.04083,-0.98674,0.063333,0.75000,0.00000,2.50000,-0.95269
1355,16.9160,2.50000,1.04083,-0.92341,0.063333,0.75000,0.00000,2.50000,-0.88936
1356,16.3080,2.50000,1.04083,-0.86008,0.063333,0.75000,0.00000,2.50000,-0.82603
1357,16.8530,2.50000,1.04083,-0.79674,0.063333,0.74988,0.00000,2.50000,-0.76269
1358,16.8870,2.50000,1.04083,-0.73341,0.063333,0.75012,0.00000,2.50000,-0.69936
1359,16.5850,2.50000,1.04083,-0.67008,0.063333,0.75000,0.00000,2.50000,-0.63603
1360,16.3450,2.50000,1.04083,-0.60674,0.063333,0.75000,0.00000,2.50000,-0.57269
1361,16.4010,2.50000,1.04083,-0.54341,0.063333,0.75000,0.00000,2.50000,-0.50936
1362,16.7140,2.50000,1.04083,-0.48008,0.063334,0.75000,0.00000,2.50000,-0.44603
1363,16.5300,2.50000,1.04083,-0.41674,0.063333,0.75000,0.00000,2.50000,-0.38269
1364,16.8290,2.50000,1.04083,-0.35341,0.063333,0.74988,0.00000,2.50000,-0.31936
1365,16.9000,2.50000,1.04083,-0.29008,0.063333,0.75000,0.00000,2.50000,-0.25603
1366,20.8950,2.50000,1.04083,-0.22674,0.063333,0.75012,0.00000,2.50000,-0.19269
1367,12.5050,2.50000,1.04083,-0.16341,0.063333,0.75000,0.00000,2.50000,-0.12936
1368,16.4680,2.50000,1.04083,-0.10008,0.063333,0.75000,0.00000,2.50000,-0.06603
1369,16.6510,2.50000,1.04083,-0.03674,0.063333,0.75000,0.00000,2.50000,-0.00269
1370,16.7990,2.50000,1.04083,0.02659,0.063333,0.75000,0.00000,2.50000,0.06064
1371,16.7700,2.50000,1.04083,0.08992,0.063333,0.75000,0.00000,2.50000,0.12397
1372,16.9870,2.50000,1.04083,0.15326,0.063333,0.74988,0.00000,2.50000,0.18731
1373,16.2150,2.50000,1.04083,0.21659,0.063333,0.75012,0.00000,2.50000,0.25064
1374,16.9290,2.50000,1.04083,0.27992,0.063333,0.75000,0.00000,2.50000,0.31397
1375,16.3800,2.50000,1.04083,0.34326,0.063333,0.75000,0.00000,2.50000,0.37731
1376,16.9190,2.50000,1.04083,0.40659,0.063333,0.75000,0.00000,2.50000,0.44064
1377,16.5100,2.50000,1.04083,0.46992,0.063333,0.75000,0.00000,2.50000,0.50397
1378,16.2970,2.50000,1.04083,0.53326,0.063333,0.75000,0.00000,2.50000,0.56731
1379,21.8830,2.50000,1.04083,0.59659,0.063333,0.74988,0.00000,2.50000,0.63064
1380,11.6800,2.50000,1.04083,0.65992,0.063333,0.75000,0.00000,2.50000,0.69397
1381,16.8020,2.50000,1.04083,0.72326,0.063333,0.75012,0.00000,2.50000,0.75731
1382,16.6810,2.50000,1.04083,0.78659,0.063333,0.75000,0.00000,2.50000,0.82064
1383,16.8560,2.50000,1.04083,0.84992,0.063333,0.75000,0.00000,2.50000,0.88397
1384,16.4850,2.50000,1.04083,0.91326,0.063333,0.75000,0.00000,2.50000,0.94731
1385,16.8940,2.50000,1.04083,0.97659,0.063333,0.75000,0.00000,2.50000,1.01064
1386,17.2750,2.50000,1.04083,1.03992,0.063334,0.75000,0.00000,2.50000,1.07397
1387,15.6630,2.50000,1.04083,1.10326,0.063334,0.74988,0.00000,2.50000,1.13731
1388,16.7610,2.50000,1.04083,1.16659,0.063333,0.75012,0.00000,2.50000,1.20064
1389,16.5890,2.50000,1.04083,1.22992,0.063333,0.75000,0.00000,2.50000,1.26397
1390,16.4860,2.50000,1.04083,1.29326,0.063333,0.75000,0.00000,2.50000,1.32731
1391,17.2050,2.50000,1.04083,1.35659,0.063333,0.75000,0.00000,2.50000,1.39064
1392,20.9510,2.50000,1.04083,1.41992,0.063333,0.75000,0.00000,2.50000,1.45397
1393,12.5400,2.50000,1.04083,1.48326,0.063334,0.75000,0.00000,2.50000,1.51731
1394,16.4750,2.50000,1.04083,1.54659,0.063333,0.74988,0.00000,2.50000,1.58064
1395,16.4580,2.50000,1.04083,1.60992,0.063333,0.75000,0.00000,2.50000,1.64397
1396,16.9700,2.50000,1.04083,1.67325,0.063333,0.75012,0.00000,2.50000,1.70731
1397,16.3640,2.50000,1.04083,1.73659,0.063333,0.75000,0.00000,2.50000,1.77064
1398,16.7210,2.50000,1.04083,1.79992,0.063334,0.75000,0.00000,2.50000,1.83397
1399,16.6920,2.50000,1.04083,1.86325,0.063333,0.75000,0.00000,2.50000,1.89731
1400,16.9250,2.50000,1.04083,1.92659,0.063333,0.75000,0.00000,2.50000,1.96064
1401,16.2040,2.50000,1.04083,1.98992,0.063333,0.75000,0.00000,2.50000,2.02397
1402,16.8770,2.50000,1.04083,2.05325,0.063334,0.74988,0.00000,2.50000,2.08730
1403,16.6390,2.50000,1.04083,2.11659,0.063333,0.75012,0.00000,2.50000,2.15064
1404,16.7090,2.50000,1.04083,2.17992,0.063334,0.75000,0.00000,2.50000,2.21397
1405,18.7530,2.50000,1.04083,2.24325,0.063333,0.75000,0.00000,2.50000,2.27730
1406,15.2010,2.50000,1.04083,2.30659,0.063334,0.75000,0.00000,2.50000,2.34064
1407,16.8230,2.50000,1.04083,2.36992,0.063333,0.75000,0.00000,2.50000,2.40397
1408,16.3720,2.50000,1.04083,2.43325,0.063333,0.75000,0.00000,2.50000,2.46730
1409,16.3800,2.50000,1.04083,2.49659,0.063334,0.74988,0.00000,2.50000,2.53064
1410,16.6140,2.50000,1.04083,2.55992,0.063333,0.75000,0.00000,2.50000,2.59397
1411,16.4330,2.50000,1.04083,2.62325,0.063334,0.75012,0.00000,2.50000,2.65730
1412,16.8690,2.50000,1.04083,2.68659,0.063333,0.75000,0.00000,2.50000,2.72064
1413,16.6930,2.50000,1.04083,2.74825,0.061664,0.75000,0.00000,2.50000,2.78036
1414,16.8650,2.50000,1.04083,2.80630,0.058053,0.75000,0.00000,2.50000,2.83647
1415,16.4510,2.50000,1.04083,2.86074,0.054441,0.75000,0.00000,2.50000,2.88897
1416,16.6060,2.50000,1.04083,2.91158,0.050830,0.75000,0.00000,2.50000,2.93786
1417,17.0150,2.50000,1.04083,2.95879,0.047219,0.74988,0.00000,2.50000,2.98314
1418,21.2550,2.50000,1.04083,3.00240,0.043607,0.75012,0.00000,2.50000,3.02480
1419,11.7220,2.50000,1.04083,3.04240,0.039998,0.75000,0.00000,2.50000,3.06286
1420,16.7730,2.50000,1.04083,3.07879,0.036386,0.75000,0.00000,2.50000,3.09730
1421,16.6690,2.50000,1.04083,3.11156,0.032774,0.75000,0.00000,2.50000,3.12814
1422,16.9140,2.50000,1.04083,3.14072,0.029164,0.75000,0.00000,2.50000,3.15536
1423,16.3520,2.50000,1.04083,3.16628,0.025553,0.75000,0.00000,2.50000,3.17897
1424,16.6820,2.50000,1.04083,3.18822,0.021942,0.74988,0.00000,2.50000,3.19897
1425,16.6110,2.50000,1.04083,3.20385,0.015632,0.75000,0.00000,2.50000,3.20953
1426,16.7240,2.50000,1.04083,3.21004,0.006190,0.75012,0.00000,2.50000,3.21064
1427,16.9220,2.50000,1.04083,3.21000,0.000045,0.75000,0.00000,2.50000,3.20925
1428,16.7750,2.50000,1.04083,3.20745,0.002545,0.75000,0.00000,2.50000,3.20536
1429,16.5390,2.50000,1.04083,3.20241,0.005045,0.75000,0.00000,2.50000,3.19897
1430,16.6310,2.50000,1.04083,3.19486,0.007545,0.75000,0.00000,2.50000,3.19008
1431,21.6030,2.50000,1.04083,3.18482,0.010045,0.75000,0.00000,2.50000,3.17869
1432,12.0400,2.50000,1.04083,3.17227,0.012545,0.74988,0.00000,2.50000,3.16480
1433,16.3050,2.50000,1.04083,3.15723,0.015044,0.75012,0.00000,2.50000,3.14842
1434,16.7610,2.50000,1.04083,3.13968,0.017545,0.75000,0.00000,2.50000,3.12953
1435,16.7010,2.50000,1.04083,3.11964,0.020045,0.75000,0.00000,2.50000,3.10814
1436,16.5110,2.50000,1.04083,3.09709,0.022546,0.75000,0.00000,2.50000,3.08425
1437,16.7470,2.50000,1.04083,3.07205,0.025045,0.75000,0.00000,2.50000,3.05786
1438,16.8950,2.50000,1.04083,3.04450,0.027545,0.75000,0.00000,2.50000,3.02897
1439,16.4640,2.50000,1.04083,3.01446,0.030044,0.74988,0.00000,2.50000,2.99758
1440,16.5310,2.50000,1.04083,2.98191,0.032545,0.75000,0.00000,2.50000,2.96369
1441,16.8350,2.50000,1.04083,2.94687,0.035045,0.75012,0.00000,2.50000,2.92730
1442,16.6360,2.50000,1.04083,2.90932,0.037544,0.75000,0.00000,2.50000,2.88841
1443,16.6190,2.50000,1.04083,2.86928,0.040045,0.75000,0.00000,2.50000,2.84703
1444,21.5230,2.50000,1.04083,2.82673,0.042545,0.75000,0.00000,2.50000,2.80314
1445,12.0650,2.50000,1.04083,2.78169,0.045045,0.75000,0.00000,2.50000,2.75675
1446,16.4640,2.50000,1.04083,2.73414,0.047545,0.75000,0.00000,2.50000,2.70786
1447,16.6700,2.50000,1.04083,2.68410,0.050045,0.74988,0.00000,2.50000,2.65647
1448,16.7840,2.50000,1.04083,2.63155,0.052545,0.75012,0.00000,2.50000,2.60258
1449,16.6250,2.50000,1.04083,2.57651,0.055045,0.75000,0.00000,2.50000,2.54619
1450,16.4030,2.50000,1.04083,2.51896,0.057545,0.75000,0.00000,2.50000,2.48730
1451,16.8480,2.50000,1.04083,2.45892,0.060045,0.75000,0.00000,2.50000,2.42591
1452,16.5440,2.50000,1.04083,2.39663,0.062287,0.75000,0.00000,2.50000,2.36258
1453,17.3180,2.50000,1.04083,2.33330,0.063334,0.75000,0.00000,2.50000,2.29925
1454,16.1920,2.50000,1.04083,2.26997,0.063333,0.74988,0.00000,2.50000,2.23591
1455,16.5710,2.50000,1.04083,2.20663,0.063334,0.75000,0.00000,2.50000,2.17258
1456,16.9960,2.50000,1.04083,2.14330,0.063333,0.75012,0.00000,2.50000,2.10925
1457,21.3260,2.50000,1.04083,2.07997,0.063334,0.75000,0.00000,2.50000,2.04592
1458,11.8080,2.50000,1.04083,2.01663,0.063333,0.75000,0.00000,2.50000,1.98258
1459,16.8070,2.50000,1.04083,1.95330,0.063334,0.75000,0.00000,2.50000,1.91925
1460,16.7500,2.50000,1.04083,1.88997,0.063333,0.75000,0.00000,2.50000,1.85592
1461,16.3950,2.50000,1.04083,1.82663,0.063333,0.75000,0.00000,2.50000,1.79258
1462,16.5980,2.50000,1.04083,1.76330,0.063333,0.74988,0.00000,2.50000,1.72925
1463,17.1340,2.50000,1.04083,1.69997,0.063333,0.75012,0.00000,2.50000,1.66592
1464,16.3650,2.50000,1.04083,1.63663,0.063333,0.75000,0.00000,2.50000,1.60258
1465,16.7190,2.50000,1.04083,1.57330,0.063333,0.75000,0.00000,2.50000,1.53925
1466,16.8860,2.50000,1.04083,1.50997,0.063333,0.75000,0.00000,2.50000,1.47592
1467,16.7130,2.50000,1.04083,1.44663,0.063333,0.75000,0.00000,2.50000,1.41258
1468,16.4610,2.50000,1.04083,1.38330,0.063333,0.75000,0.00000,2.50000,1.34925
1469,536.7590,2.50000,1.04083,0.87387,0.509432,0.74988,0.00000,2.50000,0.84258
1470,5.2780,2.50000,1.04083,0.77925,0.094617,6.03284,0.00000,2.50000,0.71592
1471,8.2720,2.50000,1.04083,0.71592,0.063333,1.12048,0.00000,2.50000,0.65258
1472,16.3770,2.50000,1.04083,0.65258,0.063333,0.75000,0.00000,2.50000,0.58925
1473,16.7100,2.50000,1.04083,0.58888,0.063706,0.75000,0.00000,2.50000,0.52592
1474,17.0020,2.50000,1.04083,0.52555,0.063331,0.75439,0.00000,2.50000,0.46258
1475,16.6010,2.50000,1.04083,0.46222,0.063331,0.75000,0.00000,2.50000,0.39925
1476,16.7450,2.50000,1.04083,0.39888,0.063331,0.75000,0.00000,2.50000,0.33592
1477,16.5700,2.50000,1.04083,0.33555,0.063331,0.75000,0.00000,2.50000,0.27258
1478,16.5240,2.50000,1.04083,0.27222,0.063331,0.74988,0.00000,2.50000,0.20925
1479,16.6940,2.50000,1.04083,0.20889,0.063331,0.75000,0.00000,2.50000,0.14592
1480,16.6280,2.50000,1.04083,0.14556,0.063331,0.75000,0.00000,2.50000,0.08258
1481,18.5060,2.50000,1.04083,0.08223,0.063331,0.75000,0.00000,2.50000,0.01925
1482,14.9420,2.50000,1.04083,0.01890,0.063331,0.74988,0.00000,2.50000,-0.04408
1483,16.6740,2.50000,1.04083,-0.04443,0.063331,0.75000,0.00000,2.50000,-0.10742
1484,16.4590,2.50000,1.04083,-0.10776,0.063331,0.75000,0.00000,2.50000,-0.17075
1485,16.7480,2.50000,1.04083,-0.17109,0.063331,0.74988,0.00000,2.50000,-0.23408
1486,16.9370,2.50000,1.04083,-0.23442,0.063331,0.75000,0.00000,2.50000,-0.29742
1487,16.5030,2.50000,1.04083,-0.29775,0.063331,0.75000,0.00000,2.50000,-0.36075
1488,16.5300,2.50000,1.04083,-0.36108,0.063331,0.74988,0.00000,2.50000,-0.42408
1489,17.0050,2.50000,1.04083,-0.42442,0.063331,0.75000,0.00000,2.50000,-0.48742
1490,16.6240,2.50000,1.04083,-0.48775,0.063331,0.75000,0.00000,2.50000,-0.55075
1491,16.6030,2.50000,1.04083,-0.55108,0.063331,0.75000,0.00000,2.50000,-0.61408
1492,16.6770,2.50000,1.04083,-0.61441,0.063331,0.74988,0.00000,2.50000,-0.67742
1493,16.6330,2.50000,1.04083,-0.67774,0.063331,0.75000,0.00000,2.50000,-0.74075
1494,21.6870,2.50000,1.04083,-0.74107,0.063331,0.75000,0.00000,2.50000,-0.80408
1495,11.7690,2.50000,1.04083,-0.80440,0.063331,0.75000,0.00000,2.50000,-0.86742
1496,17.0310,2.50000,1.04083,-0.86773,0.063331,0.75000,0.00000,2.50000,-0.93075
1497,16.5730,2.50000,1.04083,-0.93106,0.063331,0.74988,0.00000,2.50000,-0.99408
1498,16.3740,2.50000,1.04083,-0.99439,0.063331,0.75000,0.00000,2.50000,-1.05742
1499,16.6410,2.50000,1.04083,-1.05772,0.063331,0.75000,0.00000,2.50000,-1.12075
1500,16.5380,2.50000,1.04083,-1.12105,0.063331,0.75000,0.00000,2.50000,-1.18408
1501,16.7830,2.50000,1.04083,-1.18439,0.063331,0.74988,0.00000,2.50000,-1.24742
1502,16.7410,2.50000,1.04083,-1.24772,0.063331,0.75000,0.00000,2.50000,-1.31075
1503,17.1920,2.50000,1.04083,-1.31105,0.063331,0.75000,0.00000,2.50000,-1.37408
1504,16.1830,2.50000,1.04083,-1.37438,0.063331,0.75000,0.00000,2.50000,-1.43742
1505,17.0120,2.50000,1.04083,-1.43771,0.063331,0.75000,0.00000,2.50000,-1.50075
1506,16.0180,2.50000,1.04083,-1.50102,0.063314,0.74988,0.00000,2.50000,-1.56047
1507,21.8680,2.50000,1.04083,-1.56073,0.059704,0.75000,0.00000,2.50000,-1.61658
1508,11.8130,2.50000,1.04083,-1.61682,0.056093,0.75000,0.00000,2.50000,-1.66908
1509,16.3810,2.50000,1.04083,-1.66930,0.052482,0.75000,0.00000,2.50000,-1.71797
1510,17.1690,2.50000,1.04083,-1.71817,0.048871,0.74988,0.00000,2.50000,-1.76325
1511,16.3670,2.50000,1.04083,-1.76343,0.045260,0.75000,0.00000,2.50000,-1.80492
1512,16.4730,2.50000,1.04083,-1.80508,0.041650,0.75000,0.00000,2.50000,-1.84297
1513,16.8780,2.50000,1.04083,-1.84312,0.038039,0.75000,0.00000,2.50000,-1.87742
1514,16.6600,2.50000,1.04083,-1.87755,0.034428,0.75000,0.00000,2.50000,-1.90825
1515,16.6740,2.50000,1.04083,-1.90836,0.030817,0.74988,0.00000,2.50000,-1.93547
1516,16.5450,2.50000,1.04083,-1.93557,0.027206,0.75000,0.00000,2.50000,-1.95908
1517,17.0650,2.50000,1.04083,-1.95917,0.023595,0.75000,0.00000,2.50000,-1.97908
1518,16.1690,2.50000,1.04083,-1.97913,0.019961,0.74988,0.00000,2.50000,-1.98964
1519,17.1040,2.50000,1.04083,-1.98964,0.010517,0.75000,0.00000,2.50000,-1.99075
1520,21.5100,2.50000,1.04083,-1.99074,0.001101,0.75000,0.00000,2.50000,-1.98936
1521,11.6110,2.50000,1.04083,-1.98935,0.001399,0.74988,0.00000,2.50000,-1.98547
1522,16.8360,2.50000,1.04083,-1.98545,0.003898,0.75000,0.00000,2.50000,-1.97908
1523,16.8700,2.50000,1.04083,-1.97905,0.006399,0.75000,0.00000,2.50000,-1.97019
1524,13.9900,2.50000,1.04083,-1.97090,0.008148,0.74988,0.00000,2.50000,-1.97019
1525,19.2710,2.50000,1.04083,-1.96066,0.010241,0.68750,0.00000,2.50000,-1.95881
1526,16.5550,2.50000,1.04083,-1.94834,0.012325,0.68762,0.00000,2.50000,-1.94492
1527,16.7180,2.50000,1.04083,-1.93393,0.014408,0.68750,0.00000,2.50000,-1.92853
1528,522.5730,2.50000,1.04083,-1.72482,0.209109,0.68750,0.00000,2.50000,-1.70742
1529,5.6760,2.50000,1.04083,-1.66584,0.058981,5.88831,0.00000,2.50000,-1.62714
1530,4.9020,2.50000,1.04083,-1.62714,0.038699,1.15747,0.00000,2.50000,-1.58325
1531,17.0150,2.50000,1.04083,-1.58325,0.043889,0.70129,0.00000,2.50000,-1.53686
1532,16.5410,2.50000,1.04083,-1.53616,0.047094,0.75000,0.00000,2.50000,-1.48797
1533,16.6960,2.50000,1.04083,-1.48719,0.048966,0.76086,0.00000,2.50000,-1.43658
1534,17.0530,2.50000,1.04083,-1.43556,0.051628,0.75061,0.00000,2.50000,-1.38269
1535,16.3450,2.50000,1.04083,-1.38172,0.053839,0.75281,0.00000,2.50000,-1.32631
1536,16.5860,2.50000,1.04083,-1.32549,0.056229,0.74866,0.00000,2.50000,-1.26742
1537,16.8700,2.50000,1.04083,-1.26648,0.059013,0.74744,0.00000,2.50000,-1.20603
1538,17.0380,2.50000,1.04083,-1.20461,0.061868,0.75110,0.00000,2.50000,-1.14269
1539,16.5190,2.50000,1.04083,-1.14127,0.063338,0.75525,0.00000,2.50000,-1.07936
1540,18.9190,2.50000,1.04083,-1.07762,0.063650,0.75012,0.00000,2.50000,-1.01603
1541,14.2790,2.50000,1.04083,-1.01472,0.062909,0.75366,0.00000,2.50000,-0.95269
1542,16.6580,2.50000,1.04083,-0.95146,0.063255,0.74500,0.00000,2.50000,-0.88936
1543,16.4750,2.50000,1.04083,-0.88823,0.063232,0.74902,0.00000,2.50000,-0.82603
1544,16.6060,2.50000,1.04083,-0.82490,0.063333,0.74890,0.00000,2.50000,-0.76269
1545,16.7110,2.50000,1.04083,-0.76165,0.063248,0.75000,0.00000,2.50000,-0.69936
1546,16.6890,2.50000,1.04083,-0.69831,0.063333,0.74902,0.00000,2.50000,-0.63603
1547,16.7820,2.50000,1.04083,-0.63498,0.063333,0.75000,0.00000,2.50000,-0.57269
1548,16.9300,2.50000,1.04083,-0.57165,0.063333,0.74988,0.00000,2.50000,-0.50936
1549,16.1350,2.50000,1.04083,-0.50831,0.063333,0.75000,0.00000,2.50000,-0.44603
1550,16.6780,2.50000,1.04083,-0.44527,0.063047,0.75000,0.00000,2.50000,-0.38269
1551,17.3510,2.50000,1.04083,-0.38193,0.063333,0.74670,0.00000,2.50000,-0.31936
1552,16.7050,2.50000,1.04083,-0.31860,0.063333,0.75000,0.00000,2.50000,-0.25603
1553,21.4710,2.50000,1.04083,-0.25527,0.063333,0.75000,0.00000,2.50000,-0.19269
1554,11.7670,2.50000,1.04083,-0.19193,0.063333,0.75000,0.00000,2.50000,-0.12936
1555,16.7910,2.50000,1.04083,-0.12860,0.063333,0.75000,0.00000,2.50000,-0.06603
1556,16.4760,2.50000,1.04083,-0.06527,0.063333,0.75000,0.00000,2.50000,-0.00269
1557,16.4160,2.50000,1.04083,-0.00193,0.063333,0.75000,0.00000,2.50000,0.06064
1558,16.6510,2.50000,1.04083,0.06140,0.063333,0.75000,0.00000,2.50000,0.12397
1559,538.7090,2.50000,1.04083,0.61379,0.552390,0.75000,0.00000,2.50000,0.63064
1560,5.3040,2.50000,1.04083,0.69720,0.083414,6.54150,0.00000,2.50000,0.75731
1561,5.9400,2.50000,1.04083,0.75731,0.060102,0.98767,0.00000,2.50000,0.82064
1562,16.4160,2.50000,1.04083,0.82064,0.063333,0.71179,0.00000,2.50000,0.88397
1563,17.1410,2.50000,1.04083,0.88643,0.065791,0.75000,0.00000,2.50000,0.94731
1564,16.7690,2.50000,1.04083,0.95009,0.063661,0.77905,0.00000,2.50000,1.01064
1565,17.2820,2.50000,1.04083,1.01363,0.063540,0.75391,0.00000,2.50000,1.07397
1566,16.5930,2.50000,1.04083,1.07735,0.063718,0.75244,0.00000,2.50000,1.13731
1567,16.6020,2.50000,1.04083,1.14036,0.063015,0.75452,0.00000,2.50000,1.20064
1568,16.5880,2.50000,1.04083,1.20373,0.063361,0.74622,0.00000,2.50000,1.26397
1569,16.4390,2.50000,1.04083,1.26697,0.063239,0.75037,0.00000,2.50000,1.32731
1570,16.5630,2.50000,1.04083,1.33031,0.063342,0.74902,0.00000,2.50000,1.39064
1571,18.6680,2.50000,1.04083,1.39379,0.063486,0.75000,0.00000,2.50000,1.45397
1572,14.5720,2.50000,1.04083,1.45690,0.063103,0.75183,0.00000,2.50000,1.51731
1573,17.0510,2.50000,1.04083,1.52023,0.063333,0.74731,0.00000,2.50000,1.58064
1574,16.4580,2.50000,1.04083,1.58356,0.063333,0.75000,0.00000,2.50000,1.64397
1575,16.6970,2.50000,1.04083,1.64690,0.063333,0.75000,0.00000,2.50000,1.70730
1576,16.5590,2.50000,1.04083,1.71023,0.063334,0.75000,0.00000,2.50000,1.77064
1577,16.5940,2.50000,1.04083,1.77356,0.063333,0.75000,0.00000,2.50000,1.83397
1578,17.0540,2.50000,1.04083,1.83690,0.063333,0.74988,0.00000,2.50000,1.89730
1579,16.3880,2.50000,1.04083,1.90023,0.063333,0.75000,0.00000,2.50000,1.96064
1580,16.6600,2.50000,1.04083,1.96356,0.063333,0.75012,0.00000,2.50000,2.02397
1581,16.5970,2.50000,1.04083,2.02690,0.063333,0.75000,0.00000,2.50000,2.08730
1582,16.7680,2.50000,1.04083,2.09023,0.063334,0.75000,0.00000,2.50000,2.15064
1583,16.6570,2.50000,1.04083,2.15356,0.063333,0.75000,0.00000,2.50000,2.21397
1584,21.4890,2.50000,1.04083,2.21690,0.063334,0.75000,0.00000,2.50000,2.27730
1585,12.3980,2.50000,1.04083,2.28023,0.063333,0.75000,0.00000,2.50000,2.34064
1586,16.1560,2.50000,1.04083,2.34356,0.063334,0.74988,0.00000,2.50000,2.40397
1587,16.7800,2.50000,1.04083,2.40689,0.063333,0.75000,0.00000,2.50000,2.46730
1588,16.7960,2.50000,1.04083,2.47023,0.063334,0.75012,0.00000,2.50000,2.53064
1589,16.4480,2.50000,1.04083,2.53356,0.063333,0.75000,0.00000,2.50000,2.59397
1590,536.4210,2.50000,1.04083,3.01113,0.477572,0.75000,0.00000,2.50000,3.02480
1591,5.4180,2.50000,1.04083,3.06286,0.051725,6.46924,0.00000,2.50000,3.09730
1592,8.3090,2.50000,1.04083,3.09730,0.034444,0.99609,0.00000,2.50000,3.12814
1593,17.3220,2.50000,1.04083,3.12814,0.030833,0.75000,0.00000,2.50000,3.15536
1594,16.7460,2.50000,1.04083,3.15791,0.029776,0.75000,0.00000,2.50000,3.17897
1595,16.4840,2.50000,1.04083,3.18082,0.022911,0.83105,0.00000,2.50000,3.19897
1596,16.9540,2.50000,1.04083,3.20010,0.019281,0.73840,0.00000,2.50000,3.20953
1597,16.4960,2.50000,1.04083,3.20965,0.009542,0.76111,0.00000,2.50000,3.21064
1598,16.5330,2.50000,1.04083,3.21051,0.000863,0.75000,0.00000,2.50000,3.20925
1599,16.9970,2.50000,1.04083,3.20882,0.001692,0.73877,0.00000,2.50000,3.20536
1600,16.7360,2.50000,1.04083,3.20464,0.004172,0.76392,0.00000,2.50000,3.19897
1601,16.7780,2.50000,1.04083,3.19795,0.006696,0.75061,0.00000,2.50000,3.19008
1602,18.1680,2.50000,1.04083,3.18880,0.009148,0.75244,0.00000,2.50000,3.17869
1603,15.0320,2.50000,1.04083,3.17713,0.011672,0.74817,0.00000,2.50000,3.16480
1604,16.4850,2.50000,1.04083,3.16318,0.013945,0.75000,0.00000,2.50000,3.14841
1605,16.8640,2.50000,1.04083,3.14655,0.016635,0.73962,0.00000,2.50000,3.12953
1606,16.8160,2.50000,1.04083,3.12741,0.019136,0.75000,0.00000,2.50000,3.10814
1607,16.6140,2.50000,1.04083,3.10578,0.021636,0.75000,0.00000,2.50000,3.08425
1608,16.6050,2.50000,1.04083,3.08164,0.024136,0.75000,0.00000,2.50000,3.05786
1609,16.8100,2.50000,1.04083,3.05501,0.026636,0.75000,0.00000,2.50000,3.02897
1610,16.3100,2.50000,1.04083,3.02587,0.029135,0.75000,0.00000,2.50000,2.99758
1611,16.8390,2.50000,1.04083,2.99423,0.031637,0.75000,0.00000,2.50000,2.96369
1612,16.6530,2.50000,1.04083,2.96010,0.034135,0.75000,0.00000,2.50000,2.92730
1613,16.7010,2.50000,1.04083,2.92346,0.036637,0.75000,0.00000,2.50000,2.88841
1614,16.4500,2.50000,1.04083,2.88433,0.039136,0.75000,0.00000,2.50000,2.84703
1615,18.8490,2.50000,1.04083,2.84269,0.041636,0.75000,0.00000,2.50000,2.80314
1616,15.0120,2.50000,1.04083,2.79855,0.044136,0.75000,0.00000,2.50000,2.75675
1617,16.4450,2.50000,1.04083,2.75192,0.046636,0.75000,0.00000,2.50000,2.70786
1618,17.1030,2.50000,1.04083,2.70278,0.049136,0.75000,0.00000,2.50000,2.65647
1619,16.5090,2.50000,1.04083,2.65115,0.051636,0.75000,0.00000,2.50000,2.60258
1620,16.3330,2.50000,1.04083,2.59701,0.054136,0.75000,0.00000,2.50000,2.54619
1621,521.8960,2.50000,1.04083,2.05560,0.541415,0.75000,0.00000,2.50000,2.04591
1622,6.2260,2.50000,1.04083,1.97241,0.083189,6.56128,0.00000,2.50000,1.91925
1623,5.5330,2.50000,1.04083,1.91925,0.053159,0.98511,0.00000,2.50000,1.85592
1624,17.1260,2.50000,1.04083,1.85592,0.063333,0.62952,0.00000,2.50000,1.79258
1625,16.5390,2.50000,1.04083,1.78389,0.072028,0.75000,0.00000,2.50000,1.72925
1626,16.8230,2.50000,1.04083,1.72021,0.063680,0.85291,0.00000,2.50000,1.66592
1627,16.5880,2.50000,1.04083,1.65704,0.063171,0.75415,0.00000,2.50000,1.60258
1628,16.4500,2.50000,1.04083,1.59378,0.063255,0.74817,0.00000,2.50000,1.53925
1629,16.4050,2.50000,1.04083,1.53121,0.062567,0.74902,0.00000,2.50000,1.47592
1630,16.7270,2.50000,1.04083,1.46701,0.064208,0.74084,0.00000,2.50000,1.41258
1631,16.7760,2.50000,1.04083,1.40476,0.062244,0.76038,0.00000,2.50000,1.34925
1632,16.6330,2.50000,1.04083,1.34025,0.064509,0.73718,0.00000,2.50000,1.28592
1633,18.1140,2.50000,1.04083,1.27712,0.063137,0.76379,0.00000,2.50000,1.22258
1634,15.2360,2.50000,1.04083,1.21378,0.063333,0.74768,0.00000,2.50000,1.15925
1635,16.2690,2.50000,1.04083,1.15141,0.062374,0.75012,0.00000,2.50000,1.09592
1636,16.9360,2.50000,1.04083,1.08807,0.063334,0.73853,0.00000,2.50000,1.03258
1637,16.5240,2.50000,1.04083,1.02474,0.063333,0.75012,0.00000,2.50000,0.96925
1638,16.9150,2.50000,1.04083,0.96141,0.063333,0.75000,0.00000,2.50000,0.90592
1639,16.8590,2.50000,1.04083,0.89808,0.063334,0.75000,0.00000,2.50000,0.84258
1640,16.4410,2.50000,1.04083,0.83474,0.063333,0.75000,0.00000,2.50000,0.77925
1641,28.9440,2.50000,1.04083,0.77141,0.063334,0.75000,0.00000,2.50000,0.71592
1642,4.8230,2.50000,1.04083,0.70808,0.063333,0.74988,0.00000,2.50000,0.65258
