frame,frame_ms,eye_x,eye_y,eye_z,step_m,yaw_step_deg,visual_error_m,body_x,body_z
0,38.1350,-2.48246,2.07522,-2.48246,0.069367,0.52429,0.00000,-2.48246,-2.48246
1,12.8300,-2.45059,1.92993,-2.45059,0.152122,3.60071,0.00000,-2.45059,-2.45059
2,3.4850,-2.43639,1.86150,-2.43639,0.071319,1.80143,0.00000,-2.43639,-2.43639
3,0.6540,-2.43639,1.86150,-2.43639,0.000000,0.44857,0.00000,-2.43639,-2.43639
4,0.3760,-2.43639,1.86150,-2.43639,0.000000,0.11095,0.00000,-2.43639,-2.43639
5,11.0530,-2.42039,1.78307,-2.42039,0.081628,0.01688,0.00000,-2.42039,-2.42039
6,14.3730,-2.42039,1.78307,-2.42039,0.000000,0.62217,0.00000,-2.42039,-2.42039
7,58.8390,-2.40260,1.69463,-2.40260,0.091940,0.37500,0.00000,-2.40260,-2.40260
8,6.8220,-2.36165,1.48777,-2.36165,0.214817,0.51891,0.00000,-2.36165,-2.36165
9,3.1130,-2.33848,1.36934,-2.33848,0.122879,1.93991,0.00000,-2.33848,-2.33848
10,2.8910,-2.31352,1.24091,-2.31352,0.133193,0.75000,0.00000,-2.31352,-2.31352
11,14.0350,-2.28677,1.10248,-2.28677,0.143508,0.43515,0.00000,-2.28677,-2.28677
12,32.6530,-2.25822,1.04083,-2.25822,0.073691,0.62582,0.00000,-2.25822,-2.25822
13,3.8750,-2.22710,1.04083,-2.22710,0.044017,0.74844,0.00000,-2.22710,-2.22710
14,14.0240,-2.19339,1.04083,-2.19339,0.047664,0.75000,0.00000,-2.19339,-2.19339
15,16.7780,-2.15711,1.04083,-2.15711,0.051313,0.75000,0.00000,-2.15711,-2.15711
16,16.1130,-2.11968,1.04083,-2.11824,0.053957,0.75000,0.00000,-2.11968,-2.11824
17,25.3660,-2.08230,1.04083,-2.07682,0.055800,0.75000,0.00000,-2.08230,-2.07682
18,8.6820,-2.04496,1.04083,-2.03285,0.057685,0.75000,0.00000,-2.04496,-2.03285
19,18.2170,-2.00764,1.04083,-1.98636,0.059609,0.75000,0.00000,-2.00764,-1.98636
20,518.3900,-1.70933,1.04083,-1.57902,0.504895,0.75000,0.00000,-1.70933,-1.57902
21,5.4800,-1.63475,1.04083,-1.47664,0.126667,6.57144,0.00000,-1.63475,-1.47664
22,7.8800,-1.59747,1.04083,-1.42544,0.063333,0.88735,0.00000,-1.59747,-1.42544
23,16.7450,-1.56018,1.04083,-1.37425,0.063333,0.64799,0.00000,-1.56018,-1.37425
24,21.8980,-1.52289,1.04083,-1.32306,0.063333,0.75000,0.00000,-1.52289,-1.32306
25,13.1510,-1.48560,1.04083,-1.27186,0.063333,0.93470,0.00000,-1.48560,-1.27186
26,15.6560,-1.44831,1.04083,-1.22067,0.063333,0.75245,0.00000,-1.44831,-1.22067
27,16.1470,-1.41103,1.04083,-1.16948,0.063333,0.74795,0.00000,-1.41103,-1.16948
28,16.9610,-1.37374,1.04083,-1.11828,0.063333,0.75303,0.00000,-1.37374,-1.11828
29,16.2110,-1.33645,1.04083,-1.06709,0.063333,0.74916,0.00000,-1.33645,-1.06709
30,16.8850,-2.08203,1.04085,-2.07628,1.254734,0.74862,1.07281,-2.08203,-2.07628
31,16.4600,-2.04469,1.04085,-2.03226,0.057731,0.75339,0.87834,-2.04469,-2.03226
32,16.9500,-2.00737,1.04085,-1.98571,0.059656,0.74997,0.71912,-2.00737,-1.98571
33,16.5210,-1.97007,1.04085,-1.93666,0.061621,0.75164,0.58877,-1.97007,-1.93666
34,16.9620,-1.93278,1.04085,-1.88547,0.063333,0.75000,0.48204,-1.93278,-1.88547
35,16.8250,-1.89549,1.04085,-1.83428,0.063333,0.75000,0.39466,-1.89549,-1.83428
36,18.1650,-1.85820,1.04085,-1.78309,0.063333,0.75000,0.32312,-1.85820,-1.78309
37,14.7120,-1.82092,1.04085,-1.73189,0.063333,0.75000,0.26455,-1.82092,-1.73189
38,17.0660,-1.78363,1.04085,-1.68070,0.063333,0.75000,0.21660,-1.78363,-1.68070
39,16.6570,-1.74634,1.04085,-1.62951,0.063333,0.75000,0.17733,-1.74634,-1.62951
40,16.7780,-1.70905,1.04085,-1.57832,0.063333,0.75000,0.14519,-1.70905,-1.57832
41,16.5270,-1.67176,1.04085,-1.52713,0.063333,0.75000,0.11887,-1.67176,-1.52713
42,16.5280,-1.63447,1.04085,-1.47593,0.063333,0.75000,0.09732,-1.63447,-1.47593
43,16.5130,-1.59718,1.04085,-1.42474,0.063333,0.75000,0.07968,-1.59718,-1.42474
44,16.9480,-1.55989,1.04085,-1.37355,0.063333,0.75000,0.06524,-1.55989,-1.37355
45,16.7170,-1.52260,1.04085,-1.32236,0.063333,0.75000,0.05341,-1.52260,-1.32236
46,16.9000,-1.48531,1.04085,-1.27117,0.063333,0.75000,0.04373,-1.48531,-1.27117
47,16.2290,-1.44802,1.04085,-1.21997,0.063333,0.75000,0.03580,-1.44802,-1.21997
48,17.0500,-1.41073,1.04085,-1.16878,0.063333,0.75000,0.02931,-1.41073,-1.16878
49,21.7990,-1.37344,1.04085,-1.11759,0.063333,0.75000,0.02400,-1.37344,-1.11759
50,11.3970,-1.33615,1.04085,-1.06640,0.063333,0.75000,0.01965,-1.33615,-1.06640
51,17.3190,-1.29887,1.04085,-1.01521,0.063333,0.75000,0.01609,-1.29887,-1.01521
52,16.9250,-1.26158,1.04085,-0.96401,0.063333,0.75000,0.01317,-1.26158,-0.96401
53,16.0480,-1.22429,1.04085,-0.91282,0.063333,0.75000,0.01078,-1.22429,-0.91282
54,16.8980,-1.18700,1.04085,-0.86163,0.063333,0.75000,0.00883,-1.18700,-0.86163
55,16.3780,-1.14971,1.04085,-0.81044,0.063333,0.75000,0.00723,-1.14971,-0.81044
56,16.8630,-1.11242,1.04085,-0.75925,0.063333,0.75000,0.00592,-1.11242,-0.75925
57,16.6370,-1.07513,1.04085,-0.70805,0.063333,0.75000,0.00485,-1.07513,-0.70805
58,17.2360,-1.03784,1.04085,-0.65686,0.063333,0.75000,0.00397,-1.03784,-0.65686
59,15.9740,-1.00055,1.04085,-0.60567,0.063333,0.75000,0.00325,-1.00055,-0.60567
60,16.8840,-0.96326,1.04085,-0.55448,0.063333,0.75000,0.00266,-0.96326,-0.55448
61,16.5360,-0.92597,1.04085,-0.50329,0.063333,0.75000,0.00218,-0.92597,-0.50329
62,21.1820,-1.89252,1.04037,-1.82727,1.639247,0.75000,1.39574,-1.89252,-1.82727
63,12.2830,-1.85521,1.04037,-1.77608,0.063333,0.75000,1.14273,-1.85521,-1.77608
64,16.7640,-1.82107,1.04083,-1.73191,0.055835,0.75000,0.94175,-1.82107,-1.73191
65,16.3600,-1.78378,1.04083,-1.68071,0.063333,0.75000,0.77104,-1.78378,-1.68071
66,17.1970,-1.74649,1.04083,-1.62952,0.063333,0.75000,0.63127,-1.74649,-1.62952
67,16.7660,-1.70920,1.04083,-1.57833,0.063333,0.75000,0.51684,-1.70920,-1.57833
68,15.9860,-1.67191,1.04083,-1.52714,0.063333,0.75000,0.42316,-1.67191,-1.52714
69,17.0280,-1.63462,1.04083,-1.47595,0.063333,0.75000,0.34645,-1.63462,-1.47595
70,16.7460,-1.59733,1.04083,-1.42476,0.063333,0.75000,0.28365,-1.59733,-1.42476
71,16.4420,-1.56004,1.04083,-1.37357,0.063333,0.75000,0.23223,-1.56004,-1.37357
72,16.8340,-1.52275,1.04083,-1.32238,0.063333,0.75000,0.19014,-1.52275,-1.32238
73,16.5270,-1.48546,1.04083,-1.27118,0.063333,0.75000,0.15567,-1.48546,-1.27118
74,16.9580,-1.44817,1.04083,-1.21999,0.063333,0.74999,0.12745,-1.44817,-1.21999
75,21.3560,-1.41088,1.04083,-1.16880,0.063333,0.75000,0.10435,-1.41088,-1.16880
76,12.0210,-1.37359,1.04083,-1.11761,0.063333,0.75000,0.08543,-1.37359,-1.11761
77,16.1160,-1.33630,1.04083,-1.06642,0.063333,0.75000,0.06995,-1.33630,-1.06642
78,17.0310,-1.29901,1.04083,-1.01523,0.063333,0.75000,0.05727,-1.29901,-1.01523
79,16.5720,-1.26172,1.04083,-0.96404,0.063333,0.75001,0.04689,-1.26172,-0.96404
80,16.9150,-1.22443,1.04083,-0.91284,0.063333,0.75000,0.03839,-1.22443,-0.91284
81,16.8330,-1.18714,1.04083,-0.86165,0.063333,0.74999,0.03143,-1.18714,-0.86165
82,16.7320,-1.14985,1.04083,-0.81046,0.063333,0.75000,0.02573,-1.14985,-0.81046
83,539.2160,-0.85153,1.04083,-0.40093,0.506667,0.75000,0.00520,-0.85153,-0.40093
84,5.6740,-0.77695,1.04083,-0.29855,0.126667,6.48314,0.00348,-0.77695,-0.29855
85,6.0120,-0.73966,1.04083,-0.24736,0.063333,1.11672,0.00285,-0.73966,-0.24736
86,17.9120,-0.70237,1.04083,-0.19617,0.063333,0.45925,0.00233,-0.70237,-0.19617
87,16.0370,-0.66508,1.04083,-0.14497,0.063333,0.75000,0.00191,-0.66508,-0.14497
88,16.4170,-0.62779,1.04083,-0.09378,0.063333,0.93750,0.00156,-0.62779,-0.09378
89,16.9090,-0.59050,1.04083,-0.04259,0.063333,0.87798,0.00128,-0.59050,-0.04259
90,16.5780,-0.55321,1.04083,0.00860,0.063333,0.75038,0.00105,-0.55321,0.00860
91,16.6810,-0.51592,1.04083,0.05979,0.063333,0.75172,0.00000,-0.51592,0.05979
92,16.7610,-1.48548,1.04083,-1.27117,1.646665,0.74966,1.40003,-1.48548,-1.27117
93,16.6410,-1.44819,1.04083,-1.21998,0.063333,0.74876,1.14625,-1.44819,-1.21998
94,16.5600,-1.41090,1.04083,-1.16879,0.063333,0.75244,0.93847,-1.41090,-1.16879
95,18.2210,-1.37361,1.04083,-1.11760,0.063333,0.75024,0.76835,-1.37361,-1.11760
96,17.9400,-1.33632,1.04083,-1.06640,0.063333,0.73664,0.62907,-1.33632,-1.06640
97,13.9950,-1.29903,1.04083,-1.01521,0.063333,0.75000,0.51504,-1.29903,-1.01521
98,16.5290,-1.26174,1.04083,-0.96402,0.063333,0.75000,0.42168,-1.26174,-0.96402
99,17.0480,-1.22445,1.04083,-0.91283,0.063333,0.75001,0.34524,-1.22445,-0.91283
100,17.2170,-1.18716,1.04083,-0.86164,0.063333,0.75000,0.28266,-1.18716,-0.86164
101,16.3370,-1.14986,1.04083,-0.81045,0.063333,0.75000,0.23142,-1.14986,-0.81045
102,16.4160,-1.11257,1.04083,-0.75926,0.063333,0.75000,0.18947,-1.11257,-0.75926
103,16.7260,-1.07528,1.04083,-0.70807,0.063333,0.75000,0.15513,-1.07528,-0.70807
104,16.5320,-1.03799,1.04083,-0.65687,0.063333,0.74999,0.12701,-1.03799,-0.65687
105,16.5400,-1.00070,1.04083,-0.60568,0.063333,0.75000,0.10398,-1.00070,-0.60568
106,16.7350,-0.96341,1.04083,-0.55449,0.063333,0.75000,0.08514,-0.96341,-0.55449
107,16.6370,-0.92612,1.04083,-0.50330,0.063333,0.75000,0.06970,-0.92612,-0.50330
108,21.0820,-0.88883,1.04083,-0.45211,0.063333,0.75000,0.05707,-0.88883,-0.45211
109,12.5690,-0.85154,1.04083,-0.40092,0.063333,0.75000,0.04672,-0.85154,-0.40092
110,17.0970,-0.81425,1.04083,-0.34973,0.063333,0.75000,0.03825,-0.81425,-0.34973
111,16.4720,-0.77696,1.04083,-0.29854,0.063333,0.75001,0.03132,-0.77696,-0.29854
112,16.8270,-0.73967,1.04083,-0.24734,0.063333,0.75000,0.02564,-0.73967,-0.24734
113,16.4810,-0.70238,1.04083,-0.19615,0.063333,0.75000,0.02099,-0.70238,-0.19615
114,539.2540,-0.40406,1.04083,0.21338,0.506667,0.75000,0.00424,-0.40406,0.21338
115,5.5240,-1.33631,1.04083,-1.06641,1.583333,5.69467,1.14909,-1.33631,-1.06641
116,3.5420,-1.33631,1.04083,-1.06641,0.000000,1.50000,1.14909,-1.33631,-1.06641
117,19.3090,-1.29902,1.04083,-1.01521,0.063333,0.04606,0.94079,-1.29902,-1.01521
118,16.3720,-1.26173,1.04083,-0.96402,0.063333,0.71267,0.77026,-1.26173,-0.96402
119,17.2150,-1.22444,1.04083,-0.91283,0.063333,0.75000,0.63063,-1.22444,-0.91283
120,16.6310,-1.18715,1.04083,-0.86164,0.063333,0.75000,0.51632,-1.18715,-0.86164
121,16.4130,-1.14986,1.04083,-0.81045,0.063333,0.75000,0.42273,-1.14986,-0.81045
122,16.7760,-1.11257,1.04083,-0.75926,0.063333,0.75000,0.34610,-1.11257,-0.75926
123,16.4660,-1.07528,1.04083,-0.70807,0.063333,0.75000,0.28336,-1.07528,-0.70807
124,13.9170,-1.07528,1.04083,-0.70807,0.000000,0.75000,0.28336,-1.07528,-0.70807
125,19.8320,-1.03799,1.04083,-0.65688,0.063333,0.66667,0.23200,-1.03799,-0.65688
126,16.4510,-1.00070,1.04083,-0.60568,0.063333,0.66666,0.18994,-1.00070,-0.60568
127,18.3060,-0.96341,1.04083,-0.55449,0.063333,0.66668,0.15551,-0.96341,-0.55449
128,14.8980,-0.92612,1.04083,-0.50330,0.063333,0.66666,0.12732,-0.92612,-0.50330
129,16.8970,-0.88883,1.04083,-0.45211,0.063333,0.71318,0.10424,-0.88883,-0.45211
130,16.7430,-0.85154,1.04083,-0.40092,0.063333,0.75181,0.08535,-0.85154,-0.40092
131,16.6330,-0.81425,1.04083,-0.34973,0.063333,0.74831,0.06988,-0.81425,-0.34973
132,16.6750,-0.77696,1.04083,-0.29854,0.063333,0.75516,0.05721,-0.77696,-0.29854
133,16.5090,-0.73967,1.04083,-0.24735,0.063333,0.73418,0.04684,-0.73967,-0.24735
134,17.3370,-0.70238,1.04083,-0.19615,0.063333,0.76341,0.03835,-0.70238,-0.19615
135,15.8790,-0.66509,1.04083,-0.14496,0.063333,0.75114,0.03140,-0.66509,-0.14496
136,16.5660,-0.62780,1.04083,-0.09377,0.063333,0.74826,0.02571,-0.62780,-0.09377
137,16.6880,-0.59051,1.04083,-0.04258,0.063333,0.75000,0.02105,-0.59051,-0.04258
138,16.8400,-0.55322,1.04083,0.00861,0.063333,0.75021,0.01723,-0.55322,0.00861
139,16.4300,-0.51593,1.04083,0.05980,0.063333,0.75069,0.01411,-0.51593,0.05980
140,19.0760,-0.47864,1.04083,0.11099,0.063333,0.74999,0.01155,-0.47864,0.11099
141,14.8840,-0.44135,1.04083,0.16219,0.063333,0.75085,0.00946,-0.44135,0.16219
142,16.2630,-1.41089,1.04083,-1.16879,1.646666,0.75087,1.40777,-1.41089,-1.16879
143,16.6580,-1.37360,1.04083,-1.11760,0.063333,0.74999,1.15259,-1.37360,-1.11760
144,16.5880,-1.33631,1.04083,-1.06640,0.063333,0.75000,0.94366,-1.33631,-1.06640
145,533.3600,-1.03799,1.04083,-0.65687,0.506667,0.75000,0.19052,-1.03799,-0.65687
146,7.7050,-1.00070,1.04083,-0.60568,0.063333,5.60655,0.15599,-1.00070,-0.60568
147,9.3570,-0.96341,1.04083,-0.55449,0.063333,0.91234,0.12771,-0.96341,-0.55449
148,16.7320,-0.92612,1.04083,-0.50330,0.063333,0.61894,0.10456,-0.92612,-0.50330
149,16.5800,-0.88883,1.04083,-0.45211,0.063333,0.74956,0.08561,-0.88883,-0.45211
150,16.5040,-0.85154,1.04083,-0.40092,0.063333,0.75128,0.07009,-0.85154,-0.40092
151,16.8650,-0.81425,1.04083,-0.34973,0.063333,0.75000,0.05738,-0.81425,-0.34973
152,16.7670,-0.77696,1.04083,-0.29853,0.063333,0.75000,0.04698,-0.77696,-0.29853
153,16.6030,-0.73967,1.04083,-0.24734,0.063333,0.75000,0.03847,-0.73967,-0.24734
154,16.7750,-0.70238,1.04083,-0.19615,0.063333,0.75145,0.03149,-0.70238,-0.19615
155,16.5600,-0.66509,1.04083,-0.14496,0.063333,0.75000,0.02578,-0.66509,-0.14496
156,16.6140,-0.62780,1.04083,-0.09377,0.063333,0.75000,0.02111,-0.62780,-0.09377
157,16.6960,-0.59051,1.04083,-0.04258,0.063333,0.75000,0.01728,-0.59051,-0.04258
158,16.5060,-0.55322,1.04083,0.00861,0.063333,0.75000,0.01415,-0.55322,0.00861
159,21.7900,-0.51593,1.04083,0.05980,0.063333,0.75000,0.01159,-0.51593,0.05980
160,12.0920,-0.47864,1.04083,0.11100,0.063333,0.75000,0.00949,-0.47864,0.11100
161,16.4190,-0.44135,1.04083,0.16219,0.063333,0.75024,0.00777,-0.44135,0.16219
162,16.9100,-0.40406,1.04083,0.21338,0.063333,0.75204,0.00636,-0.40406,0.21338
163,16.6150,-0.36677,1.04083,0.26457,0.063333,0.74998,0.00521,-0.36677,0.26457
164,17.1540,-0.32948,1.04083,0.31576,0.063333,0.75000,0.00426,-0.32948,0.31576
165,15.9470,-0.29218,1.04083,0.36695,0.063333,0.75105,0.00349,-0.29218,0.36695
166,16.5450,-0.25489,1.04083,0.41814,0.063333,0.75000,0.00286,-0.25489,0.41814
167,17.0920,-0.21760,1.04083,0.46933,0.063333,0.74998,0.00234,-0.21760,0.46933
168,16.2230,-0.18031,1.04083,0.52053,0.063333,0.75032,0.00192,-0.18031,0.52053
169,16.9500,-0.14302,1.04083,0.57172,0.063333,0.75000,0.00157,-0.14302,0.57172
170,16.4720,-1.11257,1.04083,-0.75926,1.646667,0.75000,1.40131,-1.11257,-0.75926
171,18.3950,-1.07528,1.04083,-0.70807,0.063333,0.75000,1.14730,-1.07528,-0.70807
172,14.8260,-1.03799,1.04083,-0.65687,0.063333,0.75000,0.93933,-1.03799,-0.65687
173,16.8190,-1.00070,1.04083,-0.60568,0.063333,0.75047,0.76906,-1.00070,-0.60568
174,16.5550,-0.96341,1.04083,-0.55449,0.063333,0.75114,0.62965,-0.96341,-0.55449
175,16.9470,-0.92612,1.04083,-0.50330,0.063333,0.75000,0.51551,-0.92612,-0.50330
176,532.9360,-0.62780,1.04083,-0.09377,0.506667,0.75031,0.10408,-0.62780,-0.09377
177,6.9360,-0.59051,1.04083,-0.04258,0.063333,5.96088,0.08521,-0.59051,-0.04258
178,10.0610,-0.55322,1.04083,0.00861,0.063333,0.92555,0.06977,-0.55322,0.00861
179,16.8080,-0.51593,1.04083,0.05980,0.063333,0.62590,0.05712,-0.51593,0.05980
180,16.5870,-0.47864,1.04083,0.11100,0.063333,0.74741,0.04677,-0.47864,0.11100
181,16.8450,-0.44135,1.04083,0.16219,0.063333,0.75122,0.03829,-0.44135,0.16219
182,17.0990,-0.40406,1.04083,0.21338,0.063333,0.75060,0.03135,-0.40406,0.21338
183,16.0350,-0.36677,1.04083,0.26457,0.063333,0.75026,0.02567,-0.36677,0.26457
184,17.0440,-0.32948,1.04083,0.31576,0.063333,0.74998,0.02101,-0.32948,0.31576
185,16.4760,-0.29218,1.04083,0.36695,0.063333,0.75000,0.01720,-0.29218,0.36695
186,16.9060,-0.25489,1.04083,0.41814,0.063333,0.75000,0.01409,-0.25489,0.41814
187,16.3430,-0.21760,1.04083,0.46933,0.063333,0.75011,0.01153,-0.21760,0.46933
188,16.8030,-0.18031,1.04083,0.52053,0.063333,0.75029,0.00944,-0.18031,0.52053
189,16.5020,-0.14302,1.04083,0.57172,0.063333,0.75000,0.00773,-0.14302,0.57172
190,22.1510,-0.10573,1.04083,0.62291,0.063333,0.75000,0.00633,-0.10573,0.62291
191,11.3070,-0.06844,1.04083,0.67410,0.063333,0.75009,0.00518,-0.06844,0.67410
192,16.8060,-1.03799,1.04083,-0.65687,1.646667,0.75096,1.40427,-1.03799,-0.65687
193,16.5930,-1.00070,1.04083,-0.60568,0.063333,0.75000,1.14972,-1.00070,-0.60568
194,16.9690,-0.96341,1.04083,-0.55449,0.063333,0.75000,0.94131,-0.96341,-0.55449
195,16.2590,-0.92612,1.04083,-0.50330,0.063333,0.75554,0.77068,-0.92612,-0.50330
196,16.6800,-0.88883,1.04083,-0.45211,0.063333,0.75000,0.63098,-0.88883,-0.45211
197,16.8060,-0.85154,1.04083,-0.40092,0.063333,0.75000,0.51660,-0.85154,-0.40092
198,16.5190,-0.81425,1.04083,-0.34973,0.063333,0.75000,0.42296,-0.81425,-0.34973
199,16.6790,-0.77696,1.04083,-0.29853,0.063333,0.74998,0.34629,-0.77696,-0.29853
200,17.0540,-0.73967,1.04083,-0.24734,0.063333,0.75000,0.28352,-0.73967,-0.24734
201,16.7560,-0.70238,1.04083,-0.19615,0.063333,0.75092,0.23212,-0.70238,-0.19615
202,18.3190,-0.66509,1.04083,-0.14496,0.063333,0.75145,0.19005,-0.66509,-0.14496
203,14.7000,-0.62780,1.04083,-0.09377,0.063333,0.74998,0.15560,-0.62780,-0.09377
204,16.5880,-0.59051,1.04083,-0.04258,0.063333,0.75002,0.12739,-0.59051,-0.04258
205,16.5410,-0.55322,1.04083,0.00861,0.063333,0.74998,0.10430,-0.55322,0.00861
206,16.8120,-0.51593,1.04083,0.05980,0.063333,0.75002,0.08539,-0.51593,0.05980
207,533.3770,-0.21760,1.04083,0.46933,0.506667,0.75002,0.01724,-0.21760,0.46933
208,5.2010,-0.18031,1.04083,0.52053,0.063333,5.93973,0.01412,-0.18031,0.52053
209,11.7670,-0.14302,1.04083,0.57172,0.063333,0.96048,0.01156,-0.14302,0.57172
210,16.8610,-0.10573,1.04083,0.62291,0.063333,0.60988,0.00946,-0.10573,0.62291
211,16.6310,-0.06844,1.04083,0.67410,0.063333,0.74669,0.00775,-0.06844,0.67410
212,16.8290,-0.03115,1.04083,0.72529,0.063333,0.75424,0.00634,-0.03115,0.72529
213,16.3830,0.00614,1.04083,0.77648,0.063333,0.75000,0.00519,0.00614,0.77648
214,17.5330,0.04343,1.04083,0.82767,0.063333,0.75002,0.00425,0.04343,0.82767
215,15.8820,0.08072,1.04083,0.87886,0.063333,0.74998,0.00348,0.08072,0.87886
216,16.8080,-0.85154,1.04083,-0.40092,1.583333,0.75137,1.35103,-0.85154,-0.40092
217,16.3190,-0.81425,1.04083,-0.34973,0.063333,0.75015,1.10613,-0.81425,-0.34973
218,16.6860,-0.77696,1.04083,-0.29853,0.063333,0.74998,0.90562,-0.77696,-0.29853
219,17.2590,-0.73967,1.04083,-0.24734,0.063333,0.75002,0.74146,-0.73967,-0.24734
220,16.4380,-0.70238,1.04083,-0.19615,0.063333,0.75031,0.60706,-0.70238,-0.19615
221,21.2420,-0.66509,1.04083,-0.14496,0.063333,0.75214,0.49701,-0.66509,-0.14496
222,11.7900,-0.62780,1.04083,-0.09377,0.063333,0.74998,0.40692,-0.62780,-0.09377
223,16.7730,-0.59051,1.04083,-0.04258,0.063333,0.75002,0.33316,-0.59051,-0.04258
224,16.8650,-0.55322,1.04083,0.00861,0.063333,0.74998,0.27277,-0.55322,0.00861
225,16.5460,-0.51593,1.04083,0.05980,0.063333,0.75061,0.22332,-0.51593,0.05980
226,16.8460,-0.47864,1.04083,0.11100,0.063333,0.75000,0.18284,-0.47864,0.11100
227,16.4720,-0.44135,1.04083,0.16219,0.063333,0.75133,0.14970,-0.44135,0.16219
228,16.5410,-0.40406,1.04083,0.21338,0.063333,0.75075,0.12256,-0.40406,0.21338
229,16.6650,-0.36677,1.04083,0.26457,0.063333,0.75002,0.10035,-0.36677,0.26457
230,16.6760,-0.32948,1.04083,0.31576,0.063333,0.74998,0.08216,-0.32948,0.31576
231,17.0010,-0.29218,1.04083,0.36695,0.063333,0.75002,0.06726,-0.29218,0.36695
232,16.3560,-0.25489,1.04083,0.41814,0.063333,0.74998,0.05507,-0.25489,0.41814
233,18.3400,-0.21760,1.04083,0.46933,0.063333,0.75000,0.04509,-0.21760,0.46933
234,15.6150,-0.18031,1.04083,0.52053,0.063333,0.75003,0.03692,-0.18031,0.52053
235,16.4940,-0.14302,1.04083,0.57172,0.063333,0.75287,0.03022,-0.14302,0.57172
236,16.0670,-0.10573,1.04083,0.62291,0.063333,0.76302,0.02474,-0.10573,0.62291
237,536.8910,0.19259,1.04083,1.03244,0.506667,0.74998,0.00500,0.19259,1.03244
238,10.5070,0.26717,1.04083,1.13482,0.126667,5.90616,0.00335,0.26717,1.13482
239,1.1070,0.26717,1.04083,1.13482,0.000000,1.50003,0.00335,0.26717,1.13482
240,19.1600,0.30446,1.04083,1.18601,0.063333,0.11432,0.00274,0.30446,1.18601
241,16.6040,0.34175,1.04083,1.23720,0.063333,0.74348,0.00224,0.34175,1.23720
242,16.5800,0.37904,1.04083,1.28839,0.063333,0.75000,0.00184,0.37904,1.28839
243,16.9010,0.41633,1.04083,1.33959,0.063333,0.75000,0.00150,0.41633,1.33959
244,16.7000,0.45362,1.04083,1.39078,0.063333,0.74998,0.00123,0.45362,1.39078
245,16.6130,0.49091,1.04083,1.44197,0.063333,0.75002,0.00101,0.49091,1.44197
246,16.7600,0.52820,1.04083,1.49316,0.063333,0.75002,0.00000,0.52820,1.49316
247,16.5130,0.56549,1.04083,1.54435,0.063333,0.74998,0.00000,0.56549,1.54435
248,16.6830,0.60278,1.04083,1.59554,0.063333,0.75002,0.00000,0.60278,1.59554
249,16.9110,0.64007,1.04083,1.64673,0.063333,0.74998,0.00000,0.64007,1.64673
250,17.0930,0.67736,1.04083,1.69792,0.063333,0.75002,0.00000,0.67736,1.69792
251,17.9240,0.71465,1.04083,1.74912,0.063333,0.74998,0.00000,0.71465,1.74912
252,14.9960,0.75194,1.04083,1.80031,0.063333,0.75000,0.00000,0.75194,1.80031
253,16.4470,0.78923,1.04083,1.85150,0.063333,0.75002,0.00000,0.78923,1.85150
254,17.1590,0.82652,1.04083,1.90269,0.063333,0.74997,0.00000,0.82652,1.90269
255,16.5190,0.86381,1.04083,1.95388,0.063333,0.75002,0.00000,0.86381,1.95388
256,17.0170,0.90110,1.04083,2.00507,0.063333,0.75002,0.00000,0.90110,2.00507
257,16.4650,0.93839,1.04083,2.05626,0.063333,0.74997,0.00000,0.93839,2.05626
258,16.3820,0.97568,1.04083,2.10746,0.063333,0.75002,0.00000,0.97568,2.10746
259,16.5140,1.01298,1.04083,2.15865,0.063333,0.74998,0.00000,1.01298,2.15865
260,16.9160,1.05027,1.04083,2.20984,0.063333,0.75000,0.00000,1.05027,2.20984
261,16.6140,1.08756,1.04083,2.26103,0.063333,0.75005,0.00000,1.08756,2.26103
262,16.5170,1.12485,1.04083,2.31222,0.063333,0.74998,0.00000,1.12485,2.31222
263,16.7830,1.16214,1.04083,2.36341,0.063333,0.75000,0.00000,1.16214,2.36341
264,18.9350,1.19943,1.04083,2.41460,0.063333,0.74998,0.00000,1.19943,2.41460
265,14.5300,1.23672,1.04083,2.46579,0.063333,0.75002,0.00000,1.23672,2.46579
266,16.4850,1.27401,1.04083,2.51699,0.063333,0.74998,0.00000,1.27401,2.51699
267,16.6660,1.31130,1.04083,2.56818,0.063333,0.75000,0.00000,1.31130,2.56818
268,16.8440,1.34859,1.04083,2.61937,0.063333,0.75002,0.00000,1.34859,2.61937
269,16.6110,1.38588,1.04083,2.67056,0.063333,0.74998,0.00000,1.38588,2.67056
270,16.7250,1.42317,1.04083,2.72175,0.063333,0.75000,0.00000,1.42317,2.72175
271,16.9070,1.46046,1.04083,2.77294,0.063333,0.75002,0.00000,1.46046,2.77294
272,16.3460,1.49775,1.04083,2.82413,0.063333,0.74998,0.00000,1.49775,2.82413
273,16.6840,1.53504,1.04083,2.87532,0.063333,0.75000,0.00000,1.53504,2.87532
274,16.4440,1.57233,1.04083,2.92652,0.063333,0.74998,0.00000,1.57233,2.92652
275,17.2910,1.60962,1.04083,2.97771,0.063333,0.75002,0.00000,1.60962,2.97771
276,16.4920,1.64691,1.04083,3.02890,0.063333,0.75000,0.00000,1.64691,3.02890
277,18.6160,1.68059,1.04083,3.07648,0.058294,0.74998,0.00000,1.68059,3.07648
278,14.8690,1.71066,1.04083,3.12045,0.053267,0.75005,0.00000,1.71066,3.12045
279,16.2820,1.73712,1.04083,3.16081,0.048257,0.74997,0.00000,1.73712,3.16081
280,16.5410,1.75996,1.04083,3.19755,0.043270,0.75002,0.00000,1.75996,3.19755
281,16.9090,1.77920,1.04083,3.23069,0.038314,0.74998,0.00000,1.77920,3.23069
282,16.8100,1.79482,1.04083,3.26021,0.033404,0.75002,0.00000,1.79482,3.26021
283,16.8930,1.80683,1.04083,3.28613,0.028562,0.74997,0.00000,1.80683,3.28613
284,16.3950,1.81523,1.04083,3.30843,0.023832,0.75002,0.00000,1.81523,3.30843
285,16.9230,1.82002,1.04083,3.32712,0.019295,0.75002,0.00000,1.82002,3.32712
286,16.1390,1.82679,1.04083,3.33637,0.011459,0.74997,0.00000,1.82679,3.33637
287,16.9440,1.83348,1.04083,3.33617,0.006694,0.75002,0.00000,1.83348,3.33617
288,16.8000,1.84011,1.04083,3.32746,0.010945,0.75000,0.00000,1.84011,3.32746
289,16.3670,1.84668,1.04083,3.31523,0.013876,0.75000,0.00000,1.84668,3.31523
290,21.4790,1.85319,1.04083,3.29999,0.016579,0.75000,0.00000,1.85319,3.29999
291,12.4340,1.85966,1.04083,3.28193,0.019182,0.75000,0.00000,1.85966,3.28193
292,16.3460,1.86609,1.04083,3.26117,0.021732,0.75000,0.00000,1.86609,3.26117
293,16.5500,1.87247,1.04083,3.23777,0.024252,0.75000,0.00000,1.87247,3.23777
294,16.7000,1.87880,1.04083,3.21178,0.026755,0.75000,0.00000,1.87880,3.21178
295,16.6060,1.88511,1.04083,3.18322,0.029248,0.75000,0.00000,1.88511,3.18322
296,17.0390,1.89137,1.04083,3.15211,0.031734,0.75000,0.00000,1.89137,3.15211
297,16.7310,1.89761,1.04083,3.11846,0.034217,0.75000,0.00000,1.89761,3.11846
298,16.4710,1.90381,1.04083,3.08230,0.036698,0.75000,0.00000,1.90381,3.08230
299,16.6960,1.90999,1.04083,3.04361,0.039178,0.75000,0.00000,1.90999,3.04361
300,16.6420,1.91615,1.04083,3.00241,0.041657,0.75000,0.00000,1.91615,3.00241
301,16.5230,1.92228,1.04083,2.95870,0.044137,0.75000,0.00000,1.92228,2.95870
302,16.6290,1.92839,1.04083,2.91248,0.046618,0.75000,0.00000,1.92839,2.91248
303,21.9270,1.93448,1.04083,2.86376,0.049100,0.75000,0.00000,1.93448,2.86376
304,11.5680,1.94056,1.04083,2.81254,0.051583,0.75000,0.00000,1.94056,2.81254
305,16.8590,1.94663,1.04083,2.75881,0.054066,0.75000,0.00000,1.94663,2.75881
306,16.7730,1.95269,1.04083,2.70259,0.056551,0.75000,0.00000,1.95269,2.70259
307,16.3680,1.95874,1.04083,2.64386,0.059037,0.75000,0.00000,1.95874,2.64386
308,16.5770,1.96479,1.04083,2.58264,0.061524,0.75000,0.00000,1.96479,2.58264
309,16.5590,1.97083,1.04083,2.51959,0.063333,0.75000,0.00000,1.97083,2.51959
310,16.3070,1.97687,1.04083,2.45655,0.063333,0.75000,0.00000,1.97687,2.45655
311,17.1830,1.98292,1.04083,2.39350,0.063333,0.75000,0.00000,1.98292,2.39350
312,16.5570,1.98896,1.04083,2.33046,0.063333,0.75000,0.00000,1.98896,2.33046
313,16.8970,1.99501,1.04083,2.26741,0.063333,0.75000,0.00000,1.99501,2.26741
314,16.4050,2.00105,1.04083,2.20437,0.063333,0.75000,0.00000,2.00105,2.20437
315,16.7740,2.00710,1.04083,2.14133,0.063333,0.75000,0.00000,2.00710,2.14133
316,18.8030,2.01314,1.04083,2.07828,0.063333,0.75000,0.00000,2.01314,2.07828
317,14.7430,2.01918,1.04083,2.01524,0.063333,0.75000,0.00000,2.01918,2.01524
318,16.8330,2.02523,1.04083,1.95219,0.063333,0.75000,0.00000,2.02523,1.95219
319,16.7210,2.03127,1.04083,1.88915,0.063333,0.75000,0.00000,2.03127,1.88915
320,16.5170,2.03732,1.04083,1.82610,0.063333,0.75000,0.00000,2.03732,1.82610
321,16.5540,2.04336,1.04083,1.76306,0.063333,0.75000,0.00000,2.04336,1.76306
322,16.3910,2.04940,1.04083,1.70002,0.063333,0.75000,0.00000,2.04940,1.70002
323,16.9800,2.05545,1.04083,1.63697,0.063333,0.75000,0.00000,2.05545,1.63697
324,16.5940,2.06149,1.04083,1.57393,0.063333,0.75000,0.00000,2.06149,1.57393
325,16.5780,2.06754,1.04083,1.51088,0.063333,0.75000,0.00000,2.06754,1.51088
326,16.6320,2.07358,1.04083,1.44784,0.063333,0.75000,0.00000,2.07358,1.44784
327,17.1120,2.07962,1.04083,1.38479,0.063333,0.75000,0.00000,2.07962,1.38479
328,16.4720,2.08567,1.04083,1.32175,0.063333,0.75000,0.00000,2.08567,1.32175
329,21.4540,2.09171,1.04083,1.25871,0.063333,0.75000,0.00000,2.09171,1.25871
330,11.7800,2.09776,1.04083,1.19566,0.063333,0.75000,0.00000,2.09776,1.19566
331,16.8560,2.10380,1.04083,1.13262,0.063333,0.75000,0.00000,2.10380,1.13262
332,16.4700,2.10985,1.04083,1.06957,0.063333,0.75000,0.00000,2.10985,1.06957
333,16.5660,2.11589,1.04083,1.00653,0.063333,0.75000,0.00000,2.11589,1.00653
334,17.0000,2.12193,1.04083,0.94348,0.063333,0.75000,0.00000,2.12193,0.94348
335,16.6580,2.12798,1.04083,0.88044,0.063333,0.75000,0.00000,2.12798,0.88044
336,16.3640,2.13402,1.04083,0.81740,0.063333,0.75000,0.00000,2.13402,0.81740
337,16.8450,2.14007,1.04083,0.75435,0.063333,0.75000,0.00000,2.14007,0.75435
338,16.7540,2.14611,1.04083,0.69131,0.063333,0.75000,0.00000,2.14611,0.69131
339,16.5990,2.15215,1.04083,0.62826,0.063333,0.75000,0.00000,2.15215,0.62826
340,16.6730,2.15820,1.04083,0.56522,0.063333,0.75000,0.00000,2.15820,0.56522
341,16.7330,2.16424,1.04083,0.50217,0.063333,0.75000,0.00000,2.16424,0.50217
342,18.3100,2.17029,1.04083,0.43913,0.063333,0.75000,0.00000,2.17029,0.43913
343,15.0000,2.17633,1.04083,0.37609,0.063333,0.75000,0.00000,2.17633,0.37609
344,16.9220,2.18238,1.04083,0.31304,0.063333,0.75000,0.00000,2.18238,0.31304
345,16.2500,2.18842,1.04083,0.25000,0.063333,0.75000,0.00000,2.18842,0.25000
346,16.7550,2.19446,1.04083,0.18695,0.063333,0.75000,0.00000,2.19446,0.18695
347,16.7190,2.20051,1.04083,0.12391,0.063333,0.75000,0.00000,2.20051,0.12391
348,16.9540,2.20655,1.04083,0.06086,0.063333,0.75000,0.00000,2.20655,0.06086
349,16.7760,2.21260,1.04083,-0.00218,0.063333,0.75000,0.00000,2.21260,-0.00218
350,16.3850,2.21864,1.04083,-0.06522,0.063333,0.75000,0.00000,2.21864,-0.06522
351,17.0650,2.22468,1.04083,-0.12827,0.063333,0.75000,0.00000,2.22468,-0.12827
352,16.3830,2.23073,1.04083,-0.19131,0.063333,0.75000,0.00000,2.23073,-0.19131
353,16.5880,2.23677,1.04083,-0.25436,0.063333,0.75000,0.00000,2.23677,-0.25436
354,16.4680,2.24282,1.04083,-0.31740,0.063333,0.75000,0.00000,2.24282,-0.31740
355,18.5410,2.24886,1.04083,-0.38045,0.063333,0.75000,0.00000,2.24886,-0.38045
356,15.0760,2.25491,1.04083,-0.44349,0.063333,0.75000,0.00000,2.25491,-0.44349
357,16.6220,2.26095,1.04083,-0.50653,0.063333,0.75000,0.00000,2.26095,-0.50653
358,16.7320,2.26699,1.04083,-0.56958,0.063333,0.75000,0.00000,2.26699,-0.56958
359,16.8900,2.27304,1.04083,-0.63262,0.063333,0.75000,0.00000,2.27304,-0.63262
360,16.2820,2.27908,1.04083,-0.69567,0.063333,0.75000,0.00000,2.27908,-0.69567
361,16.6130,2.28513,1.04083,-0.75871,0.063333,0.75000,0.00000,2.28513,-0.75871
362,16.8880,2.29117,1.04083,-0.82176,0.063333,0.75000,0.00000,2.29117,-0.82176
363,16.8210,2.29721,1.04083,-0.88480,0.063333,0.75000,0.00000,2.29721,-0.88480
364,16.4430,2.30326,1.04083,-0.94784,0.063333,0.75000,0.00000,2.30326,-0.94784
365,16.8650,2.30930,1.04083,-1.01089,0.063333,0.75000,0.00000,2.30930,-1.01089
366,16.4530,2.31535,1.04083,-1.07393,0.063333,0.75000,0.00000,2.31535,-1.07393
367,16.4550,2.32139,1.04083,-1.13698,0.063333,0.75000,0.00000,2.32139,-1.13698
368,22.1840,2.32744,1.04083,-1.20002,0.063333,0.75000,0.00000,2.32744,-1.20002
369,11.4490,2.33348,1.04083,-1.26307,0.063333,0.75000,0.00000,2.33348,-1.26307
370,16.5410,2.33952,1.04083,-1.32611,0.063333,0.75000,0.00000,2.33952,-1.32611
371,16.7490,2.34557,1.04083,-1.38915,0.063333,0.75000,0.00000,2.34557,-1.38915
372,16.4330,2.35161,1.04083,-1.45220,0.063333,0.75000,0.00000,2.35161,-1.45220
373,16.4440,2.35766,1.04083,-1.51524,0.063333,0.75000,0.00000,2.35766,-1.51524
374,16.9690,2.36009,1.04083,-1.57468,0.059483,0.75000,0.00000,2.36009,-1.57468
375,17.0700,2.36009,1.04083,-1.63050,0.055822,0.75000,0.00000,2.36009,-1.63050
376,16.9880,2.36009,1.04083,-1.68271,0.052211,0.75000,0.00000,2.36009,-1.68271
377,16.4420,2.36009,1.04083,-1.73131,0.048600,0.75000,0.00000,2.36009,-1.73131
378,16.3410,2.36009,1.04083,-1.77630,0.044989,0.75000,0.00000,2.36009,-1.77630
379,16.1190,2.36009,1.04083,-1.81768,0.041378,0.75000,0.00000,2.36009,-1.81768
380,16.7650,2.36009,1.04083,-1.85544,0.037766,0.75000,0.00000,2.36009,-1.85544
381,21.7470,2.36009,1.04083,-1.88960,0.034155,0.75000,0.00000,2.36009,-1.88960
382,11.8440,2.36009,1.04083,-1.92014,0.030544,0.75000,0.00000,2.36009,-1.92014
383,532.8040,2.36709,1.04083,-1.98866,0.068878,0.75000,0.00000,2.36709,-1.98866
384,2.9920,2.36845,1.04083,-1.97937,0.009391,5.89218,0.00000,2.36845,-1.97937
385,13.9400,2.36980,1.04083,-1.96753,0.011921,1.03867,0.00000,2.36980,-1.96753
386,18.4050,2.37114,1.04083,-1.95315,0.014437,0.61542,0.00000,2.37114,-1.95315
387,15.0410,2.37246,1.04083,-1.93626,0.016944,0.74774,0.00000,2.37246,-1.93626
388,16.5560,2.37378,1.04083,-1.91685,0.019449,0.75287,0.00000,2.37378,-1.91685
389,17.1550,2.37509,1.04083,-1.89494,0.021951,0.75003,0.00000,2.37509,-1.89494
390,16.5420,2.37638,1.04083,-1.87053,0.024451,0.75195,0.00000,2.37638,-1.87053
391,16.7030,2.37767,1.04083,-1.84361,0.026952,0.75000,0.00000,2.37767,-1.84361
392,16.6370,2.37895,1.04083,-1.81418,0.029451,0.75204,0.00000,2.37895,-1.81418
393,16.6130,2.38023,1.04083,-1.78226,0.031951,0.75000,0.00000,2.38023,-1.78226
394,16.6500,2.38150,1.04083,-1.74783,0.034450,0.75000,0.00000,2.38150,-1.74783
395,17.1300,2.38276,1.04083,-1.71090,0.036949,0.75000,0.00000,2.38276,-1.71090
396,16.4420,2.38401,1.04083,-1.67147,0.039448,0.75000,0.00000,2.38401,-1.67147
397,16.4340,2.38526,1.04083,-1.62955,0.041947,0.75000,0.00000,2.38526,-1.62955
398,18.2500,2.38651,1.04083,-1.58512,0.044447,0.75034,0.00000,2.38651,-1.58512
399,15.0530,2.38775,1.04083,-1.53819,0.046946,0.75000,0.00000,2.38775,-1.53819
400,16.7530,2.38899,1.04083,-1.48876,0.049445,0.75000,0.00000,2.38899,-1.48876
401,17.0960,2.39023,1.04083,-1.43683,0.051944,0.74997,0.00000,2.39023,-1.43683
402,16.4920,2.39146,1.04083,-1.38240,0.054444,0.75461,0.00000,2.39146,-1.38240
403,16.2190,2.39269,1.04083,-1.32547,0.056943,0.75003,0.00000,2.39269,-1.32547
404,16.6790,2.39392,1.04083,-1.26604,0.059442,0.74997,0.00000,2.39392,-1.26604
405,16.7320,2.39515,1.04083,-1.20411,0.061942,0.75003,0.00000,2.39515,-1.20411
406,16.6090,2.39638,1.04083,-1.14079,0.063333,0.74997,0.00000,2.39638,-1.14079
407,16.7230,2.39761,1.04083,-1.07747,0.063333,0.75000,0.00000,2.39761,-1.07747
408,16.8100,2.39884,1.04083,-1.01414,0.063333,0.75003,0.00000,2.39884,-1.01414
409,16.5670,2.40006,1.04083,-0.95082,0.063333,0.74997,0.00000,2.40006,-0.95082
410,18.2690,2.40129,1.04083,-0.88750,0.063333,0.75003,0.00000,2.40129,-0.88750
411,15.1760,2.40252,1.04083,-0.82418,0.063333,0.74997,0.00000,2.40252,-0.82418
412,16.5810,2.40375,1.04083,-0.76086,0.063333,0.75003,0.00000,2.40375,-0.76086
413,16.6610,2.40498,1.04083,-0.69754,0.063333,0.74997,0.00000,2.40498,-0.69754
414,513.0560,2.41481,1.04083,-0.19097,0.506667,0.75003,0.00000,2.41481,-0.19097
415,9.7280,2.41726,1.04083,-0.06432,0.126667,6.56183,0.00000,2.41726,-0.06432
416,11.2570,2.41849,1.04083,-0.00100,0.063333,0.94922,0.00000,2.41849,-0.00100
417,16.5780,2.41972,1.04083,0.06232,0.063333,0.75262,0.00000,2.41972,0.06232
418,16.7050,2.42095,1.04083,0.12564,0.063333,0.74832,0.00000,2.42095,0.12564
419,16.5100,2.42218,1.04083,0.18896,0.063333,0.93750,0.00000,2.42218,0.18896
420,17.3400,2.42341,1.04083,0.25228,0.063333,0.90002,0.00000,2.42341,0.25228
421,16.2760,2.42464,1.04083,0.31560,0.063333,0.79251,0.00000,2.42464,0.31560
422,16.6000,2.42586,1.04083,0.37893,0.063333,0.74844,0.00000,2.42586,0.37893
423,16.6530,2.42709,1.04083,0.44225,0.063333,0.75143,0.00000,2.42709,0.44225
424,16.6860,2.42832,1.04083,0.50557,0.063333,0.74814,0.00000,2.42832,0.50557
425,16.4690,2.42955,1.04083,0.56889,0.063333,0.75107,0.00000,2.42955,0.56889
426,17.4130,2.43078,1.04083,0.63221,0.063333,0.74207,0.00000,2.43078,0.63221
427,18.2030,2.43201,1.04083,0.69553,0.063333,0.76199,0.00000,2.43201,0.69553
428,14.7470,2.43324,1.04083,0.75885,0.063333,0.75000,0.00000,2.43324,0.75885
429,16.5070,2.43446,1.04083,0.82218,0.063333,0.74951,0.00000,2.43446,0.82218
430,16.8280,2.43569,1.04083,0.88550,0.063333,0.74759,0.00000,2.43569,0.88550
431,16.5790,2.43692,1.04083,0.94882,0.063333,0.74997,0.00000,2.43692,0.94882
432,16.5350,2.43815,1.04083,1.01214,0.063333,0.75003,0.00000,2.43815,1.01214
433,17.0710,2.43938,1.04083,1.07546,0.063333,0.75000,0.00000,2.43938,1.07546
434,16.6020,2.44061,1.04083,1.13878,0.063333,0.75000,0.00000,2.44061,1.13878
435,16.7960,2.44184,1.04083,1.20210,0.063333,0.74997,0.00000,2.44184,1.20210
436,18.2040,2.44306,1.04083,1.26543,0.063333,0.75003,0.00000,2.44306,1.26543
437,15.6930,2.44429,1.04083,1.32875,0.063333,0.75000,0.00000,2.44429,1.32875
438,16.1380,2.44552,1.04083,1.39207,0.063333,0.74997,0.00000,2.44552,1.39207
439,16.5040,2.44675,1.04083,1.45539,0.063333,0.75000,0.00000,2.44675,1.45539
440,18.8140,2.44798,1.04083,1.51871,0.063333,0.75003,0.00000,2.44798,1.51871
441,14.5980,2.44921,1.04083,1.58203,0.063333,0.75000,0.00000,2.44921,1.58203
442,16.4990,2.45044,1.04083,1.64536,0.063333,0.74997,0.00000,2.45044,1.64536
443,16.6130,2.45166,1.04083,1.70868,0.063333,0.75003,0.00000,2.45166,1.70868
444,16.6320,2.45289,1.04083,1.77200,0.063333,0.75000,0.00000,2.45289,1.77200
445,16.8200,2.45412,1.04083,1.83532,0.063333,0.75000,0.00000,2.45412,1.83532
446,521.8140,2.46395,1.04083,2.34189,0.506666,0.74997,0.00000,2.46395,2.34189
447,8.1030,2.46764,1.04083,2.53185,0.190000,6.19412,0.00000,2.46764,2.53185
448,0.8120,2.46764,1.04083,2.53185,0.000000,1.49997,0.00000,2.46764,2.53185
449,19.3830,2.46886,1.04083,2.59518,0.063333,0.20224,0.00000,2.46886,2.59518
450,16.4040,2.47009,1.04083,2.65850,0.063333,0.74411,0.00000,2.47009,2.65850
451,16.9990,2.47132,1.04083,2.72182,0.063333,0.73785,0.00000,2.47132,2.72182
452,16.7940,2.47132,1.04083,2.78153,0.059710,0.75000,0.00000,2.47132,2.78153
453,16.6120,2.47132,1.04083,2.83763,0.056099,0.74997,0.00000,2.47132,2.83763
454,16.5890,2.47132,1.04083,2.89012,0.052488,0.75003,0.00000,2.47132,2.89012
455,16.7080,2.47132,1.04083,2.93899,0.048877,0.75000,0.00000,2.47132,2.93899
456,16.6460,2.47132,1.04083,2.98426,0.045266,0.75000,0.00000,2.47132,2.98426
457,17.0340,2.47132,1.04083,3.02591,0.041655,0.74997,0.00000,2.47132,3.02591
458,18.0630,2.47132,1.04083,3.06396,0.038044,0.75003,0.00000,2.47132,3.06396
459,15.0100,2.47132,1.04083,3.09839,0.034432,0.75000,0.00000,2.47132,3.09839
460,16.3020,2.47132,1.04083,3.12921,0.030821,0.75000,0.00000,2.47132,3.12921
461,17.0070,2.47132,1.04083,3.15642,0.027210,0.75003,0.00000,2.47132,3.15642
462,16.2700,2.47132,1.04083,3.18002,0.023599,0.74997,0.00000,2.47132,3.18002
463,17.0330,2.47132,1.04083,3.20001,0.019988,0.75000,0.00000,2.47132,3.20001
464,16.7440,2.47161,1.04083,3.21055,0.010548,0.74997,0.00000,2.47161,3.21055
465,16.5320,2.47190,1.04083,3.21165,0.001137,0.75003,0.00000,2.47190,3.21165
466,16.9980,2.47219,1.04083,3.21025,0.001430,0.75000,0.00000,2.47219,3.21025
467,16.3840,2.47247,1.04083,3.20635,0.003911,0.75000,0.00000,2.47247,3.20635
468,16.5160,2.47275,1.04083,3.19995,0.006407,0.74997,0.00000,2.47275,3.19995
469,17.3160,2.47303,1.04083,3.19104,0.008910,0.75003,0.00000,2.47303,3.19104
470,16.5230,2.47331,1.04083,3.17963,0.011412,0.75000,0.00000,2.47331,3.17963
471,21.5430,2.47358,1.04083,3.16572,0.013913,0.75000,0.00000,2.47358,3.16572
472,11.3650,2.47385,1.04083,3.14931,0.016413,0.74997,0.00000,2.47385,3.14931
473,16.8090,2.47412,1.04083,3.13040,0.018913,0.75003,0.00000,2.47412,3.13040
474,16.2530,2.47439,1.04083,3.10899,0.021414,0.75000,0.00000,2.47439,3.10899
475,17.1030,2.47466,1.04083,3.08508,0.023913,0.75000,0.00000,2.47466,3.08508
476,18.2740,2.47492,1.04083,3.05867,0.026414,0.75003,0.00000,2.47492,3.05867
477,538.0570,2.47698,1.04083,2.75737,0.301307,0.74997,0.00000,2.47698,2.75737
478,5.2730,2.47749,1.04083,2.65704,0.100326,5.81580,0.00000,2.47749,2.65704
479,2.4890,2.47749,1.04083,2.65704,0.000000,1.50000,0.00000,2.47749,2.65704
480,19.3580,2.47774,1.04083,2.60313,0.053913,0.21808,0.00000,2.47774,2.60313
481,17.0500,2.47799,1.04083,2.54672,0.056413,0.73901,0.00000,2.47799,2.54672
482,16.5530,2.47824,1.04083,2.48780,0.058913,0.75003,0.00000,2.47824,2.48780
483,17.1350,2.47849,1.04083,2.42639,0.061413,0.74997,0.00000,2.47849,2.42639
484,16.1130,2.47874,1.04083,2.36306,0.063333,0.75000,0.00000,2.47874,2.36306
485,17.2160,2.47899,1.04083,2.29972,0.063333,0.75000,0.00000,2.47899,2.29972
486,16.1180,2.47925,1.04083,2.23639,0.063333,0.75003,0.00000,2.47925,2.23639
487,17.1620,2.47950,1.04083,2.17306,0.063333,0.74997,0.00000,2.47950,2.17306
488,16.3990,2.47975,1.04083,2.10973,0.063333,0.75000,0.00000,2.47975,2.10973
489,18.5380,2.48000,1.04083,2.04639,0.063333,0.75003,0.00000,2.48000,2.04639
490,14.5960,2.48025,1.04083,1.98306,0.063333,0.75000,0.00000,2.48025,1.98306
491,16.8910,2.48050,1.04083,1.91973,0.063333,0.74997,0.00000,2.48050,1.91973
492,16.2740,2.48075,1.04083,1.85640,0.063333,0.75000,0.00000,2.48075,1.85640
493,17.2560,2.48100,1.04083,1.79306,0.063333,0.75003,0.00000,2.48100,1.79306
494,16.5280,2.48125,1.04083,1.72973,0.063333,0.75000,0.00000,2.48125,1.72973
495,16.6200,2.48151,1.04083,1.66640,0.063333,0.74997,0.00000,2.48151,1.66640
496,16.4780,2.48176,1.04083,1.60306,0.063333,0.75000,0.00000,2.48176,1.60306
497,17.7440,2.48201,1.04083,1.53973,0.063333,0.75003,0.00000,2.48201,1.53973
498,15.6010,2.48226,1.04083,1.47640,0.063333,0.74997,0.00000,2.48226,1.47640
499,17.0410,2.48251,1.04083,1.41307,0.063333,0.75000,0.00000,2.48251,1.41307
500,16.5970,2.48276,1.04083,1.34973,0.063333,0.75000,0.00000,2.48276,1.34973
501,16.5770,2.48301,1.04083,1.28640,0.063333,0.75003,0.00000,2.48301,1.28640
502,21.5910,2.48326,1.04083,1.22307,0.063333,0.74997,0.00000,2.48326,1.22307
503,11.9060,2.48351,1.04083,1.15973,0.063333,0.75000,0.00000,2.48351,1.15973
504,16.4940,2.48376,1.04083,1.09640,0.063333,0.75003,0.00000,2.48376,1.09640
505,16.6990,2.48402,1.04083,1.03307,0.063333,0.75000,0.00000,2.48402,1.03307
506,16.6750,2.48427,1.04083,0.96974,0.063333,0.74997,0.00000,2.48427,0.96974
507,16.7210,2.48452,1.04083,0.90640,0.063333,0.75000,0.00000,2.48452,0.90640
508,16.5430,2.48477,1.04083,0.84307,0.063333,0.75003,0.00000,2.48477,0.84307
509,16.7280,2.48502,1.04083,0.77974,0.063333,0.75000,0.00000,2.48502,0.77974
510,16.4670,2.48527,1.04083,0.71640,0.063333,0.74997,0.00000,2.48527,0.71640
511,17.2010,2.48552,1.04083,0.65307,0.063333,0.75000,0.00000,2.48552,0.65307
512,16.4620,2.48577,1.04083,0.58974,0.063333,0.75003,0.00000,2.48577,0.58974
513,16.5230,2.48602,1.04083,0.52641,0.063333,0.74997,0.00000,2.48602,0.52641
514,16.4830,2.48628,1.04083,0.46307,0.063333,0.75000,0.00000,2.48628,0.46307
515,21.7470,2.48653,1.04083,0.39974,0.063333,0.75000,0.00000,2.48653,0.39974
516,12.0950,2.48678,1.04083,0.33641,0.063333,0.75003,0.00000,2.48678,0.33641
517,16.1170,2.48703,1.04083,0.27307,0.063333,0.74997,0.00000,2.48703,0.27307
518,17.2750,2.48728,1.04083,0.20974,0.063333,0.75000,0.00000,2.48728,0.20974
519,16.5590,2.48753,1.04083,0.14641,0.063333,0.75003,0.00000,2.48753,0.14641
520,16.3950,2.48778,1.04083,0.08308,0.063333,0.75000,0.00000,2.48778,0.08308
521,16.8860,2.48803,1.04083,0.01974,0.063333,0.74997,0.00000,2.48803,0.01974
522,16.7090,2.48828,1.04083,-0.04359,0.063333,0.75000,0.00000,2.48828,-0.04359
523,16.6050,2.48853,1.04083,-0.10692,0.063333,0.75003,0.00000,2.48853,-0.10692
524,16.6270,2.48879,1.04083,-0.17026,0.063333,0.75000,0.00000,2.48879,-0.17026
525,17.0590,2.48904,1.04083,-0.23359,0.063333,0.74997,0.00000,2.48904,-0.23359
526,16.4200,2.48929,1.04083,-0.29692,0.063333,0.75000,0.00000,2.48929,-0.29692
527,16.6090,2.48954,1.04083,-0.36025,0.063333,0.75003,0.00000,2.48954,-0.36025
528,21.4280,2.48979,1.04083,-0.42359,0.063333,0.75000,0.00000,2.48979,-0.42359
529,11.8680,2.49004,1.04083,-0.48692,0.063333,0.74994,0.00000,2.49004,-0.48692
530,16.6040,2.49029,1.04083,-0.55025,0.063333,0.75003,0.00000,2.49029,-0.55025
531,16.6670,2.49054,1.04083,-0.61359,0.063333,0.75006,0.00000,2.49054,-0.61359
532,17.0860,2.49079,1.04083,-0.67692,0.063333,0.74994,0.00000,2.49079,-0.67692
533,16.5700,2.49105,1.04083,-0.74025,0.063333,0.75000,0.00000,2.49105,-0.74025
534,38.6570,2.49130,1.04083,-0.80358,0.063333,0.75003,0.00000,2.49130,-0.80358
535,3.5900,2.49155,1.04083,-0.86692,0.063333,0.75000,0.00000,2.49155,-0.86692
536,7.4800,2.49180,1.04083,-0.93025,0.063333,0.82953,0.00000,2.49180,-0.93025
537,16.9950,2.49205,1.04083,-0.99358,0.063333,0.70370,0.00000,2.49205,-0.99358
538,16.7130,2.49230,1.04083,-1.05691,0.063333,0.74734,0.00000,2.49230,-1.05691
539,16.4150,2.49255,1.04083,-1.12025,0.063333,0.74994,0.00000,2.49255,-1.12025
540,18.2820,2.49280,1.04083,-1.18358,0.063333,0.75003,0.00000,2.49280,-1.18358
541,14.6110,2.49305,1.04083,-1.24691,0.063333,0.74994,0.00000,2.49305,-1.24691
542,17.0640,2.49330,1.04083,-1.31025,0.063333,0.75006,0.00000,2.49330,-1.31025
543,16.5900,2.49356,1.04083,-1.37358,0.063333,0.75003,0.00000,2.49356,-1.37358
544,16.5690,2.49381,1.04083,-1.43691,0.063333,0.74994,0.00000,2.49381,-1.43691
545,16.6240,2.49406,1.04083,-1.50024,0.063333,0.75003,0.00000,2.49406,-1.50024
546,16.6290,2.49406,1.04083,-1.55997,0.059722,0.75000,0.00000,2.49406,-1.55997
547,16.3570,2.49406,1.04083,-1.61608,0.056111,0.75000,0.00000,2.49406,-1.61608
548,16.6710,2.49406,1.04083,-1.66858,0.052500,0.74997,0.00000,2.49406,-1.66858
549,16.6480,2.49406,1.04083,-1.71746,0.048888,0.75006,0.00000,2.49406,-1.71746
550,17.0260,2.49406,1.04083,-1.76274,0.045277,0.74994,0.00000,2.49406,-1.76274
551,16.1770,2.49406,1.04083,-1.80441,0.041666,0.75003,0.00000,2.49406,-1.80441
552,16.8290,2.49406,1.04083,-1.84246,0.038055,0.75000,0.00000,2.49406,-1.84246
553,18.3620,2.49406,1.04083,-1.87691,0.034444,0.75000,0.00000,2.49406,-1.87691
554,14.8540,2.49406,1.04083,-1.90774,0.030833,0.75000,0.00000,2.49406,-1.90774
555,16.7810,2.49406,1.04083,-1.93496,0.027222,0.74997,0.00000,2.49406,-1.93496
556,16.5230,2.49406,1.04083,-1.95857,0.023611,0.75000,0.00000,2.49406,-1.95857
557,16.8250,2.49406,1.04083,-1.97857,0.020000,0.75003,0.00000,2.49406,-1.97857
558,16.5960,2.49412,1.04083,-1.98913,0.010555,0.75000,0.00000,2.49412,-1.98913
559,16.9650,2.49418,1.04083,-1.99024,0.001112,0.74994,0.00000,2.49418,-1.99024
560,16.4190,2.49424,1.04083,-1.98885,0.001391,0.75003,0.00000,2.49424,-1.98885
561,16.5230,2.49430,1.04083,-1.98496,0.003890,0.75006,0.00000,2.49430,-1.98496
562,16.7220,2.49436,1.04083,-1.97857,0.006390,0.74994,0.00000,2.49436,-1.97857
563,16.7330,2.49441,1.04083,-1.96968,0.008890,0.75003,0.00000,2.49441,-1.96968
564,16.6270,2.49447,1.04083,-1.95829,0.011390,0.75000,0.00000,2.49447,-1.95829
565,16.6790,2.49453,1.04083,-1.94440,0.013890,0.75000,0.00000,2.49453,-1.94440
566,21.4720,2.49458,1.04083,-1.92801,0.016390,0.75003,0.00000,2.49458,-1.92801
567,11.9390,2.49464,1.04083,-1.90912,0.018890,0.74994,0.00000,2.49464,-1.90912
568,16.6420,2.49470,1.04083,-1.88773,0.021390,0.75000,0.00000,2.49470,-1.88773
569,16.7460,2.49475,1.04083,-1.86384,0.023890,0.75003,0.00000,2.49475,-1.86384
570,16.7880,2.49481,1.04083,-1.83745,0.026390,0.74994,0.00000,2.49481,-1.83745
571,16.5510,2.49486,1.04083,-1.80856,0.028890,0.75003,0.00000,2.49486,-1.80856
572,16.6780,2.49491,1.04083,-1.77717,0.031390,0.75006,0.00000,2.49491,-1.77717
573,16.8430,2.49497,1.04083,-1.74328,0.033890,0.74994,0.00000,2.49497,-1.74328
574,16.5610,2.49502,1.04083,-1.70689,0.036390,0.75003,0.00000,2.49502,-1.70689
575,16.5240,2.49508,1.04083,-1.66800,0.038890,0.75000,0.00000,2.49508,-1.66800
576,16.8700,2.49513,1.04083,-1.62661,0.041390,0.75000,0.00000,2.49513,-1.62661
577,16.5290,2.49518,1.04083,-1.58272,0.043890,0.75000,0.00000,2.49518,-1.58272
578,16.4930,2.49523,1.04083,-1.53633,0.046390,0.74997,0.00000,2.49523,-1.53633
579,21.7850,2.49529,1.04083,-1.48744,0.048890,0.75000,0.00000,2.49529,-1.48744
580,12.0380,2.49534,1.04083,-1.43605,0.051390,0.75003,0.00000,2.49534,-1.43605
581,16.4410,2.49539,1.04083,-1.38216,0.053890,0.75000,0.00000,2.49539,-1.38216
582,16.6780,2.49544,1.04083,-1.32577,0.056390,0.74994,0.00000,2.49544,-1.32577
583,17.2110,2.49550,1.04083,-1.26688,0.058890,0.75006,0.00000,2.49550,-1.26688
584,16.3350,2.49555,1.04083,-1.20549,0.061390,0.75003,0.00000,2.49555,-1.20549
585,16.8460,2.49560,1.04083,-1.14216,0.063333,0.74994,0.00000,2.49560,-1.14216
586,16.6950,2.49565,1.04083,-1.07883,0.063333,0.75003,0.00000,2.49565,-1.07883
587,16.9230,2.49571,1.04083,-1.01549,0.063333,0.75000,0.00000,2.49571,-1.01549
588,16.5950,2.49576,1.04083,-0.95216,0.063333,0.75000,0.00000,2.49576,-0.95216
589,16.4740,2.49581,1.04083,-0.88883,0.063333,0.74997,0.00000,2.49581,-0.88883
590,16.6660,2.49586,1.04083,-0.82549,0.063333,0.75000,0.00000,2.49586,-0.82549
591,17.0070,2.49591,1.04083,-0.76216,0.063333,0.75000,0.00000,2.49591,-0.76216
592,18.2380,2.49597,1.04083,-0.69883,0.063333,0.75003,0.00000,2.49597,-0.69883
593,15.0840,2.49602,1.04083,-0.63549,0.063333,0.74994,0.00000,2.49602,-0.63549
594,16.6030,2.49607,1.04083,-0.57216,0.063333,0.75006,0.00000,2.49607,-0.57216
595,16.2430,2.49612,1.04083,-0.50883,0.063333,0.75003,0.00000,2.49612,-0.50883
596,16.5630,2.49618,1.04083,-0.44549,0.063333,0.75000,0.00000,2.49618,-0.44549
597,17.0420,2.49623,1.04083,-0.38216,0.063333,0.74994,0.00000,2.49623,-0.38216
598,16.8100,2.49628,1.04083,-0.31883,0.063333,0.75003,0.00000,2.49628,-0.31883
599,16.3280,2.49633,1.04083,-0.25549,0.063333,0.75000,0.00000,2.49633,-0.25549
600,16.4810,2.49638,1.04083,-0.19216,0.063333,0.75000,0.00000,2.49638,-0.19216
601,16.6420,2.49644,1.04083,-0.12883,0.063333,0.75000,0.00000,2.49644,-0.12883
602,16.4040,2.49649,1.04083,-0.06549,0.063333,0.75000,0.00000,2.49649,-0.06549
603,17.5490,2.49654,1.04083,-0.00216,0.063333,0.75000,0.00000,2.49654,-0.00216
604,16.7160,2.49659,1.04083,0.06117,0.063333,0.75000,0.00000,2.49659,0.06117
605,18.2500,2.49664,1.04083,0.12451,0.063333,0.74994,0.00000,2.49664,0.12451
606,15.0870,2.49670,1.04083,0.18784,0.063333,0.75006,0.00000,2.49670,0.18784
607,16.4000,2.49675,1.04083,0.25117,0.063333,0.75000,0.00000,2.49675,0.25117
608,16.7870,2.49680,1.04083,0.31451,0.063333,0.75000,0.00000,2.49680,0.31451
609,16.6910,2.49685,1.04083,0.37784,0.063333,0.75000,0.00000,2.49685,0.37784
610,16.6960,2.49691,1.04083,0.44117,0.063333,0.75000,0.00000,2.49691,0.44117
611,16.6380,2.49696,1.04083,0.50451,0.063333,0.75000,0.00000,2.49696,0.50451
612,16.7530,2.49701,1.04083,0.56784,0.063333,0.75000,0.00000,2.49701,0.56784
613,16.3620,2.49706,1.04083,0.63117,0.063333,0.75000,0.00000,2.49706,0.63117
614,16.5760,2.49711,1.04083,0.69451,0.063333,0.75000,0.00000,2.49711,0.69451
615,17.1560,2.49717,1.04083,0.75784,0.063333,0.75000,0.00000,2.49717,0.75784
616,16.5090,2.49722,1.04083,0.82117,0.063333,0.75000,0.00000,2.49722,0.82117
617,16.6400,2.49727,1.04083,0.88451,0.063333,0.75000,0.00000,2.49727,0.88451
618,18.2810,2.49732,1.04083,0.94784,0.063333,0.75000,0.00000,2.49732,0.94784
619,14.9190,2.49738,1.04083,1.01117,0.063333,0.75000,0.00000,2.49738,1.01117
620,16.7730,2.49743,1.04083,1.07451,0.063333,0.74994,0.00000,2.49743,1.07451
621,16.6890,2.49748,1.04083,1.13784,0.063333,0.75006,0.00000,2.49748,1.13784
622,533.5950,2.49790,1.04083,1.64451,0.506666,0.75000,0.00000,2.49790,1.64451
623,10.5450,2.49800,1.04083,1.77117,0.126667,5.76233,0.00000,2.49800,1.77117
624,3.2560,2.49800,1.04083,1.77117,0.000000,1.50000,0.00000,2.49800,1.77117
625,19.3690,2.49805,1.04083,1.83451,0.063333,0.27026,0.00000,2.49805,1.83451
626,16.3810,2.49811,1.04083,1.89784,0.063333,0.74976,0.00000,2.49811,1.89784
627,16.7530,2.49816,1.04083,1.96117,0.063333,0.75000,0.00000,2.49816,1.96117
628,16.8420,2.49821,1.04083,2.02451,0.063333,0.75000,0.00000,2.49821,2.02451
629,16.3100,2.49826,1.04083,2.08784,0.063333,0.75000,0.00000,2.49826,2.08784
630,16.5370,2.49831,1.04083,2.15117,0.063333,0.75000,0.00000,2.49831,2.15117
631,16.8940,2.49837,1.04083,2.21451,0.063333,0.75000,0.00000,2.49837,2.21451
632,16.3610,2.49842,1.04083,2.27784,0.063333,0.75000,0.00000,2.49842,2.27784
633,17.8230,2.49847,1.04083,2.34117,0.063333,0.75000,0.00000,2.49847,2.34117
634,16.6000,2.49852,1.04083,2.40451,0.063333,0.75000,0.00000,2.49852,2.40451
635,16.7180,2.49858,1.04083,2.46784,0.063333,0.75000,0.00000,2.49858,2.46784
636,21.6230,2.49863,1.04083,2.53117,0.063333,0.75000,0.00000,2.49863,2.53117
637,11.4180,2.49868,1.04083,2.59451,0.063333,0.74664,0.00000,2.49868,2.59451
638,16.8160,2.49873,1.04083,2.65784,0.063333,0.74994,0.00000,2.49873,2.65784
639,16.5870,2.49878,1.04083,2.72117,0.063333,0.75006,0.00000,2.49878,2.72117
640,16.8160,2.49878,1.04083,2.78089,0.059722,0.75000,0.00000,2.49878,2.78089
641,16.5700,2.49878,1.04083,2.83701,0.056111,0.74994,0.00000,2.49878,2.83701
642,16.5540,2.49878,1.04083,2.88951,0.052500,0.75000,0.00000,2.49878,2.88951
643,16.9640,2.49878,1.04083,2.93839,0.048889,0.75006,0.00000,2.49878,2.93839
644,16.6140,2.49878,1.04083,2.98367,0.045278,0.75000,0.00000,2.49878,2.98367
645,16.6970,2.49878,1.04083,3.02534,0.041667,0.74994,0.00000,2.49878,3.02534
646,16.6000,2.49878,1.04083,3.06339,0.038055,0.75006,0.00000,2.49878,3.06339
647,16.6890,2.49878,1.04083,3.09784,0.034444,0.75000,0.00000,2.49878,3.09784
648,16.5740,2.49878,1.04083,3.12867,0.030833,0.75000,0.00000,2.49878,3.12867
649,21.4380,2.49878,1.04083,3.15589,0.027222,0.74994,0.00000,2.49878,3.15589
650,11.9360,2.49878,1.04083,3.17951,0.023611,0.75006,0.00000,2.49878,3.17951
651,16.7460,2.49878,1.04083,3.19951,0.020000,0.75000,0.00000,2.49878,3.19951
652,16.5770,2.49880,1.04083,3.21006,0.010556,0.75000,0.00000,2.49880,3.21006
653,16.5610,2.49881,1.04083,3.21117,0.001111,0.74994,0.00000,2.49881,3.21117
654,16.6830,2.49882,1.04083,3.20978,0.001389,0.75006,0.00000,2.49882,3.20978
655,16.8500,2.49883,1.04083,3.20589,0.003889,0.75000,0.00000,2.49883,3.20589
656,16.8650,2.49884,1.04083,3.19951,0.006389,0.74994,0.00000,2.49884,3.19951
657,16.3960,2.49886,1.04083,3.19062,0.008889,0.75000,0.00000,2.49886,3.19062
658,16.8650,2.49887,1.04083,3.17923,0.011389,0.75006,0.00000,2.49887,3.17923
659,16.5170,2.49888,1.04083,3.16534,0.013889,0.75000,0.00000,2.49888,3.16534
660,16.3500,2.49889,1.04083,3.14895,0.016389,0.74994,0.00000,2.49889,3.14895
661,16.9960,2.49890,1.04083,3.13006,0.018889,0.75006,0.00000,2.49890,3.13006
662,20.8870,2.49891,1.04083,3.10867,0.021389,0.75000,0.00000,2.49891,3.10867
663,12.1780,2.49893,1.04083,3.08478,0.023889,0.75000,0.00000,2.49893,3.08478
664,16.5400,2.49894,1.04083,3.05839,0.026389,0.74994,0.00000,2.49894,3.05839
665,16.5570,2.49895,1.04083,3.02951,0.028889,0.75006,0.00000,2.49895,3.02951
666,16.6710,2.49896,1.04083,2.99812,0.031389,0.75000,0.00000,2.49896,2.99812
667,16.6760,2.49897,1.04083,2.96423,0.033889,0.75000,0.00000,2.49897,2.96423
668,16.5880,2.49898,1.04083,2.92784,0.036389,0.74994,0.00000,2.49898,2.92784
669,16.8170,2.49899,1.04083,2.88895,0.038889,0.75006,0.00000,2.49899,2.88895
670,16.7370,2.49900,1.04083,2.84756,0.041389,0.75000,0.00000,2.49900,2.84756
671,16.8370,2.49901,1.04083,2.80367,0.043889,0.74994,0.00000,2.49901,2.80367
672,16.2470,2.49902,1.04083,2.75728,0.046389,0.75000,0.00000,2.49902,2.75728
673,16.9520,2.49903,1.04083,2.70839,0.048889,0.75006,0.00000,2.49903,2.70839
674,16.7020,2.49905,1.04083,2.65700,0.051389,0.75000,0.00000,2.49905,2.65700
675,18.1770,2.49906,1.04083,2.60312,0.053889,0.74994,0.00000,2.49906,2.60312
676,15.1200,2.49907,1.04083,2.54673,0.056389,0.75006,0.00000,2.49907,2.54673
677,16.7600,2.49908,1.04083,2.48784,0.058889,0.75000,0.00000,2.49908,2.48784
678,16.6880,2.49909,1.04083,2.42645,0.061389,0.75000,0.00000,2.49909,2.42645
679,16.7850,2.49910,1.04083,2.36312,0.063333,0.74994,0.00000,2.49910,2.36312
680,16.8890,2.49911,1.04083,2.29978,0.063333,0.75006,0.00000,2.49911,2.29978
681,16.6890,2.49912,1.04083,2.23645,0.063333,0.75000,0.00000,2.49912,2.23645
682,16.5630,2.49913,1.04083,2.17312,0.063333,0.75000,0.00000,2.49913,2.17312
683,17.0780,2.49914,1.04083,2.10978,0.063333,0.74994,0.00000,2.49914,2.10978
684,16.6720,2.49915,1.04083,2.04645,0.063333,0.75006,0.00000,2.49915,2.04645
685,16.4540,2.49916,1.04083,1.98312,0.063333,0.75000,0.00000,2.49916,1.98312
686,16.5930,2.49917,1.04083,1.91978,0.063333,0.74994,0.00000,2.49917,1.91978
687,16.6760,2.49918,1.04083,1.85645,0.063333,0.75000,0.00000,2.49918,1.85645
688,18.6350,2.49920,1.04083,1.79312,0.063333,0.75006,0.00000,2.49920,1.79312
689,14.8240,2.49921,1.04083,1.72978,0.063333,0.75000,0.00000,2.49921,1.72978
690,16.7250,2.49922,1.04083,1.66645,0.063333,0.74994,0.00000,2.49922,1.66645
691,16.8350,2.49923,1.04083,1.60312,0.063333,0.75006,0.00000,2.49923,1.60312
692,16.7620,2.49924,1.04083,1.53978,0.063333,0.75000,0.00000,2.49924,1.53978
693,16.7070,2.49925,1.04083,1.47645,0.063333,0.75000,0.00000,2.49925,1.47645
694,16.5340,2.49926,1.04083,1.41312,0.063333,0.74994,0.00000,2.49926,1.41312
695,16.7410,2.49927,1.04083,1.34978,0.063333,0.75006,0.00000,2.49927,1.34978
696,16.4850,2.49928,1.04083,1.28645,0.063333,0.75000,0.00000,2.49928,1.28645
697,16.7230,2.49929,1.04083,1.22312,0.063333,0.75000,0.00000,2.49929,1.22312
698,16.8240,2.49930,1.04083,1.15978,0.063333,0.74994,0.00000,2.49930,1.15978
699,16.4890,2.49931,1.04083,1.09645,0.063333,0.75006,0.00000,2.49931,1.09645
700,16.8260,2.49932,1.04083,1.03312,0.063333,0.75000,0.00000,2.49932,1.03312
701,18.2600,2.49933,1.04083,0.96978,0.063333,0.74994,0.00000,2.49933,0.96978
702,15.0330,2.49935,1.04083,0.90645,0.063333,0.75000,0.00000,2.49935,0.90645
703,16.7200,2.49936,1.04083,0.84312,0.063333,0.75006,0.00000,2.49936,0.84312
704,16.4440,2.49937,1.04083,0.77978,0.063333,0.75000,0.00000,2.49937,0.77978
705,16.8630,2.49938,1.04083,0.71645,0.063333,0.74994,0.00000,2.49938,0.71645
706,16.5980,2.49939,1.04083,0.65312,0.063333,0.75006,0.00000,2.49939,0.65312
707,16.4700,2.49940,1.04083,0.58978,0.063333,0.75000,0.00000,2.49940,0.58978
708,16.9170,2.49941,1.04083,0.52645,0.063333,0.75000,0.00000,2.49941,0.52645
709,16.7670,2.49942,1.04083,0.46312,0.063333,0.74994,0.00000,2.49942,0.46312
710,16.5530,2.49943,1.04083,0.39978,0.063333,0.75006,0.00000,2.49943,0.39978
711,16.6460,2.49944,1.04083,0.33645,0.063333,0.75000,0.00000,2.49944,0.33645
712,17.0410,2.49945,1.04083,0.27312,0.063333,0.75000,0.00000,2.49945,0.27312
713,16.2680,2.49946,1.04083,0.20978,0.063333,0.74994,0.00000,2.49946,0.20978
714,21.9770,2.49947,1.04083,0.14645,0.063333,0.75006,0.00000,2.49947,0.14645
715,11.5170,2.49948,1.04083,0.08312,0.063333,0.75000,0.00000,2.49948,0.08312
716,16.6030,2.49949,1.04083,0.01978,0.063333,0.74994,0.00000,2.49949,0.01978
717,16.5610,2.49950,1.04083,-0.04355,0.063333,0.75000,0.00000,2.49950,-0.04355
718,16.7130,2.49952,1.04083,-0.10688,0.063333,0.75006,0.00000,2.49952,-0.10688
719,16.9130,2.49953,1.04083,-0.17022,0.063333,0.75000,0.00000,2.49953,-0.17022
720,16.5320,2.49954,1.04083,-0.23355,0.063333,0.74994,0.00000,2.49954,-0.23355
721,16.6120,2.49955,1.04083,-0.29688,0.063333,0.75006,0.00000,2.49955,-0.29688
722,16.5190,2.49956,1.04083,-0.36022,0.063333,0.75000,0.00000,2.49956,-0.36022
723,16.8600,2.49957,1.04083,-0.42355,0.063333,0.75000,0.00000,2.49957,-0.42355
724,16.6630,2.49958,1.04083,-0.48688,0.063333,0.74994,0.00000,2.49958,-0.48688
725,16.7420,2.49959,1.04083,-0.55022,0.063333,0.75006,0.00000,2.49959,-0.55022
726,16.9040,2.49960,1.04083,-0.61355,0.063333,0.75000,0.00000,2.49960,-0.61355
727,21.2480,2.49961,1.04083,-0.67688,0.063333,0.75000,0.00000,2.49961,-0.67688
728,11.6480,2.49962,1.04083,-0.74022,0.063333,0.74994,0.00000,2.49962,-0.74022
729,16.7250,2.49963,1.04083,-0.80355,0.063333,0.75006,0.00000,2.49963,-0.80355
730,16.8500,2.49964,1.04083,-0.86688,0.063333,0.75000,0.00000,2.49964,-0.86688
731,16.4810,2.49965,1.04083,-0.93022,0.063333,0.74994,0.00000,2.49965,-0.93022
732,16.7790,2.49966,1.04083,-0.99355,0.063333,0.75000,0.00000,2.49966,-0.99355
733,16.8060,2.49967,1.04083,-1.05688,0.063333,0.75006,0.00000,2.49967,-1.05688
734,16.4320,2.49969,1.04083,-1.12022,0.063333,0.75000,0.00000,2.49969,-1.12022
735,16.7090,2.49970,1.04083,-1.18355,0.063333,0.74994,0.00000,2.49970,-1.18355
736,16.8100,2.49971,1.04083,-1.24688,0.063333,0.75006,0.00000,2.49971,-1.24688
737,16.6500,2.49972,1.04083,-1.31022,0.063333,0.75000,0.00000,2.49972,-1.31022
738,16.6900,2.49973,1.04083,-1.37355,0.063333,0.75000,0.00000,2.49973,-1.37355
739,16.5480,2.49974,1.04083,-1.43688,0.063333,0.74994,0.00000,2.49974,-1.43688
740,22.1840,2.49975,1.04083,-1.50022,0.063333,0.75006,0.00000,2.49975,-1.50022
741,11.3310,2.49975,1.04083,-1.55994,0.059722,0.75000,0.00000,2.49975,-1.55994
742,16.4850,2.49975,1.04083,-1.61605,0.056111,0.75000,0.00000,2.49975,-1.61605
743,16.9710,2.49975,1.04083,-1.66855,0.052500,0.74994,0.00000,2.49975,-1.66855
744,16.7660,2.49975,1.04083,-1.71744,0.048889,0.75006,0.00000,2.49975,-1.71744
745,16.3530,2.49975,1.04083,-1.76272,0.045278,0.75000,0.00000,2.49975,-1.76272
746,16.6940,2.49975,1.04083,-1.80438,0.041667,0.74994,0.00000,2.49975,-1.80438
747,16.7750,2.49975,1.04083,-1.84244,0.038056,0.75000,0.00000,2.49975,-1.84244
748,16.4730,2.49975,1.04083,-1.87688,0.034444,0.75006,0.00000,2.49975,-1.87688
749,16.7340,2.49975,1.04083,-1.90772,0.030833,0.75000,0.00000,2.49975,-1.90772
750,16.7520,2.49975,1.04083,-1.93494,0.027222,0.74994,0.00000,2.49975,-1.93494
751,16.7090,2.49975,1.04083,-1.95855,0.023611,0.75006,0.00000,2.49975,-1.95855
752,16.6530,2.49975,1.04083,-1.97855,0.020000,0.75000,0.00000,2.49975,-1.97855
753,19.0890,2.49975,1.04083,-1.98911,0.010556,0.75000,0.00000,2.49975,-1.98911
754,15.1400,2.49975,1.04083,-1.99022,0.001111,0.74994,0.00000,2.49975,-1.99022
755,16.3760,2.49976,1.04083,-1.98883,0.001389,0.75006,0.00000,2.49976,-1.98883
756,16.6820,2.49976,1.04083,-1.98494,0.003889,0.75000,0.00000,2.49976,-1.98494
757,16.4910,2.49976,1.04083,-1.97855,0.006389,0.75000,0.00000,2.49976,-1.97855
758,16.8260,2.49976,1.04083,-1.96966,0.008889,0.74994,0.00000,2.49976,-1.96966
759,16.5300,2.49977,1.04083,-1.95827,0.011389,0.75006,0.00000,2.49977,-1.95827
760,16.6470,2.49977,1.04083,-1.94438,0.013889,0.75000,0.00000,2.49977,-1.94438
761,16.8440,2.49977,1.04083,-1.92799,0.016389,0.74994,0.00000,2.49977,-1.92799
762,16.6270,2.49977,1.04083,-1.90911,0.018889,0.75000,0.00000,2.49977,-1.90911
763,16.7060,2.49978,1.04083,-1.88772,0.021389,0.75006,0.00000,2.49978,-1.88772
764,16.5400,2.49978,1.04083,-1.86383,0.023889,0.75000,0.00000,2.49978,-1.86383
765,16.7450,2.49978,1.04083,-1.83744,0.026389,0.74994,0.00000,2.49978,-1.83744
766,18.5370,2.49978,1.04083,-1.80855,0.028889,0.75006,0.00000,2.49978,-1.80855
767,15.0460,2.49979,1.04083,-1.77716,0.031389,0.75000,0.00000,2.49979,-1.77716
768,16.6370,2.49979,1.04083,-1.74327,0.033889,0.75000,0.00000,2.49979,-1.74327
769,16.5370,2.49979,1.04083,-1.70688,0.036389,0.74994,0.00000,2.49979,-1.70688
770,16.5730,2.49979,1.04083,-1.66799,0.038889,0.75006,0.00000,2.49979,-1.66799
771,16.7250,2.49979,1.04083,-1.62660,0.041389,0.75000,0.00000,2.49979,-1.62660
772,16.7330,2.49980,1.04083,-1.58272,0.043889,0.75000,0.00000,2.49980,-1.58272
773,16.7100,2.49980,1.04083,-1.53633,0.046389,0.74994,0.00000,2.49980,-1.53633
774,16.5450,2.49980,1.04083,-1.48744,0.048889,0.75006,0.00000,2.49980,-1.48744
775,17.0660,2.49980,1.04083,-1.43605,0.051389,0.75000,0.00000,2.49980,-1.43605
776,16.1350,2.49980,1.04083,-1.38216,0.053889,0.74994,0.00000,2.49980,-1.38216
777,17.0350,2.49981,1.04083,-1.32577,0.056389,0.75000,0.00000,2.49981,-1.32577
778,16.4180,2.49981,1.04083,-1.26688,0.058889,0.75006,0.00000,2.49981,-1.26688
779,20.8920,2.49981,1.04083,-1.20549,0.061389,0.75000,0.00000,2.49981,-1.20549
780,12.6310,2.49981,1.04083,-1.14216,0.063333,0.74994,0.00000,2.49981,-1.14216
781,16.5250,2.49982,1.04083,-1.07883,0.063333,0.75006,0.00000,2.49982,-1.07883
782,16.7450,2.49982,1.04083,-1.01549,0.063333,0.75000,0.00000,2.49982,-1.01549
783,16.7470,2.49982,1.04083,-0.95216,0.063333,0.75000,0.00000,2.49982,-0.95216
784,16.5430,2.49982,1.04083,-0.88883,0.063333,0.74994,0.00000,2.49982,-0.88883
785,16.6560,2.49982,1.04083,-0.82549,0.063333,0.75006,0.00000,2.49982,-0.82549
786,16.7460,2.49983,1.04083,-0.76216,0.063333,0.75000,0.00000,2.49983,-0.76216
787,16.8230,2.49983,1.04083,-0.69883,0.063333,0.75000,0.00000,2.49983,-0.69883
788,16.4600,2.49983,1.04083,-0.63549,0.063333,0.74994,0.00000,2.49983,-0.63549
789,16.7970,2.49983,1.04083,-0.57216,0.063333,0.75006,0.00000,2.49983,-0.57216
790,16.3310,2.49983,1.04083,-0.50883,0.063333,0.75000,0.00000,2.49983,-0.50883
791,16.5760,2.49984,1.04083,-0.44549,0.063333,0.74994,0.00000,2.49984,-0.44549
792,21.5000,2.49984,1.04083,-0.38216,0.063333,0.75000,0.00000,2.49984,-0.38216
793,11.6930,2.49984,1.04083,-0.31883,0.063333,0.75006,0.00000,2.49984,-0.31883
794,16.6490,2.49984,1.04083,-0.25549,0.063333,0.75000,0.00000,2.49984,-0.25549
795,16.7260,2.49985,1.04083,-0.19216,0.063333,0.74994,0.00000,2.49985,-0.19216
796,16.9210,2.49985,1.04083,-0.12883,0.063333,0.75006,0.00000,2.49985,-0.12883
797,16.5310,2.49985,1.04083,-0.06549,0.063333,0.75000,0.00000,2.49985,-0.06549
798,16.7550,2.49985,1.04083,-0.00216,0.063333,0.75000,0.00000,2.49985,-0.00216
799,16.5970,2.49985,1.04083,0.06117,0.063333,0.74994,0.00000,2.49985,0.06117
800,16.6350,2.49986,1.04083,0.12451,0.063333,0.75006,0.00000,2.49986,0.12451
801,16.8540,2.49986,1.04083,0.18784,0.063333,0.75000,0.00000,2.49986,0.18784
802,16.4550,2.49986,1.04083,0.25117,0.063333,0.75000,0.00000,2.49986,0.25117
803,17.4390,2.49986,1.04083,0.31451,0.063333,0.74994,0.00000,2.49986,0.31451
804,16.3730,2.49986,1.04083,0.37784,0.063333,0.75006,0.00000,2.49986,0.37784
805,22.0030,2.49987,1.04083,0.44117,0.063333,0.75000,0.00000,2.49987,0.44117
806,11.3130,2.49987,1.04083,0.50451,0.063333,0.74994,0.00000,2.49987,0.50451
807,16.7230,2.49987,1.04083,0.56784,0.063333,0.75000,0.00000,2.49987,0.56784
808,16.9500,2.49987,1.04083,0.63117,0.063333,0.75006,0.00000,2.49987,0.63117
809,16.4460,2.49988,1.04083,0.69451,0.063333,0.75000,0.00000,2.49988,0.69451
810,16.9190,2.49988,1.04083,0.75784,0.063333,0.74994,0.00000,2.49988,0.75784
811,16.2930,2.49988,1.04083,0.82117,0.063333,0.75006,0.00000,2.49988,0.82117
812,16.7040,2.49988,1.04083,0.88451,0.063333,0.75000,0.00000,2.49988,0.88451
813,16.7930,2.49988,1.04083,0.94784,0.063333,0.75000,0.00000,2.49988,0.94784
814,16.6870,2.49989,1.04083,1.01117,0.063333,0.74994,0.00000,2.49989,1.01117
815,16.6640,2.49989,1.04083,1.07451,0.063333,0.75006,0.00000,2.49989,1.07451
816,16.7050,2.49989,1.04083,1.13784,0.063333,0.75000,0.00000,2.49989,1.13784
817,16.9770,2.49989,1.04083,1.20117,0.063333,0.75000,0.00000,2.49989,1.20117
818,21.2810,2.49990,1.04083,1.26451,0.063333,0.74994,0.00000,2.49990,1.26451
819,11.6410,2.49990,1.04083,1.32784,0.063333,0.75006,0.00000,2.49990,1.32784
820,16.5930,2.49990,1.04083,1.39117,0.063333,0.75000,0.00000,2.49990,1.39117
821,16.5850,2.49990,1.04083,1.45451,0.063333,0.74994,0.00000,2.49990,1.45451
822,16.8320,2.49990,1.04083,1.51784,0.063333,0.75000,0.00000,2.49990,1.51784
823,16.4840,2.49991,1.04083,1.58117,0.063333,0.75006,0.00000,2.49991,1.58117
824,16.4220,2.49991,1.04083,1.64451,0.063333,0.75000,0.00000,2.49991,1.64451
825,16.4660,2.49991,1.04083,1.70784,0.063333,0.74994,0.00000,2.49991,1.70784
826,16.5100,2.49991,1.04083,1.77117,0.063333,0.75006,0.00000,2.49991,1.77117
827,16.8420,2.49992,1.04083,1.83451,0.063333,0.75000,0.00000,2.49992,1.83451
828,16.6160,2.49992,1.04083,1.89784,0.063333,0.75000,0.00000,2.49992,1.89784
829,16.6160,2.49992,1.04083,1.96117,0.063333,0.74994,0.00000,2.49992,1.96117
830,16.3140,2.49992,1.04083,2.02451,0.063333,0.75006,0.00000,2.49992,2.02451
831,22.2860,2.49992,1.04083,2.08784,0.063333,0.75000,0.00000,2.49992,2.08784
832,11.4360,2.49993,1.04083,2.15117,0.063333,0.75000,0.00000,2.49993,2.15117
833,16.5670,2.49993,1.04083,2.21450,0.063333,0.74994,0.00000,2.49993,2.21450
834,16.7440,2.49993,1.04083,2.27784,0.063333,0.75006,0.00000,2.49993,2.27784
835,529.9290,2.49995,1.04083,2.78089,0.503055,0.75000,0.00000,2.49995,2.78089
836,9.0080,2.49995,1.04083,2.93839,0.157500,6.48334,0.00000,2.49995,2.93839
837,10.8730,2.49995,1.04083,2.98367,0.045278,1.82684,0.00000,2.49995,2.98367
838,16.8130,2.49995,1.04083,3.02534,0.041667,0.74994,0.00000,2.49995,3.02534
839,16.8060,2.49995,1.04083,3.06339,0.038056,0.75000,0.00000,2.49995,3.06339
840,17.6130,2.49995,1.04083,3.09784,0.034444,0.74994,0.00000,2.49995,3.09784
841,16.1830,2.49995,1.04083,3.12867,0.030833,0.75006,0.00000,2.49995,3.12867
842,16.9470,2.49995,1.04083,3.15589,0.027222,0.75000,0.00000,2.49995,3.15589
843,16.4340,2.49995,1.04083,3.17950,0.023611,0.74994,0.00000,2.49995,3.17950
844,16.5260,2.49995,1.04083,3.19950,0.020000,0.75000,0.00000,2.49995,3.19950
845,16.8970,2.49995,1.04083,3.21006,0.010556,0.75006,0.00000,2.49995,3.21006
846,16.5180,2.49995,1.04083,3.21117,0.001111,0.75000,0.00000,2.49995,3.21117
847,16.8770,2.49995,1.04083,3.20978,0.001389,0.74994,0.00000,2.49995,3.20978
848,16.7680,2.49995,1.04083,3.20589,0.003889,0.75000,0.00000,2.49995,3.20589
849,20.8600,2.49995,1.04083,3.19950,0.006389,0.75006,0.00000,2.49995,3.19950
850,12.4230,2.49995,1.04083,3.19062,0.008889,0.74994,0.00000,2.49995,3.19062
851,16.6300,2.49995,1.04083,3.17923,0.011389,0.75000,0.00000,2.49995,3.17923
852,17.1600,2.49995,1.04083,3.16534,0.013889,0.75000,0.00000,2.49995,3.16534
853,16.0520,2.49995,1.04083,3.14895,0.016389,0.75006,0.00000,2.49995,3.14895
854,16.9470,2.49995,1.04083,3.13006,0.018889,0.74994,0.00000,2.49995,3.13006
855,16.3190,2.49995,1.04083,3.10867,0.021389,0.75000,0.00000,2.49995,3.10867
856,16.8330,2.49995,1.04083,3.08478,0.023889,0.75006,0.00000,2.49995,3.08478
857,16.7150,2.49995,1.04083,3.05839,0.026389,0.75000,0.00000,2.49995,3.05839
858,16.0990,2.49995,1.04083,3.02950,0.028889,0.74994,0.00000,2.49995,3.02950
859,16.9150,2.49995,1.04083,2.99812,0.031389,0.75000,0.00000,2.49995,2.99812
860,16.7610,2.49995,1.04083,2.96423,0.033889,0.75006,0.00000,2.49995,2.96423
861,16.9820,2.49996,1.04083,2.92784,0.036389,0.75000,0.00000,2.49996,2.92784
862,21.3600,2.49996,1.04083,2.88895,0.038889,0.74994,0.00000,2.49996,2.88895
863,11.7770,2.49996,1.04083,2.84756,0.041389,0.75000,0.00000,2.49996,2.84756
864,16.6350,2.49996,1.04083,2.80367,0.043889,0.75000,0.00000,2.49996,2.80367
865,16.5370,2.49996,1.04083,2.75728,0.046389,0.75000,0.00000,2.49996,2.75728
866,16.6530,2.49996,1.04083,2.70839,0.048889,0.75006,0.00000,2.49996,2.70839
867,16.8000,2.49996,1.04083,2.65700,0.051389,0.75000,0.00000,2.49996,2.65700
868,16.7030,2.49996,1.04083,2.60312,0.053889,0.75000,0.00000,2.49996,2.60312
869,16.6470,2.49996,1.04083,2.54673,0.056389,0.74994,0.00000,2.49996,2.54673
870,16.5890,2.49996,1.04083,2.48784,0.058889,0.75000,0.00000,2.49996,2.48784
871,16.8390,2.49996,1.04083,2.42645,0.061389,0.75000,0.00000,2.49996,2.42645
872,16.6750,2.49996,1.04083,2.36312,0.063333,0.75000,0.00000,2.49996,2.36312
873,16.7340,2.49996,1.04083,2.29978,0.063333,0.75006,0.00000,2.49996,2.29978
874,16.6060,2.49996,1.04083,2.23645,0.063333,0.75000,0.00000,2.49996,2.23645
875,21.8420,2.49996,1.04083,2.17312,0.063333,0.75000,0.00000,2.49996,2.17312
876,11.4820,2.49996,1.04083,2.10978,0.063333,0.75000,0.00000,2.49996,2.10978
877,16.8190,2.49996,1.04083,2.04645,0.063333,0.74994,0.00000,2.49996,2.04645
878,16.5500,2.49996,1.04083,1.98312,0.063333,0.75000,0.00000,2.49996,1.98312
879,16.4220,2.49996,1.04083,1.91978,0.063333,0.75000,0.00000,2.49996,1.91978
880,17.1150,2.49996,1.04083,1.85645,0.063333,0.75000,0.00000,2.49996,1.85645
881,17.3570,2.49996,1.04083,1.79312,0.063333,0.75006,0.00000,2.49996,1.79312
882,16.0210,2.49997,1.04083,1.72978,0.063333,0.75000,0.00000,2.49997,1.72978
883,16.4140,2.49997,1.04083,1.66645,0.063333,0.75000,0.00000,2.49997,1.66645
884,16.6050,2.49997,1.04083,1.60312,0.063333,0.74994,0.00000,2.49997,1.60312
885,16.6700,2.49997,1.04083,1.53978,0.063333,0.75000,0.00000,2.49997,1.53978
886,17.1030,2.49997,1.04083,1.47645,0.063333,0.75000,0.00000,2.49997,1.47645
887,18.3270,2.49997,1.04083,1.41312,0.063333,0.75482,0.00000,2.49997,1.41312
888,15.1180,2.49997,1.04083,1.34978,0.063333,0.74994,0.00000,2.49997,1.34978
889,16.7190,2.49997,1.04083,1.28645,0.063333,0.75012,0.00000,2.49997,1.28645
890,16.2410,2.49997,1.04083,1.22312,0.063333,0.75958,0.00000,2.49997,1.22312
891,16.8450,2.49997,1.04083,1.15978,0.063333,0.75000,0.00000,2.49997,1.15978
892,16.5930,2.49997,1.04083,1.09645,0.063333,0.75000,0.00000,2.49997,1.09645
893,17.4350,2.49997,1.04083,1.03312,0.063333,0.74994,0.00000,2.49997,1.03312
894,16.1100,2.49997,1.04083,0.96978,0.063333,0.75000,0.00000,2.49997,0.96978
895,16.7030,2.49997,1.04083,0.90645,0.063333,0.75006,0.00000,2.49997,0.90645
896,16.2540,2.49997,1.04083,0.84312,0.063333,0.75000,0.00000,2.49997,0.84312
897,16.7450,2.49997,1.04083,0.77978,0.063333,0.75000,0.00000,2.49997,0.77978
898,16.9180,2.49997,1.04083,0.71645,0.063333,0.75000,0.00000,2.49997,0.71645
899,18.4590,2.49997,1.04083,0.65312,0.063333,0.75000,0.00000,2.49997,0.65312
900,14.7280,2.49997,1.04083,0.58978,0.063333,0.74994,0.00000,2.49997,0.58978
901,16.8660,2.49997,1.04083,0.52645,0.063333,0.75000,0.00000,2.49997,0.52645
902,16.4590,2.49997,1.04083,0.46312,0.063333,0.75006,0.00000,2.49997,0.46312
903,16.4360,2.49998,1.04083,0.39978,0.063333,0.75000,0.00000,2.49998,0.39978
904,520.6230,2.49998,1.04083,-0.10688,0.506667,0.75000,0.00000,2.49998,-0.10688
905,7.3540,2.49998,1.04083,-0.29688,0.190000,6.40881,0.00000,2.49998,-0.29688
906,2.8920,2.49998,1.04083,-0.29688,0.000000,1.50000,0.00000,2.49998,-0.29688
907,19.1380,2.49998,1.04083,-0.36022,0.063333,0.34186,0.00000,2.49998,-0.36022
908,16.5770,2.49998,1.04083,-0.42355,0.063333,0.74792,0.00000,2.49998,-0.42355
909,16.6920,2.49998,1.04083,-0.48688,0.063333,0.74945,0.00000,2.49998,-0.48688
910,16.8140,2.49998,1.04083,-0.55022,0.063333,0.75000,0.00000,2.49998,-0.55022
911,17.2030,2.49998,1.04083,-0.61355,0.063333,0.75000,0.00000,2.49998,-0.61355
912,16.3700,2.49998,1.04083,-0.67688,0.063333,0.75000,0.00000,2.49998,-0.67688
913,16.5850,2.49998,1.04083,-0.74022,0.063333,0.74994,0.00000,2.49998,-0.74022
914,16.5580,2.49998,1.04083,-0.80355,0.063333,0.75012,0.00000,2.49998,-0.80355
915,16.7280,2.49998,1.04083,-0.86688,0.063333,0.74994,0.00000,2.49998,-0.86688
916,18.5380,2.49999,1.04083,-0.93022,0.063333,0.75000,0.00000,2.49999,-0.93022
917,14.7610,2.49999,1.04083,-0.99355,0.063333,0.75000,0.00000,2.49999,-0.99355
918,16.4790,2.49999,1.04083,-1.05688,0.063333,0.75000,0.00000,2.49999,-1.05688
919,16.8000,2.49999,1.04083,-1.12022,0.063333,0.75000,0.00000,2.49999,-1.12022
920,16.5690,2.49999,1.04083,-1.18355,0.063333,0.75000,0.00000,2.49999,-1.18355
921,16.6340,2.49999,1.04083,-1.24688,0.063333,0.75006,0.00000,2.49999,-1.24688
922,16.7690,2.49999,1.04083,-1.31022,0.063333,0.75000,0.00000,2.49999,-1.31022
923,16.9420,2.49999,1.04083,-1.37355,0.063333,0.74994,0.00000,2.49999,-1.37355
924,16.6010,2.49999,1.04083,-1.43688,0.063333,0.75000,0.00000,2.49999,-1.43688
925,17.0090,2.49999,1.04083,-1.50022,0.063333,0.74689,0.00000,2.49999,-1.50022
926,16.0970,2.49999,1.04083,-1.55994,0.059722,0.75000,0.00000,2.49999,-1.55994
927,16.5880,2.49999,1.04083,-1.61605,0.056111,0.75000,0.00000,2.49999,-1.61605
928,16.7380,2.49999,1.04083,-1.66855,0.052500,0.75000,0.00000,2.49999,-1.66855
929,21.6500,2.49999,1.04083,-1.71744,0.048889,0.75006,0.00000,2.49999,-1.71744
930,11.7750,2.49999,1.04083,-1.76272,0.045278,0.75000,0.00000,2.49999,-1.76272
931,16.7860,2.49999,1.04083,-1.80438,0.041667,0.75000,0.00000,2.49999,-1.80438
932,16.5450,2.49999,1.04083,-1.84244,0.038056,0.74994,0.00000,2.49999,-1.84244
933,16.5360,2.49999,1.04083,-1.87688,0.034444,0.75000,0.00000,2.49999,-1.87688
934,17.5400,2.49999,1.04083,-1.90772,0.030833,0.75000,0.00000,2.49999,-1.90772
935,539.2310,2.49999,1.04083,-1.97855,0.070833,0.75000,0.00000,2.49999,-1.97855
936,5.4140,2.49999,1.04083,-1.95827,0.020278,6.14313,0.00000,2.49999,-1.95827
937,2.5340,2.49999,1.04083,-1.95827,0.000000,1.07086,0.00000,2.49999,-1.95827
938,19.5460,2.49999,1.04083,-1.94438,0.013889,0.31531,0.00000,2.49999,-1.94438
939,17.1610,2.49999,1.04083,-1.92799,0.016389,0.74707,0.00000,2.49999,-1.92799
940,16.6980,2.49999,1.04083,-1.90911,0.018889,0.75000,0.00000,2.49999,-1.90911
941,16.3270,2.49999,1.04083,-1.88772,0.021389,0.75000,0.00000,2.49999,-1.88772
942,16.5110,2.49999,1.04083,-1.86383,0.023889,0.75000,0.00000,2.49999,-1.86383
943,16.4280,2.49999,1.04083,-1.83744,0.026389,0.75000,0.00000,2.49999,-1.83744
944,17.1290,2.49999,1.04083,-1.80855,0.028889,0.75006,0.00000,2.49999,-1.80855
945,16.4170,2.49999,1.04083,-1.77716,0.031389,0.75000,0.00000,2.49999,-1.77716
946,16.4070,2.49999,1.04083,-1.74327,0.033889,0.74994,0.00000,2.49999,-1.74327
947,16.4880,2.49999,1.04083,-1.70688,0.036389,0.75000,0.00000,2.49999,-1.70688
948,18.3070,2.49999,1.04083,-1.66799,0.038889,0.75000,0.00000,2.49999,-1.66799
949,15.1230,2.49999,1.04083,-1.62661,0.041389,0.75000,0.00000,2.49999,-1.62661
950,17.0600,2.49999,1.04083,-1.58272,0.043889,0.75000,0.00000,2.49999,-1.58272
951,16.4760,2.49999,1.04083,-1.53633,0.046389,0.75006,0.00000,2.49999,-1.53633
952,16.4330,2.49999,1.04083,-1.48744,0.048889,0.75000,0.00000,2.49999,-1.48744
953,16.6390,2.49999,1.04083,-1.43605,0.051389,0.75000,0.00000,2.49999,-1.43605
954,17.2470,2.49999,1.04083,-1.38216,0.053889,0.74994,0.00000,2.49999,-1.38216
955,16.3800,2.49999,1.04083,-1.32577,0.056389,0.75000,0.00000,2.49999,-1.32577
956,16.4980,2.49999,1.04083,-1.26688,0.058889,0.75000,0.00000,2.49999,-1.26688
957,16.4990,2.49999,1.04083,-1.20549,0.061389,0.75000,0.00000,2.49999,-1.20549
958,16.7030,2.49999,1.04083,-1.14216,0.063333,0.75000,0.00000,2.49999,-1.14216
959,16.6490,2.49999,1.04083,-1.07883,0.063333,0.75006,0.00000,2.49999,-1.07883
960,16.5570,2.49999,1.04083,-1.01549,0.063333,0.75000,0.00000,2.49999,-1.01549
961,21.5690,2.49999,1.04083,-0.95216,0.063333,0.74994,0.00000,2.49999,-0.95216
962,11.8400,2.49999,1.04083,-0.88883,0.063333,0.75000,0.00000,2.49999,-0.88883
963,16.8130,2.49999,1.04083,-0.82549,0.063333,0.75000,0.00000,2.49999,-0.82549
964,16.6440,2.49999,1.04083,-0.76216,0.063333,0.75000,0.00000,2.49999,-0.76216
965,16.5990,2.49999,1.04083,-0.69883,0.063333,0.75000,0.00000,2.49999,-0.69883
966,16.8410,2.49999,1.04083,-0.63549,0.063333,0.75006,0.00000,2.49999,-0.63549
967,16.6760,2.49999,1.04083,-0.57216,0.063333,0.75000,0.00000,2.49999,-0.57216
968,16.4560,2.49999,1.04083,-0.50883,0.063333,0.75000,0.00000,2.49999,-0.50883
969,16.9190,2.49999,1.04083,-0.44549,0.063333,0.74994,0.00000,2.49999,-0.44549
970,16.7160,2.49999,1.04083,-0.38216,0.063333,0.75000,0.00000,2.49999,-0.38216
971,16.3910,2.49999,1.04083,-0.31883,0.063333,0.75000,0.00000,2.49999,-0.31883
972,16.9810,2.49999,1.04083,-0.25549,0.063333,0.75000,0.00000,2.49999,-0.25549
973,16.5700,2.49999,1.04083,-0.19216,0.063333,0.75000,0.00000,2.49999,-0.19216
974,21.4210,2.49999,1.04083,-0.12883,0.063333,0.75006,0.00000,2.49999,-0.12883
975,11.9350,2.49999,1.04083,-0.06549,0.063333,0.75000,0.00000,2.49999,-0.06549
976,16.5360,2.49999,1.04083,-0.00216,0.063333,0.74994,0.00000,2.49999,-0.00216
977,16.6990,2.49999,1.04083,0.06117,0.063333,0.75000,0.00000,2.49999,0.06117
978,16.7620,2.49999,1.04083,0.12451,0.063333,0.75000,0.00000,2.49999,0.12451
979,16.4890,2.49999,1.04083,0.18784,0.063333,0.75000,0.00000,2.49999,0.18784
980,16.8070,2.49999,1.04083,0.25117,0.063333,0.75000,0.00000,2.49999,0.25117
981,16.4830,2.49999,1.04083,0.31451,0.063333,0.75006,0.00000,2.49999,0.31451
982,16.6520,2.49999,1.04083,0.37784,0.063333,0.75000,0.00000,2.49999,0.37784
983,17.0980,2.49999,1.04083,0.44117,0.063333,0.75000,0.00000,2.49999,0.44117
984,16.7920,2.49999,1.04083,0.50451,0.063333,0.74994,0.00000,2.49999,0.50451
985,16.4100,2.49999,1.04083,0.56784,0.063333,0.75000,0.00000,2.49999,0.56784
986,16.4370,2.49999,1.04083,0.63117,0.063333,0.75000,0.00000,2.49999,0.63117
987,21.8970,2.49999,1.04083,0.69451,0.063333,0.75000,0.00000,2.49999,0.69451
988,11.3610,2.49999,1.04083,0.75784,0.063333,0.75000,0.00000,2.49999,0.75784
989,16.9280,2.49999,1.04083,0.82117,0.063333,0.75006,0.00000,2.49999,0.82117
990,16.7710,2.49999,1.04083,0.88451,0.063333,0.75000,0.00000,2.49999,0.88451
991,16.5980,2.49999,1.04083,0.94784,0.063333,0.74994,0.00000,2.49999,0.94784
992,16.5490,2.49999,1.04083,1.01117,0.063333,0.75000,0.00000,2.49999,1.01117
993,16.6520,2.49999,1.04083,1.07451,0.063333,0.75000,0.00000,2.49999,1.07451
994,16.4150,2.49999,1.04083,1.13784,0.063333,0.75000,0.00000,2.49999,1.13784
995,17.0870,2.49999,1.04083,1.20117,0.063333,0.75000,0.00000,2.49999,1.20117
996,16.7450,2.49999,1.04083,1.26451,0.063333,0.75006,0.00000,2.49999,1.26451
997,16.6790,2.49999,1.04083,1.32784,0.063333,0.75000,0.00000,2.49999,1.32784
998,16.7890,2.49999,1.04083,1.39117,0.063333,0.75000,0.00000,2.49999,1.39117
999,16.3600,2.49999,1.04083,1.45451,0.063333,0.74994,0.00000,2.49999,1.45451
1000,18.5500,2.49999,1.04083,1.51784,0.063333,0.75000,0.00000,2.49999,1.51784
1001,15.0650,2.49999,1.04083,1.58117,0.063333,0.75000,0.00000,2.49999,1.58117
1002,16.4830,2.50000,1.04083,1.64451,0.063333,0.75000,0.00000,2.50000,1.64451
1003,16.8980,2.50000,1.04083,1.70784,0.063333,0.75000,0.00000,2.50000,1.70784
1004,17.0650,2.50000,1.04083,1.77117,0.063333,0.75006,0.00000,2.50000,1.77117
1005,16.7860,2.50000,1.04083,1.83451,0.063333,0.75000,0.00000,2.50000,1.83451
1006,16.0680,2.50000,1.04083,1.89784,0.063333,0.74994,0.00000,2.50000,1.89784
1007,17.0420,2.50000,1.04083,1.96117,0.063333,0.75000,0.00000,2.50000,1.96117
1008,16.2500,2.50000,1.04083,2.02450,0.063333,0.75000,0.00000,2.50000,2.02450
1009,16.5210,2.50000,1.04083,2.08784,0.063333,0.75000,0.00000,2.50000,2.08784
1010,16.6680,2.50000,1.04083,2.15117,0.063333,0.75000,0.00000,2.50000,2.15117
1011,16.7380,2.50000,1.04083,2.21450,0.063333,0.75006,0.00000,2.50000,2.21450
1012,16.6240,2.50000,1.04083,2.27784,0.063333,0.75000,0.00000,2.50000,2.27784
1013,21.3310,2.50000,1.04083,2.34117,0.063333,0.75000,0.00000,2.50000,2.34117
1014,12.7480,2.50000,1.04083,2.40450,0.063333,0.74994,0.00000,2.50000,2.40450
1015,16.3700,2.50000,1.04083,2.46784,0.063333,0.75000,0.00000,2.50000,2.46784
1016,16.5500,2.50000,1.04083,2.53117,0.063333,0.75000,0.00000,2.50000,2.53117
1017,16.3370,2.50000,1.04083,2.59450,0.063333,0.75000,0.00000,2.50000,2.59450
1018,17.2180,2.50000,1.04083,2.65784,0.063333,0.75000,0.00000,2.50000,2.65784
1019,16.8590,2.50000,1.04083,2.72117,0.063333,0.75006,0.00000,2.50000,2.72117
1020,16.4400,2.50000,1.04083,2.78089,0.059722,0.75000,0.00000,2.50000,2.78089
1021,16.6560,2.50000,1.04083,2.83700,0.056111,0.74994,0.00000,2.50000,2.83700
1022,16.4280,2.50000,1.04083,2.88950,0.052500,0.75000,0.00000,2.50000,2.88950
1023,16.3750,2.50000,1.04083,2.93839,0.048889,0.75000,0.00000,2.50000,2.93839
1024,16.7720,2.50000,1.04083,2.98367,0.045278,0.75000,0.00000,2.50000,2.98367
1025,16.6540,2.50000,1.04083,3.02534,0.041667,0.75000,0.00000,2.50000,3.02534
1026,21.4660,2.50000,1.04083,3.06339,0.038056,0.75006,0.00000,2.50000,3.06339
1027,11.7830,2.50000,1.04083,3.09784,0.034444,0.75000,0.00000,2.50000,3.09784
1028,16.8340,2.50000,1.04083,3.12867,0.030833,0.75000,0.00000,2.50000,3.12867
1029,16.8800,2.50000,1.04083,3.15589,0.027222,0.74994,0.00000,2.50000,3.15589
1030,16.4390,2.50000,1.04083,3.17950,0.023611,0.75000,0.00000,2.50000,3.17950
1031,16.5890,2.50000,1.04083,3.19950,0.020000,0.75000,0.00000,2.50000,3.19950
1032,16.7180,2.50000,1.04083,3.21006,0.010556,0.75000,0.00000,2.50000,3.21006
1033,17.0990,2.50000,1.04083,3.21117,0.001111,0.75000,0.00000,2.50000,3.21117
1034,16.0970,2.50000,1.04083,3.20978,0.001389,0.75006,0.00000,2.50000,3.20978
1035,16.8530,2.50000,1.04083,3.20589,0.003889,0.75000,0.00000,2.50000,3.20589
1036,17.0040,2.50000,1.04083,3.19950,0.006389,0.74994,0.00000,2.50000,3.19950
1037,16.6420,2.50000,1.04083,3.19062,0.008889,0.75000,0.00000,2.50000,3.19062
1038,16.3950,2.50000,1.04083,3.17923,0.011389,0.75000,0.00000,2.50000,3.17923
1039,21.4070,2.50000,1.04083,3.16534,0.013889,0.75000,0.00000,2.50000,3.16534
1040,12.1800,2.50000,1.04083,3.14895,0.016389,0.75000,0.00000,2.50000,3.14895
1041,16.3110,2.50000,1.04083,3.13006,0.018889,0.75006,0.00000,2.50000,3.13006
1042,16.8800,2.50000,1.04083,3.10867,0.021389,0.75000,0.00000,2.50000,3.10867
1043,16.5750,2.50000,1.04083,3.08478,0.023889,0.75000,0.00000,2.50000,3.08478
1044,16.7320,2.50000,1.04083,3.05839,0.026389,0.74994,0.00000,2.50000,3.05839
1045,16.7940,2.50000,1.04083,3.02950,0.028889,0.75000,0.00000,2.50000,3.02950
1046,16.4660,2.50000,1.04083,2.99811,0.031389,0.75000,0.00000,2.50000,2.99811
1047,17.2460,2.50000,1.04083,2.96423,0.033889,0.75000,0.00000,2.50000,2.96423
1048,17.0090,2.50000,1.04083,2.92784,0.036389,0.75000,0.00000,2.50000,2.92784
1049,16.0410,2.50000,1.04083,2.88895,0.038889,0.75006,0.00000,2.50000,2.88895
1050,16.4550,2.50000,1.04083,2.84756,0.041389,0.75000,0.00000,2.50000,2.84756
1051,16.5610,2.50000,1.04083,2.80367,0.043889,0.74994,0.00000,2.50000,2.80367
1052,21.2850,2.50000,1.04083,2.75728,0.046389,0.75000,0.00000,2.50000,2.75728
1053,12.2650,2.50000,1.04083,2.70839,0.048889,0.75000,0.00000,2.50000,2.70839
1054,16.7560,2.50000,1.04083,2.65700,0.051389,0.75000,0.00000,2.50000,2.65700
1055,16.2360,2.50000,1.04083,2.60311,0.053889,0.75000,0.00000,2.50000,2.60311
1056,16.8380,2.50000,1.04083,2.54673,0.056389,0.75006,0.00000,2.50000,2.54673
1057,16.8560,2.50000,1.04083,2.48784,0.058889,0.75000,0.00000,2.50000,2.48784
1058,16.5080,2.50000,1.04083,2.42645,0.061389,0.75000,0.00000,2.50000,2.42645
1059,16.8170,2.50000,1.04083,2.36311,0.063333,0.74994,0.00000,2.50000,2.36311
1060,16.3270,2.50000,1.04083,2.29978,0.063333,0.75000,0.00000,2.50000,2.29978
1061,17.0910,2.50000,1.04083,2.23645,0.063333,0.75000,0.00000,2.50000,2.23645
1062,16.5070,2.50000,1.04083,2.17312,0.063333,0.75000,0.00000,2.50000,2.17312
1063,16.7400,2.50000,1.04083,2.10978,0.063333,0.75000,0.00000,2.50000,2.10978
1064,16.6830,2.50000,1.04083,2.04645,0.063333,0.75006,0.00000,2.50000,2.04645
1065,18.2640,2.50000,1.04083,1.98312,0.063333,0.75000,0.00000,2.50000,1.98312
1066,14.8870,2.50000,1.04083,1.91978,0.063333,0.74994,0.00000,2.50000,1.91978
1067,16.8180,2.50000,1.04083,1.85645,0.063333,0.75000,0.00000,2.50000,1.85645
1068,17.1850,2.50000,1.04083,1.79312,0.063333,0.75000,0.00000,2.50000,1.79312
1069,16.2300,2.50000,1.04083,1.72978,0.063333,0.75000,0.00000,2.50000,1.72978
1070,16.6410,2.50000,1.04083,1.66645,0.063333,0.75000,0.00000,2.50000,1.66645
1071,16.6900,2.50000,1.04083,1.60312,0.063333,0.75006,0.00000,2.50000,1.60312
1072,16.5550,2.50000,1.04083,1.53978,0.063333,0.75000,0.00000,2.50000,1.53978
1073,16.8050,2.50000,1.04083,1.47645,0.063333,0.75000,0.00000,2.50000,1.47645
1074,17.0810,2.50000,1.04083,1.41312,0.063333,0.74994,0.00000,2.50000,1.41312
1075,16.7270,2.50000,1.04083,1.34978,0.063333,0.75000,0.00000,2.50000,1.34978
1076,16.3090,2.50000,1.04083,1.28645,0.063333,0.75000,0.00000,2.50000,1.28645
1077,16.4690,2.50000,1.04083,1.22312,0.063333,0.75000,0.00000,2.50000,1.22312
1078,21.6260,2.50000,1.04083,1.15978,0.063333,0.75000,0.00000,2.50000,1.15978
1079,11.9750,2.50000,1.04083,1.09645,0.063333,0.75006,0.00000,2.50000,1.09645
1080,16.3740,2.50000,1.04083,1.03312,0.063333,0.75000,0.00000,2.50000,1.03312
1081,16.8220,2.50000,1.04083,0.96978,0.063333,0.74994,0.00000,2.50000,0.96978
1082,16.8600,2.50000,1.04083,0.90645,0.063333,0.75000,0.00000,2.50000,0.90645
1083,16.4720,2.50000,1.04083,0.84312,0.063333,0.75000,0.00000,2.50000,0.84312
1084,16.6980,2.50000,1.04083,0.77978,0.063333,0.75000,0.00000,2.50000,0.77978
1085,16.5990,2.50000,1.04083,0.71645,0.063333,0.75000,0.00000,2.50000,0.71645
1086,16.5950,2.50000,1.04083,0.65312,0.063333,0.75006,0.00000,2.50000,0.65312
1087,16.6220,2.50000,1.04083,0.58978,0.063333,0.75000,0.00000,2.50000,0.58978
1088,16.7640,2.50000,1.04083,0.52645,0.063333,0.75000,0.00000,2.50000,0.52645
1089,16.9810,2.50000,1.04083,0.46312,0.063333,0.74994,0.00000,2.50000,0.46312
1090,16.4560,2.50000,1.04083,0.39978,0.063333,0.75000,0.00000,2.50000,0.39978
1091,18.3240,2.50000,1.04083,0.33645,0.063333,0.75000,0.00000,2.50000,0.33645
1092,15.1110,2.50000,1.04083,0.27312,0.063333,0.75000,0.00000,2.50000,0.27312
1093,16.7200,2.50000,1.04083,0.20978,0.063333,0.75000,0.00000,2.50000,0.20978
1094,16.3750,2.50000,1.04083,0.14645,0.063333,0.75006,0.00000,2.50000,0.14645
1095,17.1150,2.50000,1.04083,0.08312,0.063333,0.75000,0.00000,2.50000,0.08312
1096,16.6860,2.50000,1.04083,0.01978,0.063333,0.74994,0.00000,2.50000,0.01978
1097,16.2800,2.50000,1.04083,-0.04355,0.063333,0.75000,0.00000,2.50000,-0.04355
1098,16.7730,2.50000,1.04083,-0.10688,0.063333,0.75000,0.00000,2.50000,-0.10688
1099,16.7070,2.50000,1.04083,-0.17022,0.063333,0.75000,0.00000,2.50000,-0.17022
1100,16.9630,2.50000,1.04083,-0.23355,0.063333,0.75000,0.00000,2.50000,-0.23355
1101,16.4320,2.50000,1.04083,-0.29688,0.063333,0.75006,0.00000,2.50000,-0.29688
1102,16.5640,2.50000,1.04083,-0.36022,0.063333,0.75000,0.00000,2.50000,-0.36022
1103,16.9880,2.50000,1.04083,-0.42355,0.063333,0.75000,0.00000,2.50000,-0.42355
1104,21.1080,2.50000,1.04083,-0.48688,0.063333,0.74994,0.00000,2.50000,-0.48688
1105,11.9110,2.50000,1.04083,-0.55022,0.063333,0.75000,0.00000,2.50000,-0.55022
1106,16.7600,2.50000,1.04083,-0.61355,0.063333,0.75000,0.00000,2.50000,-0.61355
1107,16.6920,2.50000,1.04083,-0.67688,0.063333,0.75000,0.00000,2.50000,-0.67688
1108,16.7680,2.50000,1.04083,-0.74022,0.063333,0.75000,0.00000,2.50000,-0.74022
1109,16.6980,2.50000,1.04083,-0.80355,0.063333,0.75012,0.00000,2.50000,-0.80355
1110,17.0440,2.50000,1.04083,-0.86688,0.063333,0.74988,0.00000,2.50000,-0.86688
1111,16.1490,2.50000,1.04083,-0.93022,0.063333,0.75000,0.00000,2.50000,-0.93022
1112,16.6830,2.50000,1.04083,-0.99355,0.063333,0.75000,0.00000,2.50000,-0.99355
1113,16.6020,2.50000,1.04083,-1.05688,0.063333,0.75006,0.00000,2.50000,-1.05688
1114,16.8350,2.50000,1.04083,-1.12022,0.063333,0.75000,0.00000,2.50000,-1.12022
1115,16.5010,2.50000,1.04083,-1.18355,0.063333,0.75000,0.00000,2.50000,-1.18355
1116,16.6810,2.50000,1.04083,-1.24688,0.063333,0.75000,0.00000,2.50000,-1.24688
1117,21.9280,2.50000,1.04083,-1.31022,0.063333,0.75000,0.00000,2.50000,-1.31022
1118,11.4680,2.50000,1.04083,-1.37355,0.063333,0.75000,0.00000,2.50000,-1.37355
1119,16.7220,2.50000,1.04083,-1.43688,0.063333,0.74994,0.00000,2.50000,-1.43688
1120,16.7410,2.50000,1.04083,-1.50022,0.063333,0.75000,0.00000,2.50000,-1.50022
1121,16.4600,2.50000,1.04083,-1.55994,0.059722,0.75000,0.00000,2.50000,-1.55994
1122,16.8030,2.50000,1.04083,-1.61605,0.056111,0.75000,0.00000,2.50000,-1.61605
1123,16.7840,2.50000,1.04083,-1.66855,0.052500,0.75000,0.00000,2.50000,-1.66855
1124,16.7590,2.50000,1.04083,-1.71744,0.048889,0.75006,0.00000,2.50000,-1.71744
1125,16.4350,2.50000,1.04083,-1.76272,0.045278,0.75000,0.00000,2.50000,-1.76272
1126,16.8730,2.50000,1.04083,-1.80438,0.041667,0.75000,0.00000,2.50000,-1.80438
1127,16.6450,2.50000,1.04083,-1.84244,0.038056,0.74988,0.00000,2.50000,-1.84244
1128,16.6430,2.50000,1.04083,-1.87688,0.034444,0.75000,0.00000,2.50000,-1.87688
1129,17.0460,2.50000,1.04083,-1.90772,0.030833,0.75006,0.00000,2.50000,-1.90772
1130,21.5870,2.50000,1.04083,-1.93494,0.027222,0.75000,0.00000,2.50000,-1.93494
1131,12.1390,2.50000,1.04083,-1.95855,0.023611,0.75012,0.00000,2.50000,-1.95855
1132,16.2750,2.50000,1.04083,-1.97855,0.020000,0.75000,0.00000,2.50000,-1.97855
1133,16.5940,2.50000,1.04083,-1.98911,0.010556,0.75000,0.00000,2.50000,-1.98911
1134,17.1330,2.50000,1.04083,-1.99022,0.001111,0.74988,0.00000,2.50000,-1.99022
1135,16.8150,2.50000,1.04083,-1.98883,0.001389,0.75000,0.00000,2.50000,-1.98883
1136,16.3630,2.50000,1.04083,-1.98494,0.003889,0.75006,0.00000,2.50000,-1.98494
1137,16.4340,2.50000,1.04083,-1.97855,0.006389,0.75000,0.00000,2.50000,-1.97855
1138,16.9780,2.50000,1.04083,-1.96966,0.008889,0.75000,0.00000,2.50000,-1.96966
1139,16.5510,2.50000,1.04083,-1.95827,0.011389,0.75000,0.00000,2.50000,-1.95827
1140,16.6040,2.50000,1.04083,-1.94438,0.013889,0.75000,0.00000,2.50000,-1.94438
1141,16.8180,2.50000,1.04083,-1.92799,0.016389,0.74994,0.00000,2.50000,-1.92799
1142,601.7460,2.50000,1.04083,-1.70688,0.221111,0.75000,0.00000,2.50000,-1.70688
1143,5.6920,2.50000,1.04083,-1.62661,0.080278,6.03589,0.00000,2.50000,-1.62661
1144,9.2300,2.50000,1.04083,-1.58272,0.043889,1.10156,0.00000,2.50000,-1.58272
1145,16.9380,2.50000,1.04083,-1.53633,0.046389,0.75006,0.00000,2.50000,-1.53633
1146,16.5760,2.50000,1.04083,-1.48744,0.048889,0.75000,0.00000,2.50000,-1.48744
1147,16.7210,2.50000,1.04083,-1.43605,0.051389,0.76782,0.00000,2.50000,-1.43605
1148,17.1980,2.50000,1.04083,-1.38216,0.053889,0.74902,0.00000,2.50000,-1.38216
1149,16.2600,2.50000,1.04083,-1.32577,0.056389,0.75275,0.00000,2.50000,-1.32577
1150,16.6070,2.50000,1.04083,-1.26688,0.058889,0.75055,0.00000,2.50000,-1.26688
1151,16.5010,2.50000,1.04083,-1.20549,0.061389,0.74805,0.00000,2.50000,-1.20549
1152,16.7960,2.50000,1.04083,-1.14216,0.063333,0.75031,0.00000,2.50000,-1.14216
1153,16.7720,2.50000,1.04083,-1.07883,0.063333,0.74902,0.00000,2.50000,-1.07883
1154,18.4660,2.50000,1.04083,-1.01549,0.063333,0.75110,0.00000,2.50000,-1.01549
1155,52.7680,2.50000,1.04083,-0.95216,0.063333,0.75189,0.00000,2.50000,-0.95216
1156,6.8190,2.50000,1.04083,-0.82549,0.126667,0.74988,0.00000,2.50000,-0.82549
1157,1.0270,2.50000,1.04083,-0.82549,0.000000,1.47961,0.00000,2.50000,-0.82549
1158,2.6860,2.50000,1.04083,-0.82549,0.000000,0.68970,0.00000,2.50000,-0.82549
1159,18.9190,2.50000,1.04083,-0.76216,0.063333,0.01526,0.00000,2.50000,-0.76216
1160,16.5980,2.50000,1.04083,-0.69883,0.063333,0.44434,0.00000,2.50000,-0.69883
1161,17.2200,2.50000,1.04083,-0.63549,0.063333,0.50012,0.00000,2.50000,-0.63549
1162,16.0230,2.50000,1.04083,-0.57216,0.063333,0.62933,0.00000,2.50000,-0.57216
1163,16.4580,2.50000,1.04083,-0.50883,0.063333,0.74927,0.00000,2.50000,-0.50883
1164,16.5200,2.50000,1.04083,-0.44549,0.063333,0.74823,0.00000,2.50000,-0.44549
1165,16.6700,2.50000,1.04083,-0.38216,0.063333,0.75000,0.00000,2.50000,-0.38216
1166,16.4490,2.50000,1.04083,-0.31883,0.063333,0.74969,0.00000,2.50000,-0.31883
1167,21.5710,2.50000,1.04083,-0.25549,0.063333,0.74829,0.00000,2.50000,-0.25549
1168,11.9810,2.50000,1.04083,-0.19216,0.063333,0.75073,0.00000,2.50000,-0.19216
1169,16.4440,2.50000,1.04083,-0.12883,0.063333,0.75024,0.00000,2.50000,-0.12883
1170,17.2710,2.50000,1.04083,-0.06549,0.063333,0.74890,0.00000,2.50000,-0.06549
1171,16.7420,2.50000,1.04083,-0.00216,0.063333,0.75562,0.00000,2.50000,-0.00216
1172,16.5810,2.50000,1.04083,0.06117,0.063333,0.75134,0.00000,2.50000,0.06117
1173,521.3910,2.50000,1.04083,0.56784,0.506667,0.75018,0.00000,2.50000,0.56784
1174,5.5320,2.50000,1.04083,0.69451,0.126667,6.38715,0.00000,2.50000,0.69451
1175,5.8600,2.50000,1.04083,0.75784,0.063333,1.12982,0.00000,2.50000,0.75784
1176,16.9810,2.50000,1.04083,0.82117,0.063333,0.70178,0.00000,2.50000,0.82117
1177,16.3070,2.50000,1.04083,0.88451,0.063333,0.75000,0.00000,2.50000,0.88451
1178,16.6750,2.50000,1.04083,0.94784,0.063333,0.77350,0.00000,2.50000,0.94784
1179,17.1590,2.50000,1.04083,1.01117,0.063333,0.75452,0.00000,2.50000,1.01117
1180,16.5040,2.50000,1.04083,1.07451,0.063333,0.75952,0.00000,2.50000,1.07451
1181,16.7840,2.50000,1.04083,1.13784,0.063333,0.75079,0.00000,2.50000,1.13784
1182,16.5000,2.50000,1.04083,1.20117,0.063333,0.75140,0.00000,2.50000,1.20117
1183,16.6110,2.50000,1.04083,1.26451,0.063333,0.74872,0.00000,2.50000,1.26451
1184,16.5040,2.50000,1.04083,1.32784,0.063333,0.74988,0.00000,2.50000,1.32784
1185,18.9390,2.50000,1.04083,1.39117,0.063333,0.73920,0.00000,2.50000,1.39117
1186,14.7160,2.50000,1.04083,1.45451,0.063333,0.76270,0.00000,2.50000,1.45451
1187,16.5570,2.50000,1.04083,1.51784,0.063333,0.74976,0.00000,2.50000,1.51784
1188,16.8380,2.50000,1.04083,1.58117,0.063333,0.74896,0.00000,2.50000,1.58117
1189,16.3500,2.50000,1.04083,1.64451,0.063333,0.75000,0.00000,2.50000,1.64451
1190,16.7510,2.50000,1.04083,1.70784,0.063333,0.73895,0.00000,2.50000,1.70784
1191,17.5090,2.50000,1.04083,1.77117,0.063333,0.75000,0.00000,2.50000,1.77117
1192,16.5700,2.50000,1.04083,1.83450,0.063333,0.75000,0.00000,2.50000,1.83450
1193,16.7520,2.50000,1.04083,1.89784,0.063333,0.75000,0.00000,2.50000,1.89784
1194,16.2300,2.50000,1.04083,1.96117,0.063333,0.75006,0.00000,2.50000,1.96117
1195,16.6250,2.50000,1.04083,2.02450,0.063333,0.75000,0.00000,2.50000,2.02450
1196,16.2580,2.50000,1.04083,2.08784,0.063333,0.75000,0.00000,2.50000,2.08784
1197,16.8520,2.50000,1.04083,2.15117,0.063333,0.74988,0.00000,2.50000,2.15117
1198,21.6060,2.50000,1.04083,2.21450,0.063333,0.75000,0.00000,2.50000,2.21450
1199,11.9010,2.50000,1.04083,2.27784,0.063333,0.75006,0.00000,2.50000,2.27784
1200,16.7280,2.50000,1.04083,2.34117,0.063333,0.75000,0.00000,2.50000,2.34117
1201,16.6860,2.50000,1.04083,2.40450,0.063333,0.75000,0.00000,2.50000,2.40450
1202,16.3010,2.50000,1.04083,2.46784,0.063333,0.75012,0.00000,2.50000,2.46784
1203,16.9700,2.50000,1.04083,2.53117,0.063333,0.74988,0.00000,2.50000,2.53117
1204,539.2750,2.50000,1.04083,2.98367,0.452500,0.75000,0.00000,2.50000,2.98367
1205,5.6300,2.50000,1.04083,3.06339,0.079722,6.46661,0.00000,2.50000,3.06339
1206,5.1210,2.50000,1.04083,3.09784,0.034444,1.10571,0.00000,2.50000,3.09784
1207,16.9130,2.50000,1.04083,3.12867,0.030833,0.64984,0.00000,2.50000,3.12867
1208,17.0450,2.50000,1.04083,3.15589,0.027222,0.74988,0.00000,2.50000,3.15589
1209,16.3120,2.50000,1.04083,3.17950,0.023611,0.80981,0.00000,2.50000,3.17950
1210,16.7190,2.50000,1.04083,3.19950,0.020000,0.74890,0.00000,2.50000,3.19950
1211,16.7240,2.50000,1.04083,3.21006,0.010556,0.75122,0.00000,2.50000,3.21006
1212,16.5790,2.50000,1.04083,3.21117,0.001111,0.75055,0.00000,2.50000,3.21117
1213,16.7610,2.50000,1.04083,3.20978,0.001389,0.74915,0.00000,2.50000,3.20978
1214,16.6130,2.50000,1.04083,3.20589,0.003889,0.74988,0.00000,2.50000,3.20589
1215,16.4860,2.50000,1.04083,3.19950,0.006389,0.75208,0.00000,2.50000,3.19950
1216,18.6510,2.50000,1.04083,3.19061,0.008889,0.74609,0.00000,2.50000,3.19061
1217,15.1920,2.50000,1.04083,3.17923,0.011389,0.75330,0.00000,2.50000,3.17923
1218,16.7280,2.50000,1.04083,3.16534,0.013889,0.75012,0.00000,2.50000,3.16534
1219,16.6790,2.50000,1.04083,3.14895,0.016389,0.74451,0.00000,2.50000,3.14895
1220,16.6680,2.50000,1.04083,3.13006,0.018889,0.75006,0.00000,2.50000,3.13006
1221,16.5490,2.50000,1.04083,3.10867,0.021389,0.75000,0.00000,2.50000,3.10867
1222,17.0560,2.50000,1.04083,3.08478,0.023889,0.75000,0.00000,2.50000,3.08478
1223,16.7120,2.50000,1.04083,3.05839,0.026389,0.75000,0.00000,2.50000,3.05839
1224,16.5660,2.50000,1.04083,3.02950,0.028889,0.74988,0.00000,2.50000,3.02950
1225,16.5880,2.50000,1.04083,2.99811,0.031389,0.75012,0.00000,2.50000,2.99811
1226,16.5320,2.50000,1.04083,2.96423,0.033889,0.75000,0.00000,2.50000,2.96423
1227,16.5830,2.50000,1.04083,2.92784,0.036389,0.75006,0.00000,2.50000,2.92784
1228,17.1720,2.50000,1.04083,2.88895,0.038889,0.75000,0.00000,2.50000,2.88895
1229,17.9470,2.50000,1.04083,2.84756,0.041389,0.74988,0.00000,2.50000,2.84756
1230,15.2540,2.50000,1.04083,2.80367,0.043889,0.75000,0.00000,2.50000,2.80367
1231,16.4540,2.50000,1.04083,2.75728,0.046389,0.75000,0.00000,2.50000,2.75728
1232,16.6680,2.50000,1.04083,2.70839,0.048889,0.75000,0.00000,2.50000,2.70839
1233,16.6870,2.50000,1.04083,2.65700,0.051389,0.75012,0.00000,2.50000,2.65700
1234,16.7820,2.50000,1.04083,2.60311,0.053889,0.75000,0.00000,2.50000,2.60311
1235,16.8430,2.50000,1.04083,2.54673,0.056389,0.75000,0.00000,2.50000,2.54673
1236,16.5090,2.50000,1.04083,2.48784,0.058889,0.75000,0.00000,2.50000,2.48784
1237,16.7320,2.50000,1.04083,2.42645,0.061389,0.74988,0.00000,2.50000,2.42645
1238,16.6370,2.50000,1.04083,2.36311,0.063333,0.75000,0.00000,2.50000,2.36311
1239,16.0750,2.50000,1.04083,2.29978,0.063333,0.75000,0.00000,2.50000,2.29978
1240,17.3470,2.50000,1.04083,2.23645,0.063333,0.75012,0.00000,2.50000,2.23645
1241,16.4970,2.50000,1.04083,2.17311,0.063333,0.75000,0.00000,2.50000,2.17311
1242,18.3770,2.50000,1.04083,2.10978,0.063333,0.75000,0.00000,2.50000,2.10978
1243,14.9310,2.50000,1.04083,2.04645,0.063333,0.75000,0.00000,2.50000,2.04645
1244,16.8610,2.50000,1.04083,1.98311,0.063333,0.74988,0.00000,2.50000,1.98311
1245,16.4950,2.50000,1.04083,1.91978,0.063333,0.75000,0.00000,2.50000,1.91978
1246,16.7040,2.50000,1.04083,1.85645,0.063333,0.75000,0.00000,2.50000,1.85645
1247,16.6890,2.50000,1.04083,1.79312,0.063333,0.75000,0.00000,2.50000,1.79312
1248,16.8910,2.50000,1.04083,1.72978,0.063333,0.75012,0.00000,2.50000,1.72978
1249,16.5900,2.50000,1.04083,1.66645,0.063333,0.75000,0.00000,2.50000,1.66645
1250,16.4460,2.50000,1.04083,1.60312,0.063333,0.75000,0.00000,2.50000,1.60312
1251,16.5530,2.50000,1.04083,1.53978,0.063333,0.75000,0.00000,2.50000,1.53978
1252,16.9140,2.50000,1.04083,1.47645,0.063333,0.74988,0.00000,2.50000,1.47645
1253,16.6170,2.50000,1.04083,1.41312,0.063333,0.75000,0.00000,2.50000,1.41312
1254,16.5360,2.50000,1.04083,1.34978,0.063333,0.75000,0.00000,2.50000,1.34978
1255,18.3380,2.50000,1.04083,1.28645,0.063333,0.75012,0.00000,2.50000,1.28645
1256,15.0110,2.50000,1.04083,1.22312,0.063333,0.75000,0.00000,2.50000,1.22312
1257,16.5950,2.50000,1.04083,1.15978,0.063333,0.75000,0.00000,2.50000,1.15978
1258,16.8170,2.50000,1.04083,1.09645,0.063333,0.75000,0.00000,2.50000,1.09645
1259,16.5400,2.50000,1.04083,1.03312,0.063333,0.74988,0.00000,2.50000,1.03312
1260,16.6950,2.50000,1.04083,0.96978,0.063333,0.75000,0.00000,2.50000,0.96978
1261,16.5250,2.50000,1.04083,0.90645,0.063333,0.75000,0.00000,2.50000,0.90645
1262,16.6430,2.50000,1.04083,0.84312,0.063333,0.75000,0.00000,2.50000,0.84312
1263,16.5360,2.50000,1.04083,0.77978,0.063333,0.75012,0.00000,2.50000,0.77978
1264,17.0310,2.50000,1.04083,0.71645,0.063333,0.75000,0.00000,2.50000,0.71645
1265,16.5270,2.50000,1.04083,0.65312,0.063333,0.75000,0.00000,2.50000,0.65312
1266,16.5140,2.50000,1.04083,0.58978,0.063333,0.75000,0.00000,2.50000,0.58978
1267,16.7820,2.50000,1.04083,0.52645,0.063333,0.74988,0.00000,2.50000,0.52645
1268,21.2620,2.50000,1.04083,0.46312,0.063333,0.75000,0.00000,2.50000,0.46312
1269,11.9420,2.50000,1.04083,0.39978,0.063333,0.75000,0.00000,2.50000,0.39978
1270,16.5530,2.50000,1.04083,0.33645,0.063333,0.75012,0.00000,2.50000,0.33645
1271,542.4630,2.50000,1.04083,-0.17022,0.506667,0.75000,0.00000,2.50000,-0.17022
1272,15.6720,2.50000,1.04083,-0.36022,0.190000,6.37549,0.00000,2.50000,-0.36022
1273,5.3360,2.50000,1.04083,-0.42355,0.063333,1.81885,0.00000,2.50000,-0.42355
1274,5.3600,2.50000,1.04083,-0.48688,0.063333,0.75000,0.00000,2.50000,-0.48688
1275,16.7470,2.50000,1.04083,-0.55022,0.063333,0.75000,0.00000,2.50000,-0.55022
1276,15.6120,2.50000,1.04083,-0.61355,0.063333,0.75000,0.00000,2.50000,-0.61355
1277,17.1490,2.50000,1.04083,-0.67688,0.063333,0.75000,0.00000,2.50000,-0.67688
1278,16.3260,2.50000,1.04083,-0.74022,0.063333,0.75000,0.00000,2.50000,-0.74022
1279,16.6030,2.50000,1.04083,-0.80355,0.063333,0.75000,0.00000,2.50000,-0.80355
1280,17.5350,2.50000,1.04083,-0.86688,0.063333,0.75000,0.00000,2.50000,-0.86688
1281,16.8060,2.50000,1.04083,-0.93022,0.063333,0.75000,0.00000,2.50000,-0.93022
1282,16.3590,2.50000,1.04083,-0.99355,0.063333,0.75000,0.00000,2.50000,-0.99355
1283,17.3810,2.50000,1.04083,-1.05688,0.063333,0.75000,0.00000,2.50000,-1.05688
1284,15.3720,2.50000,1.04083,-1.12022,0.063333,0.75000,0.00000,2.50000,-1.12022
1285,17.6620,2.50000,1.04083,-1.18355,0.063333,0.75000,0.00000,2.50000,-1.18355
1286,14.9810,2.50000,1.04083,-1.24688,0.063333,0.75000,0.00000,2.50000,-1.24688
1287,17.9620,2.50000,1.04083,-1.31022,0.063333,0.75000,0.00000,2.50000,-1.31022
1288,18.0190,2.50000,1.04083,-1.37355,0.063333,0.75000,0.00000,2.50000,-1.37355
1289,15.6000,2.50000,1.04083,-1.43688,0.063333,0.75000,0.00000,2.50000,-1.43688
1290,17.1600,2.50000,1.04083,-1.50022,0.063333,0.75000,0.00000,2.50000,-1.50022
1291,14.5410,2.50000,1.04083,-1.55994,0.059722,0.75000,0.00000,2.50000,-1.55994
1292,16.6320,2.50000,1.04083,-1.61605,0.056111,0.75000,0.00000,2.50000,-1.61605
1293,19.6340,2.50000,1.04083,-1.66855,0.052500,0.75000,0.00000,2.50000,-1.66855
1294,14.2490,2.50000,1.04083,-1.71744,0.048889,0.75000,0.00000,2.50000,-1.71744
1295,16.3380,2.50000,1.04083,-1.76272,0.045278,0.75000,0.00000,2.50000,-1.76272
1296,16.3880,2.50000,1.04083,-1.80438,0.041667,0.75000,0.00000,2.50000,-1.80438
1297,17.0440,2.50000,1.04083,-1.84244,0.038056,0.75000,0.00000,2.50000,-1.84244
1298,20.1250,2.50000,1.04083,-1.87688,0.034444,0.75000,0.00000,2.50000,-1.87688
1299,12.8780,2.50000,1.04083,-1.90772,0.030833,0.75000,0.00000,2.50000,-1.90772
1300,16.8910,2.50000,1.04083,-1.93494,0.027222,0.75000,0.00000,2.50000,-1.93494
1301,16.5790,2.50000,1.04083,-1.95855,0.023611,0.75000,0.00000,2.50000,-1.95855
1302,16.4250,2.50000,1.04083,-1.97855,0.020000,0.75000,0.00000,2.50000,-1.97855
1303,16.9020,2.50000,1.04083,-1.98911,0.010556,0.75000,0.00000,2.50000,-1.98911
1304,16.8920,2.50000,1.04083,-1.99022,0.001111,0.75000,0.00000,2.50000,-1.99022
1305,16.5680,2.50000,1.04083,-1.98883,0.001389,0.75000,0.00000,2.50000,-1.98883
1306,16.6460,2.50000,1.04083,-1.98494,0.003889,0.75000,0.00000,2.50000,-1.98494
1307,16.5610,2.50000,1.04083,-1.97855,0.006389,0.75000,0.00000,2.50000,-1.97855
1308,17.1300,2.50000,1.04083,-1.96966,0.008889,0.75000,0.00000,2.50000,-1.96966
1309,16.2360,2.50000,1.04083,-1.95827,0.011389,0.75000,0.00000,2.50000,-1.95827
1310,16.6390,2.50000,1.04083,-1.94438,0.013889,0.75000,0.00000,2.50000,-1.94438
1311,18.8780,2.50000,1.04083,-1.92799,0.016389,0.75000,0.00000,2.50000,-1.92799
1312,14.5790,2.50000,1.04083,-1.90911,0.018889,0.75000,0.00000,2.50000,-1.90911
1313,17.3710,2.50000,1.04083,-1.88772,0.021389,0.75000,0.00000,2.50000,-1.88772
1314,16.1050,2.50000,1.04083,-1.86383,0.023889,0.75000,0.00000,2.50000,-1.86383
1315,16.4530,2.50000,1.04083,-1.83744,0.026389,0.75000,0.00000,2.50000,-1.83744
1316,16.6520,2.50000,1.04083,-1.80855,0.028889,0.75000,0.00000,2.50000,-1.80855
1317,16.5980,2.50000,1.04083,-1.77716,0.031389,0.75000,0.00000,2.50000,-1.77716
1318,17.3990,2.50000,1.04083,-1.74327,0.033889,0.75000,0.00000,2.50000,-1.74327
1319,16.0310,2.50000,1.04083,-1.70688,0.036389,0.75000,0.00000,2.50000,-1.70688
1320,16.7900,2.50000,1.04083,-1.66799,0.038889,0.75000,0.00000,2.50000,-1.66799
1321,16.6070,2.50000,1.04083,-1.62661,0.041389,0.75000,0.00000,2.50000,-1.62661
1322,16.7540,2.50000,1.04083,-1.58272,0.043889,0.75000,0.00000,2.50000,-1.58272
1323,16.5380,2.50000,1.04083,-1.53633,0.046389,0.75000,0.00000,2.50000,-1.53633
1324,21.1970,2.50000,1.04083,-1.48744,0.048889,0.75000,0.00000,2.50000,-1.48744
1325,12.4680,2.50000,1.04083,-1.43605,0.051389,0.75000,0.00000,2.50000,-1.43605
1326,16.4090,2.50000,1.04083,-1.38216,0.053889,0.75000,0.00000,2.50000,-1.38216
1327,16.6270,2.50000,1.04083,-1.32577,0.056389,0.75000,0.00000,2.50000,-1.32577
1328,16.3640,2.50000,1.04083,-1.26688,0.058889,0.75000,0.00000,2.50000,-1.26688
1329,16.9270,2.50000,1.04083,-1.20549,0.061389,0.75000,0.00000,2.50000,-1.20549
1330,16.7460,2.50000,1.04083,-1.14216,0.063333,0.75000,0.00000,2.50000,-1.14216
1331,16.5660,2.50000,1.04083,-1.07883,0.063333,0.75000,0.00000,2.50000,-1.07883
1332,16.5860,2.50000,1.04083,-1.01549,0.063333,0.75000,0.00000,2.50000,-1.01549
1333,16.4050,2.50000,1.04083,-0.95216,0.063333,0.75000,0.00000,2.50000,-0.95216
1334,16.6980,2.50000,1.04083,-0.88883,0.063333,0.75000,0.00000,2.50000,-0.88883
1335,16.4530,2.50000,1.04083,-0.82549,0.063333,0.75000,0.00000,2.50000,-0.82549
1336,537.2660,2.50000,1.04083,-0.31883,0.506667,0.75000,0.00000,2.50000,-0.31883
1337,5.6340,2.50000,1.04083,-0.19216,0.126667,6.41504,0.00000,2.50000,-0.19216
1338,7.6800,2.50000,1.04083,-0.12883,0.063333,1.08521,0.00000,2.50000,-0.12883
1339,16.5850,2.50000,1.04083,-0.06549,0.063333,0.74976,0.00000,2.50000,-0.06549
1340,16.7080,2.50000,1.04083,-0.00216,0.063333,0.75000,0.00000,2.50000,-0.00216
1341,16.7090,2.50000,1.04083,0.06117,0.063333,0.82129,0.00000,2.50000,0.06117
1342,17.2610,2.50000,1.04083,0.12451,0.063333,0.74316,0.00000,2.50000,0.12451
1343,16.2060,2.50000,1.04083,0.18784,0.063333,0.76172,0.00000,2.50000,0.18784
1344,16.4710,2.50000,1.04083,0.25117,0.063333,0.74487,0.00000,2.50000,0.25117
1345,16.8020,2.50000,1.04083,0.31451,0.063333,0.74927,0.00000,2.50000,0.31451
1346,16.6800,2.50000,1.04083,0.37784,0.063333,0.75000,0.00000,2.50000,0.37784
1347,16.2290,2.50000,1.04083,0.44117,0.063333,0.75244,0.00000,2.50000,0.44117
1348,18.6420,2.50000,1.04083,0.50451,0.063333,0.73535,0.00000,2.50000,0.50451
1349,15.0410,2.50000,1.04083,0.56784,0.063333,0.76514,0.00000,2.50000,0.56784
1350,16.6840,2.50000,1.04083,0.63117,0.063333,0.74695,0.00000,2.50000,0.63117
1351,17.2020,2.50000,1.04083,0.69451,0.063333,0.75000,0.00000,2.50000,0.69451
1352,16.6480,2.50000,1.04083,0.75784,0.063333,0.75000,0.00000,2.50000,0.75784
1353,16.3100,2.50000,1.04083,0.82117,0.063333,0.74988,0.00000,2.50000,0.82117
1354,16.9170,2.50000,1.04083,0.88451,0.063333,0.74426,0.00000,2.50000,0.88451
1355,16.8760,2.50000,1.04083,0.94784,0.063333,0.74988,0.00000,2.50000,0.94784
1356,16.9510,2.50000,1.04083,1.01117,0.063333,0.75000,0.00000,2.50000,1.01117
1357,16.2010,2.50000,1.04083,1.07451,0.063333,0.75000,0.00000,2.50000,1.07451
1358,16.6920,2.50000,1.04083,1.13784,0.063333,0.75000,0.00000,2.50000,1.13784
1359,16.5460,2.50000,1.04083,1.20117,0.063333,0.75000,0.00000,2.50000,1.20117
1360,16.9880,2.50000,1.04083,1.26451,0.063333,0.75000,0.00000,2.50000,1.26451
1361,18.0510,2.50000,1.04083,1.32784,0.063333,0.75012,0.00000,2.50000,1.32784
1362,15.2300,2.50000,1.04083,1.39117,0.063333,0.74988,0.00000,2.50000,1.39117
1363,16.8030,2.50000,1.04083,1.45450,0.063333,0.75000,0.00000,2.50000,1.45450
1364,16.5540,2.50000,1.04083,1.51784,0.063333,0.75000,0.00000,2.50000,1.51784
1365,16.3020,2.50000,1.04083,1.58117,0.063333,0.75000,0.00000,2.50000,1.58117
1366,16.9380,2.50000,1.04083,1.64450,0.063333,0.75000,0.00000,2.50000,1.64450
1367,16.6750,2.50000,1.04083,1.70784,0.063333,0.75000,0.00000,2.50000,1.70784
1368,16.5310,2.50000,1.04083,1.77117,0.063333,0.75012,0.00000,2.50000,1.77117
1369,16.7300,2.50000,1.04083,1.83450,0.063333,0.75000,0.00000,2.50000,1.83450
1370,600.4900,2.50000,1.04083,2.34117,0.506666,0.74988,0.00000,2.50000,2.34117
1371,6.1700,2.50000,1.04083,2.46784,0.126667,6.40540,0.00000,2.50000,2.46784
1372,10.0950,2.50000,1.04083,2.53117,0.063333,1.03040,0.00000,2.50000,2.53117
1373,16.4810,2.50000,1.04083,2.59450,0.063333,0.75000,0.00000,2.50000,2.59450
1374,16.6200,2.50000,1.04083,2.65784,0.063333,0.75000,0.00000,2.50000,2.65784
1375,16.8180,2.50000,1.04083,2.72117,0.063333,0.84192,0.00000,2.50000,2.72117
1376,16.7740,2.50000,1.04083,2.78089,0.059722,0.74939,0.00000,2.50000,2.78089
1377,16.7890,2.50000,1.04083,2.83700,0.056111,0.75159,0.00000,2.50000,2.83700
1378,16.6300,2.50000,1.04083,2.88950,0.052500,0.75134,0.00000,2.50000,2.88950
1379,16.3080,2.50000,1.04083,2.93839,0.048889,0.75012,0.00000,2.50000,2.93839
1380,16.5210,2.50000,1.04083,2.98367,0.045278,0.73694,0.00000,2.50000,2.98367
1381,16.7890,2.50000,1.04083,3.02534,0.041667,0.74902,0.00000,2.50000,3.02534
1382,18.4800,2.50000,1.04083,3.06339,0.038056,0.76099,0.00000,2.50000,3.06339
1383,15.0170,2.50000,1.04083,3.09784,0.034444,0.75293,0.00000,2.50000,3.09784
1384,16.5910,2.50000,1.04083,3.12867,0.030833,0.74878,0.00000,2.50000,3.12867
1385,16.5900,2.50000,1.04083,3.15589,0.027222,0.74976,0.00000,2.50000,3.15589
1386,16.9120,2.50000,1.04083,3.17950,0.023611,0.73816,0.00000,2.50000,3.17950
1387,16.4720,2.50000,1.04083,3.19950,0.020000,0.75000,0.00000,2.50000,3.19950
1388,16.7220,2.50000,1.04083,3.21006,0.010556,0.75000,0.00000,2.50000,3.21006
1389,16.9640,2.50000,1.04083,3.21117,0.001111,0.75000,0.00000,2.50000,3.21117
1390,16.3440,2.50000,1.04083,3.20978,0.001389,0.75012,0.00000,2.50000,3.20978
1391,16.8110,2.50000,1.04083,3.20589,0.003889,0.75000,0.00000,2.50000,3.20589
1392,16.6040,2.50000,1.04083,3.19950,0.006389,0.75000,0.00000,2.50000,3.19950
1393,16.7910,2.50000,1.04083,3.19061,0.008889,0.74988,0.00000,2.50000,3.19061
1394,16.5480,2.50000,1.04083,3.17923,0.011389,0.75000,0.00000,2.50000,3.17923
1395,21.4200,2.50000,1.04083,3.16534,0.013889,0.75000,0.00000,2.50000,3.16534
1396,12.0480,2.50000,1.04083,3.14895,0.016389,0.75000,0.00000,2.50000,3.14895
1397,16.3630,2.50000,1.04083,3.13006,0.018889,0.75000,0.00000,2.50000,3.13006
1398,16.9160,2.50000,1.04083,3.10867,0.021389,0.75012,0.00000,2.50000,3.10867
1399,16.5280,2.50000,1.04083,3.08478,0.023889,0.75000,0.00000,2.50000,3.08478
1400,16.8710,2.50000,1.04083,3.05839,0.026389,0.75000,0.00000,2.50000,3.05839
1401,16.5690,2.50000,1.04083,3.02950,0.028889,0.74988,0.00000,2.50000,3.02950
1402,16.8070,2.50000,1.04083,2.99811,0.031389,0.75000,0.00000,2.50000,2.99811
1403,16.3420,2.50000,1.04083,2.96423,0.033889,0.75000,0.00000,2.50000,2.96423
1404,16.9670,2.50000,1.04083,2.92784,0.036389,0.75000,0.00000,2.50000,2.92784
1405,16.5450,2.50000,1.04083,2.88895,0.038889,0.75012,0.00000,2.50000,2.88895
1406,16.6670,2.50000,1.04083,2.84756,0.041389,0.75000,0.00000,2.50000,2.84756
1407,16.7630,2.50000,1.04083,2.80367,0.043889,0.75000,0.00000,2.50000,2.80367
1408,21.3960,2.50000,1.04083,2.75728,0.046389,0.74988,0.00000,2.50000,2.75728
1409,11.6790,2.50000,1.04083,2.70839,0.048889,0.75000,0.00000,2.50000,2.70839
1410,17.0080,2.50000,1.04083,2.65700,0.051389,0.75000,0.00000,2.50000,2.65700
1411,16.5650,2.50000,1.04083,2.60311,0.053889,0.75000,0.00000,2.50000,2.60311
1412,16.6670,2.50000,1.04083,2.54673,0.056389,0.75000,0.00000,2.50000,2.54673
1413,16.6080,2.50000,1.04083,2.48784,0.058889,0.75012,0.00000,2.50000,2.48784
1414,17.0590,2.50000,1.04083,2.42645,0.061389,0.75000,0.00000,2.50000,2.42645
1415,16.9980,2.50000,1.04083,2.36311,0.063333,0.75000,0.00000,2.50000,2.36311
1416,16.4630,2.50000,1.04083,2.29978,0.063333,0.74988,0.00000,2.50000,2.29978
1417,16.7970,2.50000,1.04083,2.23645,0.063333,0.75000,0.00000,2.50000,2.23645
1418,16.5650,2.50000,1.04083,2.17311,0.063333,0.75000,0.00000,2.50000,2.17311
1419,16.7610,2.50000,1.04083,2.10978,0.063333,0.75000,0.00000,2.50000,2.10978
1420,16.8500,2.50000,1.04083,2.04645,0.063333,0.75012,0.00000,2.50000,2.04645
1421,20.1790,2.50000,1.04083,1.98311,0.063333,0.75000,0.00000,2.50000,1.98311
1422,13.0380,2.50000,1.04083,1.91978,0.063333,0.75000,0.00000,2.50000,1.91978
1423,16.6390,2.50000,1.04083,1.85645,0.063333,0.74988,0.00000,2.50000,1.85645
1424,16.4630,2.50000,1.04083,1.79311,0.063333,0.75000,0.00000,2.50000,1.79311
1425,16.5900,2.50000,1.04083,1.72978,0.063333,0.75000,0.00000,2.50000,1.72978
1426,16.4680,2.50000,1.04083,1.66645,0.063333,0.75000,0.00000,2.50000,1.66645
1427,16.7150,2.50000,1.04083,1.60312,0.063333,0.75000,0.00000,2.50000,1.60312
1428,17.2890,2.50000,1.04083,1.53978,0.063333,0.75012,0.00000,2.50000,1.53978
1429,16.0030,2.50000,1.04083,1.47645,0.063333,0.75000,0.00000,2.50000,1.47645
1430,16.5360,2.50000,1.04083,1.41312,0.063333,0.75000,0.00000,2.50000,1.41312
1431,17.1200,2.50000,1.04083,1.34978,0.063333,0.74988,0.00000,2.50000,1.34978
1432,16.6370,2.50000,1.04083,1.28645,0.063333,0.75000,0.00000,2.50000,1.28645
1433,16.7160,2.50000,1.04083,1.22312,0.063333,0.75000,0.00000,2.50000,1.22312
1434,21.5010,2.50000,1.04083,1.15978,0.063333,0.75000,0.00000,2.50000,1.15978
1435,12.0600,2.50000,1.04083,1.09645,0.063333,0.75012,0.00000,2.50000,1.09645
1436,16.7230,2.50000,1.04083,1.03312,0.063333,0.75000,0.00000,2.50000,1.03312
1437,16.3480,2.50000,1.04083,0.96978,0.063333,0.75000,0.00000,2.50000,0.96978
1438,16.9820,2.50000,1.04083,0.90645,0.063333,0.74988,0.00000,2.50000,0.90645
1439,15.9790,2.50000,1.04083,0.84312,0.063333,0.75000,0.00000,2.50000,0.84312
1440,16.7530,2.50000,1.04083,0.77978,0.063333,0.75000,0.00000,2.50000,0.77978
1441,16.7280,2.50000,1.04083,0.71645,0.063333,0.75000,0.00000,2.50000,0.71645
1442,16.5960,2.50000,1.04083,0.65312,0.063333,0.75000,0.00000,2.50000,0.65312
1443,16.6110,2.50000,1.04083,0.58978,0.063333,0.75012,0.00000,2.50000,0.58978
1444,16.7760,2.50000,1.04083,0.52645,0.063333,0.75000,0.00000,2.50000,0.52645
1445,16.5340,2.50000,1.04083,0.46312,0.063333,0.75000,0.00000,2.50000,0.46312
1446,16.8260,2.50000,1.04083,0.39978,0.063333,0.74988,0.00000,2.50000,0.39978
1447,21.2940,2.50000,1.04083,0.33645,0.063333,0.75000,0.00000,2.50000,0.33645
1448,12.1900,2.50000,1.04083,0.27312,0.063333,0.75000,0.00000,2.50000,0.27312
1449,16.4650,2.50000,1.04083,0.20978,0.063333,0.75000,0.00000,2.50000,0.20978
1450,16.6080,2.50000,1.04083,0.14645,0.063333,0.75012,0.00000,2.50000,0.14645
1451,16.6030,2.50000,1.04083,0.08312,0.063333,0.75000,0.00000,2.50000,0.08312
1452,17.1170,2.50000,1.04083,0.01978,0.063333,0.75000,0.00000,2.50000,0.01978
1453,16.5990,2.50000,1.04083,-0.04355,0.063333,0.74988,0.00000,2.50000,-0.04355
1454,16.4430,2.50000,1.04083,-0.10688,0.063333,0.75000,0.00000,2.50000,-0.10688
1455,16.6720,2.50000,1.04083,-0.17022,0.063333,0.75000,0.00000,2.50000,-0.17022
1456,16.7580,2.50000,1.04083,-0.23355,0.063333,0.75000,0.00000,2.50000,-0.23355
1457,16.2660,2.50000,1.04083,-0.29688,0.063333,0.75000,0.00000,2.50000,-0.29688
1458,17.0460,2.50000,1.04083,-0.36022,0.063333,0.75012,0.00000,2.50000,-0.36022
1459,16.8820,2.50000,1.04083,-0.42355,0.063333,0.75000,0.00000,2.50000,-0.42355
1460,21.5390,2.50000,1.04083,-0.48688,0.063333,0.75000,0.00000,2.50000,-0.48688
1461,11.4100,2.50000,1.04083,-0.55022,0.063333,0.74988,0.00000,2.50000,-0.55022
1462,16.9270,2.50000,1.04083,-0.61355,0.063333,0.75000,0.00000,2.50000,-0.61355
1463,16.6980,2.50000,1.04083,-0.67688,0.063333,0.75000,0.00000,2.50000,-0.67688
1464,16.6560,2.50000,1.04083,-0.74022,0.063333,0.75000,0.00000,2.50000,-0.74022
1465,16.5800,2.50000,1.04083,-0.80355,0.063333,0.75012,0.00000,2.50000,-0.80355
1466,16.9940,2.50000,1.04083,-0.86688,0.063333,0.75000,0.00000,2.50000,-0.86688
1467,16.0790,2.50000,1.04083,-0.93022,0.063333,0.75000,0.00000,2.50000,-0.93022
1468,17.1350,2.50000,1.04083,-0.99355,0.063333,0.74988,0.00000,2.50000,-0.99355
1469,16.2620,2.50000,1.04083,-1.05688,0.063333,0.75000,0.00000,2.50000,-1.05688
1470,16.9920,2.50000,1.04083,-1.12022,0.063333,0.75000,0.00000,2.50000,-1.12022
1471,16.5640,2.50000,1.04083,-1.18355,0.063333,0.75000,0.00000,2.50000,-1.18355
1472,16.8940,2.50000,1.04083,-1.24688,0.063333,0.75000,0.00000,2.50000,-1.24688
1473,21.5000,2.50000,1.04083,-1.31022,0.063333,0.75012,0.00000,2.50000,-1.31022
1474,11.9280,2.50000,1.04083,-1.37355,0.063333,0.75000,0.00000,2.50000,-1.37355
1475,16.2610,2.50000,1.04083,-1.43688,0.063333,0.75000,0.00000,2.50000,-1.43688
1476,16.8030,2.50000,1.04083,-1.50022,0.063333,0.74988,0.00000,2.50000,-1.50022
1477,16.8720,2.50000,1.04083,-1.55994,0.059722,0.75000,0.00000,2.50000,-1.55994
1478,16.5300,2.50000,1.04083,-1.61605,0.056111,0.75000,0.00000,2.50000,-1.61605
1479,16.3530,2.50000,1.04083,-1.66855,0.052500,0.75000,0.00000,2.50000,-1.66855
1480,17.0720,2.50000,1.04083,-1.71744,0.048889,0.75012,0.00000,2.50000,-1.71744
1481,16.4960,2.50000,1.04083,-1.76272,0.045278,0.75000,0.00000,2.50000,-1.76272
1482,16.7900,2.50000,1.04083,-1.80438,0.041667,0.75000,0.00000,2.50000,-1.80438
1483,16.8960,2.50000,1.04083,-1.84244,0.038056,0.74988,0.00000,2.50000,-1.84244
1484,16.6300,2.50000,1.04083,-1.87688,0.034444,0.75000,0.00000,2.50000,-1.87688
1485,16.2600,2.50000,1.04083,-1.90772,0.030833,0.75000,0.00000,2.50000,-1.90772
1486,21.6030,2.50000,1.04083,-1.93494,0.027222,0.75000,0.00000,2.50000,-1.93494
1487,12.3160,2.50000,1.04083,-1.95855,0.023611,0.75000,0.00000,2.50000,-1.95855
1488,16.7260,2.50000,1.04083,-1.97855,0.020000,0.75012,0.00000,2.50000,-1.97855
1489,16.3910,2.50000,1.04083,-1.98911,0.010556,0.75000,0.00000,2.50000,-1.98911
1490,16.5410,2.50000,1.04083,-1.99022,0.001111,0.75000,0.00000,2.50000,-1.99022
1491,16.4900,2.50000,1.04083,-1.98883,0.001389,0.74988,0.00000,2.50000,-1.98883
1492,16.9000,2.50000,1.04083,-1.98494,0.003889,0.75000,0.00000,2.50000,-1.98494
1493,16.9350,2.50000,1.04083,-1.97855,0.006389,0.75000,0.00000,2.50000,-1.97855
1494,16.6440,2.50000,1.04083,-1.96966,0.008889,0.75000,0.00000,2.50000,-1.96966
1495,16.6150,2.50000,1.04083,-1.95827,0.011389,0.75012,0.00000,2.50000,-1.95827
1496,16.5100,2.50000,1.04083,-1.94438,0.013889,0.75000,0.00000,2.50000,-1.94438
1497,17.2540,2.50000,1.04083,-1.92799,0.016389,0.75000,0.00000,2.50000,-1.92799
1498,16.6260,2.50000,1.04083,-1.90911,0.018889,0.74988,0.00000,2.50000,-1.90911
1499,21.7640,2.50000,1.04083,-1.88772,0.021389,0.75000,0.00000,2.50000,-1.88772
1500,11.4260,2.50000,1.04083,-1.86383,0.023889,0.75000,0.00000,2.50000,-1.86383
1501,17.0570,2.50000,1.04083,-1.83744,0.026389,0.75000,0.00000,2.50000,-1.83744
1502,16.2790,2.50000,1.04083,-1.80855,0.028889,0.75000,0.00000,2.50000,-1.80855
1503,16.9650,2.50000,1.04083,-1.77716,0.031389,0.75012,0.00000,2.50000,-1.77716
1504,16.4740,2.50000,1.04083,-1.74327,0.033889,0.75000,0.00000,2.50000,-1.74327
1505,16.7120,2.50000,1.04083,-1.70688,0.036389,0.75000,0.00000,2.50000,-1.70688
1506,16.9090,2.50000,1.04083,-1.66799,0.038889,0.74988,0.00000,2.50000,-1.66799
1507,16.3920,2.50000,1.04083,-1.62661,0.041389,0.75000,0.00000,2.50000,-1.62661
1508,17.0300,2.50000,1.04083,-1.58272,0.043889,0.75000,0.00000,2.50000,-1.58272
1509,16.4790,2.50000,1.04083,-1.53633,0.046389,0.75000,0.00000,2.50000,-1.53633
1510,16.5810,2.50000,1.04083,-1.48744,0.048889,0.75012,0.00000,2.50000,-1.48744
1511,16.5450,2.50000,1.04083,-1.43605,0.051389,0.75000,0.00000,2.50000,-1.43605
1512,21.5200,2.50000,1.04083,-1.38216,0.053889,0.75000,0.00000,2.50000,-1.38216
1513,12.0400,2.50000,1.04083,-1.32577,0.056389,0.74988,0.00000,2.50000,-1.32577
1514,16.6130,2.50000,1.04083,-1.26688,0.058889,0.75000,0.00000,2.50000,-1.26688
1515,16.7590,2.50000,1.04083,-1.20549,0.061389,0.75000,0.00000,2.50000,-1.20549
1516,16.5170,2.50000,1.04083,-1.14216,0.063333,0.75000,0.00000,2.50000,-1.14216
1517,16.7440,2.50000,1.04083,-1.07883,0.063333,0.75000,0.00000,2.50000,-1.07883
1518,16.7090,2.50000,1.04083,-1.01549,0.063333,0.75012,0.00000,2.50000,-1.01549
1519,16.7810,2.50000,1.04083,-0.95216,0.063333,0.75000,0.00000,2.50000,-0.95216
1520,16.5070,2.50000,1.04083,-0.88883,0.063333,0.75000,0.00000,2.50000,-0.88883
1521,16.7010,2.50000,1.04083,-0.82549,0.063333,0.74988,0.00000,2.50000,-0.82549
1522,16.7610,2.50000,1.04083,-0.76216,0.063333,0.75000,0.00000,2.50000,-0.76216
1523,16.5470,2.50000,1.04083,-0.69883,0.063333,0.75000,0.00000,2.50000,-0.69883
1524,16.7230,2.50000,1.04083,-0.63549,0.063333,0.75000,0.00000,2.50000,-0.63549
1525,22.1710,2.50000,1.04083,-0.57216,0.063333,0.75012,0.00000,2.50000,-0.57216
1526,11.1350,2.50000,1.04083,-0.50883,0.063333,0.75000,0.00000,2.50000,-0.50883
1527,16.4720,2.50000,1.04083,-0.44549,0.063333,0.75000,0.00000,2.50000,-0.44549
1528,16.3950,2.50000,1.04083,-0.38216,0.063333,0.74988,0.00000,2.50000,-0.38216
1529,16.7570,2.50000,1.04083,-0.31883,0.063333,0.75000,0.00000,2.50000,-0.31883
1530,16.5800,2.50000,1.04083,-0.25549,0.063333,0.75000,0.00000,2.50000,-0.25549
1531,16.5270,2.50000,1.04083,-0.19216,0.063333,0.75000,0.00000,2.50000,-0.19216
1532,16.5180,2.50000,1.04083,-0.12883,0.063333,0.75000,0.00000,2.50000,-0.12883
1533,16.9700,2.50000,1.04083,-0.06549,0.063333,0.75012,0.00000,2.50000,-0.06549
1534,16.7060,2.50000,1.04083,-0.00216,0.063333,0.75000,0.00000,2.50000,-0.00216
1535,16.4450,2.50000,1.04083,0.06117,0.063333,0.75000,0.00000,2.50000,0.06117
1536,16.9960,2.50000,1.04083,0.12451,0.063333,0.74988,0.00000,2.50000,0.12451
1537,16.4460,2.50000,1.04083,0.18784,0.063333,0.75000,0.00000,2.50000,0.18784
1538,21.4260,2.50000,1.04083,0.25117,0.063333,0.75000,0.00000,2.50000,0.25117
1539,11.9910,2.50000,1.04083,0.31451,0.063333,0.75000,0.00000,2.50000,0.31451
1540,16.8100,2.50000,1.04083,0.37784,0.063333,0.75012,0.00000,2.50000,0.37784
1541,16.4800,2.50000,1.04083,0.44117,0.063333,0.75000,0.00000,2.50000,0.44117
1542,16.6900,2.50000,1.04083,0.50451,0.063333,0.75000,0.00000,2.50000,0.50451
1543,16.7820,2.50000,1.04083,0.56784,0.063333,0.74988,0.00000,2.50000,0.56784
1544,16.5500,2.50000,1.04083,0.63117,0.063333,0.75000,0.00000,2.50000,0.63117
1545,16.7750,2.50000,1.04083,0.69451,0.063333,0.75000,0.00000,2.50000,0.69451
1546,16.6090,2.50000,1.04083,0.75784,0.063333,0.75000,0.00000,2.50000,0.75784
1547,16.7780,2.50000,1.04083,0.82117,0.063333,0.75000,0.00000,2.50000,0.82117
1548,17.0900,2.50000,1.04083,0.88451,0.063333,0.75012,0.00000,2.50000,0.88451
1549,16.1410,2.50000,1.04083,0.94784,0.063333,0.75000,0.00000,2.50000,0.94784
1550,16.8940,2.50000,1.04083,1.01117,0.063333,0.75000,0.00000,2.50000,1.01117
1551,21.2870,2.50000,1.04083,1.07451,0.063333,0.74988,0.00000,2.50000,1.07451
1552,11.8150,2.50000,1.04083,1.13784,0.063333,0.75000,0.00000,2.50000,1.13784
1553,17.1050,2.50000,1.04083,1.20117,0.063333,0.75000,0.00000,2.50000,1.20117
1554,16.3900,2.50000,1.04083,1.26450,0.063333,0.75000,0.00000,2.50000,1.26450
1555,16.4170,2.50000,1.04083,1.32784,0.063333,0.75012,0.00000,2.50000,1.32784
1556,16.7780,2.50000,1.04083,1.39117,0.063333,0.75000,0.00000,2.50000,1.39117
1557,16.8170,2.50000,1.04083,1.45450,0.063333,0.75000,0.00000,2.50000,1.45450
1558,16.8950,2.50000,1.04083,1.51784,0.063333,0.74988,0.00000,2.50000,1.51784
1559,16.5110,2.50000,1.04083,1.58117,0.063333,0.75000,0.00000,2.50000,1.58117
1560,16.4430,2.50000,1.04083,1.64450,0.063333,0.75000,0.00000,2.50000,1.64450
1561,16.6720,2.50000,1.04083,1.70784,0.063333,0.75000,0.00000,2.50000,1.70784
1562,16.8730,2.50000,1.04083,1.77117,0.063333,0.75000,0.00000,2.50000,1.77117
1563,16.6530,2.50000,1.04083,1.83450,0.063333,0.75012,0.00000,2.50000,1.83450
1564,22.0470,2.50000,1.04083,1.89784,0.063333,0.75000,0.00000,2.50000,1.89784
1565,11.6740,2.50000,1.04083,1.96117,0.063333,0.75000,0.00000,2.50000,1.96117
1566,16.1870,2.50000,1.04083,2.02450,0.063333,0.74988,0.00000,2.50000,2.02450
1567,16.4600,2.50000,1.04083,2.08784,0.063333,0.75000,0.00000,2.50000,2.08784
1568,17.2170,2.50000,1.04083,2.15117,0.063333,0.75000,0.00000,2.50000,2.15117
1569,16.6130,2.50000,1.04083,2.21450,0.063333,0.75000,0.00000,2.50000,2.21450
1570,16.8580,2.50000,1.04083,2.27784,0.063333,0.75012,0.00000,2.50000,2.27784
1571,16.8010,2.50000,1.04083,2.34117,0.063333,0.75000,0.00000,2.50000,2.34117
1572,16.2160,2.50000,1.04083,2.40450,0.063333,0.75000,0.00000,2.50000,2.40450
1573,16.8010,2.50000,1.04083,2.46784,0.063333,0.74988,0.00000,2.50000,2.46784
1574,16.8890,2.50000,1.04083,2.53117,0.063333,0.75000,0.00000,2.50000,2.53117
1575,16.9390,2.50000,1.04083,2.59450,0.063333,0.75000,0.00000,2.50000,2.59450
1576,16.5130,2.50000,1.04083,2.65784,0.063333,0.75000,0.00000,2.50000,2.65784
1577,21.5210,2.50000,1.04083,2.72117,0.063333,0.75000,0.00000,2.50000,2.72117
1578,11.7620,2.50000,1.04083,2.78089,0.059722,0.75012,0.00000,2.50000,2.78089
1579,16.5090,2.50000,1.04083,2.83700,0.056111,0.75000,0.00000,2.50000,2.83700
1580,17.0000,2.50000,1.04083,2.88950,0.052500,0.75000,0.00000,2.50000,2.88950
1581,16.5860,2.50000,1.04083,2.93839,0.048889,0.74988,0.00000,2.50000,2.93839
1582,16.7180,2.50000,1.04083,2.98367,0.045278,0.75000,0.00000,2.50000,2.98367
1583,16.6540,2.50000,1.04083,3.02534,0.041667,0.75000,0.00000,2.50000,3.02534
1584,16.5660,2.50000,1.04083,3.06339,0.038056,0.75000,0.00000,2.50000,3.06339
1585,16.9390,2.50000,1.04083,3.09784,0.034444,0.75012,0.00000,2.50000,3.09784
1586,16.5350,2.50000,1.04083,3.12867,0.030833,0.75000,0.00000,2.50000,3.12867
1587,16.6780,2.50000,1.04083,3.15589,0.027222,0.75000,0.00000,2.50000,3.15589
1588,16.7130,2.50000,1.04083,3.17950,0.023611,0.74988,0.00000,2.50000,3.17950
1589,16.5800,2.50000,1.04083,3.19950,0.020000,0.75000,0.00000,2.50000,3.19950
1590,21.8020,2.50000,1.04083,3.21006,0.010556,0.75000,0.00000,2.50000,3.21006
1591,11.4680,2.50000,1.04083,3.21117,0.001111,0.75000,0.00000,2.50000,3.21117
1592,17.1370,2.50000,1.04083,3.20978,0.001389,0.75000,0.00000,2.50000,3.20978
1593,16.4410,2.50000,1.04083,3.20589,0.003889,0.75012,0.00000,2.50000,3.20589
1594,16.7170,2.50000,1.04083,3.19950,0.006389,0.75000,0.00000,2.50000,3.19950
1595,16.8620,2.50000,1.04083,3.19061,0.008889,0.75000,0.00000,2.50000,3.19061
1596,534.0870,2.50000,1.04083,3.02950,0.161111,0.74988,0.00000,2.50000,3.02950
1597,17.8270,2.50000,1.04083,2.96423,0.065278,6.39612,0.00000,2.50000,2.96423
1598,4.1320,2.50000,1.04083,2.92784,0.036389,1.02295,0.00000,2.50000,2.92784
1599,11.5740,2.50000,1.04083,2.88895,0.038889,0.75000,0.00000,2.50000,2.88895
1600,16.0830,2.50000,1.04083,2.84756,0.041389,0.75000,0.00000,2.50000,2.84756
1601,16.8440,2.50000,1.04083,2.80367,0.043889,0.85193,0.00000,2.50000,2.80367
1602,16.6250,2.50000,1.04083,2.75728,0.046389,0.75000,0.00000,2.50000,2.75728
1603,16.1120,2.50000,1.04083,2.70839,0.048889,0.75000,0.00000,2.50000,2.70839
1604,16.7760,2.50000,1.04083,2.65700,0.051389,0.75000,0.00000,2.50000,2.65700
1605,16.6000,2.50000,1.04083,2.60311,0.053889,0.75000,0.00000,2.50000,2.60311
1606,16.3260,2.50000,1.04083,2.54673,0.056389,0.74988,0.00000,2.50000,2.54673
1607,16.7850,2.50000,1.04083,2.48784,0.058889,0.75000,0.00000,2.50000,2.48784
1608,19.0700,2.50000,1.04083,2.42645,0.061389,0.75000,0.00000,2.50000,2.42645
1609,14.8380,2.50000,1.04083,2.36311,0.063333,0.75000,0.00000,2.50000,2.36311
1610,16.3410,2.50000,1.04083,2.29978,0.063333,0.74988,0.00000,2.50000,2.29978
1611,16.6780,2.50000,1.04083,2.23645,0.063333,0.75000,0.00000,2.50000,2.23645
1612,16.8750,2.50000,1.04083,2.17311,0.063333,0.75000,0.00000,2.50000,2.17311
1613,16.1990,2.50000,1.04083,2.10978,0.063333,0.75000,0.00000,2.50000,2.10978
1614,16.9630,2.50000,1.04083,2.04645,0.063333,0.75000,0.00000,2.50000,2.04645
1615,16.6070,2.50000,1.04083,1.98311,0.063333,0.74988,0.00000,2.50000,1.98311
1616,16.8010,2.50000,1.04083,1.91978,0.063333,0.75000,0.00000,2.50000,1.91978
1617,16.5890,2.50000,1.04083,1.85645,0.063333,0.75000,0.00000,2.50000,1.85645
1618,16.6890,2.50000,1.04083,1.79311,0.063333,0.74988,0.00000,2.50000,1.79311
1619,16.4130,2.50000,1.04083,1.72978,0.063333,0.75000,0.00000,2.50000,1.72978
1620,16.8900,2.50000,1.04083,1.66645,0.063333,0.75000,0.00000,2.50000,1.66645
1621,20.3760,2.50000,1.04083,1.60311,0.063333,0.74988,0.00000,2.50000,1.60311
1622,13.0600,2.50000,1.04083,1.53978,0.063333,0.75000,0.00000,2.50000,1.53978
1623,16.9990,2.50000,1.04083,1.47645,0.063333,0.75000,0.00000,2.50000,1.47645
1624,16.4260,2.50000,1.04083,1.41312,0.063333,0.75000,0.00000,2.50000,1.41312
1625,16.3090,2.50000,1.04083,1.34978,0.063333,0.74988,0.00000,2.50000,1.34978
1626,16.8740,2.50000,1.04083,1.28645,0.063333,0.75000,0.00000,2.50000,1.28645
1627,16.5170,2.50000,1.04083,1.22312,0.063333,0.75000,0.00000,2.50000,1.22312
1628,16.7760,2.50000,1.04083,1.15978,0.063333,0.75000,0.00000,2.50000,1.15978
1629,16.7340,2.50000,1.04083,1.09645,0.063333,0.74988,0.00000,2.50000,1.09645
