frame,frame_ms,eye_x,eye_y,eye_z,step_m,yaw_step_deg,visual_error_m,body_x,body_z
0,23.0640,-2.48950,2.10382,-2.48950,0.039113,0.31050,0.00000,-2.48950,-2.48950
1,5.7800,-2.47363,2.03679,-2.47363,0.070685,2.75430,0.00000,-2.47363,-2.47363
2,1.1690,-2.46300,1.98836,-2.46300,0.050707,1.43936,0.00000,-2.46300,-2.46300
3,1.9260,-2.46300,1.98836,-2.46300,0.000000,0.54942,0.00000,-2.46300,-2.46300
4,8.2740,-2.45059,1.92993,-2.45059,0.061011,0.01701,0.00000,-2.45059,-2.45059
5,5.5460,-2.45059,1.92993,-2.45059,0.000000,0.42962,0.00000,-2.45059,-2.45059
6,8.3490,-2.43639,1.86150,-2.43639,0.071319,0.31050,0.00000,-2.43639,-2.43639
7,5.4460,-2.43639,1.86150,-2.43639,0.000000,0.31045,0.00000,-2.43639,-2.43639
8,6.8980,-2.43639,1.86150,-2.43639,0.000000,0.31054,0.00000,-2.43639,-2.43639
9,8.2860,-2.42039,1.78307,-2.42039,0.081628,0.31050,0.00000,-2.42039,-2.42039
10,5.5100,-2.42039,1.78307,-2.42039,0.000000,0.31050,0.00000,-2.42039,-2.42039
11,50.6440,-2.40260,1.69463,-2.40260,0.091940,0.31050,0.00000,-2.40260,-2.40260
12,1.6030,-2.38302,1.59620,-2.38302,0.102252,0.31050,0.00000,-2.38302,-2.38302
13,0.0390,-2.38302,1.59620,-2.38302,0.000000,1.22253,0.00000,-2.38302,-2.38302
14,6.7180,-2.36165,1.48777,-2.36165,0.112565,0.16857,0.00000,-2.36165,-2.36165
15,5.5320,-2.36165,1.48777,-2.36165,0.000000,0.37500,0.00000,-2.36165,-2.36165
16,8.2750,-2.33848,1.36934,-2.33848,0.122879,0.37500,0.00000,-2.33848,-2.33848
17,5.5270,-2.33848,1.36934,-2.33848,0.000000,0.38797,0.00000,-2.33848,-2.33848
18,8.2490,-2.31352,1.24091,-2.31352,0.133193,0.36203,0.00000,-2.31352,-2.31352
19,5.5310,-2.31352,1.24091,-2.31352,0.000000,0.37500,0.00000,-2.31352,-2.31352
20,8.2920,-2.28677,1.10248,-2.28677,0.143508,0.37500,0.00000,-2.28677,-2.28677
21,5.5320,-2.28677,1.10248,-2.28677,0.000000,0.37500,0.00000,-2.28677,-2.28677
22,9.2950,-2.25822,1.04083,-2.25822,0.073691,0.37500,0.00000,-2.25822,-2.25822
23,4.5000,-2.25822,1.04083,-2.25822,0.000000,0.37500,0.00000,-2.25822,-2.25822
24,9.3240,-2.22710,1.04083,-2.22710,0.044017,0.31143,0.00000,-2.22710,-2.22710
25,4.4910,-2.22710,1.04083,-2.22710,0.000000,0.31059,0.00000,-2.22710,-2.22710
26,8.3840,-2.19339,1.04083,-2.19339,0.047664,0.31046,0.00000,-2.19339,-2.19339
27,5.4060,-2.19339,1.04083,-2.19339,0.000000,0.31054,0.00000,-2.19339,-2.19339
28,6.9000,-2.19339,1.04083,-2.19339,0.000000,0.31045,0.00000,-2.19339,-2.19339
29,8.5440,-2.15711,1.04083,-2.15711,0.051313,0.31050,0.00000,-2.15711,-2.15711
30,5.2790,-2.15711,1.04083,-2.15711,0.000000,0.31050,0.00000,-2.15711,-2.15711
31,8.4200,-2.11968,1.04083,-2.11824,0.053957,0.31050,0.00000,-2.11968,-2.11824
32,5.3680,-2.11968,1.04083,-2.11824,0.000000,0.31054,0.00000,-2.11968,-2.11824
33,8.3890,-2.08230,1.04083,-2.07682,0.055800,0.31046,0.00000,-2.08230,-2.07682
34,5.4120,-2.08230,1.04083,-2.07682,0.000000,0.31050,0.00000,-2.08230,-2.07682
35,6.8960,-2.08230,1.04083,-2.07682,0.000000,0.31050,0.00000,-2.08230,-2.07682
36,10.3300,-2.04496,1.04083,-2.03285,0.057685,0.31050,0.00000,-2.04496,-2.03285
37,3.5100,-2.04496,1.04083,-2.03285,0.000000,0.31050,0.00000,-2.04496,-2.03285
38,8.5010,-2.00764,1.04083,-1.98636,0.059609,0.31046,0.00000,-2.00764,-1.98636
39,5.2760,-2.00764,1.04083,-1.98636,0.000000,0.31059,0.00000,-2.00764,-1.98636
40,6.8840,-2.00764,1.04083,-1.98636,0.000000,0.31046,0.00000,-2.00764,-1.98636
41,8.4230,-1.97035,1.04083,-1.93737,0.061573,0.31050,0.00000,-1.97035,-1.93737
42,5.4040,-1.97035,1.04083,-1.93737,0.000000,0.31050,0.00000,-1.97035,-1.93737
43,9.1290,-1.93306,1.04083,-1.88618,0.063333,0.31050,0.00000,-1.93306,-1.88618
44,4.6530,-1.93306,1.04083,-1.88618,0.000000,0.31050,0.00000,-1.93306,-1.88618
45,8.5620,-1.89577,1.04083,-1.83499,0.063333,0.31050,0.00000,-1.89577,-1.83499
46,5.2590,-1.89577,1.04083,-1.83499,0.000000,0.31054,0.00000,-1.89577,-1.83499
47,6.8810,-1.89577,1.04083,-1.83499,0.000000,0.31046,0.00000,-1.89577,-1.83499
48,8.4080,-1.85848,1.04083,-1.78379,0.063333,0.31050,0.00000,-1.85848,-1.78379
49,5.4020,-1.85848,1.04083,-1.78379,0.000000,0.31050,0.00000,-1.85848,-1.78379
50,8.4340,-1.82119,1.04083,-1.73260,0.063333,0.31050,0.00000,-1.82119,-1.73260
51,5.3430,-1.82119,1.04083,-1.73260,0.000000,0.31045,0.00000,-1.82119,-1.73260
52,6.9850,-1.82119,1.04083,-1.73260,0.000000,0.31054,0.00000,-1.82119,-1.73260
53,8.8140,-1.78391,1.04083,-1.68141,0.063333,0.31054,0.00000,-1.78391,-1.68141
54,4.9050,-1.78391,1.04083,-1.68141,0.000000,0.31046,0.00000,-1.78391,-1.68141
55,8.4700,-1.74662,1.04083,-1.63021,0.063333,0.31054,0.00000,-1.74662,-1.63021
56,5.3260,-1.74662,1.04083,-1.63021,0.000000,0.31046,0.00000,-1.74662,-1.63021
57,6.9020,-1.74662,1.04083,-1.63021,0.000000,0.31050,0.00000,-1.74662,-1.63021
58,8.5160,-1.70933,1.04083,-1.57902,0.063333,0.30000,0.00000,-1.70933,-1.57902
59,5.3120,-1.70933,1.04083,-1.57902,0.000000,0.30000,0.00000,-1.70933,-1.57902
60,8.4150,-1.67204,1.04083,-1.52783,0.063333,0.30000,0.00000,-1.67204,-1.52783
61,5.3650,-1.67204,1.04083,-1.52783,0.000000,0.30000,0.00000,-1.67204,-1.52783
62,6.9040,-1.67204,1.04083,-1.52783,0.000000,0.30000,0.00000,-1.67204,-1.52783
63,8.4560,-1.63475,1.04083,-1.47664,0.063333,0.30000,0.00000,-1.63475,-1.47664
64,5.3460,-1.63475,1.04083,-1.47664,0.000000,0.30000,0.00000,-1.63475,-1.47664
65,8.4650,-1.59747,1.04083,-1.42544,0.063333,0.30000,0.00000,-1.59747,-1.42544
66,7.5370,-1.59747,1.04083,-1.42544,0.000000,0.30000,0.00000,-1.59747,-1.42544
67,4.7670,-1.59747,1.04083,-1.42544,0.000000,0.30000,0.00000,-1.59747,-1.42544
68,8.3680,-1.56018,1.04083,-1.37425,0.063333,0.30000,0.00000,-1.56018,-1.37425
69,5.3400,-1.56018,1.04083,-1.37425,0.000000,0.30000,0.00000,-1.56018,-1.37425
70,8.2890,-1.52289,1.04083,-1.32306,0.063333,0.30000,0.00000,-1.52289,-1.32306
71,5.5280,-1.52289,1.04083,-1.32306,0.000000,0.30000,0.00000,-1.52289,-1.32306
72,6.9040,-1.52289,1.04083,-1.32306,0.000000,0.30000,0.00000,-1.52289,-1.32306
73,10.9750,-1.48560,1.04083,-1.27186,0.063333,0.30000,0.00000,-1.48560,-1.27186
74,2.8070,-1.48560,1.04083,-1.27186,0.000000,0.30000,0.00000,-1.48560,-1.27186
75,8.4410,-1.44831,1.04083,-1.22067,0.063333,0.30000,0.00000,-1.44831,-1.22067
76,5.3920,-1.44831,1.04083,-1.22067,0.000000,0.30000,0.00000,-1.44831,-1.22067
77,6.8760,-1.44831,1.04083,-1.22067,0.000000,0.30000,0.00000,-1.44831,-1.22067
78,8.4430,-1.41103,1.04083,-1.16948,0.063333,0.30000,0.00000,-1.41103,-1.16948
79,5.3860,-1.41103,1.04083,-1.16948,0.000000,0.30000,0.00000,-1.41103,-1.16948
80,8.4290,-1.37374,1.04083,-1.11828,0.063333,0.30000,0.00000,-1.37374,-1.11828
81,5.3480,-1.37374,1.04083,-1.11828,0.000000,0.30000,0.00000,-1.37374,-1.11828
82,6.9610,-1.37374,1.04083,-1.11828,0.000000,0.30000,0.00000,-1.37374,-1.11828
83,8.3170,-1.33645,1.04083,-1.06709,0.063333,0.30000,0.00000,-1.33645,-1.06709
84,5.4250,-1.33645,1.04083,-1.06709,0.000000,0.30000,0.00000,-1.33645,-1.06709
85,8.4440,-1.29916,1.04083,-1.01590,0.063333,0.30000,0.00000,-1.29916,-1.01590
86,5.3980,-1.29916,1.04083,-1.01590,0.000000,0.30000,0.00000,-1.29916,-1.01590
87,6.8690,-1.29916,1.04083,-1.01590,0.000000,0.30000,0.00000,-1.29916,-1.01590
88,8.4490,-1.26187,1.04083,-0.96471,0.063333,0.30000,0.00000,-1.26187,-0.96471
89,5.3090,-1.26187,1.04083,-0.96471,0.000000,0.30000,0.00000,-1.26187,-0.96471
90,8.4260,-1.22459,1.04083,-0.91351,0.063333,0.30000,0.00000,-1.22459,-0.91351
91,5.3830,-1.22459,1.04083,-0.91351,0.000000,0.30000,0.00000,-1.22459,-0.91351
92,6.9320,-1.22459,1.04083,-0.91351,0.000000,0.30000,0.00000,-1.22459,-0.91351
93,8.3530,-1.18730,1.04083,-0.86232,0.063333,0.30304,0.00000,-1.18730,-0.86232
94,5.4120,-1.18730,1.04083,-0.86232,0.000000,0.31050,0.00000,-1.18730,-0.86232
95,8.3380,-1.15001,1.04083,-0.81113,0.063333,0.31041,0.00000,-1.15001,-0.81113
96,7.4580,-1.15001,1.04083,-0.81113,0.000000,0.31055,0.00000,-1.15001,-0.81113
97,6.4600,-1.11272,1.04083,-0.75993,0.063333,0.31050,0.00000,-1.11272,-0.75993
98,5.3570,-1.11272,1.04083,-0.75993,0.000000,0.31050,0.00000,-1.11272,-0.75993
99,6.8960,-1.11272,1.04083,-0.75993,0.000000,0.31050,0.00000,-1.11272,-0.75993
100,8.3440,-1.07543,1.04083,-0.70874,0.063333,0.31050,0.00000,-1.07543,-0.70874
101,5.4740,-1.07543,1.04083,-0.70874,0.000000,0.31050,0.00000,-1.07543,-0.70874
102,8.3860,-1.03815,1.04083,-0.65755,0.063333,0.31050,0.00000,-1.03815,-0.65755
103,5.4300,-1.03815,1.04083,-0.65755,0.000000,0.31050,0.00000,-1.03815,-0.65755
104,6.9010,-1.03815,1.04083,-0.65755,0.000000,0.31055,0.00000,-1.03815,-0.65755
105,8.5000,-1.00086,1.04083,-0.60636,0.063333,0.31050,0.00000,-1.00086,-0.60636
106,5.2810,-1.00086,1.04083,-0.60636,0.000000,0.31050,0.00000,-1.00086,-0.60636
107,8.4270,-0.96357,1.04083,-0.55516,0.063333,0.31050,0.00000,-0.96357,-0.55516
108,5.3510,-0.96357,1.04083,-0.55516,0.000000,0.31046,0.00000,-0.96357,-0.55516
109,8.3590,-0.92628,1.04083,-0.50397,0.063333,0.31050,0.00000,-0.92628,-0.50397
110,5.4650,-0.92628,1.04083,-0.50397,0.000000,0.31046,0.00000,-0.92628,-0.50397
111,6.8950,-0.92628,1.04083,-0.50397,0.000000,0.31059,0.00000,-0.92628,-0.50397
112,8.4640,-0.88899,1.04083,-0.45278,0.063333,0.31050,0.00000,-0.88899,-0.45278
113,6.1450,-0.88899,1.04083,-0.45278,0.000000,0.31050,0.00000,-0.88899,-0.45278
114,7.6750,-0.85171,1.04083,-0.40158,0.063333,0.31250,0.00000,-0.85171,-0.40158
115,5.3090,-0.85171,1.04083,-0.40158,0.000000,0.30850,0.00000,-0.85171,-0.40158
116,6.9260,-0.85171,1.04083,-0.40158,0.000000,0.31045,0.00000,-0.85171,-0.40158
117,8.4030,-0.81442,1.04083,-0.35039,0.063333,0.31055,0.00000,-0.81442,-0.35039
118,5.3910,-0.81442,1.04083,-0.35039,0.000000,0.31050,0.00000,-0.81442,-0.35039
119,8.4940,-0.77713,1.04083,-0.29920,0.063333,0.31050,0.00000,-0.77713,-0.29920
120,5.3180,-0.77713,1.04083,-0.29920,0.000000,0.31050,0.00000,-0.77713,-0.29920
121,6.8730,-0.77713,1.04083,-0.29920,0.000000,0.31050,0.00000,-0.77713,-0.29920
122,8.3810,-0.73984,1.04083,-0.24800,0.063333,0.31046,0.00000,-0.73984,-0.24800
123,5.4250,-0.73984,1.04083,-0.24800,0.000000,0.31050,0.00000,-0.73984,-0.24800
124,8.5130,-0.70255,1.04083,-0.19681,0.063333,0.31050,0.00000,-0.70255,-0.19681
125,7.1470,-0.70255,1.04083,-0.19681,0.000000,0.31054,0.00000,-0.70255,-0.19681
126,6.5080,-0.66527,1.04083,-0.14562,0.063333,0.31046,0.00000,-0.66527,-0.14562
127,5.4830,-0.66527,1.04083,-0.14562,0.000000,0.31050,0.00000,-0.66527,-0.14562
128,6.8430,-0.66527,1.04083,-0.14562,0.000000,0.31050,0.00000,-0.66527,-0.14562
129,8.4470,-0.62798,1.04083,-0.09443,0.063333,0.31050,0.00000,-0.62798,-0.09443
130,5.3600,-0.62798,1.04083,-0.09443,0.000000,0.31054,0.00000,-0.62798,-0.09443
131,8.3580,-0.59069,1.04083,-0.04323,0.063333,0.31050,0.00000,-0.59069,-0.04323
132,5.4350,-0.59069,1.04083,-0.04323,0.000000,0.31046,0.00000,-0.59069,-0.04323
133,6.9120,-0.59069,1.04083,-0.04323,0.000000,0.31050,0.00000,-0.59069,-0.04323
134,8.4340,-0.55340,1.04083,0.00796,0.063333,0.31050,0.00000,-0.55340,0.00796
135,5.3510,-0.55340,1.04083,0.00796,0.000000,0.31055,0.00000,-0.55340,0.00796
136,8.4310,-0.51612,1.04083,0.05915,0.063333,0.31046,0.00000,-0.51612,0.05915
137,5.3570,-0.51612,1.04083,0.05915,0.000000,0.31050,0.00000,-0.51612,0.05915
138,8.4610,-0.47883,1.04083,0.11035,0.063333,0.31050,0.00000,-0.47883,0.11035
139,5.3450,-0.47883,1.04083,0.11035,0.000000,0.31054,0.00000,-0.47883,0.11035
140,6.9270,-0.47883,1.04083,0.11035,0.000000,0.31046,0.00000,-0.47883,0.11035
141,8.3410,-0.44154,1.04083,0.16154,0.063333,0.31055,0.00000,-0.44154,0.16154
142,5.4960,-0.44154,1.04083,0.16154,0.000000,0.31046,0.00000,-0.44154,0.16154
143,8.2780,-0.40425,1.04083,0.21273,0.063333,0.31050,0.00000,-0.40425,0.21273
144,5.4590,-0.40425,1.04083,0.21273,0.000000,0.31050,0.00000,-0.40425,0.21273
145,6.9010,-0.40425,1.04083,0.21273,0.000000,0.31050,0.00000,-0.40425,0.21273
146,8.4460,-0.36696,1.04083,0.26392,0.063333,0.31050,0.00000,-0.36696,0.26392
147,5.3520,-0.36696,1.04083,0.26392,0.000000,0.31055,0.00000,-0.36696,0.26392
148,8.4170,-0.32968,1.04083,0.31512,0.063333,0.31046,0.00000,-0.32968,0.31512
149,5.4070,-0.32968,1.04083,0.31512,0.000000,0.31054,0.00000,-0.32968,0.31512
150,6.8920,-0.32968,1.04083,0.31512,0.000000,0.31050,0.00000,-0.32968,0.31512
151,8.4160,-0.29239,1.04083,0.36631,0.063333,0.31046,0.00000,-0.29239,0.36631
152,5.3700,-0.29239,1.04083,0.36631,0.000000,0.31050,0.00000,-0.29239,0.36631
153,8.5180,-0.25510,1.04083,0.41750,0.063333,0.31050,0.00000,-0.25510,0.41750
154,7.2800,-0.25510,1.04083,0.41750,0.000000,0.31059,0.00000,-0.25510,0.41750
155,6.4720,-0.21781,1.04083,0.46870,0.063333,0.31046,0.00000,-0.21781,0.46870
156,5.3210,-0.21781,1.04083,0.46870,0.000000,0.31050,0.00000,-0.21781,0.46870
157,6.9810,-0.21781,1.04083,0.46870,0.000000,0.31046,0.00000,-0.21781,0.46870
158,8.3240,-0.18052,1.04083,0.51989,0.063333,0.31050,0.00000,-0.18052,0.51989
159,5.4040,-0.18052,1.04083,0.51989,0.000000,0.31050,0.00000,-0.18052,0.51989
160,8.3580,-0.14324,1.04083,0.57108,0.063333,0.31055,0.00000,-0.14324,0.57108
161,5.4340,-0.14324,1.04083,0.57108,0.000000,0.31046,0.00000,-0.14324,0.57108
162,6.9240,-0.14324,1.04083,0.57108,0.000000,0.31050,0.00000,-0.14324,0.57108
163,8.3400,-0.10595,1.04083,0.62228,0.063333,0.31046,0.00000,-0.10595,0.62228
164,5.4780,-0.10595,1.04083,0.62228,0.000000,0.31055,0.00000,-0.10595,0.62228
165,8.3290,-0.06866,1.04083,0.67347,0.063333,0.31050,0.00000,-0.06866,0.67347
166,5.4370,-0.06866,1.04083,0.67347,0.000000,0.31054,0.00000,-0.06866,0.67347
167,8.3480,-0.03137,1.04083,0.72466,0.063333,0.31045,0.00000,-0.03137,0.72466
168,5.4690,-0.03137,1.04083,0.72466,0.000000,0.31050,0.00000,-0.03137,0.72466
169,6.9050,-0.03137,1.04083,0.72466,0.000000,0.31054,0.00000,-0.03137,0.72466
170,8.3690,0.00592,1.04083,0.77585,0.063333,0.31050,0.00000,0.00592,0.77585
171,5.4210,0.00592,1.04083,0.77585,0.000000,0.31045,0.00000,0.00592,0.77585
172,8.3710,0.04320,1.04083,0.82705,0.063333,0.31050,0.00000,0.04320,0.82705
173,5.4100,0.04320,1.04083,0.82705,0.000000,0.31051,0.00000,0.04320,0.82705
174,6.9140,0.04320,1.04083,0.82705,0.000000,0.31045,0.00000,0.04320,0.82705
175,8.4350,0.08049,1.04083,0.87824,0.063333,0.31059,0.00000,0.08049,0.87824
176,5.3640,0.08049,1.04083,0.87824,0.000000,0.31046,0.00000,0.08049,0.87824
177,8.4100,0.11778,1.04083,0.92943,0.063333,0.31055,0.00000,0.11778,0.92943
178,5.3830,0.11778,1.04083,0.92943,0.000000,0.31050,0.00000,0.11778,0.92943
179,6.8820,0.11778,1.04083,0.92943,0.000000,0.31044,0.00000,0.11778,0.92943
180,8.4250,0.15507,1.04083,0.98063,0.063333,0.31051,0.00000,0.15507,0.98063
181,5.3960,0.15507,1.04083,0.98063,0.000000,0.31050,0.00000,0.15507,0.98063
182,8.3080,0.19236,1.04083,1.03182,0.063333,0.31049,0.00000,0.19236,1.03182
183,7.2280,0.19236,1.04083,1.03182,0.000000,0.31050,0.00000,0.19236,1.03182
184,6.7060,0.22964,1.04083,1.08301,0.063333,0.31049,0.00000,0.22964,1.08301
185,5.3570,0.22964,1.04083,1.08301,0.000000,0.31051,0.00000,0.22964,1.08301
186,6.8840,0.22964,1.04083,1.08301,0.000000,0.31050,0.00000,0.22964,1.08301
187,8.3370,0.26693,1.04083,1.13421,0.063333,0.31045,0.00000,0.26693,1.13421
188,5.4760,0.26693,1.04083,1.13421,0.000000,0.31050,0.00000,0.26693,1.13421
189,8.3780,0.30422,1.04083,1.18540,0.063333,0.31054,0.00000,0.30422,1.18540
190,5.4220,0.30422,1.04083,1.18540,0.000000,0.31050,0.00000,0.30422,1.18540
191,6.9240,0.30422,1.04083,1.18540,0.000000,0.31050,0.00000,0.30422,1.18540
192,8.3150,0.34151,1.04083,1.23659,0.063333,0.31055,0.00000,0.34151,1.23659
193,5.4500,0.34151,1.04083,1.23659,0.000000,0.31046,0.00000,0.34151,1.23659
194,8.2890,0.37880,1.04083,1.28778,0.063333,0.31050,0.00000,0.37880,1.28778
195,5.5310,0.37880,1.04083,1.28778,0.000000,0.31046,0.00000,0.37880,1.28778
196,8.3620,0.41608,1.04083,1.33898,0.063333,0.31054,0.00000,0.41608,1.33898
197,5.4310,0.41608,1.04083,1.33898,0.000000,0.31046,0.00000,0.41608,1.33898
198,6.9210,0.41608,1.04083,1.33898,0.000000,0.31055,0.00000,0.41608,1.33898
199,8.3580,0.45337,1.04083,1.39017,0.063333,0.31050,0.00000,0.45337,1.39017
200,5.4090,0.45337,1.04083,1.39017,0.000000,0.31049,0.00000,0.45337,1.39017
201,8.3190,0.49066,1.04083,1.44136,0.063333,0.31051,0.00000,0.49066,1.44136
202,5.5960,0.49066,1.04083,1.44136,0.000000,0.31049,0.00000,0.49066,1.44136
203,6.7990,0.49066,1.04083,1.44136,0.000000,0.31051,0.00000,0.49066,1.44136
204,8.3770,0.52795,1.04083,1.49256,0.063333,0.31049,0.00000,0.52795,1.49256
205,5.4280,0.52795,1.04083,1.49256,0.000000,0.31055,0.00000,0.52795,1.49256
206,8.3490,0.56524,1.04083,1.54375,0.063333,0.31046,0.00000,0.56524,1.54375
207,5.4330,0.56524,1.04083,1.54375,0.000000,0.31055,0.00000,0.56524,1.54375
208,8.5000,0.60252,1.04083,1.59494,0.063333,0.31046,0.00000,0.60252,1.59494
209,5.3080,0.60252,1.04083,1.59494,0.000000,0.31049,0.00000,0.60252,1.59494
210,6.9020,0.60252,1.04083,1.59494,0.000000,0.31050,0.00000,0.60252,1.59494
211,8.4050,0.63981,1.04083,1.64614,0.063333,0.31050,0.00000,0.63981,1.64614
212,7.2830,0.63981,1.04083,1.64614,0.000000,0.31050,0.00000,0.63981,1.64614
213,6.4350,0.67710,1.04083,1.69733,0.063333,0.31050,0.00000,0.67710,1.69733
214,5.4500,0.67710,1.04083,1.69733,0.000000,0.31046,0.00000,0.67710,1.69733
215,6.9380,0.67710,1.04083,1.69733,0.000000,0.31050,0.00000,0.67710,1.69733
216,8.4040,0.71439,1.04083,1.74852,0.063333,0.31055,0.00000,0.71439,1.74852
217,5.4360,0.71439,1.04083,1.74852,0.000000,0.31049,0.00000,0.71439,1.74852
218,8.1270,0.75168,1.04083,1.79971,0.063333,0.31046,0.00000,0.75168,1.79971
219,5.5980,0.75168,1.04083,1.79971,0.000000,0.31050,0.00000,0.75168,1.79971
220,6.8930,0.75168,1.04083,1.79971,0.000000,0.31050,0.00000,0.75168,1.79971
221,8.0790,0.78896,1.04083,1.85091,0.063333,0.31050,0.00000,0.78896,1.85091
222,5.7180,0.78896,1.04083,1.85091,0.000000,0.31050,0.00000,0.78896,1.85091
223,8.1250,0.82625,1.04083,1.90210,0.063333,0.31049,0.00000,0.82625,1.90210
224,5.6780,0.82625,1.04083,1.90210,0.000000,0.31051,0.00000,0.82625,1.90210
225,8.1450,0.86354,1.04083,1.95329,0.063333,0.31049,0.00000,0.86354,1.95329
226,5.6600,0.86354,1.04083,1.95329,0.000000,0.31050,0.00000,0.86354,1.95329
227,6.9000,0.86354,1.04083,1.95329,0.000000,0.31050,0.00000,0.86354,1.95329
228,8.1360,0.90083,1.04083,2.00449,0.063333,0.31050,0.00000,0.90083,2.00449
229,5.6450,0.90083,1.04083,2.00449,0.000000,0.31050,0.00000,0.90083,2.00449
230,8.1390,0.93812,1.04083,2.05568,0.063333,0.31050,0.00000,0.93812,2.05568
231,5.6780,0.93812,1.04083,2.05568,0.000000,0.31055,0.00000,0.93812,2.05568
232,6.9640,0.93812,1.04083,2.05568,0.000000,0.31045,0.00000,0.93812,2.05568
233,8.4120,0.97540,1.04083,2.10687,0.063333,0.31050,0.00000,0.97540,2.10687
234,5.3270,0.97540,1.04083,2.10687,0.000000,0.31055,0.00000,0.97540,2.10687
235,8.2480,1.01269,1.04083,2.15807,0.063333,0.31046,0.00000,1.01269,2.15807
236,5.5870,1.01269,1.04083,2.15807,0.000000,0.31055,0.00000,1.01269,2.15807
237,8.1780,1.04998,1.04083,2.20926,0.063333,0.31046,0.00000,1.04998,2.20926
238,5.6030,1.04998,1.04083,2.20926,0.000000,0.31049,0.00000,1.04998,2.20926
239,6.8830,1.04998,1.04083,2.20926,0.000000,0.31050,0.00000,1.04998,2.20926
240,8.1340,1.08727,1.04083,2.26045,0.063333,0.31050,0.00000,1.08727,2.26045
241,7.3670,1.08727,1.04083,2.26045,0.000000,0.31050,0.00000,1.08727,2.26045
242,6.4420,1.12456,1.04083,2.31164,0.063333,0.31050,0.00000,1.12456,2.31164
243,5.6580,1.12456,1.04083,2.31164,0.000000,0.31050,0.00000,1.12456,2.31164
244,6.9050,1.12456,1.04083,2.31164,0.000000,0.31049,0.00000,1.12456,2.31164
245,8.1410,1.16184,1.04083,2.36284,0.063333,0.31051,0.00000,1.16184,2.36284
246,5.6550,1.16184,1.04083,2.36284,0.000000,0.31049,0.00000,1.16184,2.36284
247,8.1480,1.19913,1.04083,2.41403,0.063333,0.31050,0.00000,1.19913,2.41403
248,5.6540,1.19913,1.04083,2.41403,0.000000,0.31050,0.00000,1.19913,2.41403
249,6.8890,1.19913,1.04083,2.41403,0.000000,0.31050,0.00000,1.19913,2.41403
250,8.2520,1.23642,1.04083,2.46522,0.063333,0.31050,0.00000,1.23642,2.46522
251,5.5610,1.23642,1.04083,2.46522,0.000000,0.31049,0.00000,1.23642,2.46522
252,8.1060,1.27371,1.04083,2.51642,0.063333,0.31051,0.00000,1.27371,2.51642
253,5.6860,1.27371,1.04083,2.51642,0.000000,0.31049,0.00000,1.27371,2.51642
254,8.0820,1.31100,1.04083,2.56761,0.063333,0.31050,0.00000,1.31100,2.56761
255,5.7300,1.31100,1.04083,2.56761,0.000000,0.31050,0.00000,1.31100,2.56761
256,6.8900,1.31100,1.04083,2.56761,0.000000,0.31050,0.00000,1.31100,2.56761
257,8.0320,1.34828,1.04083,2.61880,0.063333,0.31050,0.00000,1.34828,2.61880
258,5.7640,1.34828,1.04083,2.61880,0.000000,0.31050,0.00000,1.34828,2.61880
259,8.1470,1.38557,1.04083,2.67000,0.063333,0.31049,0.00000,1.38557,2.67000
260,5.6580,1.38557,1.04083,2.67000,0.000000,0.31050,0.00000,1.38557,2.67000
261,6.9020,1.38557,1.04083,2.67000,0.000000,0.31050,0.00000,1.38557,2.67000
262,8.2280,1.42286,1.04083,2.72119,0.063333,0.31050,0.00000,1.42286,2.72119
263,5.5690,1.42286,1.04083,2.72119,0.000000,0.31050,0.00000,1.42286,2.72119
264,8.1100,1.46015,1.04083,2.77238,0.063333,0.31049,0.00000,1.46015,2.77238
265,5.6880,1.46015,1.04083,2.77238,0.000000,0.31051,0.00000,1.46015,2.77238
266,8.1220,1.49744,1.04083,2.82357,0.063333,0.31049,0.00000,1.49744,2.82357
267,5.6800,1.49744,1.04083,2.82357,0.000000,0.31051,0.00000,1.49744,2.82357
268,6.9050,1.49744,1.04083,2.82357,0.000000,0.31049,0.00000,1.49744,2.82357
269,8.1160,1.53472,1.04083,2.87477,0.063333,0.31050,0.00000,1.53472,2.87477
270,7.4530,1.53472,1.04083,2.87477,0.000000,0.31050,0.00000,1.53472,2.87477
271,6.3440,1.57201,1.04083,2.92596,0.063333,0.31050,0.00000,1.57201,2.92596
272,5.6820,1.57201,1.04083,2.92596,0.000000,0.31049,0.00000,1.57201,2.92596
273,6.9060,1.57201,1.04083,2.92596,0.000000,0.31050,0.00000,1.57201,2.92596
274,8.2330,1.60930,1.04083,2.97715,0.063333,0.31051,0.00000,1.60930,2.97715
275,5.5610,1.60930,1.04083,2.97715,0.000000,0.31049,0.00000,1.60930,2.97715
276,8.3560,1.64659,1.04083,3.02835,0.063333,0.31050,0.00000,1.64659,3.02835
277,5.4730,1.64659,1.04083,3.02835,0.000000,0.31050,0.00000,1.64659,3.02835
278,6.8640,1.64659,1.04083,3.02835,0.000000,0.31049,0.00000,1.64659,3.02835
279,8.3020,1.68027,1.04083,3.07593,0.058294,0.31050,0.00000,1.68027,3.07593
280,5.5250,1.68027,1.04083,3.07593,0.000000,0.31051,0.00000,1.68027,3.07593
281,8.3540,1.71033,1.04083,3.11990,0.053267,0.31050,0.00000,1.71033,3.11990
282,5.4290,1.71033,1.04083,3.11990,0.000000,0.31049,0.00000,1.71033,3.11990
283,8.2030,1.73679,1.04083,3.16026,0.048257,0.31050,0.00000,1.73679,3.16026
284,5.5930,1.73679,1.04083,3.16026,0.000000,0.31050,0.00000,1.73679,3.16026
285,6.8980,1.73679,1.04083,3.16026,0.000000,0.31049,0.00000,1.73679,3.16026
286,8.1040,1.75963,1.04083,3.19701,0.043270,0.31050,0.00000,1.75963,3.19701
287,5.6900,1.75963,1.04083,3.19701,0.000000,0.31051,0.00000,1.75963,3.19701
288,8.0730,1.77886,1.04083,3.23014,0.038314,0.31049,0.00000,1.77886,3.23014
289,5.7270,1.77886,1.04083,3.23014,0.000000,0.31050,0.00000,1.77886,3.23014
290,6.9070,1.77886,1.04083,3.23014,0.000000,0.31050,0.00000,1.77886,3.23014
291,8.1070,1.79448,1.04083,3.25967,0.033404,0.31050,0.00000,1.79448,3.25967
292,5.7200,1.79448,1.04083,3.25967,0.000000,0.31049,0.00000,1.79448,3.25967
293,8.1260,1.80649,1.04083,3.28559,0.028563,0.31051,0.00000,1.80649,3.28559
294,5.6470,1.80649,1.04083,3.28559,0.000000,0.31050,0.00000,1.80649,3.28559
295,8.0550,1.81489,1.04083,3.30789,0.023833,0.31049,0.00000,1.81489,3.30789
296,5.7450,1.81489,1.04083,3.30789,0.000000,0.31050,0.00000,1.81489,3.30789
297,6.9020,1.81489,1.04083,3.30789,0.000000,0.31050,0.00000,1.81489,3.30789
298,8.2160,1.81968,1.04083,3.32658,0.019296,0.31049,0.00000,1.81968,3.32658
299,7.4800,1.81968,1.04083,3.32658,0.000000,0.31051,0.00000,1.81968,3.32658
300,6.3580,1.82645,1.04083,3.33583,0.011462,0.31050,0.00000,1.82645,3.33583
301,5.5430,1.82645,1.04083,3.33583,0.000000,0.31049,0.00000,1.82645,3.33583
302,6.9000,1.82645,1.04083,3.33583,0.000000,0.31050,0.00000,1.82645,3.33583
303,8.1860,1.83315,1.04083,3.33563,0.006698,0.31050,0.00000,1.83315,3.33563
304,5.6190,1.83315,1.04083,3.33563,0.000000,0.31051,0.00000,1.83315,3.33563
305,8.1610,1.83978,1.04083,3.32692,0.010947,0.31049,0.00000,1.83978,3.32692
306,5.6350,1.83978,1.04083,3.32692,0.000000,0.31051,0.00000,1.83978,3.32692
307,6.9350,1.83978,1.04083,3.32692,0.000000,0.31050,0.00000,1.83978,3.32692
308,8.4440,1.84635,1.04083,3.31470,0.013879,0.31049,0.00000,1.84635,3.31470
309,5.3300,1.84635,1.04083,3.31470,0.000000,0.31055,0.00000,1.84635,3.31470
310,8.1090,1.85287,1.04083,3.29945,0.016582,0.31046,0.00000,1.85287,3.29945
311,5.6760,1.85287,1.04083,3.29945,0.000000,0.31049,0.00000,1.85287,3.29945
312,8.0560,1.85934,1.04083,3.28140,0.019184,0.31051,0.00000,1.85934,3.28140
313,5.7580,1.85934,1.04083,3.28140,0.000000,0.31050,0.00000,1.85934,3.28140
314,6.8910,1.85934,1.04083,3.28140,0.000000,0.31050,0.00000,1.85934,3.28140
315,8.1870,1.86577,1.04083,3.26063,0.021734,0.31049,0.00000,1.86577,3.26063
316,5.6190,1.86577,1.04083,3.26063,0.000000,0.31050,0.00000,1.86577,3.26063
317,8.2470,1.87215,1.04083,3.23723,0.024255,0.31051,0.00000,1.87215,3.23723
318,5.5520,1.87215,1.04083,3.23723,0.000000,0.31049,0.00000,1.87215,3.23723
319,6.8800,1.87215,1.04083,3.23723,0.000000,0.31051,0.00000,1.87215,3.23723
320,8.1470,1.87850,1.04083,3.21124,0.026758,0.31050,0.00000,1.87850,3.21124
321,5.6700,1.87850,1.04083,3.21124,0.000000,0.31055,0.00000,1.87850,3.21124
322,8.2750,1.88480,1.04083,3.18267,0.029251,0.31045,0.00000,1.88480,3.18267
323,5.5320,1.88480,1.04083,3.18267,0.000000,0.31050,0.00000,1.88480,3.18267
324,8.1720,1.89107,1.04083,3.15156,0.031737,0.31051,0.00000,1.89107,3.15156
325,5.6290,1.89107,1.04083,3.15156,0.000000,0.31049,0.00000,1.89107,3.15156
326,6.8950,1.89107,1.04083,3.15156,0.000000,0.31050,0.00000,1.89107,3.15156
327,8.1570,1.89731,1.04083,3.11792,0.034220,0.31050,0.00000,1.89731,3.11792
328,7.3790,1.89731,1.04083,3.11792,0.000000,0.31049,0.00000,1.89731,3.11792
329,6.4110,1.90352,1.04083,3.08175,0.036700,0.31050,0.00000,1.90352,3.08175
330,5.6510,1.90352,1.04083,3.08175,0.000000,0.31051,0.00000,1.90352,3.08175
331,6.9080,1.90352,1.04083,3.08175,0.000000,0.31049,0.00000,1.90352,3.08175
332,8.3030,1.90970,1.04083,3.04306,0.039180,0.31051,0.00000,1.90970,3.04306
333,5.4930,1.90970,1.04083,3.04306,0.000000,0.31050,0.00000,1.90970,3.04306
334,8.2010,1.91586,1.04083,3.00185,0.041660,0.31050,0.00000,1.91586,3.00185
335,5.5960,1.91586,1.04083,3.00185,0.000000,0.31049,0.00000,1.91586,3.00185
336,6.9460,1.91586,1.04083,3.00185,0.000000,0.31050,0.00000,1.91586,3.00185
337,8.5210,1.92199,1.04083,2.95814,0.044140,0.31059,0.00000,1.92199,2.95814
338,5.2640,1.92199,1.04083,2.95814,0.000000,0.31045,0.00000,1.92199,2.95814
339,8.4730,1.92811,1.04083,2.91193,0.046620,0.31051,0.00000,1.92811,2.91193
340,5.3510,1.92811,1.04083,2.91193,0.000000,0.31054,0.00000,1.92811,2.91193
341,8.4650,1.93421,1.04083,2.86320,0.049102,0.31046,0.00000,1.93421,2.86320
342,5.3120,1.93421,1.04083,2.86320,0.000000,0.31049,0.00000,1.93421,2.86320
343,6.9230,1.93421,1.04083,2.86320,0.000000,0.31055,0.00000,1.93421,2.86320
344,8.3830,1.94029,1.04083,2.81198,0.051585,0.31055,0.00000,1.94029,2.81198
345,5.4120,1.94029,1.04083,2.81198,0.000000,0.31046,0.00000,1.94029,2.81198
346,8.4050,1.94636,1.04083,2.75825,0.054068,0.31049,0.00000,1.94636,2.75825
347,5.3600,1.94636,1.04083,2.75825,0.000000,0.31046,0.00000,1.94636,2.75825
348,6.9020,1.94636,1.04083,2.75825,0.000000,0.31049,0.00000,1.94636,2.75825
349,9.2230,1.95242,1.04083,2.70202,0.056553,0.31050,0.00000,1.95242,2.70202
350,4.5930,1.95242,1.04083,2.70202,0.000000,0.31050,0.00000,1.95242,2.70202
351,8.3550,1.95848,1.04083,2.64330,0.059039,0.31055,0.00000,1.95848,2.64330
352,5.4900,1.95848,1.04083,2.64330,0.000000,0.31046,0.00000,1.95848,2.64330
353,8.5940,1.96453,1.04083,2.58207,0.061526,0.31054,0.00000,1.96453,2.58207
354,5.1980,1.96453,1.04083,2.58207,0.000000,0.31051,0.00000,1.96453,2.58207
355,6.8780,1.96453,1.04083,2.58207,0.000000,0.31050,0.00000,1.96453,2.58207
356,9.4800,1.97057,1.04083,2.51903,0.063333,0.31049,0.00000,1.97057,2.51903
357,6.1390,1.97057,1.04083,2.51903,0.000000,0.31050,0.00000,1.97057,2.51903
358,6.6100,1.97662,1.04083,2.45598,0.063333,0.31050,0.00000,1.97662,2.45598
359,5.3940,1.97662,1.04083,2.45598,0.000000,0.31050,0.00000,1.97662,2.45598
360,6.8980,1.97662,1.04083,2.45598,0.000000,0.31052,0.00000,1.97662,2.45598
361,8.9210,1.98267,1.04083,2.39294,0.063333,0.31050,0.00000,1.98267,2.39294
362,4.8460,1.98267,1.04083,2.39294,0.000000,0.31049,0.00000,1.98267,2.39294
363,8.4950,1.98872,1.04083,2.32989,0.063333,0.31050,0.00000,1.98872,2.32989
364,5.3150,1.98872,1.04083,2.32989,0.000000,0.31050,0.00000,1.98872,2.32989
365,8.4990,1.99476,1.04083,2.26685,0.063333,0.31051,0.00000,1.99476,2.26685
366,5.2970,1.99476,1.04083,2.26685,0.000000,0.31045,0.00000,1.99476,2.26685
367,6.9560,1.99476,1.04083,2.26685,0.000000,0.31054,0.00000,1.99476,2.26685
368,8.3650,2.00081,1.04083,2.20381,0.063333,0.31050,0.00000,2.00081,2.20381
369,5.3870,2.00081,1.04083,2.20381,0.000000,0.31076,0.00000,2.00081,2.20381
370,8.3470,2.00686,1.04083,2.14076,0.063333,0.31020,0.00000,2.00686,2.14076
371,5.4680,2.00686,1.04083,2.14076,0.000000,0.31054,0.00000,2.00686,2.14076
372,6.8930,2.00686,1.04083,2.14076,0.000000,0.31050,0.00000,2.00686,2.14076
373,8.4450,2.01291,1.04083,2.07772,0.063333,0.31050,0.00000,2.01291,2.07772
374,5.3510,2.01291,1.04083,2.07772,0.000000,0.31050,0.00000,2.01291,2.07772
375,8.4320,2.01896,1.04083,2.01467,0.063333,0.31050,0.00000,2.01896,2.01467
376,5.3630,2.01896,1.04083,2.01467,0.000000,0.31050,0.00000,2.01896,2.01467
377,6.8950,2.01896,1.04083,2.01467,0.000000,0.31049,0.00000,2.01896,2.01467
378,8.3900,2.02500,1.04083,1.95163,0.063333,0.31045,0.00000,2.02500,1.95163
379,5.4010,2.02500,1.04083,1.95163,0.000000,0.31055,0.00000,2.02500,1.95163
380,8.4730,2.03105,1.04083,1.88859,0.063333,0.31046,0.00000,2.03105,1.88859
381,5.3320,2.03105,1.04083,1.88859,0.000000,0.31049,0.00000,2.03105,1.88859
382,8.4970,2.03710,1.04083,1.82554,0.063333,0.31054,0.00000,2.03710,1.82554
383,5.3020,2.03710,1.04083,1.82554,0.000000,0.31052,0.00000,2.03710,1.82554
384,6.9170,2.03710,1.04083,1.82554,0.000000,0.31050,0.00000,2.03710,1.82554
385,8.4430,2.04315,1.04083,1.76250,0.063333,0.31045,0.00000,2.04315,1.76250
386,7.4670,2.04315,1.04083,1.76250,0.000000,0.31055,0.00000,2.04315,1.76250
387,6.3560,2.04919,1.04083,1.69945,0.063333,0.31050,0.00000,2.04919,1.69945
388,5.3290,2.04919,1.04083,1.69945,0.000000,0.31049,0.00000,2.04919,1.69945
389,6.9050,2.04919,1.04083,1.69945,0.000000,0.31049,0.00000,2.04919,1.69945
390,9.2590,2.05524,1.04083,1.63641,0.063333,0.31050,0.00000,2.05524,1.63641
391,4.5570,2.05524,1.04083,1.63641,0.000000,0.31046,0.00000,2.05524,1.63641
392,8.3430,2.06129,1.04083,1.57337,0.063333,0.31054,0.00000,2.06129,1.57337
393,5.4030,2.06129,1.04083,1.57337,0.000000,0.31046,0.00000,2.06129,1.57337
394,8.6140,2.06734,1.04083,1.51032,0.063333,0.31050,0.00000,2.06734,1.51032
395,5.1880,2.06734,1.04083,1.51032,0.000000,0.31050,0.00000,2.06734,1.51032
396,6.9650,2.06734,1.04083,1.51032,0.000000,0.31050,0.00000,2.06734,1.51032
397,9.4150,2.07339,1.04083,1.44728,0.063333,0.31055,0.00000,2.07339,1.44728
398,4.3130,2.07339,1.04083,1.44728,0.000000,0.31050,0.00000,2.07339,1.44728
399,8.9090,2.07943,1.04083,1.38423,0.063333,0.31041,0.00000,2.07943,1.38423
400,4.9330,2.07943,1.04083,1.38423,0.000000,0.31058,0.00000,2.07943,1.38423
401,6.9340,2.07943,1.04083,1.38423,0.000000,0.31046,0.00000,2.07943,1.38423
402,8.3210,2.08548,1.04083,1.32119,0.063333,0.31055,0.00000,2.08548,1.32119
403,5.4370,2.08548,1.04083,1.32119,0.000000,0.31050,0.00000,2.08548,1.32119
404,8.3560,2.09153,1.04083,1.25815,0.063333,0.31050,0.00000,2.09153,1.25815
405,5.4250,2.09153,1.04083,1.25815,0.000000,0.31050,0.00000,2.09153,1.25815
406,6.9110,2.09153,1.04083,1.25815,0.000000,0.31041,0.00000,2.09153,1.25815
407,8.3760,2.09758,1.04083,1.19510,0.063333,0.31055,0.00000,2.09758,1.19510
408,5.4000,2.09758,1.04083,1.19510,0.000000,0.31050,0.00000,2.09758,1.19510
409,8.9300,2.10362,1.04083,1.13206,0.063333,0.31050,0.00000,2.10362,1.13206
410,4.8820,2.10362,1.04083,1.13206,0.000000,0.31050,0.00000,2.10362,1.13206
411,8.4260,2.10967,1.04083,1.06902,0.063333,0.31049,0.00000,2.10967,1.06902
412,5.4410,2.10967,1.04083,1.06902,0.000000,0.31052,0.00000,2.10967,1.06902
413,6.7990,2.10967,1.04083,1.06902,0.000000,0.31050,0.00000,2.10967,1.06902
414,8.4130,2.11572,1.04083,1.00597,0.063333,0.31044,0.00000,2.11572,1.00597
415,7.1700,2.11572,1.04083,1.00597,0.000000,0.31050,0.00000,2.11572,1.00597
416,6.6450,2.12177,1.04083,0.94293,0.063333,0.31055,0.00000,2.12177,0.94293
417,5.4170,2.12177,1.04083,0.94293,0.000000,0.31052,0.00000,2.12177,0.94293
418,6.8840,2.12177,1.04083,0.94293,0.000000,0.31049,0.00000,2.12177,0.94293
419,8.4280,2.12781,1.04083,0.87988,0.063333,0.31050,0.00000,2.12781,0.87988
420,5.3700,2.12781,1.04083,0.87988,0.000000,0.31055,0.00000,2.12781,0.87988
421,8.3180,2.13386,1.04083,0.81684,0.063333,0.31046,0.00000,2.13386,0.81684
422,5.4680,2.13386,1.04083,0.81684,0.000000,0.31046,0.00000,2.13386,0.81684
423,8.2900,2.13991,1.04083,0.75380,0.063333,0.31050,0.00000,2.13991,0.75380
424,5.5150,2.13991,1.04083,0.75380,0.000000,0.31050,0.00000,2.13991,0.75380
425,6.9440,2.13991,1.04083,0.75380,0.000000,0.31055,0.00000,2.13991,0.75380
426,8.3570,2.14596,1.04083,0.69075,0.063333,0.31055,0.00000,2.14596,0.69075
427,5.4460,2.14596,1.04083,0.69075,0.000000,0.31046,0.00000,2.14596,0.69075
428,8.3250,2.15201,1.04083,0.62771,0.063333,0.31049,0.00000,2.15201,0.62771
429,5.4300,2.15201,1.04083,0.62771,0.000000,0.31050,0.00000,2.15201,0.62771
430,6.9000,2.15201,1.04083,0.62771,0.000000,0.31046,0.00000,2.15201,0.62771
431,8.3510,2.15805,1.04083,0.56466,0.063333,0.31055,0.00000,2.15805,0.56466
432,5.4600,2.15805,1.04083,0.56466,0.000000,0.31050,0.00000,2.15805,0.56466
433,8.4580,2.16410,1.04083,0.50162,0.063333,0.31050,0.00000,2.16410,0.50162
434,5.3450,2.16410,1.04083,0.50162,0.000000,0.31055,0.00000,2.16410,0.50162
435,6.8710,2.16410,1.04083,0.50162,0.000000,0.31090,0.00000,2.16410,0.50162
436,8.3490,2.17015,1.04083,0.43858,0.063333,0.31001,0.00000,2.17015,0.43858
437,5.4480,2.17015,1.04083,0.43858,0.000000,0.31055,0.00000,2.17015,0.43858
438,8.3190,2.17620,1.04083,0.37553,0.063333,0.31046,0.00000,2.17620,0.37553
439,5.4930,2.17620,1.04083,0.37553,0.000000,0.31055,0.00000,2.17620,0.37553
440,8.2760,2.18224,1.04083,0.31249,0.063333,0.31044,0.00000,2.18224,0.31249
441,5.5370,2.18224,1.04083,0.31249,0.000000,0.31055,0.00000,2.18224,0.31249
442,6.9540,2.18224,1.04083,0.31249,0.000000,0.31050,0.00000,2.18224,0.31249
443,8.4630,2.18829,1.04083,0.24944,0.063333,0.31052,0.00000,2.18829,0.24944
444,7.1240,2.18829,1.04083,0.24944,0.000000,0.31049,0.00000,2.18829,0.24944
445,6.5700,2.19434,1.04083,0.18640,0.063333,0.31050,0.00000,2.19434,0.18640
446,5.3820,2.19434,1.04083,0.18640,0.000000,0.31046,0.00000,2.19434,0.18640
447,6.8900,2.19434,1.04083,0.18640,0.000000,0.31050,0.00000,2.19434,0.18640
448,8.3230,2.20039,1.04083,0.12336,0.063333,0.31050,0.00000,2.20039,0.12336
449,5.4890,2.20039,1.04083,0.12336,0.000000,0.31050,0.00000,2.20039,0.12336
450,8.7870,2.20643,1.04083,0.06031,0.063333,0.31055,0.00000,2.20643,0.06031
451,5.0200,2.20643,1.04083,0.06031,0.000000,0.31050,0.00000,2.20643,0.06031
452,8.2850,2.21248,1.04083,-0.00273,0.063333,0.31050,0.00000,2.21248,-0.00273
453,5.5280,2.21248,1.04083,-0.00273,0.000000,0.31050,0.00000,2.21248,-0.00273
454,6.8780,2.21248,1.04083,-0.00273,0.000000,0.31055,0.00000,2.21248,-0.00273
455,8.2600,2.21853,1.04083,-0.06578,0.063333,0.31049,0.00000,2.21853,-0.06578
456,5.5260,2.21853,1.04083,-0.06578,0.000000,0.31047,0.00000,2.21853,-0.06578
457,8.2040,2.22458,1.04083,-0.12882,0.063333,0.31044,0.00000,2.22458,-0.12882
458,5.6450,2.22458,1.04083,-0.12882,0.000000,0.31050,0.00000,2.22458,-0.12882
459,6.8650,2.22458,1.04083,-0.12882,0.000000,0.31050,0.00000,2.22458,-0.12882
460,8.4120,2.23062,1.04083,-0.19186,0.063333,0.31055,0.00000,2.23062,-0.19186
461,5.3990,2.23062,1.04083,-0.19186,0.000000,0.31050,0.00000,2.23062,-0.19186
462,8.4230,2.23667,1.04083,-0.25491,0.063333,0.31050,0.00000,2.23667,-0.25491
463,5.3650,2.23667,1.04083,-0.25491,0.000000,0.31050,0.00000,2.23667,-0.25491
464,6.8860,2.23667,1.04083,-0.25491,0.000000,0.31050,0.00000,2.23667,-0.25491
465,8.4160,2.24272,1.04083,-0.31795,0.063333,0.31046,0.00000,2.24272,-0.31795
466,5.3910,2.24272,1.04083,-0.31795,0.000000,0.31050,0.00000,2.24272,-0.31795
467,8.1610,2.24877,1.04083,-0.38100,0.063333,0.31053,0.00000,2.24877,-0.38100
468,5.6300,2.24877,1.04083,-0.38100,0.000000,0.31047,0.00000,2.24877,-0.38100
469,8.1170,2.25481,1.04083,-0.44404,0.063333,0.31050,0.00000,2.25481,-0.44404
470,5.6840,2.25481,1.04083,-0.44404,0.000000,0.31049,0.00000,2.25481,-0.44404
471,6.9130,2.25481,1.04083,-0.44404,0.000000,0.31050,0.00000,2.25481,-0.44404
472,8.4060,2.26086,1.04083,-0.50708,0.063333,0.31055,0.00000,2.26086,-0.50708
473,7.1070,2.26086,1.04083,-0.50708,0.000000,0.31046,0.00000,2.26086,-0.50708
474,6.4010,2.26691,1.04083,-0.57013,0.063333,0.31050,0.00000,2.26691,-0.57013
475,5.6760,2.26691,1.04083,-0.57013,0.000000,0.31050,0.00000,2.26691,-0.57013
476,6.8810,2.26691,1.04083,-0.57013,0.000000,0.31050,0.00000,2.26691,-0.57013
477,8.1250,2.27296,1.04083,-0.63317,0.063333,0.31050,0.00000,2.27296,-0.63317
478,5.6870,2.27296,1.04083,-0.63317,0.000000,0.31050,0.00000,2.27296,-0.63317
479,8.1100,2.27901,1.04083,-0.69622,0.063333,0.31050,0.00000,2.27901,-0.69622
480,5.6960,2.27901,1.04083,-0.69622,0.000000,0.31050,0.00000,2.27901,-0.69622
481,8.2140,2.28505,1.04083,-0.75926,0.063333,0.31050,0.00000,2.28505,-0.75926
482,5.6000,2.28505,1.04083,-0.75926,0.000000,0.31050,0.00000,2.28505,-0.75926
483,6.8960,2.28505,1.04083,-0.75926,0.000000,0.31055,0.00000,2.28505,-0.75926
484,8.3470,2.29110,1.04083,-0.82230,0.063333,0.31044,0.00000,2.29110,-0.82230
485,5.4660,2.29110,1.04083,-0.82230,0.000000,0.31055,0.00000,2.29110,-0.82230
486,8.2860,2.29715,1.04083,-0.88535,0.063333,0.31050,0.00000,2.29715,-0.88535
487,5.5520,2.29715,1.04083,-0.88535,0.000000,0.31050,0.00000,2.29715,-0.88535
488,6.9080,2.29715,1.04083,-0.88535,0.000000,0.31050,0.00000,2.29715,-0.88535
489,8.2580,2.30320,1.04083,-0.94839,0.063333,0.31055,0.00000,2.30320,-0.94839
490,5.4800,2.30320,1.04083,-0.94839,0.000000,0.31046,0.00000,2.30320,-0.94839
491,8.7090,2.30924,1.04083,-1.01144,0.063333,0.31046,0.00000,2.30924,-1.01144
492,5.1030,2.30924,1.04083,-1.01144,0.000000,0.31055,0.00000,2.30924,-1.01144
493,6.8860,2.30924,1.04083,-1.01144,0.000000,0.31046,0.00000,2.30924,-1.01144
494,8.1940,2.31529,1.04083,-1.07448,0.063333,0.31050,0.00000,2.31529,-1.07448
495,5.6020,2.31529,1.04083,-1.07448,0.000000,0.31050,0.00000,2.31529,-1.07448
496,8.1200,2.32134,1.04083,-1.13752,0.063333,0.31050,0.00000,2.32134,-1.13752
497,5.6780,2.32134,1.04083,-1.13752,0.000000,0.31049,0.00000,2.32134,-1.13752
498,8.1870,2.32739,1.04083,-1.20057,0.063333,0.31052,0.00000,2.32739,-1.20057
499,5.6160,2.32739,1.04083,-1.20057,0.000000,0.31050,0.00000,2.32739,-1.20057
500,6.8990,2.32739,1.04083,-1.20057,0.000000,0.31049,0.00000,2.32739,-1.20057
501,8.2820,2.33343,1.04083,-1.26361,0.063333,0.31050,0.00000,2.33343,-1.26361
502,7.2530,2.33343,1.04083,-1.26361,0.000000,0.31050,0.00000,2.33343,-1.26361
503,6.4810,2.33948,1.04083,-1.32665,0.063333,0.31050,0.00000,2.33948,-1.32665
504,5.5910,2.33948,1.04083,-1.32665,0.000000,0.31050,0.00000,2.33948,-1.32665
505,6.8980,2.33948,1.04083,-1.32665,0.000000,0.31050,0.00000,2.33948,-1.32665
506,8.1370,2.34553,1.04083,-1.38970,0.063333,0.31050,0.00000,2.34553,-1.38970
507,5.6600,2.34553,1.04083,-1.38970,0.000000,0.31050,0.00000,2.34553,-1.38970
508,8.1260,2.35158,1.04083,-1.45274,0.063333,0.31050,0.00000,2.35158,-1.45274
509,5.6680,2.35158,1.04083,-1.45274,0.000000,0.31050,0.00000,2.35158,-1.45274
510,8.0840,2.35762,1.04083,-1.51579,0.063333,0.31049,0.00000,2.35762,-1.51579
511,5.7160,2.35762,1.04083,-1.51579,0.000000,0.31052,0.00000,2.35762,-1.51579
512,6.9010,2.35762,1.04083,-1.51579,0.000000,0.31050,0.00000,2.35762,-1.51579
513,8.1440,2.36006,1.04083,-1.57522,0.059483,0.31062,0.00000,2.36006,-1.57522
514,5.6570,2.36006,1.04083,-1.57522,0.000000,0.31036,0.00000,2.36006,-1.57522
515,8.5050,2.36006,1.04083,-1.63104,0.055822,0.31050,0.00000,2.36006,-1.63104
516,5.2950,2.36006,1.04083,-1.63104,0.000000,0.31050,0.00000,2.36006,-1.63104
517,6.9300,2.36006,1.04083,-1.63104,0.000000,0.31050,0.00000,2.36006,-1.63104
518,8.2180,2.36006,1.04083,-1.68325,0.052211,0.31050,0.00000,2.36006,-1.68325
519,5.5650,2.36006,1.04083,-1.68325,0.000000,0.31050,0.00000,2.36006,-1.68325
520,8.6440,2.36006,1.04083,-1.73185,0.048599,0.31050,0.00000,2.36006,-1.73185
521,5.1440,2.36006,1.04083,-1.73185,0.000000,0.31055,0.00000,2.36006,-1.73185
522,8.1730,2.36006,1.04083,-1.77684,0.044988,0.31046,0.00000,2.36006,-1.77684
523,5.6240,2.36006,1.04083,-1.77684,0.000000,0.31049,0.00000,2.36006,-1.77684
524,6.9110,2.36006,1.04083,-1.77684,0.000000,0.31052,0.00000,2.36006,-1.77684
525,8.2490,2.36006,1.04083,-1.81822,0.041377,0.31050,0.00000,2.36006,-1.81822
526,5.5480,2.36006,1.04083,-1.81822,0.000000,0.31049,0.00000,2.36006,-1.81822
527,8.2170,2.36006,1.04083,-1.85598,0.037766,0.31050,0.00000,2.36006,-1.85598
528,5.5810,2.36006,1.04083,-1.85598,0.000000,0.31050,0.00000,2.36006,-1.85598
529,6.8990,2.36006,1.04083,-1.85598,0.000000,0.31052,0.00000,2.36006,-1.85598
530,8.1860,2.36006,1.04083,-1.89014,0.034155,0.31049,0.00000,2.36006,-1.89014
531,7.4200,2.36006,1.04083,-1.89014,0.000000,0.31050,0.00000,2.36006,-1.89014
532,6.3950,2.36006,1.04083,-1.92068,0.030544,0.31050,0.00000,2.36006,-1.92068
533,5.5890,2.36006,1.04083,-1.92068,0.000000,0.31050,0.00000,2.36006,-1.92068
534,6.9200,2.36006,1.04083,-1.92068,0.000000,0.31050,0.00000,2.36006,-1.92068
535,8.1380,2.36006,1.04083,-1.94761,0.026933,0.31050,0.00000,2.36006,-1.94761
536,5.6530,2.36006,1.04083,-1.94761,0.000000,0.31049,0.00000,2.36006,-1.94761
537,8.1370,2.36006,1.04083,-1.97094,0.023322,0.31052,0.00000,2.36006,-1.97094
538,5.6580,2.36006,1.04083,-1.97094,0.000000,0.31050,0.00000,2.36006,-1.97094
539,8.2890,2.36006,1.04083,-1.99065,0.019711,0.31050,0.00000,2.36006,-1.99065
540,5.5240,2.36006,1.04083,-1.99065,0.000000,0.31053,0.00000,2.36006,-1.99065
541,6.8960,2.36006,1.04083,-1.99065,0.000000,0.31046,0.00000,2.36006,-1.99065
542,8.1580,2.36149,1.04083,-2.00091,0.010365,0.31052,0.00000,2.36149,-2.00091
543,5.6300,2.36149,1.04083,-2.00091,0.000000,0.31049,0.00000,2.36149,-2.00091
544,8.1210,2.36291,1.04083,-2.00173,0.001636,0.31050,0.00000,2.36291,-2.00173
545,5.6780,2.36291,1.04083,-2.00173,0.000000,0.31050,0.00000,2.36291,-2.00173
546,6.8980,2.36291,1.04083,-2.00173,0.000000,0.31050,0.00000,2.36291,-2.00173
547,8.6490,2.36431,1.04083,-2.00006,0.002185,0.31050,0.00000,2.36431,-2.00006
548,5.1560,2.36431,1.04083,-2.00006,0.000000,0.31050,0.00000,2.36431,-2.00006
549,8.1520,2.36569,1.04083,-1.99588,0.004402,0.31049,0.00000,2.36569,-1.99588
550,5.6560,2.36569,1.04083,-1.99588,0.000000,0.31052,0.00000,2.36569,-1.99588
551,8.2510,2.36706,1.04083,-1.98920,0.006818,0.31050,0.00000,2.36706,-1.98920
552,5.5610,2.36706,1.04083,-1.98920,0.000000,0.31050,0.00000,2.36706,-1.98920
553,6.8880,2.36706,1.04083,-1.98920,0.000000,0.31049,0.00000,2.36706,-1.98920
554,8.1560,2.36842,1.04083,-1.97991,0.009391,0.31050,0.00000,2.36842,-1.97991
555,5.6390,2.36842,1.04083,-1.97991,0.000000,0.31052,0.00000,2.36842,-1.97991
556,8.1290,2.36977,1.04083,-1.96806,0.011922,0.31049,0.00000,2.36977,-1.96806
557,5.6550,2.36977,1.04083,-1.96806,0.000000,0.31050,0.00000,2.36977,-1.96806
558,6.9160,2.36977,1.04083,-1.96806,0.000000,0.31050,0.00000,2.36977,-1.96806
559,8.2340,2.37111,1.04083,-1.95369,0.014437,0.31050,0.00000,2.37111,-1.95369
560,7.4570,2.37111,1.04083,-1.95369,0.000000,0.31050,0.00000,2.37111,-1.95369
561,6.3340,2.37244,1.04083,-1.93680,0.016945,0.31050,0.00000,2.37244,-1.93680
562,5.5960,2.37244,1.04083,-1.93680,0.000000,0.31050,0.00000,2.37244,-1.93680
563,6.8740,2.37244,1.04083,-1.93680,0.000000,0.31050,0.00000,2.37244,-1.93680
564,8.1830,2.37375,1.04083,-1.91739,0.019449,0.31049,0.00000,2.37375,-1.91739
565,5.6190,2.37375,1.04083,-1.91739,0.000000,0.31052,0.00000,2.37375,-1.91739
566,8.1250,2.37506,1.04083,-1.89548,0.021951,0.31049,0.00000,2.37506,-1.89548
567,5.6810,2.37506,1.04083,-1.89548,0.000000,0.31052,0.00000,2.37506,-1.89548
568,8.1590,2.37636,1.04083,-1.87106,0.024452,0.31050,0.00000,2.37636,-1.87106
569,5.6330,2.37636,1.04083,-1.87106,0.000000,0.31049,0.00000,2.37636,-1.87106
570,6.9040,2.37636,1.04083,-1.87106,0.000000,0.31052,0.00000,2.37636,-1.87106
571,8.1250,2.37765,1.04083,-1.84414,0.026952,0.31049,0.00000,2.37765,-1.84414
572,5.6760,2.37765,1.04083,-1.84414,0.000000,0.31050,0.00000,2.37765,-1.84414
573,8.1770,2.37893,1.04083,-1.81472,0.029451,0.31052,0.00000,2.37893,-1.81472
574,5.6180,2.37893,1.04083,-1.81472,0.000000,0.31049,0.00000,2.37893,-1.81472
575,6.9050,2.37893,1.04083,-1.81472,0.000000,0.31050,0.00000,2.37893,-1.81472
576,8.2780,2.38020,1.04083,-1.78279,0.031951,0.31050,0.00000,2.38020,-1.78279
577,5.5450,2.38020,1.04083,-1.78279,0.000000,0.31050,0.00000,2.38020,-1.78279
578,8.1290,2.38147,1.04083,-1.74836,0.034450,0.31049,0.00000,2.38147,-1.74836
579,5.6660,2.38147,1.04083,-1.74836,0.000000,0.31052,0.00000,2.38147,-1.74836
580,8.6060,2.38273,1.04083,-1.71144,0.036949,0.31049,0.00000,2.38273,-1.71144
581,5.1760,2.38273,1.04083,-1.71144,0.000000,0.31050,0.00000,2.38273,-1.71144
582,6.8990,2.38273,1.04083,-1.71144,0.000000,0.31052,0.00000,2.38273,-1.71144
583,8.1090,2.38399,1.04083,-1.67201,0.039449,0.31049,0.00000,2.38399,-1.67201
584,5.6730,2.38399,1.04083,-1.67201,0.000000,0.31050,0.00000,2.38399,-1.67201
585,8.1020,2.38524,1.04083,-1.63008,0.041948,0.31052,0.00000,2.38524,-1.63008
586,5.7260,2.38524,1.04083,-1.63008,0.000000,0.31049,0.00000,2.38524,-1.63008
587,6.8830,2.38524,1.04083,-1.63008,0.000000,0.31049,0.00000,2.38524,-1.63008
588,8.1560,2.38649,1.04083,-1.58565,0.044447,0.31052,0.00000,2.38649,-1.58565
589,7.5170,2.38649,1.04083,-1.58565,0.000000,0.31050,0.00000,2.38649,-1.58565
590,6.4810,2.38773,1.04083,-1.53872,0.046946,0.31050,0.00000,2.38773,-1.53872
591,5.4630,2.38773,1.04083,-1.53872,0.000000,0.31055,0.00000,2.38773,-1.53872
592,6.9070,2.38773,1.04083,-1.53872,0.000000,0.31044,0.00000,2.38773,-1.53872
593,8.6410,2.38897,1.04083,-1.48929,0.049445,0.31052,0.00000,2.38897,-1.48929
594,5.1440,2.38897,1.04083,-1.48929,0.000000,0.31050,0.00000,2.38897,-1.48929
595,8.1300,2.39020,1.04083,-1.43736,0.051945,0.31049,0.00000,2.39020,-1.43736
596,5.6680,2.39020,1.04083,-1.43736,0.000000,0.31052,0.00000,2.39020,-1.43736
597,8.1780,2.39144,1.04083,-1.38293,0.054444,0.31049,0.00000,2.39144,-1.38293
598,5.6560,2.39144,1.04083,-1.38293,0.000000,0.31050,0.00000,2.39144,-1.38293
599,6.8650,2.39144,1.04083,-1.38293,0.000000,0.31203,0.00000,2.39144,-1.38293
600,8.1760,2.39267,1.04083,-1.32600,0.056943,0.30898,0.00000,2.39267,-1.32600
601,5.6220,2.39267,1.04083,-1.32600,0.000000,0.31050,0.00000,2.39267,-1.32600
602,8.0760,2.39390,1.04083,-1.26657,0.059443,0.31050,0.00000,2.39390,-1.26657
603,5.7110,2.39390,1.04083,-1.26657,0.000000,0.31050,0.00000,2.39390,-1.26657
604,6.9000,2.39390,1.04083,-1.26657,0.000000,0.31049,0.00000,2.39390,-1.26657
605,8.1140,2.39513,1.04083,-1.20464,0.061942,0.31052,0.00000,2.39513,-1.20464
606,5.7180,2.39513,1.04083,-1.20464,0.000000,0.31050,0.00000,2.39513,-1.20464
607,8.1330,2.39635,1.04083,-1.14132,0.063333,0.31049,0.00000,2.39635,-1.14132
608,5.6640,2.39635,1.04083,-1.14132,0.000000,0.31052,0.00000,2.39635,-1.14132
609,8.1490,2.39758,1.04083,-1.07800,0.063333,0.31049,0.00000,2.39758,-1.07800
610,5.6330,2.39758,1.04083,-1.07800,0.000000,0.31052,0.00000,2.39758,-1.07800
611,6.9070,2.39758,1.04083,-1.07800,0.000000,0.31050,0.00000,2.39758,-1.07800
612,8.0930,2.39881,1.04083,-1.01468,0.063333,0.31049,0.00000,2.39881,-1.01468
613,5.7050,2.39881,1.04083,-1.01468,0.000000,0.31052,0.00000,2.39881,-1.01468
614,8.0360,2.40004,1.04083,-0.95135,0.063333,0.31049,0.00000,2.40004,-0.95135
615,5.7650,2.40004,1.04083,-0.95135,0.000000,0.31087,0.00000,2.40004,-0.95135
616,6.9130,2.40004,1.04083,-0.95135,0.000000,0.31015,0.00000,2.40004,-0.95135
617,8.2170,2.40127,1.04083,-0.88803,0.063333,0.31053,0.00000,2.40127,-0.88803
618,7.3710,2.40127,1.04083,-0.88803,0.000000,0.31044,0.00000,2.40127,-0.88803
619,6.4860,2.40250,1.04083,-0.82471,0.063333,0.31052,0.00000,2.40250,-0.82471
620,5.5240,2.40250,1.04083,-0.82471,0.000000,0.31053,0.00000,2.40250,-0.82471
621,6.8930,2.40250,1.04083,-0.82471,0.000000,0.31046,0.00000,2.40250,-0.82471
622,8.2240,2.40373,1.04083,-0.76139,0.063333,0.31052,0.00000,2.40373,-0.76139
623,5.5840,2.40373,1.04083,-0.76139,0.000000,0.31049,0.00000,2.40373,-0.76139
624,8.2170,2.40496,1.04083,-0.69807,0.063333,0.31050,0.00000,2.40496,-0.69807
625,5.5690,2.40496,1.04083,-0.69807,0.000000,0.31052,0.00000,2.40496,-0.69807
626,8.4850,2.40619,1.04083,-0.63475,0.063333,0.31049,0.00000,2.40619,-0.63475
627,5.3720,2.40619,1.04083,-0.63475,0.000000,0.31061,0.00000,2.40619,-0.63475
628,6.8860,2.40619,1.04083,-0.63475,0.000000,0.31044,0.00000,2.40619,-0.63475
629,8.4970,2.40741,1.04083,-0.57143,0.063333,0.31053,0.00000,2.40741,-0.57143
630,5.2910,2.40741,1.04083,-0.57143,0.000000,0.31052,0.00000,2.40741,-0.57143
631,8.3710,2.40864,1.04083,-0.50810,0.063333,0.31050,0.00000,2.40864,-0.50810
632,5.4080,2.40864,1.04083,-0.50810,0.000000,0.31044,0.00000,2.40864,-0.50810
633,6.9310,2.40864,1.04083,-0.50810,0.000000,0.31047,0.00000,2.40864,-0.50810
634,8.3870,2.40987,1.04083,-0.44478,0.063333,0.31055,0.00000,2.40987,-0.44478
635,5.4020,2.40987,1.04083,-0.44478,0.000000,0.31053,0.00000,2.40987,-0.44478
636,8.4410,2.41110,1.04083,-0.38146,0.063333,0.31047,0.00000,2.41110,-0.38146
637,5.4260,2.41110,1.04083,-0.38146,0.000000,0.31049,0.00000,2.41110,-0.38146
638,8.2770,2.41233,1.04083,-0.31814,0.063333,0.31050,0.00000,2.41233,-0.31814
639,5.4390,2.41233,1.04083,-0.31814,0.000000,0.31052,0.00000,2.41233,-0.31814
640,6.9340,2.41233,1.04083,-0.31814,0.000000,0.31044,0.00000,2.41233,-0.31814
641,8.3800,2.41356,1.04083,-0.25482,0.063333,0.31061,0.00000,2.41356,-0.25482
642,5.4040,2.41356,1.04083,-0.25482,0.000000,0.31049,0.00000,2.41356,-0.25482
643,8.3930,2.41479,1.04083,-0.19150,0.063333,0.31050,0.00000,2.41479,-0.19150
644,5.4110,2.41479,1.04083,-0.19150,0.000000,0.31044,0.00000,2.41479,-0.19150
645,6.9260,2.41479,1.04083,-0.19150,0.000000,0.31052,0.00000,2.41479,-0.19150
646,8.3700,2.41602,1.04083,-0.12818,0.063333,0.31053,0.00000,2.41602,-0.12818
647,7.1160,2.41602,1.04083,-0.12818,0.000000,0.31052,0.00000,2.41602,-0.12818
648,6.7240,2.41724,1.04083,-0.06485,0.063333,0.31046,0.00000,2.41724,-0.06485
649,5.3650,2.41724,1.04083,-0.06485,0.000000,0.31053,0.00000,2.41724,-0.06485
650,6.9150,2.41724,1.04083,-0.06485,0.000000,0.31047,0.00000,2.41724,-0.06485
651,8.9950,2.41847,1.04083,-0.00153,0.063333,0.31053,0.00000,2.41847,-0.00153
652,4.8270,2.41847,1.04083,-0.00153,0.000000,0.31050,0.00000,2.41847,-0.00153
653,8.4070,2.41970,1.04083,0.06179,0.063333,0.31052,0.00000,2.41970,0.06179
654,5.3620,2.41970,1.04083,0.06179,0.000000,0.31044,0.00000,2.41970,0.06179
655,8.5120,2.42093,1.04083,0.12511,0.063333,0.31055,0.00000,2.42093,0.12511
656,5.2790,2.42093,1.04083,0.12511,0.000000,0.31047,0.00000,2.42093,0.12511
657,6.9130,2.42093,1.04083,0.12511,0.000000,0.31049,0.00000,2.42093,0.12511
658,8.4450,2.42216,1.04083,0.18843,0.063333,0.31053,0.00000,2.42216,0.18843
659,5.3630,2.42216,1.04083,0.18843,0.000000,0.31047,0.00000,2.42216,0.18843
660,8.3680,2.42339,1.04083,0.25175,0.063333,0.31053,0.00000,2.42339,0.25175
661,5.4020,2.42339,1.04083,0.25175,0.000000,0.31052,0.00000,2.42339,0.25175
662,6.9320,2.42339,1.04083,0.25175,0.000000,0.31046,0.00000,2.42339,0.25175
663,8.4900,2.42462,1.04083,0.31507,0.063333,0.31053,0.00000,2.42462,0.31507
664,5.2820,2.42462,1.04083,0.31507,0.000000,0.31052,0.00000,2.42462,0.31507
665,8.4330,2.42585,1.04083,0.37840,0.063333,0.31046,0.00000,2.42585,0.37840
666,5.3650,2.42585,1.04083,0.37840,0.000000,0.31053,0.00000,2.42585,0.37840
667,8.4270,2.42707,1.04083,0.44172,0.063333,0.31046,0.00000,2.42707,0.44172
668,5.3650,2.42707,1.04083,0.44172,0.000000,0.31050,0.00000,2.42707,0.44172
669,6.9380,2.42707,1.04083,0.44172,0.000000,0.31050,0.00000,2.42707,0.44172
670,8.4660,2.42830,1.04083,0.50504,0.063333,0.31055,0.00000,2.42830,0.50504
671,5.3200,2.42830,1.04083,0.50504,0.000000,0.31050,0.00000,2.42830,0.50504
672,8.4880,2.42953,1.04083,0.56836,0.063333,0.31049,0.00000,2.42953,0.56836
673,5.3050,2.42953,1.04083,0.56836,0.000000,0.31041,0.00000,2.42953,0.56836
674,6.8870,2.42953,1.04083,0.56836,0.000000,0.31056,0.00000,2.42953,0.56836
675,8.5060,2.43076,1.04083,0.63168,0.063333,0.31049,0.00000,2.43076,0.63168
676,7.0750,2.43076,1.04083,0.63168,0.000000,0.31052,0.00000,2.43076,0.63168
677,6.5890,2.43199,1.04083,0.69500,0.063333,0.31050,0.00000,2.43199,0.69500
678,5.4360,2.43199,1.04083,0.69500,0.000000,0.31049,0.00000,2.43199,0.69500
679,6.9200,2.43199,1.04083,0.69500,0.000000,0.31056,0.00000,2.43199,0.69500
680,8.3920,2.43322,1.04083,0.75832,0.063333,0.31049,0.00000,2.43322,0.75832
681,5.3880,2.43322,1.04083,0.75832,0.000000,0.31046,0.00000,2.43322,0.75832
682,8.3940,2.43445,1.04083,0.82165,0.063333,0.31052,0.00000,2.43445,0.82165
683,5.4250,2.43445,1.04083,0.82165,0.000000,0.31049,0.00000,2.43445,0.82165
684,8.4310,2.43568,1.04083,0.88497,0.063333,0.31049,0.00000,2.43568,0.88497
685,5.3610,2.43568,1.04083,0.88497,0.000000,0.31052,0.00000,2.43568,0.88497
686,6.9160,2.43568,1.04083,0.88497,0.000000,0.31055,0.00000,2.43568,0.88497
687,8.3490,2.43690,1.04083,0.94829,0.063333,0.31050,0.00000,2.43690,0.94829
688,5.4250,2.43690,1.04083,0.94829,0.000000,0.31046,0.00000,2.43690,0.94829
689,8.4870,2.43813,1.04083,1.01161,0.063333,0.31049,0.00000,2.43813,1.01161
690,5.3030,2.43813,1.04083,1.01161,0.000000,0.31052,0.00000,2.43813,1.01161
691,6.9050,2.43813,1.04083,1.01161,0.000000,0.31050,0.00000,2.43813,1.01161
692,8.4680,2.43936,1.04083,1.07493,0.063333,0.31049,0.00000,2.43936,1.07493
693,5.3430,2.43936,1.04083,1.07493,0.000000,0.31056,0.00000,2.43936,1.07493
694,8.3880,2.44059,1.04083,1.13825,0.063333,0.31044,0.00000,2.44059,1.13825
695,5.3850,2.44059,1.04083,1.13825,0.000000,0.31055,0.00000,2.44059,1.13825
696,8.1990,2.44182,1.04083,1.20157,0.063333,0.31042,0.00000,2.44182,1.20157
697,5.6350,2.44182,1.04083,1.20157,0.000000,0.31049,0.00000,2.44182,1.20157
698,6.8570,2.44182,1.04083,1.20157,0.000000,0.31050,0.00000,2.44182,1.20157
699,8.6410,2.44305,1.04083,1.26490,0.063333,0.31052,0.00000,2.44305,1.26490
700,5.1520,2.44305,1.04083,1.26490,0.000000,0.31049,0.00000,2.44305,1.26490
701,8.1780,2.44428,1.04083,1.32822,0.063333,0.31049,0.00000,2.44428,1.32822
702,5.6440,2.44428,1.04083,1.32822,0.000000,0.31052,0.00000,2.44428,1.32822
703,6.8870,2.44428,1.04083,1.32822,0.000000,0.31050,0.00000,2.44428,1.32822
704,8.3210,2.44550,1.04083,1.39154,0.063333,0.31049,0.00000,2.44550,1.39154
705,7.2130,2.44550,1.04083,1.39154,0.000000,0.31056,0.00000,2.44550,1.39154
706,6.4000,2.44673,1.04083,1.45486,0.063333,0.31046,0.00000,2.44673,1.45486
707,5.6620,2.44673,1.04083,1.45486,0.000000,0.31053,0.00000,2.44673,1.45486
708,8.2040,2.44796,1.04083,1.51818,0.063333,0.31047,0.00000,2.44796,1.51818
709,5.6150,2.44796,1.04083,1.51818,0.000000,0.31049,0.00000,2.44796,1.51818
710,6.8820,2.44796,1.04083,1.51818,0.000000,0.31050,0.00000,2.44796,1.51818
711,8.1970,2.44919,1.04083,1.58150,0.063333,0.31050,0.00000,2.44919,1.58150
712,5.6340,2.44919,1.04083,1.58150,0.000000,0.31050,0.00000,2.44919,1.58150
713,8.1490,2.45042,1.04083,1.64482,0.063333,0.31049,0.00000,2.45042,1.64482
714,5.6250,2.45042,1.04083,1.64482,0.000000,0.31052,0.00000,2.45042,1.64482
715,6.9030,2.45042,1.04083,1.64482,0.000000,0.31050,0.00000,2.45042,1.64482
716,8.1870,2.45165,1.04083,1.70814,0.063333,0.31049,0.00000,2.45165,1.70814
717,5.6130,2.45165,1.04083,1.70814,0.000000,0.31052,0.00000,2.45165,1.70814
718,8.1680,2.45288,1.04083,1.77147,0.063333,0.31049,0.00000,2.45288,1.77147
719,5.6200,2.45288,1.04083,1.77147,0.000000,0.31052,0.00000,2.45288,1.77147
720,6.9100,2.45288,1.04083,1.77147,0.000000,0.31050,0.00000,2.45288,1.77147
721,8.1060,2.45411,1.04083,1.83479,0.063333,0.31049,0.00000,2.45411,1.83479
722,5.6910,2.45411,1.04083,1.83479,0.000000,0.31052,0.00000,2.45411,1.83479
723,8.1020,2.45533,1.04083,1.89811,0.063333,0.31049,0.00000,2.45533,1.89811
724,5.7110,2.45533,1.04083,1.89811,0.000000,0.31050,0.00000,2.45533,1.89811
725,8.0590,2.45656,1.04083,1.96143,0.063333,0.31050,0.00000,2.45656,1.96143
726,5.7190,2.45656,1.04083,1.96143,0.000000,0.31050,0.00000,2.45656,1.96143
727,6.9390,2.45656,1.04083,1.96143,0.000000,0.31050,0.00000,2.45656,1.96143
728,8.0570,2.45779,1.04083,2.02475,0.063333,0.31050,0.00000,2.45779,2.02475
729,5.7080,2.45779,1.04083,2.02475,0.000000,0.31050,0.00000,2.45779,2.02475
730,8.4950,2.45902,1.04083,2.08807,0.063333,0.31050,0.00000,2.45902,2.08807
731,5.3050,2.45902,1.04083,2.08807,0.000000,0.31050,0.00000,2.45902,2.08807
732,6.8900,2.45902,1.04083,2.08807,0.000000,0.31050,0.00000,2.45902,2.08807
733,8.2450,2.46025,1.04083,2.15139,0.063333,0.31050,0.00000,2.46025,2.15139
734,7.3560,2.46025,1.04083,2.15139,0.000000,0.31050,0.00000,2.46025,2.15139
735,6.5540,2.46148,1.04083,2.21472,0.063333,0.31053,0.00000,2.46148,2.21472
736,5.4520,2.46148,1.04083,2.21472,0.000000,0.31052,0.00000,2.46148,2.21472
737,8.2410,2.46271,1.04083,2.27804,0.063333,0.31046,0.00000,2.46271,2.27804
738,5.5820,2.46271,1.04083,2.27804,0.000000,0.31050,0.00000,2.46271,2.27804
739,6.8960,2.46271,1.04083,2.27804,0.000000,0.31050,0.00000,2.46271,2.27804
740,8.1060,2.46393,1.04083,2.34136,0.063333,0.31049,0.00000,2.46393,2.34136
741,5.6980,2.46393,1.04083,2.34136,0.000000,0.31050,0.00000,2.46393,2.34136
742,8.1550,2.46516,1.04083,2.40468,0.063333,0.31050,0.00000,2.46516,2.40468
743,5.6290,2.46516,1.04083,2.40468,0.000000,0.31050,0.00000,2.46516,2.40468
744,6.9010,2.46516,1.04083,2.40468,0.000000,0.31049,0.00000,2.46516,2.40468
745,8.1680,2.46639,1.04083,2.46800,0.063333,0.31052,0.00000,2.46639,2.46800
746,5.6370,2.46639,1.04083,2.46800,0.000000,0.31050,0.00000,2.46639,2.46800
747,8.0220,2.46762,1.04083,2.53132,0.063333,0.31047,0.00000,2.46762,2.53132
748,5.7730,2.46762,1.04083,2.53132,0.000000,0.31053,0.00000,2.46762,2.53132
749,6.8950,2.46762,1.04083,2.53132,0.000000,0.31047,0.00000,2.46762,2.53132
750,8.0890,2.46885,1.04083,2.59464,0.063333,0.31050,0.00000,2.46885,2.59464
751,5.7140,2.46885,1.04083,2.59464,0.000000,0.31053,0.00000,2.46885,2.59464
752,8.0840,2.47008,1.04083,2.65797,0.063333,0.31050,0.00000,2.47008,2.65797
753,5.7230,2.47008,1.04083,2.65797,0.000000,0.31050,0.00000,2.47008,2.65797
754,8.1180,2.47131,1.04083,2.72129,0.063333,0.31050,0.00000,2.47131,2.72129
755,5.6710,2.47131,1.04083,2.72129,0.000000,0.31050,0.00000,2.47131,2.72129
756,6.9170,2.47131,1.04083,2.72129,0.000000,0.31047,0.00000,2.47131,2.72129
757,8.1530,2.47131,1.04083,2.78100,0.059710,0.31053,0.00000,2.47131,2.78100
758,5.6380,2.47131,1.04083,2.78100,0.000000,0.31050,0.00000,2.47131,2.78100
759,8.0910,2.47131,1.04083,2.83710,0.056099,0.31047,0.00000,2.47131,2.83710
760,5.7060,2.47131,1.04083,2.83710,0.000000,0.31053,0.00000,2.47131,2.83710
761,6.9030,2.47131,1.04083,2.83710,0.000000,0.31047,0.00000,2.47131,2.83710
762,8.2450,2.47131,1.04083,2.88958,0.052488,0.31052,0.00000,2.47131,2.88958
763,15.9510,2.47131,1.04083,2.88958,0.000000,0.31050,0.00000,2.47131,2.88958
764,1.3280,2.47131,1.04083,2.93846,0.048877,0.31049,0.00000,2.47131,2.93846
765,2.0740,2.47131,1.04083,2.93846,0.000000,0.31252,0.00000,2.47131,2.93846
766,8.5380,2.47131,1.04083,2.98373,0.045266,0.30849,0.00000,2.47131,2.98373
767,5.2570,2.47131,1.04083,2.98373,0.000000,0.31049,0.00000,2.47131,2.98373
768,6.9020,2.47131,1.04083,2.98373,0.000000,0.31053,0.00000,2.47131,2.98373
769,8.3050,2.47131,1.04083,3.02538,0.041655,0.31047,0.00000,2.47131,3.02538
770,5.5130,2.47131,1.04083,3.02538,0.000000,0.31056,0.00000,2.47131,3.02538
771,8.1330,2.47131,1.04083,3.06343,0.038044,0.31044,0.00000,2.47131,3.06343
772,5.6940,2.47131,1.04083,3.06343,0.000000,0.31050,0.00000,2.47131,3.06343
773,6.8620,2.47131,1.04083,3.06343,0.000000,0.31050,0.00000,2.47131,3.06343
774,8.1750,2.47131,1.04083,3.09786,0.034432,0.31053,0.00000,2.47131,3.09786
775,5.6310,2.47131,1.04083,3.09786,0.000000,0.31047,0.00000,2.47131,3.09786
776,8.2180,2.47131,1.04083,3.12868,0.030821,0.31050,0.00000,2.47131,3.12868
777,5.5720,2.47131,1.04083,3.12868,0.000000,0.31053,0.00000,2.47131,3.12868
778,6.9000,2.47131,1.04083,3.12868,0.000000,0.31047,0.00000,2.47131,3.12868
779,8.6910,2.47131,1.04083,3.15589,0.027210,0.31050,0.00000,2.47131,3.15589
780,5.1070,2.47131,1.04083,3.15589,0.000000,0.31050,0.00000,2.47131,3.15589
781,8.3110,2.47131,1.04083,3.17949,0.023599,0.31050,0.00000,2.47131,3.17949
782,5.5080,2.47131,1.04083,3.17949,0.000000,0.31053,0.00000,2.47131,3.17949
783,8.2440,2.47131,1.04083,3.19948,0.019988,0.31047,0.00000,2.47131,3.19948
784,5.5510,2.47131,1.04083,3.19948,0.000000,0.31052,0.00000,2.47131,3.19948
785,6.9160,2.47131,1.04083,3.19948,0.000000,0.31049,0.00000,2.47131,3.19948
786,8.6220,2.47160,1.04083,3.21002,0.010548,0.31055,0.00000,2.47160,3.21002
787,5.1790,2.47160,1.04083,3.21002,0.000000,0.31046,0.00000,2.47160,3.21002
788,8.1090,2.47189,1.04083,3.21112,0.001137,0.31050,0.00000,2.47189,3.21112
789,5.6600,2.47189,1.04083,3.21112,0.000000,0.31049,0.00000,2.47189,3.21112
790,6.9040,2.47189,1.04083,3.21112,0.000000,0.31050,0.00000,2.47189,3.21112
791,8.1540,2.47218,1.04083,3.20972,0.001430,0.31050,0.00000,2.47218,3.20972
792,7.3380,2.47218,1.04083,3.20972,0.000000,0.31050,0.00000,2.47218,3.20972
793,6.5160,2.47246,1.04083,3.20582,0.003911,0.31050,0.00000,2.47246,3.20582
794,5.5970,2.47246,1.04083,3.20582,0.000000,0.31050,0.00000,2.47246,3.20582
795,8.1900,2.47274,1.04083,3.19942,0.006407,0.31050,0.00000,2.47274,3.19942
796,5.6010,2.47274,1.04083,3.19942,0.000000,0.31047,0.00000,2.47274,3.19942
797,6.9060,2.47274,1.04083,3.19942,0.000000,0.31053,0.00000,2.47274,3.19942
798,8.1860,2.47302,1.04083,3.19051,0.008910,0.31050,0.00000,2.47302,3.19051
799,5.6070,2.47302,1.04083,3.19051,0.000000,0.31085,0.00000,2.47302,3.19051
800,8.0930,2.47330,1.04083,3.17910,0.011412,0.31015,0.00000,2.47330,3.17910
801,5.7130,2.47330,1.04083,3.17910,0.000000,0.31050,0.00000,2.47330,3.17910
802,6.9360,2.47330,1.04083,3.17910,0.000000,0.31050,0.00000,2.47330,3.17910
803,8.0260,2.47357,1.04083,3.16519,0.013913,0.31050,0.00000,2.47357,3.16519
804,5.7210,2.47357,1.04083,3.16519,0.000000,0.31050,0.00000,2.47357,3.16519
805,8.1700,2.47384,1.04083,3.14878,0.016413,0.31050,0.00000,2.47384,3.14878
806,5.6390,2.47384,1.04083,3.14878,0.000000,0.31050,0.00000,2.47384,3.14878
807,6.9130,2.47384,1.04083,3.14878,0.000000,0.31050,0.00000,2.47384,3.14878
808,8.2820,2.47411,1.04083,3.12987,0.018913,0.31050,0.00000,2.47411,3.12987
809,5.5210,2.47411,1.04083,3.12987,0.000000,0.31053,0.00000,2.47411,3.12987
810,8.2660,2.47438,1.04083,3.10846,0.021414,0.31046,0.00000,2.47438,3.10846
811,5.5320,2.47438,1.04083,3.10846,0.000000,0.31052,0.00000,2.47438,3.10846
812,8.1500,2.47464,1.04083,3.08455,0.023913,0.31049,0.00000,2.47464,3.08455
813,5.6460,2.47464,1.04083,3.08455,0.000000,0.31049,0.00000,2.47464,3.08455
814,6.8950,2.47464,1.04083,3.08455,0.000000,0.31052,0.00000,2.47464,3.08455
815,8.1300,2.47491,1.04083,3.05813,0.026414,0.31049,0.00000,2.47491,3.05813
816,5.6730,2.47491,1.04083,3.05813,0.000000,0.31052,0.00000,2.47491,3.05813
817,8.3290,2.47517,1.04083,3.02922,0.028913,0.31049,0.00000,2.47517,3.02922
818,5.4660,2.47517,1.04083,3.02922,0.000000,0.31055,0.00000,2.47517,3.02922
819,6.9090,2.47517,1.04083,3.02922,0.000000,0.31046,0.00000,2.47517,3.02922
820,8.6490,2.47543,1.04083,2.99781,0.031413,0.31052,0.00000,2.47543,2.99781
821,6.8830,2.47543,1.04083,2.99781,0.000000,0.31049,0.00000,2.47543,2.99781
822,6.4660,2.47569,1.04083,2.96390,0.033913,0.31049,0.00000,2.47569,2.96390
823,5.6040,2.47569,1.04083,2.96390,0.000000,0.31052,0.00000,2.47569,2.96390
824,8.5040,2.47595,1.04083,2.92748,0.036413,0.31049,0.00000,2.47595,2.92748
825,5.3010,2.47595,1.04083,2.92748,0.000000,0.31058,0.00000,2.47595,2.92748
826,6.9050,2.47595,1.04083,2.92748,0.000000,0.31049,0.00000,2.47595,2.92748
827,8.2420,2.47621,1.04083,2.88857,0.038913,0.31049,0.00000,2.47621,2.88857
828,5.5580,2.47621,1.04083,2.88857,0.000000,0.31052,0.00000,2.47621,2.88857
829,8.2210,2.47646,1.04083,2.84716,0.041413,0.31046,0.00000,2.47646,2.84716
830,5.5750,2.47646,1.04083,2.84716,0.000000,0.31049,0.00000,2.47646,2.84716
831,6.8730,2.47646,1.04083,2.84716,0.000000,0.31052,0.00000,2.47646,2.84716
832,8.2580,2.47672,1.04083,2.80325,0.043913,0.31049,0.00000,2.47672,2.80325
833,5.5570,2.47672,1.04083,2.80325,0.000000,0.31049,0.00000,2.47672,2.80325
834,8.1050,2.47697,1.04083,2.75683,0.046413,0.31052,0.00000,2.47697,2.75683
835,5.6870,2.47697,1.04083,2.75683,0.000000,0.31052,0.00000,2.47697,2.75683
836,6.9070,2.47697,1.04083,2.75683,0.000000,0.31049,0.00000,2.47697,2.75683
837,8.1170,2.47722,1.04083,2.70792,0.048913,0.31052,0.00000,2.47722,2.70792
838,5.6820,2.47722,1.04083,2.70792,0.000000,0.31049,0.00000,2.47722,2.70792
839,8.1530,2.47748,1.04083,2.65651,0.051413,0.31049,0.00000,2.47748,2.65651
840,5.6510,2.47748,1.04083,2.65651,0.000000,0.31052,0.00000,2.47748,2.65651
841,8.2230,2.47773,1.04083,2.60260,0.053913,0.31049,0.00000,2.47773,2.60260
842,5.5760,2.47773,1.04083,2.60260,0.000000,0.31052,0.00000,2.47773,2.60260
843,6.8990,2.47773,1.04083,2.60260,0.000000,0.31049,0.00000,2.47773,2.60260
844,8.1120,2.47798,1.04083,2.54618,0.056413,0.31052,0.00000,2.47798,2.54618
845,5.6800,2.47798,1.04083,2.54618,0.000000,0.31049,0.00000,2.47798,2.54618
846,8.2970,2.47823,1.04083,2.48727,0.058913,0.31052,0.00000,2.47823,2.48727
847,5.5770,2.47823,1.04083,2.48727,0.000000,0.31049,0.00000,2.47823,2.48727
848,6.8350,2.47823,1.04083,2.48727,0.000000,0.31052,0.00000,2.47823,2.48727
849,8.2210,2.47848,1.04083,2.42586,0.061413,0.31049,0.00000,2.47848,2.42586
850,7.3370,2.47848,1.04083,2.42586,0.000000,0.31049,0.00000,2.47848,2.42586
851,6.3540,2.47873,1.04083,2.36253,0.063333,0.31052,0.00000,2.47873,2.36253
852,5.6720,2.47873,1.04083,2.36253,0.000000,0.31052,0.00000,2.47873,2.36253
853,8.2110,2.47899,1.04083,2.29919,0.063333,0.31049,0.00000,2.47899,2.29919
854,5.6190,2.47899,1.04083,2.29919,0.000000,0.31052,0.00000,2.47899,2.29919
855,6.8870,2.47899,1.04083,2.29919,0.000000,0.31049,0.00000,2.47899,2.29919
856,8.2070,2.47924,1.04083,2.23586,0.063333,0.31049,0.00000,2.47924,2.23586
857,5.5880,2.47924,1.04083,2.23586,0.000000,0.31052,0.00000,2.47924,2.23586
858,8.2730,2.47949,1.04083,2.17253,0.063333,0.31049,0.00000,2.47949,2.17253
859,5.5330,2.47949,1.04083,2.17253,0.000000,0.31049,0.00000,2.47949,2.17253
860,6.8820,2.47949,1.04083,2.17253,0.000000,0.31052,0.00000,2.47949,2.17253
861,8.2670,2.47974,1.04083,2.10919,0.063333,0.31052,0.00000,2.47974,2.10919
862,5.5840,2.47974,1.04083,2.10919,0.000000,0.31049,0.00000,2.47974,2.10919
863,8.6730,2.47999,1.04083,2.04586,0.063333,0.31052,0.00000,2.47999,2.04586
864,5.0890,2.47999,1.04083,2.04586,0.000000,0.31049,0.00000,2.47999,2.04586
865,8.2080,2.48024,1.04083,1.98253,0.063333,0.31049,0.00000,2.48024,1.98253
866,5.5960,2.48024,1.04083,1.98253,0.000000,0.31052,0.00000,2.48024,1.98253
867,6.8980,2.48024,1.04083,1.98253,0.000000,0.31049,0.00000,2.48024,1.98253
868,8.1400,2.48049,1.04083,1.91920,0.063333,0.31052,0.00000,2.48049,1.91920
869,5.6740,2.48049,1.04083,1.91920,0.000000,0.31049,0.00000,2.48049,1.91920
870,8.1880,2.48074,1.04083,1.85586,0.063333,0.31052,0.00000,2.48074,1.85586
871,5.5970,2.48074,1.04083,1.85586,0.000000,0.31058,0.00000,2.48074,1.85586
872,6.9020,2.48074,1.04083,1.85586,0.000000,0.31042,0.00000,2.48074,1.85586
873,8.1200,2.48099,1.04083,1.79253,0.063333,0.31049,0.00000,2.48099,1.79253
874,5.6580,2.48099,1.04083,1.79253,0.000000,0.31052,0.00000,2.48099,1.79253
875,8.4620,2.48124,1.04083,1.72920,0.063333,0.31049,0.00000,2.48124,1.72920
876,5.3550,2.48124,1.04083,1.72920,0.000000,0.31049,0.00000,2.48124,1.72920
877,6.9330,2.48124,1.04083,1.72920,0.000000,0.31052,0.00000,2.48124,1.72920
878,8.6050,2.48150,1.04083,1.66586,0.063333,0.31052,0.00000,2.48150,1.66586
879,6.9690,2.48150,1.04083,1.66586,0.000000,0.31049,0.00000,2.48150,1.66586
880,6.5600,2.48175,1.04083,1.60253,0.063333,0.31052,0.00000,2.48175,1.60253
881,5.4420,2.48175,1.04083,1.60253,0.000000,0.31049,0.00000,2.48175,1.60253
882,8.7680,2.48200,1.04083,1.53920,0.063333,0.31049,0.00000,2.48200,1.53920
883,5.0390,2.48200,1.04083,1.53920,0.000000,0.31052,0.00000,2.48200,1.53920
884,6.8880,2.48200,1.04083,1.53920,0.000000,0.31049,0.00000,2.48200,1.53920
885,8.2070,2.48225,1.04083,1.47587,0.063333,0.31052,0.00000,2.48225,1.47587
886,5.5940,2.48225,1.04083,1.47587,0.000000,0.31049,0.00000,2.48225,1.47587
887,8.6150,2.48250,1.04083,1.41253,0.063333,0.31052,0.00000,2.48250,1.41253
888,5.1770,2.48250,1.04083,1.41253,0.000000,0.31049,0.00000,2.48250,1.41253
889,6.9000,2.48250,1.04083,1.41253,0.000000,0.31052,0.00000,2.48250,1.41253
890,8.1800,2.48275,1.04083,1.34920,0.063333,0.31049,0.00000,2.48275,1.34920
891,5.6180,2.48275,1.04083,1.34920,0.000000,0.31052,0.00000,2.48275,1.34920
892,8.2070,2.48300,1.04083,1.28587,0.063333,0.31049,0.00000,2.48300,1.28587
893,5.5970,2.48300,1.04083,1.28587,0.000000,0.31049,0.00000,2.48300,1.28587
894,8.1490,2.48325,1.04083,1.22254,0.063333,0.31052,0.00000,2.48325,1.22254
895,5.6680,2.48325,1.04083,1.22254,0.000000,0.31049,0.00000,2.48325,1.22254
896,6.8850,2.48325,1.04083,1.22254,0.000000,0.31052,0.00000,2.48325,1.22254
897,8.1680,2.48350,1.04083,1.15920,0.063333,0.31052,0.00000,2.48350,1.15920
898,5.6330,2.48350,1.04083,1.15920,0.000000,0.31049,0.00000,2.48350,1.15920
899,8.0600,2.48376,1.04083,1.09587,0.063333,0.31049,0.00000,2.48376,1.09587
900,5.7380,2.48376,1.04083,1.09587,0.000000,0.31052,0.00000,2.48376,1.09587
901,6.9010,2.48376,1.04083,1.09587,0.000000,0.31049,0.00000,2.48376,1.09587
902,8.6210,2.48401,1.04083,1.03254,0.063333,0.31049,0.00000,2.48401,1.03254
903,5.1800,2.48401,1.04083,1.03254,0.000000,0.31052,0.00000,2.48401,1.03254
904,8.6360,2.48426,1.04083,0.96920,0.063333,0.31052,0.00000,2.48426,0.96920
905,5.1550,2.48426,1.04083,0.96920,0.000000,0.31049,0.00000,2.48426,0.96920
906,6.9040,2.48426,1.04083,0.96920,0.000000,0.31052,0.00000,2.48426,0.96920
907,8.2810,2.48451,1.04083,0.90587,0.063333,0.31049,0.00000,2.48451,0.90587
908,7.2580,2.48451,1.04083,0.90587,0.000000,0.31049,0.00000,2.48451,0.90587
909,6.4490,2.48476,1.04083,0.84254,0.063333,0.31052,0.00000,2.48476,0.84254
910,5.6170,2.48476,1.04083,0.84254,0.000000,0.31049,0.00000,2.48476,0.84254
911,8.1540,2.48501,1.04083,0.77921,0.063333,0.31052,0.00000,2.48501,0.77921
912,5.6560,2.48501,1.04083,0.77921,0.000000,0.31049,0.00000,2.48501,0.77921
913,6.8940,2.48501,1.04083,0.77921,0.000000,0.31052,0.00000,2.48501,0.77921
914,8.1580,2.48526,1.04083,0.71587,0.063333,0.31052,0.00000,2.48526,0.71587
915,5.6360,2.48526,1.04083,0.71587,0.000000,0.31049,0.00000,2.48526,0.71587
916,8.0770,2.48551,1.04083,0.65254,0.063333,0.31049,0.00000,2.48551,0.65254
917,5.7200,2.48551,1.04083,0.65254,0.000000,0.31052,0.00000,2.48551,0.65254
918,6.8970,2.48551,1.04083,0.65254,0.000000,0.31049,0.00000,2.48551,0.65254
919,8.1380,2.48577,1.04083,0.58921,0.063333,0.31049,0.00000,2.48577,0.58921
920,5.6860,2.48577,1.04083,0.58921,0.000000,0.31052,0.00000,2.48577,0.58921
921,8.5900,2.48602,1.04083,0.52587,0.063333,0.31052,0.00000,2.48602,0.52587
922,5.2470,2.48602,1.04083,0.52587,0.000000,0.31052,0.00000,2.48602,0.52587
923,8.2450,2.48627,1.04083,0.46254,0.063333,0.31049,0.00000,2.48627,0.46254
924,5.5360,2.48627,1.04083,0.46254,0.000000,0.31052,0.00000,2.48627,0.46254
925,6.8700,2.48627,1.04083,0.46254,0.000000,0.31189,0.00000,2.48627,0.46254
926,8.2090,2.48652,1.04083,0.39921,0.063333,0.30908,0.00000,2.48652,0.39921
927,5.5860,2.48652,1.04083,0.39921,0.000000,0.31049,0.00000,2.48652,0.39921
928,8.6630,2.48677,1.04083,0.33588,0.063333,0.31049,0.00000,2.48677,0.33588
929,5.1490,2.48677,1.04083,0.33588,0.000000,0.31052,0.00000,2.48677,0.33588
930,6.9080,2.48677,1.04083,0.33588,0.000000,0.31052,0.00000,2.48677,0.33588
931,8.1200,2.48702,1.04083,0.27254,0.063333,0.31049,0.00000,2.48702,0.27254
932,5.6580,2.48702,1.04083,0.27254,0.000000,0.31052,0.00000,2.48702,0.27254
933,8.1010,2.48727,1.04083,0.20921,0.063333,0.31049,0.00000,2.48727,0.20921
934,5.7020,2.48727,1.04083,0.20921,0.000000,0.31052,0.00000,2.48727,0.20921
935,6.9130,2.48727,1.04083,0.20921,0.000000,0.31049,0.00000,2.48727,0.20921
936,8.3380,2.48752,1.04083,0.14588,0.063333,0.31055,0.00000,2.48752,0.14588
937,7.2540,2.48752,1.04083,0.14588,0.000000,0.31052,0.00000,2.48752,0.14588
938,6.3890,2.48777,1.04083,0.08254,0.063333,0.31042,0.00000,2.48777,0.08254
939,5.6040,2.48777,1.04083,0.08254,0.000000,0.31052,0.00000,2.48777,0.08254
940,8.1730,2.48803,1.04083,0.01921,0.063333,0.31052,0.00000,2.48803,0.01921
941,5.6660,2.48803,1.04083,0.01921,0.000000,0.31049,0.00000,2.48803,0.01921
942,6.8670,2.48803,1.04083,0.01921,0.000000,0.31049,0.00000,2.48803,0.01921
943,8.1580,2.48828,1.04083,-0.04412,0.063333,0.31052,0.00000,2.48828,-0.04412
944,5.6370,2.48828,1.04083,-0.04412,0.000000,0.31049,0.00000,2.48828,-0.04412
945,8.1630,2.48853,1.04083,-0.10745,0.063333,0.31049,0.00000,2.48853,-0.10745
946,5.6390,2.48853,1.04083,-0.10745,0.000000,0.31052,0.00000,2.48853,-0.10745
947,6.9060,2.48853,1.04083,-0.10745,0.000000,0.31052,0.00000,2.48853,-0.10745
948,8.1140,2.48878,1.04083,-0.17079,0.063333,0.31049,0.00000,2.48878,-0.17079
949,5.6740,2.48878,1.04083,-0.17079,0.000000,0.31052,0.00000,2.48878,-0.17079
950,8.2080,2.48903,1.04083,-0.23412,0.063333,0.31049,0.00000,2.48903,-0.23412
951,5.5910,2.48903,1.04083,-0.23412,0.000000,0.31049,0.00000,2.48903,-0.23412
952,8.5340,2.48928,1.04083,-0.29745,0.063333,0.31052,0.00000,2.48928,-0.29745
953,5.2720,2.48928,1.04083,-0.29745,0.000000,0.31049,0.00000,2.48928,-0.29745
954,6.9010,2.48928,1.04083,-0.29745,0.000000,0.31052,0.00000,2.48928,-0.29745
955,8.2830,2.48953,1.04083,-0.36079,0.063333,0.31049,0.00000,2.48953,-0.36079
956,5.5150,2.48953,1.04083,-0.36079,0.000000,0.31052,0.00000,2.48953,-0.36079
957,8.1630,2.48978,1.04083,-0.42412,0.063333,0.31052,0.00000,2.48978,-0.42412
958,5.6350,2.48978,1.04083,-0.42412,0.000000,0.31049,0.00000,2.48978,-0.42412
959,6.8990,2.48978,1.04083,-0.42412,0.000000,0.31049,0.00000,2.48978,-0.42412
960,8.1270,2.49004,1.04083,-0.48745,0.063333,0.31052,0.00000,2.49004,-0.48745
961,5.6870,2.49004,1.04083,-0.48745,0.000000,0.31049,0.00000,2.49004,-0.48745
962,8.2940,2.49029,1.04083,-0.55078,0.063333,0.31049,0.00000,2.49029,-0.55078
963,5.5040,2.49029,1.04083,-0.55078,0.000000,0.31052,0.00000,2.49029,-0.55078
964,6.8900,2.49029,1.04083,-0.55078,0.000000,0.31049,0.00000,2.49029,-0.55078
965,8.3600,2.49054,1.04083,-0.61412,0.063333,0.31052,0.00000,2.49054,-0.61412
966,7.0990,2.49054,1.04083,-0.61412,0.000000,0.31052,0.00000,2.49054,-0.61412
967,6.8080,2.49079,1.04083,-0.67745,0.063333,0.31049,0.00000,2.49079,-0.67745
968,5.3680,2.49079,1.04083,-0.67745,0.000000,0.31049,0.00000,2.49079,-0.67745
969,8.3500,2.49104,1.04083,-0.74078,0.063333,0.31061,0.00000,2.49104,-0.74078
970,5.4430,2.49104,1.04083,-0.74078,0.000000,0.31046,0.00000,2.49104,-0.74078
971,6.8840,2.49104,1.04083,-0.74078,0.000000,0.31042,0.00000,2.49104,-0.74078
972,8.7050,2.49129,1.04083,-0.80412,0.063333,0.31058,0.00000,2.49129,-0.80412
973,5.0920,2.49129,1.04083,-0.80412,0.000000,0.31049,0.00000,2.49129,-0.80412
974,8.2200,2.49154,1.04083,-0.86745,0.063333,0.31046,0.00000,2.49154,-0.86745
975,5.5790,2.49154,1.04083,-0.86745,0.000000,0.31052,0.00000,2.49154,-0.86745
976,6.9180,2.49154,1.04083,-0.86745,0.000000,0.31049,0.00000,2.49154,-0.86745
977,8.1160,2.49179,1.04083,-0.93078,0.063333,0.31052,0.00000,2.49179,-0.93078
978,5.6900,2.49179,1.04083,-0.93078,0.000000,0.31049,0.00000,2.49179,-0.93078
979,8.2960,2.49204,1.04083,-0.99411,0.063333,0.31049,0.00000,2.49204,-0.99411
980,5.4970,2.49204,1.04083,-0.99411,0.000000,0.31058,0.00000,2.49204,-0.99411
981,8.3490,2.49230,1.04083,-1.05745,0.063333,0.31049,0.00000,2.49230,-1.05745
982,5.4790,2.49230,1.04083,-1.05745,0.000000,0.31049,0.00000,2.49230,-1.05745
983,6.8520,2.49230,1.04083,-1.05745,0.000000,0.31052,0.00000,2.49230,-1.05745
984,8.2850,2.49255,1.04083,-1.12078,0.063333,0.31046,0.00000,2.49255,-1.12078
985,5.5130,2.49255,1.04083,-1.12078,0.000000,0.31049,0.00000,2.49255,-1.12078
986,8.1840,2.49280,1.04083,-1.18411,0.063333,0.31052,0.00000,2.49280,-1.18411
987,5.6110,2.49280,1.04083,-1.18411,0.000000,0.31049,0.00000,2.49280,-1.18411
988,6.9060,2.49280,1.04083,-1.18411,0.000000,0.31049,0.00000,2.49280,-1.18411
989,8.0920,2.49305,1.04083,-1.24745,0.063333,0.31052,0.00000,2.49305,-1.24745
990,5.7270,2.49305,1.04083,-1.24745,0.000000,0.31049,0.00000,2.49305,-1.24745
991,8.0270,2.49330,1.04083,-1.31078,0.063333,0.31052,0.00000,2.49330,-1.31078
992,5.7480,2.49330,1.04083,-1.31078,0.000000,0.31052,0.00000,2.49330,-1.31078
993,6.9030,2.49330,1.04083,-1.31078,0.000000,0.31049,0.00000,2.49330,-1.31078
994,8.2110,2.49355,1.04083,-1.37411,0.063333,0.31049,0.00000,2.49355,-1.37411
995,7.2670,2.49355,1.04083,-1.37411,0.000000,0.31052,0.00000,2.49355,-1.37411
996,6.9410,2.49380,1.04083,-1.43744,0.063333,0.31049,0.00000,2.49380,-1.43744
997,5.2130,2.49380,1.04083,-1.43744,0.000000,0.31052,0.00000,2.49380,-1.43744
998,8.6260,2.49405,1.04083,-1.50078,0.063333,0.31049,0.00000,2.49405,-1.50078
999,5.1750,2.49405,1.04083,-1.50078,0.000000,0.31055,0.00000,2.49405,-1.50078
1000,6.8740,2.49405,1.04083,-1.50078,0.000000,0.31046,0.00000,2.49405,-1.50078
1001,8.2400,2.49405,1.04083,-1.56050,0.059722,0.31055,0.00000,2.49405,-1.56050
1002,5.5400,2.49405,1.04083,-1.56050,0.000000,0.31046,0.00000,2.49405,-1.56050
1003,8.3260,2.49405,1.04083,-1.61661,0.056111,0.31052,0.00000,2.49405,-1.61661
1004,5.5050,2.49405,1.04083,-1.61661,0.000000,0.31052,0.00000,2.49405,-1.61661
1005,6.9010,2.49405,1.04083,-1.61661,0.000000,0.31046,0.00000,2.49405,-1.61661
1006,8.3600,2.49405,1.04083,-1.66911,0.052500,0.31058,0.00000,2.49405,-1.66911
1007,5.4590,2.49405,1.04083,-1.66911,0.000000,0.31049,0.00000,2.49405,-1.66911
1008,8.3780,2.49405,1.04083,-1.71800,0.048888,0.31049,0.00000,2.49405,-1.71800
1009,5.3910,2.49405,1.04083,-1.71800,0.000000,0.31055,0.00000,2.49405,-1.71800
1010,8.1850,2.49405,1.04083,-1.76327,0.045277,0.31042,0.00000,2.49405,-1.76327
1011,5.6120,2.49405,1.04083,-1.76327,0.000000,0.31049,0.00000,2.49405,-1.76327
1012,6.9360,2.49405,1.04083,-1.76327,0.000000,0.31052,0.00000,2.49405,-1.76327
1013,8.1920,2.49405,1.04083,-1.80494,0.041666,0.31049,0.00000,2.49405,-1.80494
1014,5.5700,2.49405,1.04083,-1.80494,0.000000,0.31049,0.00000,2.49405,-1.80494
1015,8.1510,2.49405,1.04083,-1.84300,0.038055,0.31052,0.00000,2.49405,-1.84300
1016,5.6480,2.49405,1.04083,-1.84300,0.000000,0.31049,0.00000,2.49405,-1.84300
1017,6.8890,2.49405,1.04083,-1.84300,0.000000,0.31052,0.00000,2.49405,-1.84300
1018,8.6030,2.49405,1.04083,-1.87744,0.034444,0.31052,0.00000,2.49405,-1.87744
1019,5.2080,2.49405,1.04083,-1.87744,0.000000,0.31049,0.00000,2.49405,-1.87744
1020,8.1950,2.49405,1.04083,-1.90827,0.030833,0.31052,0.00000,2.49405,-1.90827
1021,5.6040,2.49405,1.04083,-1.90827,0.000000,0.31049,0.00000,2.49405,-1.90827
1022,8.0960,2.49405,1.04083,-1.93549,0.027222,0.31049,0.00000,2.49405,-1.93549
1023,5.7210,2.49405,1.04083,-1.93549,0.000000,0.31052,0.00000,2.49405,-1.93549
1024,8.6070,2.49405,1.04083,-1.93549,0.000000,0.31049,0.00000,2.49405,-1.93549
1025,6.6230,2.49405,1.04083,-1.95910,0.023611,0.31055,0.00000,2.49405,-1.95910
1026,5.4520,2.49405,1.04083,-1.95910,0.000000,0.31052,0.00000,2.49405,-1.95910
1027,8.4910,2.49405,1.04083,-1.97910,0.020000,0.31046,0.00000,2.49405,-1.97910
1028,5.3190,2.49405,1.04083,-1.97910,0.000000,0.31049,0.00000,2.49405,-1.97910
1029,6.8910,2.49405,1.04083,-1.97910,0.000000,0.31052,0.00000,2.49405,-1.97910
1030,8.2820,2.49412,1.04083,-1.98966,0.010555,0.31049,0.00000,2.49412,-1.98966
1031,5.5240,2.49412,1.04083,-1.98966,0.000000,0.31049,0.00000,2.49412,-1.98966
1032,8.1440,2.49418,1.04083,-1.99077,0.001112,0.31052,0.00000,2.49418,-1.99077
1033,5.6420,2.49418,1.04083,-1.99077,0.000000,0.31049,0.00000,2.49418,-1.99077
1034,6.9090,2.49418,1.04083,-1.99077,0.000000,0.31052,0.00000,2.49418,-1.99077
1035,8.1940,2.49424,1.04083,-1.98938,0.001391,0.31055,0.00000,2.49424,-1.98938
1036,5.6040,2.49424,1.04083,-1.98938,0.000000,0.31046,0.00000,2.49424,-1.98938
1037,8.1280,2.49429,1.04083,-1.98549,0.003890,0.31049,0.00000,2.49429,-1.98549
1038,5.6670,2.49429,1.04083,-1.98549,0.000000,0.31052,0.00000,2.49429,-1.98549
1039,8.0460,2.49435,1.04083,-1.97910,0.006390,0.31049,0.00000,2.49435,-1.97910
1040,5.7780,2.49435,1.04083,-1.97910,0.000000,0.31052,0.00000,2.49435,-1.97910
1041,6.8820,2.49435,1.04083,-1.97910,0.000000,0.31049,0.00000,2.49435,-1.97910
1042,8.1910,2.49441,1.04083,-1.97021,0.008890,0.31052,0.00000,2.49441,-1.97021
1043,5.6340,2.49441,1.04083,-1.97021,0.000000,0.31049,0.00000,2.49441,-1.97021
1044,8.0330,2.49447,1.04083,-1.95882,0.011390,0.31052,0.00000,2.49447,-1.95882
1045,5.7410,2.49447,1.04083,-1.95882,0.000000,0.31049,0.00000,2.49447,-1.95882
1046,6.8930,2.49447,1.04083,-1.95882,0.000000,0.31052,0.00000,2.49447,-1.95882
1047,8.1740,2.49452,1.04083,-1.94493,0.013890,0.31049,0.00000,2.49452,-1.94493
1048,5.6380,2.49452,1.04083,-1.94493,0.000000,0.31049,0.00000,2.49452,-1.94493
1049,8.1630,2.49458,1.04083,-1.92854,0.016390,0.31052,0.00000,2.49458,-1.92854
1050,5.6510,2.49458,1.04083,-1.92854,0.000000,0.31049,0.00000,2.49458,-1.92854
1051,8.1470,2.49464,1.04083,-1.90965,0.018890,0.31052,0.00000,2.49464,-1.90965
1052,5.6530,2.49464,1.04083,-1.90965,0.000000,0.31052,0.00000,2.49464,-1.90965
1053,8.5860,2.49464,1.04083,-1.90965,0.000000,0.31049,0.00000,2.49464,-1.90965
1054,6.3790,2.49469,1.04083,-1.88826,0.021390,0.31049,0.00000,2.49469,-1.88826
1055,5.7110,2.49469,1.04083,-1.88826,0.000000,0.31052,0.00000,2.49469,-1.88826
1056,8.1550,2.49475,1.04083,-1.86437,0.023890,0.31049,0.00000,2.49475,-1.86437
1057,5.6880,2.49475,1.04083,-1.86437,0.000000,0.31049,0.00000,2.49475,-1.86437
1058,6.8650,2.49475,1.04083,-1.86437,0.000000,0.31052,0.00000,2.49475,-1.86437
1059,8.1420,2.49480,1.04083,-1.83798,0.026390,0.31049,0.00000,2.49480,-1.83798
1060,5.6530,2.49480,1.04083,-1.83798,0.000000,0.31052,0.00000,2.49480,-1.83798
1061,8.1690,2.49486,1.04083,-1.80909,0.028890,0.31052,0.00000,2.49486,-1.80909
1062,5.6380,2.49486,1.04083,-1.80909,0.000000,0.31049,0.00000,2.49486,-1.80909
1063,6.8930,2.49486,1.04083,-1.80909,0.000000,0.31052,0.00000,2.49486,-1.80909
1064,8.1820,2.49491,1.04083,-1.77770,0.031390,0.31049,0.00000,2.49491,-1.77770
1065,5.6210,2.49491,1.04083,-1.77770,0.000000,0.31049,0.00000,2.49491,-1.77770
1066,8.1560,2.49497,1.04083,-1.74381,0.033890,0.31052,0.00000,2.49497,-1.74381
1067,5.6450,2.49497,1.04083,-1.74381,0.000000,0.31049,0.00000,2.49497,-1.74381
1068,8.5500,2.49502,1.04083,-1.70742,0.036390,0.31052,0.00000,2.49502,-1.70742
1069,5.2460,2.49502,1.04083,-1.70742,0.000000,0.31049,0.00000,2.49502,-1.70742
1070,6.9060,2.49502,1.04083,-1.70742,0.000000,0.31052,0.00000,2.49502,-1.70742
1071,8.0830,2.49507,1.04083,-1.66853,0.038890,0.31049,0.00000,2.49507,-1.66853
1072,5.7430,2.49507,1.04083,-1.66853,0.000000,0.31052,0.00000,2.49507,-1.66853
1073,8.1610,2.49513,1.04083,-1.62714,0.041390,0.31049,0.00000,2.49513,-1.62714
1074,5.6210,2.49513,1.04083,-1.62714,0.000000,0.31049,0.00000,2.49513,-1.62714
1075,6.8920,2.49513,1.04083,-1.62714,0.000000,0.31052,0.00000,2.49513,-1.62714
1076,8.4340,2.49518,1.04083,-1.58325,0.043890,0.31049,0.00000,2.49518,-1.58325
1077,5.3670,2.49518,1.04083,-1.58325,0.000000,0.31052,0.00000,2.49518,-1.58325
1078,8.1910,2.49523,1.04083,-1.53686,0.046390,0.31052,0.00000,2.49523,-1.53686
1079,5.6050,2.49523,1.04083,-1.53686,0.000000,0.31049,0.00000,2.49523,-1.53686
1080,8.2300,2.49528,1.04083,-1.48797,0.048890,0.31049,0.00000,2.49528,-1.48797
1081,5.5890,2.49528,1.04083,-1.48797,0.000000,0.31052,0.00000,2.49528,-1.48797
1082,8.5510,2.49528,1.04083,-1.48797,0.000000,0.31049,0.00000,2.49528,-1.48797
1083,6.5220,2.49534,1.04083,-1.43658,0.051390,0.31052,0.00000,2.49534,-1.43658
1084,5.6120,2.49534,1.04083,-1.43658,0.000000,0.31049,0.00000,2.49534,-1.43658
1085,8.0850,2.49539,1.04083,-1.38269,0.053890,0.31049,0.00000,2.49539,-1.38269
1086,5.7190,2.49539,1.04083,-1.38269,0.000000,0.31052,0.00000,2.49539,-1.38269
1087,6.9050,2.49539,1.04083,-1.38269,0.000000,0.31052,0.00000,2.49539,-1.38269
1088,8.2090,2.49544,1.04083,-1.32630,0.056390,0.31049,0.00000,2.49544,-1.32630
1089,5.5730,2.49544,1.04083,-1.32630,0.000000,0.31052,0.00000,2.49544,-1.32630
1090,8.1410,2.49549,1.04083,-1.26741,0.058890,0.31049,0.00000,2.49549,-1.26741
1091,5.6610,2.49549,1.04083,-1.26741,0.000000,0.31049,0.00000,2.49549,-1.26741
1092,6.9070,2.49549,1.04083,-1.26741,0.000000,0.31052,0.00000,2.49549,-1.26741
1093,8.1820,2.49555,1.04083,-1.20602,0.061390,0.31049,0.00000,2.49555,-1.20602
1094,5.6140,2.49555,1.04083,-1.20602,0.000000,0.31052,0.00000,2.49555,-1.20602
1095,8.0940,2.49560,1.04083,-1.14269,0.063333,0.31049,0.00000,2.49560,-1.14269
1096,5.6950,2.49560,1.04083,-1.14269,0.000000,0.31052,0.00000,2.49560,-1.14269
1097,8.0610,2.49565,1.04083,-1.07936,0.063333,0.31049,0.00000,2.49565,-1.07936
1098,5.7530,2.49565,1.04083,-1.07936,0.000000,0.31052,0.00000,2.49565,-1.07936
1099,6.9060,2.49565,1.04083,-1.07936,0.000000,0.31049,0.00000,2.49565,-1.07936
1100,8.2310,2.49570,1.04083,-1.01602,0.063333,0.31049,0.00000,2.49570,-1.01602
1101,5.5630,2.49570,1.04083,-1.01602,0.000000,0.31052,0.00000,2.49570,-1.01602
1102,8.7690,2.49575,1.04083,-0.95269,0.063333,0.31049,0.00000,2.49575,-0.95269
1103,5.0230,2.49575,1.04083,-0.95269,0.000000,0.31052,0.00000,2.49575,-0.95269
1104,6.8900,2.49575,1.04083,-0.95269,0.000000,0.31052,0.00000,2.49575,-0.95269
1105,8.1850,2.49581,1.04083,-0.88936,0.063333,0.31049,0.00000,2.49581,-0.88936
1106,5.6250,2.49581,1.04083,-0.88936,0.000000,0.31052,0.00000,2.49581,-0.88936
1107,8.1140,2.49586,1.04083,-0.82602,0.063333,0.31049,0.00000,2.49586,-0.82602
1108,5.6840,2.49586,1.04083,-0.82602,0.000000,0.31049,0.00000,2.49586,-0.82602
1109,8.3130,2.49591,1.04083,-0.76269,0.063333,0.31052,0.00000,2.49591,-0.76269
1110,5.5180,2.49591,1.04083,-0.76269,0.000000,0.31055,0.00000,2.49591,-0.76269
1111,8.8110,2.49591,1.04083,-0.76269,0.000000,0.31042,0.00000,2.49591,-0.76269
1112,6.2450,2.49596,1.04083,-0.69936,0.063333,0.31052,0.00000,2.49596,-0.69936
1113,5.6180,2.49596,1.04083,-0.69936,0.000000,0.31052,0.00000,2.49596,-0.69936
1114,8.1700,2.49602,1.04083,-0.63602,0.063333,0.31049,0.00000,2.49602,-0.63602
1115,5.6440,2.49602,1.04083,-0.63602,0.000000,0.31052,0.00000,2.49602,-0.63602
1116,6.8850,2.49602,1.04083,-0.63602,0.000000,0.31049,0.00000,2.49602,-0.63602
1117,8.1260,2.49607,1.04083,-0.57269,0.063333,0.31049,0.00000,2.49607,-0.57269
1118,5.6680,2.49607,1.04083,-0.57269,0.000000,0.31052,0.00000,2.49607,-0.57269
1119,8.0990,2.49612,1.04083,-0.50936,0.063333,0.31049,0.00000,2.49612,-0.50936
1120,5.7230,2.49612,1.04083,-0.50936,0.000000,0.31052,0.00000,2.49612,-0.50936
1121,6.8940,2.49612,1.04083,-0.50936,0.000000,0.31049,0.00000,2.49612,-0.50936
1122,8.7060,2.49617,1.04083,-0.44602,0.063333,0.31052,0.00000,2.49617,-0.44602
1123,5.0840,2.49617,1.04083,-0.44602,0.000000,0.31049,0.00000,2.49617,-0.44602
1124,8.2920,2.49622,1.04083,-0.38269,0.063333,0.31052,0.00000,2.49622,-0.38269
1125,5.5100,2.49622,1.04083,-0.38269,0.000000,0.31049,0.00000,2.49622,-0.38269
1126,8.1910,2.49628,1.04083,-0.31936,0.063333,0.31049,0.00000,2.49628,-0.31936
1127,5.6130,2.49628,1.04083,-0.31936,0.000000,0.31052,0.00000,2.49628,-0.31936
1128,6.9020,2.49628,1.04083,-0.31936,0.000000,0.31049,0.00000,2.49628,-0.31936
1129,8.1410,2.49633,1.04083,-0.25602,0.063333,0.31052,0.00000,2.49633,-0.25602
1130,5.6530,2.49633,1.04083,-0.25602,0.000000,0.31052,0.00000,2.49633,-0.25602
1131,8.1980,2.49638,1.04083,-0.19269,0.063333,0.31049,0.00000,2.49638,-0.19269
1132,5.6200,2.49638,1.04083,-0.19269,0.000000,0.31052,0.00000,2.49638,-0.19269
1133,6.8870,2.49638,1.04083,-0.19269,0.000000,0.31049,0.00000,2.49638,-0.19269
1134,8.1340,2.49643,1.04083,-0.12936,0.063333,0.31049,0.00000,2.49643,-0.12936
1135,5.6580,2.49643,1.04083,-0.12936,0.000000,0.31052,0.00000,2.49643,-0.12936
1136,8.1560,2.49649,1.04083,-0.06602,0.063333,0.31049,0.00000,2.49649,-0.06602
1137,5.6430,2.49649,1.04083,-0.06602,0.000000,0.31049,0.00000,2.49649,-0.06602
1138,8.1370,2.49654,1.04083,-0.00269,0.063333,0.31052,0.00000,2.49654,-0.00269
1139,5.6790,2.49654,1.04083,-0.00269,0.000000,0.31052,0.00000,2.49654,-0.00269
1140,8.6760,2.49654,1.04083,-0.00269,0.000000,0.31049,0.00000,2.49654,-0.00269
1141,6.3510,2.49659,1.04083,0.06064,0.063333,0.31052,0.00000,2.49659,0.06064
1142,5.6550,2.49659,1.04083,0.06064,0.000000,0.31049,0.00000,2.49659,0.06064
1143,8.1660,2.49664,1.04083,0.12398,0.063333,0.31049,0.00000,2.49664,0.12398
1144,5.6550,2.49664,1.04083,0.12398,0.000000,0.31049,0.00000,2.49664,0.12398
1145,6.8890,2.49664,1.04083,0.12398,0.000000,0.31055,0.00000,2.49664,0.12398
1146,8.2130,2.49669,1.04083,0.18731,0.063333,0.31049,0.00000,2.49669,0.18731
1147,5.6140,2.49669,1.04083,0.18731,0.000000,0.31052,0.00000,2.49669,0.18731
1148,8.0530,2.49675,1.04083,0.25064,0.063333,0.31049,0.00000,2.49675,0.25064
1149,5.7050,2.49675,1.04083,0.25064,0.000000,0.31049,0.00000,2.49675,0.25064
1150,6.9220,2.49675,1.04083,0.25064,0.000000,0.31049,0.00000,2.49675,0.25064
1151,8.1770,2.49680,1.04083,0.31398,0.063333,0.31085,0.00000,2.49680,0.31398
1152,5.6430,2.49680,1.04083,0.31398,0.000000,0.31018,0.00000,2.49680,0.31398
1153,8.2620,2.49685,1.04083,0.37731,0.063333,0.31055,0.00000,2.49685,0.37731
1154,5.4980,2.49685,1.04083,0.37731,0.000000,0.31049,0.00000,2.49685,0.37731
1155,8.2240,2.49690,1.04083,0.44064,0.063333,0.31046,0.00000,2.49690,0.44064
1156,5.5970,2.49690,1.04083,0.44064,0.000000,0.31049,0.00000,2.49690,0.44064
1157,6.8960,2.49690,1.04083,0.44064,0.000000,0.31052,0.00000,2.49690,0.44064
1158,8.2040,2.49696,1.04083,0.50398,0.063333,0.31052,0.00000,2.49696,0.50398
1159,5.5900,2.49696,1.04083,0.50398,0.000000,0.31049,0.00000,2.49696,0.50398
1160,8.1740,2.49701,1.04083,0.56731,0.063333,0.31049,0.00000,2.49701,0.56731
1161,5.6230,2.49701,1.04083,0.56731,0.000000,0.31049,0.00000,2.49701,0.56731
1162,6.9270,2.49701,1.04083,0.56731,0.000000,0.31055,0.00000,2.49701,0.56731
1163,8.2720,2.49706,1.04083,0.63064,0.063333,0.31049,0.00000,2.49706,0.63064
1164,5.5300,2.49706,1.04083,0.63064,0.000000,0.31049,0.00000,2.49706,0.63064
1165,8.3500,2.49711,1.04083,0.69398,0.063333,0.31055,0.00000,2.49711,0.69398
1166,5.4350,2.49711,1.04083,0.69398,0.000000,0.31046,0.00000,2.49711,0.69398
1167,8.3290,2.49716,1.04083,0.75731,0.063333,0.31049,0.00000,2.49716,0.75731
1168,5.4980,2.49716,1.04083,0.75731,0.000000,0.31058,0.00000,2.49716,0.75731
1169,8.5400,2.49716,1.04083,0.75731,0.000000,0.31046,0.00000,2.49716,0.75731
1170,6.7390,2.49722,1.04083,0.82064,0.063333,0.31055,0.00000,2.49722,0.82064
1171,5.3870,2.49722,1.04083,0.82064,0.000000,0.31049,0.00000,2.49722,0.82064
1172,8.3810,2.49727,1.04083,0.88398,0.063333,0.31046,0.00000,2.49727,0.88398
1173,5.4350,2.49727,1.04083,0.88398,0.000000,0.31052,0.00000,2.49727,0.88398
1174,6.8830,2.49727,1.04083,0.88398,0.000000,0.31049,0.00000,2.49727,0.88398
1175,8.1730,2.49732,1.04083,0.94731,0.063333,0.31052,0.00000,2.49732,0.94731
1176,5.6170,2.49732,1.04083,0.94731,0.000000,0.31049,0.00000,2.49732,0.94731
1177,8.1130,2.49737,1.04083,1.01064,0.063333,0.31049,0.00000,2.49737,1.01064
1178,5.6950,2.49737,1.04083,1.01064,0.000000,0.31049,0.00000,2.49737,1.01064
1179,6.9220,2.49737,1.04083,1.01064,0.000000,0.31052,0.00000,2.49737,1.01064
1180,8.5190,2.49743,1.04083,1.07398,0.063333,0.31058,0.00000,2.49743,1.07398
1181,5.2610,2.49743,1.04083,1.07398,0.000000,0.31042,0.00000,2.49743,1.07398
1182,8.2320,2.49748,1.04083,1.13731,0.063333,0.31052,0.00000,2.49748,1.13731
1183,5.5550,2.49748,1.04083,1.13731,0.000000,0.31049,0.00000,2.49748,1.13731
1184,8.1360,2.49753,1.04083,1.20064,0.063333,0.31049,0.00000,2.49753,1.20064
1185,5.6790,2.49753,1.04083,1.20064,0.000000,0.31055,0.00000,2.49753,1.20064
1186,6.8920,2.49753,1.04083,1.20064,0.000000,0.31049,0.00000,2.49753,1.20064
1187,8.1690,2.49758,1.04083,1.26397,0.063333,0.31049,0.00000,2.49758,1.26397
1188,5.6350,2.49758,1.04083,1.26397,0.000000,0.31033,0.00000,2.49758,1.26397
1189,8.1800,2.49763,1.04083,1.32731,0.063333,0.31030,0.00000,2.49763,1.32731
1190,5.6270,2.49763,1.04083,1.32731,0.000000,0.31033,0.00000,2.49763,1.32731
1191,6.8780,2.49763,1.04083,1.32731,0.000000,0.31030,0.00000,2.49763,1.32731
1192,8.7510,2.49769,1.04083,1.39064,0.063333,0.31033,0.00000,2.49769,1.39064
1193,5.0590,2.49769,1.04083,1.39064,0.000000,0.31033,0.00000,2.49769,1.39064
1194,8.2120,2.49774,1.04083,1.45397,0.063333,0.31030,0.00000,2.49774,1.45397
1195,5.6100,2.49774,1.04083,1.45397,0.000000,0.31033,0.00000,2.49774,1.45397
1196,8.0970,2.49779,1.04083,1.51731,0.063333,0.31030,0.00000,2.49779,1.51731
1197,5.6950,2.49779,1.04083,1.51731,0.000000,0.31033,0.00000,2.49779,1.51731
1198,8.5870,2.49779,1.04083,1.51731,0.000000,0.31033,0.00000,2.49779,1.51731
1199,6.3420,2.49784,1.04083,1.58064,0.063333,0.31030,0.00000,2.49784,1.58064
1200,5.7730,2.49784,1.04083,1.58064,0.000000,0.31033,0.00000,2.49784,1.58064
1201,8.0830,2.49790,1.04083,1.64397,0.063333,0.31030,0.00000,2.49790,1.64397
1202,5.7160,2.49790,1.04083,1.64397,0.000000,0.31033,0.00000,2.49790,1.64397
1203,6.8870,2.49790,1.04083,1.64397,0.000000,0.31033,0.00000,2.49790,1.64397
1204,8.1150,2.49795,1.04083,1.70731,0.063333,0.31030,0.00000,2.49795,1.70731
1205,5.6820,2.49795,1.04083,1.70731,0.000000,0.31033,0.00000,2.49795,1.70731
1206,18.7520,2.49800,1.04083,1.77064,0.063333,0.31030,0.00000,2.49800,1.77064
1207,0.0640,2.49800,1.04083,1.77064,0.000000,0.31030,0.00000,2.49800,1.77064
1208,1.8690,2.49800,1.04083,1.77064,0.000000,0.31030,0.00000,2.49800,1.77064
1209,8.2750,2.49805,1.04083,1.83397,0.063333,0.31033,0.00000,2.49805,1.83397
1210,5.5570,2.49805,1.04083,1.83397,0.000000,0.31030,0.00000,2.49805,1.83397
1211,8.1490,2.49810,1.04083,1.89731,0.063333,0.31033,0.00000,2.49810,1.89731
1212,5.6330,2.49810,1.04083,1.89731,0.000000,0.31033,0.00000,2.49810,1.89731
1213,8.1300,2.49816,1.04083,1.96064,0.063333,0.31030,0.00000,2.49816,1.96064
1214,5.6880,2.49816,1.04083,1.96064,0.000000,0.31033,0.00000,2.49816,1.96064
1215,6.9030,2.49816,1.04083,1.96064,0.000000,0.31030,0.00000,2.49816,1.96064
1216,8.0420,2.49821,1.04083,2.02397,0.063333,0.31033,0.00000,2.49821,2.02397
1217,5.7260,2.49821,1.04083,2.02397,0.000000,0.31030,0.00000,2.49821,2.02397
1218,8.0620,2.49826,1.04083,2.08731,0.063333,0.31033,0.00000,2.49826,2.08731
1219,5.7390,2.49826,1.04083,2.08731,0.000000,0.31033,0.00000,2.49826,2.08731
1220,6.9180,2.49826,1.04083,2.08731,0.000000,0.31030,0.00000,2.49826,2.08731
1221,8.1210,2.49831,1.04083,2.15064,0.063333,0.31033,0.00000,2.49831,2.15064
1222,5.7000,2.49831,1.04083,2.15064,0.000000,0.31030,0.00000,2.49831,2.15064
1223,8.0700,2.49837,1.04083,2.21397,0.063333,0.31033,0.00000,2.49837,2.21397
1224,5.7000,2.49837,1.04083,2.21397,0.000000,0.31033,0.00000,2.49837,2.21397
1225,8.0470,2.49842,1.04083,2.27731,0.063333,0.31030,0.00000,2.49842,2.27731
1226,5.7730,2.49842,1.04083,2.27731,0.000000,0.31033,0.00000,2.49842,2.27731
1227,6.8830,2.49842,1.04083,2.27731,0.000000,0.31030,0.00000,2.49842,2.27731
1228,13.0430,2.49847,1.04083,2.34064,0.063333,0.31033,0.00000,2.49847,2.34064
1229,0.7550,2.49847,1.04083,2.34064,0.000000,0.31033,0.00000,2.49847,2.34064
1230,8.2100,2.49852,1.04083,2.40397,0.063333,0.31030,0.00000,2.49852,2.40397
1231,5.6260,2.49852,1.04083,2.40397,0.000000,0.31033,0.00000,2.49852,2.40397
1232,6.8810,2.49852,1.04083,2.40397,0.000000,0.31030,0.00000,2.49852,2.40397
1233,8.1130,2.49857,1.04083,2.46731,0.063333,0.31033,0.00000,2.49857,2.46731
1234,5.6800,2.49857,1.04083,2.46731,0.000000,0.31033,0.00000,2.49857,2.46731
1235,8.1740,2.49863,1.04083,2.53064,0.063333,0.31030,0.00000,2.49863,2.53064
1236,5.6380,2.49863,1.04083,2.53064,0.000000,0.31033,0.00000,2.49863,2.53064
1237,6.9280,2.49863,1.04083,2.53064,0.000000,0.31030,0.00000,2.49863,2.53064
1238,8.2000,2.49868,1.04083,2.59397,0.063333,0.31033,0.00000,2.49868,2.59397
1239,5.5580,2.49868,1.04083,2.59397,0.000000,0.31033,0.00000,2.49868,2.59397
1240,8.1040,2.49873,1.04083,2.65731,0.063333,0.31030,0.00000,2.49873,2.65731
1241,5.6900,2.49873,1.04083,2.65731,0.000000,0.31033,0.00000,2.49873,2.65731
1242,8.0290,2.49878,1.04083,2.72064,0.063333,0.31030,0.00000,2.49878,2.72064
1243,5.7750,2.49878,1.04083,2.72064,0.000000,0.31033,0.00000,2.49878,2.72064
1244,6.9010,2.49878,1.04083,2.72064,0.000000,0.31033,0.00000,2.49878,2.72064
1245,8.1580,2.49878,1.04083,2.78036,0.059722,0.31030,0.00000,2.49878,2.78036
1246,5.6450,2.49878,1.04083,2.78036,0.000000,0.31033,0.00000,2.49878,2.78036
1247,8.1700,2.49878,1.04083,2.83647,0.056111,0.31030,0.00000,2.49878,2.83647
1248,5.6270,2.49878,1.04083,2.83647,0.000000,0.31033,0.00000,2.49878,2.83647
1249,6.9000,2.49878,1.04083,2.83647,0.000000,0.31033,0.00000,2.49878,2.83647
1250,8.1150,2.49878,1.04083,2.88897,0.052500,0.31030,0.00000,2.49878,2.88897
1251,5.6720,2.49878,1.04083,2.88897,0.000000,0.31033,0.00000,2.49878,2.88897
1252,8.2040,2.49878,1.04083,2.93786,0.048889,0.31030,0.00000,2.49878,2.93786
1253,5.6110,2.49878,1.04083,2.93786,0.000000,0.31033,0.00000,2.49878,2.93786
1254,8.2520,2.49878,1.04083,2.98314,0.045278,0.31030,0.00000,2.49878,2.98314
1255,5.5850,2.49878,1.04083,2.98314,0.000000,0.31033,0.00000,2.49878,2.98314
1256,6.8730,2.49878,1.04083,2.98314,0.000000,0.31033,0.00000,2.49878,2.98314
1257,8.3520,2.49878,1.04083,3.02481,0.041667,0.31027,0.00000,2.49878,3.02481
1258,7.0340,2.49878,1.04083,3.02481,0.000000,0.31030,0.00000,2.49878,3.02481
1259,6.5940,2.49878,1.04083,3.06286,0.038055,0.31033,0.00000,2.49878,3.06286
1260,5.6470,2.49878,1.04083,3.06286,0.000000,0.31033,0.00000,2.49878,3.06286
1261,6.8630,2.49878,1.04083,3.06286,0.000000,0.31030,0.00000,2.49878,3.06286
1262,8.1390,2.49878,1.04083,3.09731,0.034444,0.31033,0.00000,2.49878,3.09731
1263,5.6540,2.49878,1.04083,3.09731,0.000000,0.31030,0.00000,2.49878,3.09731
1264,8.1410,2.49878,1.04083,3.12814,0.030833,0.31033,0.00000,2.49878,3.12814
1265,5.6780,2.49878,1.04083,3.12814,0.000000,0.31033,0.00000,2.49878,3.12814
1266,6.8870,2.49878,1.04083,3.12814,0.000000,0.31030,0.00000,2.49878,3.12814
1267,8.2260,2.49878,1.04083,3.15536,0.027222,0.31033,0.00000,2.49878,3.15536
1268,5.5870,2.49878,1.04083,3.15536,0.000000,0.31030,0.00000,2.49878,3.15536
1269,8.5720,2.49878,1.04083,3.17897,0.023611,0.31033,0.00000,2.49878,3.17897
1270,5.2240,2.49878,1.04083,3.17897,0.000000,0.31033,0.00000,2.49878,3.17897
1271,8.2070,2.49878,1.04083,3.19897,0.020000,0.31030,0.00000,2.49878,3.19897
1272,5.5990,2.49878,1.04083,3.19897,0.000000,0.31033,0.00000,2.49878,3.19897
1273,6.8850,2.49878,1.04083,3.19897,0.000000,0.31030,0.00000,2.49878,3.19897
1274,8.2210,2.49880,1.04083,3.20953,0.010556,0.31033,0.00000,2.49880,3.20953
1275,5.5740,2.49880,1.04083,3.20953,0.000000,0.31033,0.00000,2.49880,3.20953
1276,8.1190,2.49881,1.04083,3.21064,0.001111,0.31030,0.00000,2.49881,3.21064
1277,5.6800,2.49881,1.04083,3.21064,0.000000,0.31033,0.00000,2.49881,3.21064
1278,6.9040,2.49881,1.04083,3.21064,0.000000,0.31030,0.00000,2.49881,3.21064
1279,8.0480,2.49882,1.04083,3.20925,0.001389,0.31033,0.00000,2.49882,3.20925
1280,5.7380,2.49882,1.04083,3.20925,0.000000,0.31030,0.00000,2.49882,3.20925
1281,8.0750,2.49883,1.04083,3.20536,0.003889,0.31033,0.00000,2.49883,3.20536
1282,5.7660,2.49883,1.04083,3.20536,0.000000,0.31033,0.00000,2.49883,3.20536
1283,8.4070,2.49884,1.04083,3.19897,0.006389,0.31030,0.00000,2.49884,3.19897
1284,5.3770,2.49884,1.04083,3.19897,0.000000,0.31033,0.00000,2.49884,3.19897
1285,6.8830,2.49884,1.04083,3.19897,0.000000,0.31030,0.00000,2.49884,3.19897
1286,8.1620,2.49886,1.04083,3.19008,0.008889,0.31033,0.00000,2.49886,3.19008
1287,5.6380,2.49886,1.04083,3.19008,0.000000,0.31033,0.00000,2.49886,3.19008
1288,12.9900,2.49887,1.04083,3.17869,0.011389,0.31030,0.00000,2.49887,3.17869
1289,0.8170,2.49887,1.04083,3.17869,0.000000,0.31033,0.00000,2.49887,3.17869
1290,6.8960,2.49887,1.04083,3.17869,0.000000,0.31030,0.00000,2.49887,3.17869
1291,8.7060,2.49888,1.04083,3.16481,0.013889,0.31033,0.00000,2.49888,3.16481
1292,5.0980,2.49888,1.04083,3.16481,0.000000,0.31033,0.00000,2.49888,3.16481
1293,8.3690,2.49889,1.04083,3.14842,0.016389,0.31030,0.00000,2.49889,3.14842
1294,5.4530,2.49889,1.04083,3.14842,0.000000,0.31033,0.00000,2.49889,3.14842
1295,6.9000,2.49889,1.04083,3.14842,0.000000,0.31030,0.00000,2.49889,3.14842
1296,8.3600,2.49890,1.04083,3.12953,0.018889,0.31033,0.00000,2.49890,3.12953
1297,5.4620,2.49890,1.04083,3.12953,0.000000,0.31033,0.00000,2.49890,3.12953
1298,8.8010,2.49891,1.04083,3.10814,0.021389,0.31030,0.00000,2.49891,3.10814
1299,4.9590,2.49891,1.04083,3.10814,0.000000,0.31033,0.00000,2.49891,3.10814
1300,8.3010,2.49892,1.04083,3.08425,0.023889,0.31030,0.00000,2.49892,3.08425
1301,5.5160,2.49892,1.04083,3.08425,0.000000,0.31033,0.00000,2.49892,3.08425
1302,6.8910,2.49892,1.04083,3.08425,0.000000,0.31033,0.00000,2.49892,3.08425
1303,8.3220,2.49894,1.04083,3.05786,0.026389,0.31030,0.00000,2.49894,3.05786
1304,5.4700,2.49894,1.04083,3.05786,0.000000,0.31033,0.00000,2.49894,3.05786
1305,8.3160,2.49895,1.04083,3.02897,0.028889,0.31030,0.00000,2.49895,3.02897
1306,5.5190,2.49895,1.04083,3.02897,0.000000,0.31033,0.00000,2.49895,3.02897
1307,6.9070,2.49895,1.04083,3.02897,0.000000,0.31027,0.00000,2.49895,3.02897
1308,8.8520,2.49896,1.04083,2.99758,0.031389,0.31033,0.00000,2.49896,2.99758
1309,4.9350,2.49896,1.04083,2.99758,0.000000,0.31030,0.00000,2.49896,2.99758
1310,8.3310,2.49897,1.04083,2.96369,0.033889,0.31033,0.00000,2.49897,2.96369
1311,5.4560,2.49897,1.04083,2.96369,0.000000,0.31033,0.00000,2.49897,2.96369
1312,8.8000,2.49898,1.04083,2.92731,0.036389,0.31030,0.00000,2.49898,2.92731
1313,5.0080,2.49898,1.04083,2.92731,0.000000,0.31033,0.00000,2.49898,2.92731
1314,6.9450,2.49898,1.04083,2.92731,0.000000,0.31030,0.00000,2.49898,2.92731
1315,8.2970,2.49899,1.04083,2.88842,0.038889,0.31033,0.00000,2.49899,2.88842
1316,5.4330,2.49899,1.04083,2.88842,0.000000,0.31030,0.00000,2.49899,2.88842
1317,8.3630,2.49900,1.04083,2.84703,0.041389,0.31033,0.00000,2.49900,2.84703
1318,10.4060,2.49900,1.04083,2.84703,0.000000,0.31033,0.00000,2.49900,2.84703
1319,1.9300,2.49900,1.04083,2.84703,0.000000,0.31030,0.00000,2.49900,2.84703
1320,8.7990,2.49901,1.04083,2.80314,0.043889,0.31033,0.00000,2.49901,2.80314
1321,5.0130,2.49901,1.04083,2.80314,0.000000,0.31030,0.00000,2.49901,2.80314
1322,8.7750,2.49902,1.04083,2.75675,0.046389,0.31033,0.00000,2.49902,2.75675
1323,5.0180,2.49902,1.04083,2.75675,0.000000,0.31033,0.00000,2.49902,2.75675
1324,6.9040,2.49902,1.04083,2.75675,0.000000,0.31030,0.00000,2.49902,2.75675
1325,8.2560,2.49903,1.04083,2.70786,0.048889,0.31033,0.00000,2.49903,2.70786
1326,5.5400,2.49903,1.04083,2.70786,0.000000,0.31030,0.00000,2.49903,2.70786
1327,8.3140,2.49904,1.04083,2.65647,0.051389,0.31033,0.00000,2.49904,2.65647
1328,5.4910,2.49904,1.04083,2.65647,0.000000,0.31033,0.00000,2.49904,2.65647
1329,8.3290,2.49906,1.04083,2.60258,0.053889,0.31030,0.00000,2.49906,2.60258
1330,5.4670,2.49906,1.04083,2.60258,0.000000,0.31033,0.00000,2.49906,2.60258
1331,6.9000,2.49906,1.04083,2.60258,0.000000,0.31030,0.00000,2.49906,2.60258
1332,8.1970,2.49907,1.04083,2.54619,0.056389,0.31033,0.00000,2.49907,2.54619
1333,5.5860,2.49907,1.04083,2.54619,0.000000,0.31033,0.00000,2.49907,2.54619
1334,8.5930,2.49908,1.04083,2.48730,0.058889,0.31030,0.00000,2.49908,2.48730
1335,5.2020,2.49908,1.04083,2.48730,0.000000,0.31033,0.00000,2.49908,2.48730
1336,6.9010,2.49908,1.04083,2.48730,0.000000,0.31030,0.00000,2.49908,2.48730
1337,8.1940,2.49909,1.04083,2.42592,0.061389,0.31033,0.00000,2.49909,2.42592
1338,5.6130,2.49909,1.04083,2.42592,0.000000,0.31033,0.00000,2.49909,2.42592
1339,8.0650,2.49910,1.04083,2.36258,0.063333,0.31030,0.00000,2.49910,2.36258
1340,5.7340,2.49910,1.04083,2.36258,0.000000,0.31036,0.00000,2.49910,2.36258
1341,8.1500,2.49911,1.04083,2.29925,0.063333,0.31027,0.00000,2.49911,2.29925
1342,5.7280,2.49911,1.04083,2.29925,0.000000,0.31033,0.00000,2.49911,2.29925
1343,6.8280,2.49911,1.04083,2.29925,0.000000,0.31030,0.00000,2.49911,2.29925
1344,8.1620,2.49912,1.04083,2.23592,0.063333,0.31033,0.00000,2.49912,2.23592
1345,5.6310,2.49912,1.04083,2.23592,0.000000,0.31033,0.00000,2.49912,2.23592
1346,8.2400,2.49913,1.04083,2.17258,0.063333,0.31030,0.00000,2.49913,2.17258
1347,5.5810,2.49913,1.04083,2.17258,0.000000,0.31033,0.00000,2.49913,2.17258
1348,11.6690,2.49913,1.04083,2.17258,0.000000,0.31030,0.00000,2.49913,2.17258
1349,3.3860,2.49914,1.04083,2.10925,0.063333,0.31033,0.00000,2.49914,2.10925
1350,5.6300,2.49914,1.04083,2.10925,0.000000,0.31033,0.00000,2.49914,2.10925
1351,8.1380,2.49915,1.04083,2.04592,0.063333,0.31030,0.00000,2.49915,2.04592
1352,5.6570,2.49915,1.04083,2.04592,0.000000,0.31033,0.00000,2.49915,2.04592
1353,6.9060,2.49915,1.04083,2.04592,0.000000,0.31030,0.00000,2.49915,2.04592
1354,8.1340,2.49916,1.04083,1.98258,0.063333,0.31033,0.00000,2.49916,1.98258
1355,5.6630,2.49916,1.04083,1.98258,0.000000,0.31033,0.00000,2.49916,1.98258
1356,8.0690,2.49917,1.04083,1.91925,0.063333,0.31030,0.00000,2.49917,1.91925
1357,5.7620,2.49917,1.04083,1.91925,0.000000,0.31033,0.00000,2.49917,1.91925
1358,8.0970,2.49918,1.04083,1.85592,0.063333,0.31027,0.00000,2.49918,1.85592
1359,5.6730,2.49918,1.04083,1.85592,0.000000,0.31033,0.00000,2.49918,1.85592
1360,6.8870,2.49918,1.04083,1.85592,0.000000,0.31030,0.00000,2.49918,1.85592
1361,8.1270,2.49919,1.04083,1.79258,0.063333,0.31033,0.00000,2.49919,1.79258
1362,5.6870,2.49919,1.04083,1.79258,0.000000,0.31030,0.00000,2.49919,1.79258
1363,8.0310,2.49921,1.04083,1.72925,0.063333,0.31033,0.00000,2.49921,1.72925
1364,5.7630,2.49921,1.04083,1.72925,0.000000,0.31033,0.00000,2.49921,1.72925
1365,6.9080,2.49921,1.04083,1.72925,0.000000,0.31030,0.00000,2.49921,1.72925
1366,8.1550,2.49922,1.04083,1.66592,0.063333,0.31033,0.00000,2.49922,1.66592
1367,5.6450,2.49922,1.04083,1.66592,0.000000,0.31030,0.00000,2.49922,1.66592
1368,8.0210,2.49923,1.04083,1.60258,0.063333,0.31033,0.00000,2.49923,1.60258
1369,5.7800,2.49923,1.04083,1.60258,0.000000,0.31033,0.00000,2.49923,1.60258
1370,8.1020,2.49924,1.04083,1.53925,0.063333,0.31030,0.00000,2.49924,1.53925
1371,5.7100,2.49924,1.04083,1.53925,0.000000,0.31033,0.00000,2.49924,1.53925
1372,6.9160,2.49924,1.04083,1.53925,0.000000,0.31030,0.00000,2.49924,1.53925
1373,8.2290,2.49925,1.04083,1.47592,0.063333,0.31033,0.00000,2.49925,1.47592
1374,5.5350,2.49925,1.04083,1.47592,0.000000,0.31033,0.00000,2.49925,1.47592
1375,8.1170,2.49926,1.04083,1.41258,0.063333,0.31030,0.00000,2.49926,1.41258
1376,5.6930,2.49926,1.04083,1.41258,0.000000,0.31033,0.00000,2.49926,1.41258
1377,6.8990,2.49926,1.04083,1.41258,0.000000,0.31030,0.00000,2.49926,1.41258
1378,9.7430,2.49927,1.04083,1.34925,0.063333,0.31033,0.00000,2.49927,1.34925
1379,4.0490,2.49927,1.04083,1.34925,0.000000,0.31030,0.00000,2.49927,1.34925
1380,8.1790,2.49928,1.04083,1.28592,0.063333,0.31033,0.00000,2.49928,1.28592
1381,5.6200,2.49928,1.04083,1.28592,0.000000,0.31033,0.00000,2.49928,1.28592
1382,6.9150,2.49928,1.04083,1.28592,0.000000,0.31030,0.00000,2.49928,1.28592
1383,8.3790,2.49929,1.04083,1.22258,0.063333,0.31033,0.00000,2.49929,1.22258
1384,5.4310,2.49929,1.04083,1.22258,0.000000,0.31030,0.00000,2.49929,1.22258
1385,8.1640,2.49930,1.04083,1.15925,0.063333,0.31033,0.00000,2.49930,1.15925
1386,5.6110,2.49930,1.04083,1.15925,0.000000,0.31033,0.00000,2.49930,1.15925
1387,8.2570,2.49931,1.04083,1.09592,0.063333,0.31030,0.00000,2.49931,1.09592
1388,5.5550,2.49931,1.04083,1.09592,0.000000,0.31033,0.00000,2.49931,1.09592
1389,6.8970,2.49931,1.04083,1.09592,0.000000,0.31030,0.00000,2.49931,1.09592
1390,8.2080,2.49932,1.04083,1.03258,0.063333,0.31033,0.00000,2.49932,1.03258
1391,5.5750,2.49932,1.04083,1.03258,0.000000,0.31033,0.00000,2.49932,1.03258
1392,8.0960,2.49933,1.04083,0.96925,0.063333,0.31030,0.00000,2.49933,0.96925
1393,5.7140,2.49933,1.04083,0.96925,0.000000,0.31033,0.00000,2.49933,0.96925
1394,6.8990,2.49933,1.04083,0.96925,0.000000,0.31030,0.00000,2.49933,0.96925
1395,8.5750,2.49935,1.04083,0.90592,0.063333,0.31033,0.00000,2.49935,0.90592
1396,5.2240,2.49935,1.04083,0.90592,0.000000,0.31033,0.00000,2.49935,0.90592
1397,8.1740,2.49936,1.04083,0.84258,0.063333,0.31030,0.00000,2.49936,0.84258
1398,5.6270,2.49936,1.04083,0.84258,0.000000,0.31033,0.00000,2.49936,0.84258
1399,8.1350,2.49937,1.04083,0.77925,0.063333,0.31030,0.00000,2.49937,0.77925
1400,5.6790,2.49937,1.04083,0.77925,0.000000,0.31033,0.00000,2.49937,0.77925
1401,6.9040,2.49937,1.04083,0.77925,0.000000,0.31033,0.00000,2.49937,0.77925
1402,8.3610,2.49938,1.04083,0.71592,0.063333,0.31030,0.00000,2.49938,0.71592
1403,5.4410,2.49938,1.04083,0.71592,0.000000,0.31033,0.00000,2.49938,0.71592
1404,8.3000,2.49939,1.04083,0.65258,0.063333,0.31030,0.00000,2.49939,0.65258
1405,5.5190,2.49939,1.04083,0.65258,0.000000,0.31033,0.00000,2.49939,0.65258
1406,6.9000,2.49939,1.04083,0.65258,0.000000,0.31030,0.00000,2.49939,0.65258
1407,8.3550,2.49940,1.04083,0.58925,0.063333,0.31033,0.00000,2.49940,0.58925
1408,9.9920,2.49940,1.04083,0.58925,0.000000,0.31027,0.00000,2.49940,0.58925
1409,4.1530,2.49941,1.04083,0.52592,0.063333,0.31033,0.00000,2.49941,0.52592
1410,5.0700,2.49941,1.04083,0.52592,0.000000,0.31030,0.00000,2.49941,0.52592
1411,6.9230,2.49941,1.04083,0.52592,0.000000,0.31033,0.00000,2.49941,0.52592
1412,8.3530,2.49942,1.04083,0.46258,0.063333,0.31033,0.00000,2.49942,0.46258
1413,5.4340,2.49942,1.04083,0.46258,0.000000,0.31030,0.00000,2.49942,0.46258
1414,8.3270,2.49943,1.04083,0.39925,0.063333,0.31033,0.00000,2.49943,0.39925
1415,5.4690,2.49943,1.04083,0.39925,0.000000,0.31030,0.00000,2.49943,0.39925
1416,8.2820,2.49944,1.04083,0.33592,0.063333,0.31033,0.00000,2.49944,0.33592
1417,5.5680,2.49944,1.04083,0.33592,0.000000,0.31033,0.00000,2.49944,0.33592
1418,6.8710,2.49944,1.04083,0.33592,0.000000,0.31030,0.00000,2.49944,0.33592
1419,8.3160,2.49945,1.04083,0.27258,0.063333,0.31033,0.00000,2.49945,0.27258
1420,5.4880,2.49945,1.04083,0.27258,0.000000,0.31030,0.00000,2.49945,0.27258
1421,8.3970,2.49946,1.04083,0.20925,0.063333,0.31033,0.00000,2.49946,0.20925
1422,5.4180,2.49946,1.04083,0.20925,0.000000,0.31033,0.00000,2.49946,0.20925
1423,6.8770,2.49946,1.04083,0.20925,0.000000,0.31030,0.00000,2.49946,0.20925
1424,8.3870,2.49947,1.04083,0.14592,0.063333,0.31033,0.00000,2.49947,0.14592
1425,5.4070,2.49947,1.04083,0.14592,0.000000,0.31030,0.00000,2.49947,0.14592
1426,8.4150,2.49948,1.04083,0.08258,0.063333,0.31033,0.00000,2.49948,0.08258
1427,5.3730,2.49948,1.04083,0.08258,0.000000,0.31033,0.00000,2.49948,0.08258
1428,8.3670,2.49949,1.04083,0.01925,0.063333,0.31030,0.00000,2.49949,0.01925
1429,5.4720,2.49949,1.04083,0.01925,0.000000,0.31033,0.00000,2.49949,0.01925
1430,6.9160,2.49949,1.04083,0.01925,0.000000,0.31030,0.00000,2.49949,0.01925
1431,8.2540,2.49950,1.04083,-0.04408,0.063333,0.31033,0.00000,2.49950,-0.04408
1432,5.5130,2.49950,1.04083,-0.04408,0.000000,0.31033,0.00000,2.49950,-0.04408
1433,8.4590,2.49952,1.04083,-0.10742,0.063333,0.31030,0.00000,2.49952,-0.10742
1434,5.3530,2.49952,1.04083,-0.10742,0.000000,0.31033,0.00000,2.49952,-0.10742
1435,6.8620,2.49952,1.04083,-0.10742,0.000000,0.31030,0.00000,2.49952,-0.10742
1436,8.4820,2.49953,1.04083,-0.17075,0.063333,0.31033,0.00000,2.49953,-0.17075
1437,5.3260,2.49953,1.04083,-0.17075,0.000000,0.31033,0.00000,2.49953,-0.17075
1438,9.9770,2.49954,1.04083,-0.23408,0.063333,0.31030,0.00000,2.49954,-0.23408
1439,3.8250,2.49954,1.04083,-0.23408,0.000000,0.31033,0.00000,2.49954,-0.23408
1440,6.9090,2.49954,1.04083,-0.23408,0.000000,0.31030,0.00000,2.49954,-0.23408
1441,8.8250,2.49955,1.04083,-0.29742,0.063333,0.31033,0.00000,2.49955,-0.29742
1442,4.9800,2.49955,1.04083,-0.29742,0.000000,0.31030,0.00000,2.49955,-0.29742
1443,8.3110,2.49956,1.04083,-0.36075,0.063333,0.31033,0.00000,2.49956,-0.36075
1444,5.4870,2.49956,1.04083,-0.36075,0.000000,0.31033,0.00000,2.49956,-0.36075
1445,8.4190,2.49957,1.04083,-0.42408,0.063333,0.31030,0.00000,2.49957,-0.42408
1446,5.3990,2.49957,1.04083,-0.42408,0.000000,0.31033,0.00000,2.49957,-0.42408
1447,6.9000,2.49957,1.04083,-0.42408,0.000000,0.31030,0.00000,2.49957,-0.42408
1448,8.2880,2.49958,1.04083,-0.48742,0.063333,0.31033,0.00000,2.49958,-0.48742
1449,5.4760,2.49958,1.04083,-0.48742,0.000000,0.31033,0.00000,2.49958,-0.48742
1450,8.2930,2.49959,1.04083,-0.55075,0.063333,0.31030,0.00000,2.49959,-0.55075
1451,5.5360,2.49959,1.04083,-0.55075,0.000000,0.31033,0.00000,2.49959,-0.55075
1452,6.8710,2.49959,1.04083,-0.55075,0.000000,0.31030,0.00000,2.49959,-0.55075
1453,9.2520,2.49960,1.04083,-0.61408,0.063333,0.31033,0.00000,2.49960,-0.61408
1454,4.5430,2.49960,1.04083,-0.61408,0.000000,0.31033,0.00000,2.49960,-0.61408
1455,8.0940,2.49961,1.04083,-0.67742,0.063333,0.31030,0.00000,2.49961,-0.67742
1456,5.7020,2.49961,1.04083,-0.67742,0.000000,0.31033,0.00000,2.49961,-0.67742
1457,8.0960,2.49962,1.04083,-0.74075,0.063333,0.31030,0.00000,2.49962,-0.74075
1458,5.7230,2.49962,1.04083,-0.74075,0.000000,0.31030,0.00000,2.49962,-0.74075
1459,6.9350,2.49962,1.04083,-0.74075,0.000000,0.31030,0.00000,2.49962,-0.74075
1460,8.3590,2.49963,1.04083,-0.80408,0.063333,0.31033,0.00000,2.49963,-0.80408
1461,5.4030,2.49963,1.04083,-0.80408,0.000000,0.31027,0.00000,2.49963,-0.80408
1462,8.2660,2.49964,1.04083,-0.86742,0.063333,0.31036,0.00000,2.49964,-0.86742
1463,5.5450,2.49964,1.04083,-0.86742,0.000000,0.31030,0.00000,2.49964,-0.86742
1464,6.8850,2.49964,1.04083,-0.86742,0.000000,0.31033,0.00000,2.49964,-0.86742
1465,8.2630,2.49965,1.04083,-0.93075,0.063333,0.31036,0.00000,2.49965,-0.93075
1466,5.5280,2.49965,1.04083,-0.93075,0.000000,0.31030,0.00000,2.49965,-0.93075
1467,8.1880,2.49966,1.04083,-0.99408,0.063333,0.31030,0.00000,2.49966,-0.99408
1468,10.3200,2.49966,1.04083,-0.99408,0.000000,0.31030,0.00000,2.49966,-0.99408
1469,2.1890,2.49966,1.04083,-0.99408,0.000000,0.31033,0.00000,2.49966,-0.99408
1470,8.3550,2.49967,1.04083,-1.05742,0.063333,0.31036,0.00000,2.49967,-1.05742
1471,5.4440,2.49967,1.04083,-1.05742,0.000000,0.31030,0.00000,2.49967,-1.05742
1472,8.1910,2.49969,1.04083,-1.12075,0.063333,0.31030,0.00000,2.49969,-1.12075
1473,5.6050,2.49969,1.04083,-1.12075,0.000000,0.31030,0.00000,2.49969,-1.12075
1474,8.1330,2.49970,1.04083,-1.18408,0.063333,0.31030,0.00000,2.49970,-1.18408
1475,5.6690,2.49970,1.04083,-1.18408,0.000000,0.31036,0.00000,2.49970,-1.18408
1476,6.9090,2.49970,1.04083,-1.18408,0.000000,0.31033,0.00000,2.49970,-1.18408
1477,8.3000,2.49971,1.04083,-1.24742,0.063333,0.31030,0.00000,2.49971,-1.24742
1478,5.4980,2.49971,1.04083,-1.24742,0.000000,0.31030,0.00000,2.49971,-1.24742
1479,8.2840,2.49972,1.04083,-1.31075,0.063333,0.31030,0.00000,2.49972,-1.31075
1480,5.5130,2.49972,1.04083,-1.31075,0.000000,0.31036,0.00000,2.49972,-1.31075
1481,6.9080,2.49972,1.04083,-1.31075,0.000000,0.31030,0.00000,2.49972,-1.31075
1482,8.4350,2.49973,1.04083,-1.37408,0.063333,0.31033,0.00000,2.49973,-1.37408
1483,5.3670,2.49973,1.04083,-1.37408,0.000000,0.31030,0.00000,2.49973,-1.37408
1484,8.3220,2.49974,1.04083,-1.43742,0.063333,0.31036,0.00000,2.49974,-1.43742
1485,5.4770,2.49974,1.04083,-1.43742,0.000000,0.31030,0.00000,2.49974,-1.43742
1486,8.2290,2.49975,1.04083,-1.50075,0.063333,0.31030,0.00000,2.49975,-1.50075
1487,5.6080,2.49975,1.04083,-1.50075,0.000000,0.31030,0.00000,2.49975,-1.50075
1488,6.8780,2.49975,1.04083,-1.50075,0.000000,0.31033,0.00000,2.49975,-1.50075
1489,8.2750,2.49975,1.04083,-1.56047,0.059722,0.31036,0.00000,2.49975,-1.56047
1490,5.4980,2.49975,1.04083,-1.56047,0.000000,0.31030,0.00000,2.49975,-1.56047
1491,8.2790,2.49975,1.04083,-1.61658,0.056111,0.31030,0.00000,2.49975,-1.61658
1492,5.5710,2.49975,1.04083,-1.61658,0.000000,0.31030,0.00000,2.49975,-1.61658
1493,6.8580,2.49975,1.04083,-1.61658,0.000000,0.31033,0.00000,2.49975,-1.61658
1494,8.3820,2.49975,1.04083,-1.66908,0.052500,0.31036,0.00000,2.49975,-1.66908
1495,5.4190,2.49975,1.04083,-1.66908,0.000000,0.31030,0.00000,2.49975,-1.66908
1496,8.4580,2.49975,1.04083,-1.71797,0.048889,0.31030,0.00000,2.49975,-1.71797
1497,5.3640,2.49975,1.04083,-1.71797,0.000000,0.31036,0.00000,2.49975,-1.71797
1498,8.6710,2.49975,1.04083,-1.71797,0.000000,0.31024,0.00000,2.49975,-1.71797
1499,6.6430,2.49975,1.04083,-1.76325,0.045278,0.31036,0.00000,2.49975,-1.76325
1500,5.3920,2.49975,1.04083,-1.76325,0.000000,0.31033,0.00000,2.49975,-1.76325
1501,8.8950,2.49975,1.04083,-1.80492,0.041667,0.31030,0.00000,2.49975,-1.80492
1502,4.9100,2.49975,1.04083,-1.80492,0.000000,0.31036,0.00000,2.49975,-1.80492
1503,8.4240,2.49975,1.04083,-1.84297,0.038056,0.31024,0.00000,2.49975,-1.84297
1504,5.4060,2.49975,1.04083,-1.84297,0.000000,0.31036,0.00000,2.49975,-1.84297
1505,6.8460,2.49975,1.04083,-1.84297,0.000000,0.31030,0.00000,2.49975,-1.84297
1506,8.3260,2.49975,1.04083,-1.87742,0.034444,0.31033,0.00000,2.49975,-1.87742
1507,5.4930,2.49975,1.04083,-1.87742,0.000000,0.31036,0.00000,2.49975,-1.87742
1508,8.4060,2.49975,1.04083,-1.90825,0.030833,0.31024,0.00000,2.49975,-1.90825
1509,5.3950,2.49975,1.04083,-1.90825,0.000000,0.31030,0.00000,2.49975,-1.90825
1510,6.9120,2.49975,1.04083,-1.90825,0.000000,0.31030,0.00000,2.49975,-1.90825
1511,8.8800,2.49975,1.04083,-1.93547,0.027222,0.31036,0.00000,2.49975,-1.93547
1512,4.9020,2.49975,1.04083,-1.93547,0.000000,0.31033,0.00000,2.49975,-1.93547
1513,8.4000,2.49975,1.04083,-1.95908,0.023611,0.31030,0.00000,2.49975,-1.95908
1514,5.4060,2.49975,1.04083,-1.95908,0.000000,0.31030,0.00000,2.49975,-1.95908
1515,8.5940,2.49975,1.04083,-1.97908,0.020000,0.31030,0.00000,2.49975,-1.97908
1516,5.2150,2.49975,1.04083,-1.97908,0.000000,0.31036,0.00000,2.49975,-1.97908
1517,6.9100,2.49975,1.04083,-1.97908,0.000000,0.31033,0.00000,2.49975,-1.97908
1518,8.3130,2.49975,1.04083,-1.98964,0.010556,0.31030,0.00000,2.49975,-1.98964
1519,5.4420,2.49975,1.04083,-1.98964,0.000000,0.31030,0.00000,2.49975,-1.98964
1520,8.4120,2.49975,1.04083,-1.99075,0.001111,0.31036,0.00000,2.49975,-1.99075
1521,5.4300,2.49975,1.04083,-1.99075,0.000000,0.31030,0.00000,2.49975,-1.99075
1522,6.9310,2.49975,1.04083,-1.99075,0.000000,0.31030,0.00000,2.49975,-1.99075
1523,8.3730,2.49976,1.04083,-1.98936,0.001389,0.31033,0.00000,2.49976,-1.98936
1524,5.3950,2.49976,1.04083,-1.98936,0.000000,0.31030,0.00000,2.49976,-1.98936
1525,8.3480,2.49976,1.04083,-1.98547,0.003889,0.31036,0.00000,2.49976,-1.98547
1526,5.4030,2.49976,1.04083,-1.98547,0.000000,0.31030,0.00000,2.49976,-1.98547
1527,6.9380,2.49976,1.04083,-1.98547,0.000000,0.31030,0.00000,2.49976,-1.98547
1528,13.5630,2.49976,1.04083,-1.97908,0.006389,0.31030,0.00000,2.49976,-1.97908
1529,0.2270,2.49976,1.04083,-1.97908,0.000000,0.31033,0.00000,2.49976,-1.97908
1530,8.4910,2.49976,1.04083,-1.97019,0.008889,0.31036,0.00000,2.49976,-1.97019
1531,5.3200,2.49976,1.04083,-1.97019,0.000000,0.31030,0.00000,2.49976,-1.97019
1532,8.4460,2.49977,1.04083,-1.95880,0.011389,0.31030,0.00000,2.49977,-1.95880
1533,5.3460,2.49977,1.04083,-1.95880,0.000000,0.31030,0.00000,2.49977,-1.95880
1534,6.8970,2.49977,1.04083,-1.95880,0.000000,0.31030,0.00000,2.49977,-1.95880
1535,8.7370,2.49977,1.04083,-1.94492,0.013889,0.31036,0.00000,2.49977,-1.94492
1536,5.0860,2.49977,1.04083,-1.94492,0.000000,0.31033,0.00000,2.49977,-1.94492
1537,8.4350,2.49977,1.04083,-1.92853,0.016389,0.31030,0.00000,2.49977,-1.92853
1538,5.3450,2.49977,1.04083,-1.92853,0.000000,0.31036,0.00000,2.49977,-1.92853
1539,6.9100,2.49977,1.04083,-1.92853,0.000000,0.31024,0.00000,2.49977,-1.92853
1540,8.3580,2.49977,1.04083,-1.90964,0.018889,0.31036,0.00000,2.49977,-1.90964
1541,5.4300,2.49977,1.04083,-1.90964,0.000000,0.31033,0.00000,2.49977,-1.90964
1542,9.3130,2.49978,1.04083,-1.88825,0.021389,0.31030,0.00000,2.49978,-1.88825
1543,4.4920,2.49978,1.04083,-1.88825,0.000000,0.31036,0.00000,2.49978,-1.88825
1544,8.4160,2.49978,1.04083,-1.86436,0.023889,0.31030,0.00000,2.49978,-1.86436
1545,5.4090,2.49978,1.04083,-1.86436,0.000000,0.31030,0.00000,2.49978,-1.86436
1546,6.9130,2.49978,1.04083,-1.86436,0.000000,0.31030,0.00000,2.49978,-1.86436
1547,8.3690,2.49978,1.04083,-1.83797,0.026389,0.31033,0.00000,2.49978,-1.83797
1548,5.3730,2.49978,1.04083,-1.83797,0.000000,0.31036,0.00000,2.49978,-1.83797
1549,8.4300,2.49978,1.04083,-1.80908,0.028889,0.31030,0.00000,2.49978,-1.80908
1550,5.4710,2.49978,1.04083,-1.80908,0.000000,0.31030,0.00000,2.49978,-1.80908
1551,6.8240,2.49978,1.04083,-1.80908,0.000000,0.31030,0.00000,2.49978,-1.80908
1552,8.4590,2.49979,1.04083,-1.77769,0.031389,0.31030,0.00000,2.49979,-1.77769
1553,5.3300,2.49979,1.04083,-1.77769,0.000000,0.31036,0.00000,2.49979,-1.77769
1554,8.3300,2.49979,1.04083,-1.74380,0.033889,0.31033,0.00000,2.49979,-1.74380
1555,5.4670,2.49979,1.04083,-1.74380,0.000000,0.31030,0.00000,2.49979,-1.74380
1556,7.8660,2.49979,1.04083,-1.74380,0.000000,0.31030,0.00000,2.49979,-1.74380
1557,19.7810,2.49979,1.04083,-1.70742,0.036389,0.31030,0.00000,2.49979,-1.70742
1558,5.5500,2.49979,1.04083,-1.70742,0.000000,0.31036,0.00000,2.49979,-1.70742
1559,2.1040,2.49979,1.04083,-1.66853,0.038889,0.31244,0.00000,2.49979,-1.66853
1560,0.0410,2.49979,1.04083,-1.66853,0.000000,0.31256,0.00000,2.49979,-1.66853
1561,7.6220,2.49979,1.04083,-1.62714,0.041389,0.31250,0.00000,2.49979,-1.62714
1562,5.5020,2.49979,1.04083,-1.62714,0.000000,0.31250,0.00000,2.49979,-1.62714
1563,6.9030,2.49979,1.04083,-1.62714,0.000000,0.31244,0.00000,2.49979,-1.62714
1564,8.5400,2.49980,1.04083,-1.58325,0.043889,0.31253,0.00000,2.49980,-1.58325
1565,5.2310,2.49980,1.04083,-1.58325,0.000000,0.31250,0.00000,2.49980,-1.58325
1566,8.8420,2.49980,1.04083,-1.53686,0.046389,0.31250,0.00000,2.49980,-1.53686
1567,4.9890,2.49980,1.04083,-1.53686,0.000000,0.31256,0.00000,2.49980,-1.53686
1568,6.9160,2.49980,1.04083,-1.53686,0.000000,0.31244,0.00000,2.49980,-1.53686
1569,8.3820,2.49980,1.04083,-1.48797,0.048889,0.31247,0.00000,2.49980,-1.48797
1570,5.4020,2.49980,1.04083,-1.48797,0.000000,0.31250,0.00000,2.49980,-1.48797
1571,8.6950,2.49980,1.04083,-1.43658,0.051389,0.31256,0.00000,2.49980,-1.43658
1572,5.0670,2.49980,1.04083,-1.43658,0.000000,0.31244,0.00000,2.49980,-1.43658
1573,8.3990,2.49980,1.04083,-1.38269,0.053889,0.31256,0.00000,2.49980,-1.38269
1574,5.4260,2.49980,1.04083,-1.38269,0.000000,0.31247,0.00000,2.49980,-1.38269
1575,6.9080,2.49980,1.04083,-1.38269,0.000000,0.31250,0.00000,2.49980,-1.38269
1576,8.3090,2.49981,1.04083,-1.32630,0.056389,0.31256,0.00000,2.49981,-1.32630
1577,5.4470,2.49981,1.04083,-1.32630,0.000000,0.31244,0.00000,2.49981,-1.32630
1578,8.3300,2.49981,1.04083,-1.26742,0.058889,0.31250,0.00000,2.49981,-1.26742
1579,5.5080,2.49981,1.04083,-1.26742,0.000000,0.31247,0.00000,2.49981,-1.26742
1580,6.8920,2.49981,1.04083,-1.26742,0.000000,0.31250,0.00000,2.49981,-1.26742
1581,8.3370,2.49981,1.04083,-1.20603,0.061389,0.31250,0.00000,2.49981,-1.20603
1582,5.4850,2.49981,1.04083,-1.20603,0.000000,0.31256,0.00000,2.49981,-1.20603
1583,8.2190,2.49981,1.04083,-1.14269,0.063333,0.31250,0.00000,2.49981,-1.14269
1584,5.5670,2.49981,1.04083,-1.14269,0.000000,0.31247,0.00000,2.49981,-1.14269
1585,8.2130,2.49982,1.04083,-1.07936,0.063333,0.31250,0.00000,2.49982,-1.07936
1586,5.5430,2.49982,1.04083,-1.07936,0.000000,0.31244,0.00000,2.49982,-1.07936
1587,8.6440,2.49982,1.04083,-1.07936,0.000000,0.31256,0.00000,2.49982,-1.07936
1588,6.5470,2.49982,1.04083,-1.01603,0.063333,0.31250,0.00000,2.49982,-1.01603
1589,5.5370,2.49982,1.04083,-1.01603,0.000000,0.31250,0.00000,2.49982,-1.01603
1590,8.2590,2.49982,1.04083,-0.95269,0.063333,0.31247,0.00000,2.49982,-0.95269
1591,5.5390,2.49982,1.04083,-0.95269,0.000000,0.31250,0.00000,2.49982,-0.95269
1592,6.8940,2.49982,1.04083,-0.95269,0.000000,0.31256,0.00000,2.49982,-0.95269
1593,8.1740,2.49982,1.04083,-0.88936,0.063333,0.31250,0.00000,2.49982,-0.88936
1594,5.6070,2.49982,1.04083,-0.88936,0.000000,0.31250,0.00000,2.49982,-0.88936
1595,8.1600,2.49982,1.04083,-0.82603,0.063333,0.31244,0.00000,2.49982,-0.82603
1596,5.6570,2.49982,1.04083,-0.82603,0.000000,0.31253,0.00000,2.49982,-0.82603
1597,8.3380,2.49983,1.04083,-0.76269,0.063333,0.31250,0.00000,2.49983,-0.76269
1598,5.5460,2.49983,1.04083,-0.76269,0.000000,0.31250,0.00000,2.49983,-0.76269
1599,6.9000,2.49983,1.04083,-0.76269,0.000000,0.31250,0.00000,2.49983,-0.76269
1600,9.0710,2.49983,1.04083,-0.69936,0.063333,0.31250,0.00000,2.49983,-0.69936
1601,4.6950,2.49983,1.04083,-0.69936,0.000000,0.31247,0.00000,2.49983,-0.69936
1602,9.1290,2.49983,1.04083,-0.63603,0.063333,0.31250,0.00000,2.49983,-0.63603
1603,4.7010,2.49983,1.04083,-0.63603,0.000000,0.31256,0.00000,2.49983,-0.63603
1604,6.9600,2.49983,1.04083,-0.63603,0.000000,0.31244,0.00000,2.49983,-0.63603
1605,8.9770,2.49983,1.04083,-0.57269,0.063333,0.31253,0.00000,2.49983,-0.57269
1606,8.1630,2.49983,1.04083,-0.57269,0.000000,0.31250,0.00000,2.49983,-0.57269
1607,6.0710,2.49984,1.04083,-0.50936,0.063333,0.31250,0.00000,2.49984,-0.50936
1608,4.3150,2.49984,1.04083,-0.50936,0.000000,0.31250,0.00000,2.49984,-0.50936
1609,9.2470,2.49984,1.04083,-0.44603,0.063333,0.31250,0.00000,2.49984,-0.44603
1610,4.4890,2.49984,1.04083,-0.44603,0.000000,0.31250,0.00000,2.49984,-0.44603
1611,6.9070,2.49984,1.04083,-0.44603,0.000000,0.31247,0.00000,2.49984,-0.44603
1612,12.6030,2.49984,1.04083,-0.38269,0.063333,0.31256,0.00000,2.49984,-0.38269
1613,1.2540,2.49984,1.04083,-0.38269,0.000000,0.31244,0.00000,2.49984,-0.38269
1614,13.1240,2.49984,1.04083,-0.31936,0.063333,0.31256,0.00000,2.49984,-0.31936
1615,0.7080,2.49984,1.04083,-0.31936,0.000000,0.31250,0.00000,2.49984,-0.31936
1616,13.2860,2.49984,1.04083,-0.31936,0.000000,0.31247,0.00000,2.49984,-0.31936
1617,1.9780,2.49984,1.04083,-0.25603,0.063333,0.31244,0.00000,2.49984,-0.25603
1618,5.3330,2.49984,1.04083,-0.25603,0.000000,0.31256,0.00000,2.49984,-0.25603
1619,18.2620,2.49985,1.04083,-0.19269,0.063333,0.31250,0.00000,2.49985,-0.19269
1620,0.0870,2.49985,1.04083,-0.19269,0.000000,0.31250,0.00000,2.49985,-0.19269
1621,4.7350,2.49985,1.04083,-0.12936,0.063333,0.31253,0.00000,2.49985,-0.12936
1622,4.6240,2.49985,1.04083,-0.12936,0.000000,0.31244,0.00000,2.49985,-0.12936
1623,6.8890,2.49985,1.04083,-0.12936,0.000000,0.31250,0.00000,2.49985,-0.12936
1624,9.0610,2.49985,1.04083,-0.06603,0.063333,0.31256,0.00000,2.49985,-0.06603
1625,4.7310,2.49985,1.04083,-0.06603,0.000000,0.31250,0.00000,2.49985,-0.06603
1626,15.0130,2.49985,1.04083,-0.00269,0.063333,0.31244,0.00000,2.49985,-0.00269
1627,0.1090,2.49985,1.04083,-0.00269,0.000000,0.31253,0.00000,2.49985,-0.00269
1628,5.5780,2.49985,1.04083,-0.00269,0.000000,0.31250,0.00000,2.49985,-0.00269
1629,10.4530,2.49985,1.04083,0.06064,0.063333,0.31250,0.00000,2.49985,0.06064
1630,3.2870,2.49985,1.04083,0.06064,0.000000,0.31256,0.00000,2.49985,0.06064
1631,17.4310,2.49986,1.04083,0.12397,0.063333,0.31244,0.00000,2.49986,0.12397
1632,0.0460,2.49986,1.04083,0.12397,0.000000,0.31247,0.00000,2.49986,0.12397
1633,18.3720,2.49986,1.04083,0.18731,0.063333,0.31253,0.00000,2.49986,0.18731
1634,0.0740,2.49986,1.04083,0.18731,0.000000,0.31250,0.00000,2.49986,0.18731
1635,0.0900,2.49986,1.04083,0.18731,0.000000,0.31250,0.00000,2.49986,0.18731
1636,9.2450,2.49986,1.04083,0.25064,0.063333,0.29999,0.00000,2.49986,0.25064
1637,4.6570,2.49986,1.04083,0.25064,0.000000,0.29999,0.00000,2.49986,0.25064
1638,9.1700,2.49986,1.04083,0.31397,0.063333,0.30005,0.00000,2.49986,0.31397
1639,4.6350,2.49986,1.04083,0.31397,0.000000,0.29993,0.00000,2.49986,0.31397
1640,6.9450,2.49986,1.04083,0.31397,0.000000,0.30005,0.00000,2.49986,0.31397
1641,9.1410,2.49987,1.04083,0.37731,0.063333,0.29999,0.00000,2.49987,0.37731
1642,4.6280,2.49987,1.04083,0.37731,0.000000,0.29999,0.00000,2.49987,0.37731
1643,21.4060,2.49987,1.04083,0.44064,0.063333,0.29999,0.00000,2.49987,0.44064
1644,0.0770,2.49987,1.04083,0.44064,0.000000,0.30005,0.00000,2.49987,0.44064
1645,0.0520,2.49987,1.04083,0.44064,0.000000,0.31250,0.00000,2.49987,0.44064
1646,14.7450,2.49987,1.04083,0.50397,0.063333,0.29999,0.00000,2.49987,0.50397
1647,0.1110,2.49987,1.04083,0.50397,0.000000,0.29999,0.00000,2.49987,0.50397
1648,8.0390,2.49987,1.04083,0.56731,0.063333,0.29999,0.00000,2.49987,0.56731
1649,4.7410,2.49987,1.04083,0.56731,0.000000,0.30005,0.00000,2.49987,0.56731
1650,6.9160,2.49987,1.04083,0.56731,0.000000,0.29999,0.00000,2.49987,0.56731
1651,8.4860,2.49987,1.04083,0.63064,0.063333,0.29999,0.00000,2.49987,0.63064
1652,5.2740,2.49987,1.04083,0.63064,0.000000,0.30225,0.00000,2.49987,0.63064
1653,9.1920,2.49988,1.04083,0.69397,0.063333,0.31030,0.00000,2.49988,0.69397
1654,4.5900,2.49988,1.04083,0.69397,0.000000,0.31036,0.00000,2.49988,0.69397
1655,7.3010,2.49988,1.04083,0.69397,0.000000,0.31030,0.00000,2.49988,0.69397
1656,10.9890,2.49988,1.04083,0.75731,0.063333,0.31030,0.00000,2.49988,0.75731
1657,2.4280,2.49988,1.04083,0.75731,0.000000,0.31036,0.00000,2.49988,0.75731
1658,8.6740,2.49988,1.04083,0.82064,0.063333,0.31030,0.00000,2.49988,0.82064
1659,5.1760,2.49988,1.04083,0.82064,0.000000,0.31030,0.00000,2.49988,0.82064
1660,9.0360,2.49988,1.04083,0.88397,0.063333,0.31036,0.00000,2.49988,0.88397
1661,4.7050,2.49988,1.04083,0.88397,0.000000,0.31030,0.00000,2.49988,0.88397
1662,6.9370,2.49988,1.04083,0.88397,0.000000,0.31030,0.00000,2.49988,0.88397
1663,8.8280,2.49988,1.04083,0.94731,0.063333,0.31030,0.00000,2.49988,0.94731
1664,4.9580,2.49988,1.04083,0.94731,0.000000,0.31036,0.00000,2.49988,0.94731
1665,8.7580,2.49989,1.04083,1.01064,0.063333,0.31030,0.00000,2.49989,1.01064
1666,5.0180,2.49989,1.04083,1.01064,0.000000,0.31030,0.00000,2.49989,1.01064
1667,6.9290,2.49989,1.04083,1.01064,0.000000,0.31036,0.00000,2.49989,1.01064
1668,8.9790,2.49989,1.04083,1.07397,0.063333,0.31030,0.00000,2.49989,1.07397
1669,4.7810,2.49989,1.04083,1.07397,0.000000,0.31030,0.00000,2.49989,1.07397
1670,8.9640,2.49989,1.04083,1.13731,0.063333,0.31036,0.00000,2.49989,1.13731
1671,4.8460,2.49989,1.04083,1.13731,0.000000,0.31030,0.00000,2.49989,1.13731
1672,6.9340,2.49989,1.04083,1.13731,0.000000,0.31030,0.00000,2.49989,1.13731
1673,8.3860,2.49989,1.04083,1.20064,0.063333,0.31030,0.00000,2.49989,1.20064
1674,5.3720,2.49989,1.04083,1.20064,0.000000,0.31036,0.00000,2.49989,1.20064
1675,8.4580,2.49990,1.04083,1.26397,0.063333,0.31030,0.00000,2.49990,1.26397
1676,10.4770,2.49990,1.04083,1.26397,0.000000,0.31030,0.00000,2.49990,1.26397
1677,3.2990,2.49990,1.04083,1.32731,0.063333,0.31036,0.00000,2.49990,1.32731
1678,5.3750,2.49990,1.04083,1.32731,0.000000,0.31030,0.00000,2.49990,1.32731
1679,6.8800,2.49990,1.04083,1.32731,0.000000,0.31030,0.00000,2.49990,1.32731
1680,9.0180,2.49990,1.04083,1.39064,0.063333,0.31030,0.00000,2.49990,1.39064
1681,4.7960,2.49990,1.04083,1.39064,0.000000,0.31036,0.00000,2.49990,1.39064
1682,8.5320,2.49990,1.04083,1.45397,0.063333,0.31030,0.00000,2.49990,1.45397
1683,5.2740,2.49990,1.04083,1.45397,0.000000,0.31030,0.00000,2.49990,1.45397
1684,6.9050,2.49990,1.04083,1.45397,0.000000,0.31036,0.00000,2.49990,1.45397
1685,8.4550,2.49990,1.04083,1.51731,0.063333,0.31030,0.00000,2.49990,1.51731
1686,5.3270,2.49990,1.04083,1.51731,0.000000,0.31030,0.00000,2.49990,1.51731
1687,8.5070,2.49991,1.04083,1.58064,0.063333,0.31036,0.00000,2.49991,1.58064
1688,5.2840,2.49991,1.04083,1.58064,0.000000,0.31030,0.00000,2.49991,1.58064
1689,9.0620,2.49991,1.04083,1.64397,0.063333,0.31030,0.00000,2.49991,1.64397
1690,4.7520,2.49991,1.04083,1.64397,0.000000,0.31030,0.00000,2.49991,1.64397
1691,6.9290,2.49991,1.04083,1.64397,0.000000,0.31036,0.00000,2.49991,1.64397
1692,8.4700,2.49991,1.04083,1.70731,0.063333,0.31030,0.00000,2.49991,1.70731
1693,5.3610,2.49991,1.04083,1.70731,0.000000,0.31030,0.00000,2.49991,1.70731
1694,8.4520,2.49991,1.04083,1.77064,0.063333,0.31036,0.00000,2.49991,1.77064
1695,5.3590,2.49991,1.04083,1.77064,0.000000,0.31030,0.00000,2.49991,1.77064
1696,6.8410,2.49991,1.04083,1.77064,0.000000,0.31030,0.00000,2.49991,1.77064
1697,9.9520,2.49992,1.04083,1.83397,0.063333,0.31036,0.00000,2.49992,1.83397
1698,3.8410,2.49992,1.04083,1.83397,0.000000,0.31024,0.00000,2.49992,1.83397
1699,9.5920,2.49992,1.04083,1.89731,0.063333,0.31030,0.00000,2.49992,1.89731
1700,4.1860,2.49992,1.04083,1.89731,0.000000,0.31036,0.00000,2.49992,1.89731
1701,6.9400,2.49992,1.04083,1.89731,0.000000,0.31030,0.00000,2.49992,1.89731
1702,8.4700,2.49992,1.04083,1.96064,0.063333,0.31030,0.00000,2.49992,1.96064
1703,5.2910,2.49992,1.04083,1.96064,0.000000,0.31036,0.00000,2.49992,1.96064
1704,9.4340,2.49992,1.04083,2.02397,0.063333,0.31030,0.00000,2.49992,2.02397
1705,4.3960,2.49992,1.04083,2.02397,0.000000,0.31030,0.00000,2.49992,2.02397
1706,11.3530,2.49992,1.04083,2.08731,0.063333,0.31036,0.00000,2.49992,2.08731
1707,2.4380,2.49992,1.04083,2.08731,0.000000,0.31030,0.00000,2.49992,2.08731
1708,6.9090,2.49992,1.04083,2.08731,0.000000,0.31030,0.00000,2.49992,2.08731
1709,9.6340,2.49993,1.04083,2.15064,0.063333,0.31030,0.00000,2.49993,2.15064
1710,4.1350,2.49993,1.04083,2.15064,0.000000,0.31036,0.00000,2.49993,2.15064
1711,8.4890,2.49993,1.04083,2.21397,0.063333,0.31030,0.00000,2.49993,2.21397
1712,5.3430,2.49993,1.04083,2.21397,0.000000,0.31030,0.00000,2.49993,2.21397
1713,6.8700,2.49993,1.04083,2.21397,0.000000,0.31036,0.00000,2.49993,2.21397
1714,8.4440,2.49993,1.04083,2.27731,0.063333,0.31030,0.00000,2.49993,2.27731
1715,5.3900,2.49993,1.04083,2.27731,0.000000,0.31030,0.00000,2.49993,2.27731
1716,8.8710,2.49993,1.04083,2.34064,0.063333,0.31030,0.00000,2.49993,2.34064
1717,4.9420,2.49993,1.04083,2.34064,0.000000,0.31036,0.00000,2.49993,2.34064
1718,8.3300,2.49994,1.04083,2.40397,0.063333,0.31030,0.00000,2.49994,2.40397
1719,5.5100,2.49994,1.04083,2.40397,0.000000,0.31030,0.00000,2.49994,2.40397
1720,6.8670,2.49994,1.04083,2.40397,0.000000,0.31036,0.00000,2.49994,2.40397
1721,8.2860,2.49994,1.04083,2.46731,0.063333,0.31030,0.00000,2.49994,2.46731
1722,5.4560,2.49994,1.04083,2.46731,0.000000,0.31030,0.00000,2.49994,2.46731
1723,8.4380,2.49994,1.04083,2.53064,0.063333,0.31036,0.00000,2.49994,2.53064
1724,5.4110,2.49994,1.04083,2.53064,0.000000,0.31030,0.00000,2.49994,2.53064
1725,6.8980,2.49994,1.04083,2.53064,0.000000,0.31030,0.00000,2.49994,2.53064
1726,8.5090,2.49994,1.04083,2.59397,0.063333,0.31030,0.00000,2.49994,2.59397
1727,5.2590,2.49994,1.04083,2.59397,0.000000,0.31036,0.00000,2.49994,2.59397
1728,8.5090,2.49994,1.04083,2.65731,0.063333,0.31030,0.00000,2.49994,2.65731
1729,5.2960,2.49994,1.04083,2.65731,0.000000,0.31030,0.00000,2.49994,2.65731
1730,6.9070,2.49994,1.04083,2.65731,0.000000,0.31036,0.00000,2.49994,2.65731
1731,8.5000,2.49995,1.04083,2.72064,0.063333,0.31030,0.00000,2.49995,2.72064
1732,5.3300,2.49995,1.04083,2.72064,0.000000,0.31030,0.00000,2.49995,2.72064
1733,8.4230,2.49995,1.04083,2.78036,0.059722,0.31036,0.00000,2.49995,2.78036
1734,5.3540,2.49995,1.04083,2.78036,0.000000,0.31030,0.00000,2.49995,2.78036
1735,8.4600,2.49995,1.04083,2.83647,0.056111,0.31030,0.00000,2.49995,2.83647
1736,10.1200,2.49995,1.04083,2.83647,0.000000,0.31030,0.00000,2.49995,2.83647
1737,2.0990,2.49995,1.04083,2.83647,0.000000,0.31036,0.00000,2.49995,2.83647
1738,8.4210,2.49995,1.04083,2.88897,0.052500,0.31030,0.00000,2.49995,2.88897
1739,5.3820,2.49995,1.04083,2.88897,0.000000,0.31030,0.00000,2.49995,2.88897
1740,8.5080,2.49995,1.04083,2.93786,0.048889,0.31036,0.00000,2.49995,2.93786
1741,5.3050,2.49995,1.04083,2.93786,0.000000,0.31030,0.00000,2.49995,2.93786
1742,6.8790,2.49995,1.04083,2.93786,0.000000,0.31030,0.00000,2.49995,2.93786
1743,8.6070,2.49995,1.04083,2.98314,0.045278,0.31030,0.00000,2.49995,2.98314
1744,5.1830,2.49995,1.04083,2.98314,0.000000,0.31036,0.00000,2.49995,2.98314
1745,8.3910,2.49995,1.04083,3.02481,0.041667,0.31030,0.00000,2.49995,3.02481
1746,5.4370,2.49995,1.04083,3.02481,0.000000,0.31030,0.00000,2.49995,3.02481
1747,9.2710,2.49995,1.04083,3.06286,0.038056,0.31036,0.00000,2.49995,3.06286
1748,4.5260,2.49995,1.04083,3.06286,0.000000,0.31024,0.00000,2.49995,3.06286
1749,6.9200,2.49995,1.04083,3.06286,0.000000,0.31036,0.00000,2.49995,3.06286
1750,8.4020,2.49995,1.04083,3.09731,0.034444,0.31030,0.00000,2.49995,3.09731
1751,5.3660,2.49995,1.04083,3.09731,0.000000,0.31030,0.00000,2.49995,3.09731
1752,9.5300,2.49995,1.04083,3.12814,0.030833,0.31030,0.00000,2.49995,3.12814
1753,4.3100,2.49995,1.04083,3.12814,0.000000,0.31036,0.00000,2.49995,3.12814
1754,6.9070,2.49995,1.04083,3.12814,0.000000,0.31030,0.00000,2.49995,3.12814
1755,8.5470,2.49995,1.04083,3.15536,0.027222,0.31030,0.00000,2.49995,3.15536
1756,5.2030,2.49995,1.04083,3.15536,0.000000,0.31036,0.00000,2.49995,3.15536
1757,8.4020,2.49995,1.04083,3.17897,0.023611,0.31030,0.00000,2.49995,3.17897
1758,5.4000,2.49995,1.04083,3.17897,0.000000,0.31030,0.00000,2.49995,3.17897
1759,6.9010,2.49995,1.04083,3.17897,0.000000,0.31036,0.00000,2.49995,3.17897
1760,9.4340,2.49995,1.04083,3.19897,0.020000,0.31030,0.00000,2.49995,3.19897
1761,4.3800,2.49995,1.04083,3.19897,0.000000,0.31030,0.00000,2.49995,3.19897
1762,8.3830,2.49995,1.04083,3.20953,0.010556,0.31030,0.00000,2.49995,3.20953
1763,5.4280,2.49995,1.04083,3.20953,0.000000,0.31036,0.00000,2.49995,3.20953
1764,8.4780,2.49995,1.04083,3.21064,0.001111,0.31030,0.00000,2.49995,3.21064
1765,5.3380,2.49995,1.04083,3.21064,0.000000,0.31030,0.00000,2.49995,3.21064
1766,8.9460,2.49995,1.04083,3.21064,0.000000,0.31036,0.00000,2.49995,3.21064
1767,7.4480,2.49995,1.04083,3.20925,0.001389,0.31030,0.00000,2.49995,3.20925
1768,4.2930,2.49995,1.04083,3.20925,0.000000,0.31030,0.00000,2.49995,3.20925
1769,8.4860,2.49995,1.04083,3.20536,0.003889,0.31036,0.00000,2.49995,3.20536
1770,5.3350,2.49995,1.04083,3.20536,0.000000,0.31030,0.00000,2.49995,3.20536
1771,6.8970,2.49995,1.04083,3.20536,0.000000,0.31030,0.00000,2.49995,3.20536
1772,8.3720,2.49995,1.04083,3.19897,0.006389,0.31030,0.00000,2.49995,3.19897
1773,5.4290,2.49995,1.04083,3.19897,0.000000,0.31036,0.00000,2.49995,3.19897
1774,9.2210,2.49995,1.04083,3.19008,0.008889,0.31030,0.00000,2.49995,3.19008
1775,4.5660,2.49995,1.04083,3.19008,0.000000,0.31030,0.00000,2.49995,3.19008
1776,8.5910,2.49995,1.04083,3.17869,0.011389,0.31036,0.00000,2.49995,3.17869
1777,5.3240,2.49995,1.04083,3.17869,0.000000,0.31030,0.00000,2.49995,3.17869
1778,6.7860,2.49995,1.04083,3.17869,0.000000,0.31030,0.00000,2.49995,3.17869
1779,9.2570,2.49995,1.04083,3.16480,0.013889,0.31030,0.00000,2.49995,3.16480
1780,4.5430,2.49995,1.04083,3.16480,0.000000,0.31036,0.00000,2.49995,3.16480
1781,9.7420,2.49995,1.04083,3.14842,0.016389,0.31030,0.00000,2.49995,3.14842
1782,4.0770,2.49995,1.04083,3.14842,0.000000,0.31030,0.00000,2.49995,3.14842
1783,6.9050,2.49995,1.04083,3.14842,0.000000,0.31036,0.00000,2.49995,3.14842
1784,9.0870,2.49995,1.04083,3.12953,0.018889,0.31030,0.00000,2.49995,3.12953
1785,4.6920,2.49995,1.04083,3.12953,0.000000,0.31030,0.00000,2.49995,3.12953
1786,9.0790,2.49995,1.04083,3.10814,0.021389,0.31036,0.00000,2.49995,3.10814
1787,4.7180,2.49995,1.04083,3.10814,0.000000,0.31030,0.00000,2.49995,3.10814
1788,6.9040,2.49995,1.04083,3.10814,0.000000,0.31030,0.00000,2.49995,3.10814
1789,8.5790,2.49995,1.04083,3.08425,0.023889,0.31030,0.00000,2.49995,3.08425
1790,5.2240,2.49995,1.04083,3.08425,0.000000,0.31036,0.00000,2.49995,3.08425
1791,8.6690,2.49995,1.04083,3.05786,0.026389,0.31030,0.00000,2.49995,3.05786
1792,5.1810,2.49995,1.04083,3.05786,0.000000,0.31030,0.00000,2.49995,3.05786
1793,8.8210,2.49995,1.04083,3.02897,0.028889,0.31036,0.00000,2.49995,3.02897
1794,4.9260,2.49995,1.04083,3.02897,0.000000,0.31030,0.00000,2.49995,3.02897
1795,6.8740,2.49995,1.04083,3.02897,0.000000,0.31030,0.00000,2.49995,3.02897
1796,10.1950,2.49995,1.04083,2.99758,0.031389,0.31036,0.00000,2.49995,2.99758
1797,3.5830,2.49995,1.04083,2.99758,0.000000,0.31030,0.00000,2.49995,2.99758
1798,8.4120,2.49995,1.04083,2.96369,0.033889,0.31024,0.00000,2.49995,2.96369
1799,5.4070,2.49995,1.04083,2.96369,0.000000,0.31036,0.00000,2.49995,2.96369
1800,6.9370,2.49995,1.04083,2.96369,0.000000,0.31030,0.00000,2.49995,2.96369
1801,8.4050,2.49996,1.04083,2.92730,0.036389,0.31030,0.00000,2.49996,2.92730
1802,5.3580,2.49996,1.04083,2.92730,0.000000,0.31036,0.00000,2.49996,2.92730
1803,8.9830,2.49996,1.04083,2.88842,0.038889,0.31030,0.00000,2.49996,2.88842
1804,4.8080,2.49996,1.04083,2.88842,0.000000,0.31030,0.00000,2.49996,2.88842
1805,9.1900,2.49996,1.04083,2.84703,0.041389,0.31036,0.00000,2.49996,2.84703
1806,4.6170,2.49996,1.04083,2.84703,0.000000,0.31030,0.00000,2.49996,2.84703
1807,6.9380,2.49996,1.04083,2.84703,0.000000,0.31030,0.00000,2.49996,2.84703
1808,8.3930,2.49996,1.04083,2.80314,0.043889,0.31030,0.00000,2.49996,2.80314
1809,5.3750,2.49996,1.04083,2.80314,0.000000,0.31036,0.00000,2.49996,2.80314
1810,8.3090,2.49996,1.04083,2.75675,0.046389,0.31030,0.00000,2.49996,2.75675
1811,5.4770,2.49996,1.04083,2.75675,0.000000,0.31030,0.00000,2.49996,2.75675
1812,6.8900,2.49996,1.04083,2.75675,0.000000,0.31036,0.00000,2.49996,2.75675
1813,8.4520,2.49996,1.04083,2.70786,0.048889,0.31030,0.00000,2.49996,2.70786
1814,5.3520,2.49996,1.04083,2.70786,0.000000,0.31030,0.00000,2.49996,2.70786
1815,8.3620,2.49996,1.04083,2.65647,0.051389,0.31030,0.00000,2.49996,2.65647
1816,5.4270,2.49996,1.04083,2.65647,0.000000,0.31036,0.00000,2.49996,2.65647
1817,6.9110,2.49996,1.04083,2.65647,0.000000,0.31030,0.00000,2.49996,2.65647
1818,8.4060,2.49996,1.04083,2.60258,0.053889,0.31030,0.00000,2.49996,2.60258
1819,5.4070,2.49996,1.04083,2.60258,0.000000,0.31036,0.00000,2.49996,2.60258
1820,8.4150,2.49996,1.04083,2.54619,0.056389,0.31030,0.00000,2.49996,2.54619
1821,5.3780,2.49996,1.04083,2.54619,0.000000,0.31030,0.00000,2.49996,2.54619
1822,8.4550,2.49996,1.04083,2.48730,0.058889,0.31036,0.00000,2.49996,2.48730
1823,5.3400,2.49996,1.04083,2.48730,0.000000,0.31030,0.00000,2.49996,2.48730
1824,6.9200,2.49996,1.04083,2.48730,0.000000,0.31030,0.00000,2.49996,2.48730
1825,8.3780,2.49996,1.04083,2.42592,0.061389,0.31030,0.00000,2.49996,2.42592
1826,10.4350,2.49996,1.04083,2.42592,0.000000,0.31036,0.00000,2.49996,2.42592
1827,3.3410,2.49996,1.04083,2.36258,0.063333,0.31030,0.00000,2.49996,2.36258
1828,5.4520,2.49996,1.04083,2.36258,0.000000,0.31030,0.00000,2.49996,2.36258
1829,6.8860,2.49996,1.04083,2.36258,0.000000,0.31036,0.00000,2.49996,2.36258
1830,8.3470,2.49996,1.04083,2.29925,0.063333,0.31030,0.00000,2.49996,2.29925
1831,5.4250,2.49996,1.04083,2.29925,0.000000,0.31030,0.00000,2.49996,2.29925
1832,8.4380,2.49996,1.04083,2.23592,0.063333,0.31036,0.00000,2.49996,2.23592
1833,5.4010,2.49996,1.04083,2.23592,0.000000,0.31030,0.00000,2.49996,2.23592
1834,8.4170,2.49996,1.04083,2.17258,0.063333,0.31030,0.00000,2.49996,2.17258
1835,5.3980,2.49996,1.04083,2.17258,0.000000,0.31030,0.00000,2.49996,2.17258
1836,6.9970,2.49996,1.04083,2.17258,0.000000,0.31036,0.00000,2.49996,2.17258
1837,8.5790,2.49996,1.04083,2.10925,0.063333,0.31030,0.00000,2.49996,2.10925
1838,5.1630,2.49996,1.04083,2.10925,0.000000,0.31030,0.00000,2.49996,2.10925
1839,10.6070,2.49996,1.04083,2.04592,0.063333,0.31036,0.00000,2.49996,2.04592
1840,3.1660,2.49996,1.04083,2.04592,0.000000,0.31030,0.00000,2.49996,2.04592
1841,6.9190,2.49996,1.04083,2.04592,0.000000,0.31030,0.00000,2.49996,2.04592
1842,9.6400,2.49996,1.04083,1.98258,0.063333,0.31030,0.00000,2.49996,1.98258
1843,5.4870,2.49996,1.04083,1.98258,0.000000,0.31036,0.00000,2.49996,1.98258
1844,9.9480,2.49996,1.04083,1.91925,0.063333,0.31030,0.00000,2.49996,1.91925
1845,2.4790,2.49996,1.04083,1.91925,0.000000,0.31030,0.00000,2.49996,1.91925
1846,6.9290,2.49996,1.04083,1.91925,0.000000,0.31036,0.00000,2.49996,1.91925
1847,10.3740,2.49996,1.04083,1.85592,0.063333,0.31030,0.00000,2.49996,1.85592
1848,3.4170,2.49996,1.04083,1.85592,0.000000,0.31030,0.00000,2.49996,1.85592
1849,8.9000,2.49996,1.04083,1.79258,0.063333,0.31030,0.00000,2.49996,1.79258
1850,4.9060,2.49996,1.04083,1.79258,0.000000,0.31030,0.00000,2.49996,1.79258
1851,11.4690,2.49997,1.04083,1.72925,0.063333,0.31030,0.00000,2.49997,1.72925
1852,2.3610,2.49997,1.04083,1.72925,0.000000,0.31036,0.00000,2.49997,1.72925
1853,6.8880,2.49997,1.04083,1.72925,0.000000,0.31030,0.00000,2.49997,1.72925
1854,9.1190,2.49997,1.04083,1.66592,0.063333,0.31030,0.00000,2.49997,1.66592
1855,4.6630,2.49997,1.04083,1.66592,0.000000,0.31036,0.00000,2.49997,1.66592
1856,13.4030,2.49997,1.04083,1.60258,0.063333,0.31030,0.00000,2.49997,1.60258
1857,0.3490,2.49997,1.04083,1.60258,0.000000,0.31030,0.00000,2.49997,1.60258
1858,6.9630,2.49997,1.04083,1.60258,0.000000,0.31036,0.00000,2.49997,1.60258
1859,9.4940,2.49997,1.04083,1.53925,0.063333,0.31030,0.00000,2.49997,1.53925
1860,4.2960,2.49997,1.04083,1.53925,0.000000,0.31030,0.00000,2.49997,1.53925
1861,8.9240,2.49997,1.04083,1.47592,0.063333,0.31030,0.00000,2.49997,1.47592
1862,4.8830,2.49997,1.04083,1.47592,0.000000,0.31036,0.00000,2.49997,1.47592
1863,9.3340,2.49997,1.04083,1.41258,0.063333,0.31030,0.00000,2.49997,1.41258
1864,4.4560,2.49997,1.04083,1.41258,0.000000,0.31030,0.00000,2.49997,1.41258
1865,6.8970,2.49997,1.04083,1.41258,0.000000,0.31036,0.00000,2.49997,1.41258
1866,8.9140,2.49997,1.04083,1.34925,0.063333,0.31030,0.00000,2.49997,1.34925
1867,5.0260,2.49997,1.04083,1.34925,0.000000,0.31030,0.00000,2.49997,1.34925
1868,8.9270,2.49997,1.04083,1.28592,0.063333,0.31036,0.00000,2.49997,1.28592
1869,4.7160,2.49997,1.04083,1.28592,0.000000,0.31030,0.00000,2.49997,1.28592
1870,6.8920,2.49997,1.04083,1.28592,0.000000,0.31030,0.00000,2.49997,1.28592
1871,8.8240,2.49997,1.04083,1.22258,0.063333,0.31030,0.00000,2.49997,1.22258
1872,4.9440,2.49997,1.04083,1.22258,0.000000,0.31036,0.00000,2.49997,1.22258
1873,8.8220,2.49997,1.04083,1.15925,0.063333,0.31030,0.00000,2.49997,1.15925
1874,4.9860,2.49997,1.04083,1.15925,0.000000,0.31030,0.00000,2.49997,1.15925
1875,6.9450,2.49997,1.04083,1.15925,0.000000,0.31036,0.00000,2.49997,1.15925
1876,9.3240,2.49997,1.04083,1.09592,0.063333,0.31030,0.00000,2.49997,1.09592
1877,4.4140,2.49997,1.04083,1.09592,0.000000,0.31030,0.00000,2.49997,1.09592
1878,9.4140,2.49997,1.04083,1.03258,0.063333,0.31030,0.00000,2.49997,1.03258
1879,4.4140,2.49997,1.04083,1.03258,0.000000,0.31036,0.00000,2.49997,1.03258
1880,9.2890,2.49997,1.04083,0.96925,0.063333,0.31030,0.00000,2.49997,0.96925
1881,4.5280,2.49997,1.04083,0.96925,0.000000,0.31030,0.00000,2.49997,0.96925
1882,6.9140,2.49997,1.04083,0.96925,0.000000,0.31036,0.00000,2.49997,0.96925
1883,8.4910,2.49997,1.04083,0.90592,0.063333,0.31030,0.00000,2.49997,0.90592
1884,5.2480,2.49997,1.04083,0.90592,0.000000,0.31030,0.00000,2.49997,0.90592
1885,9.2640,2.49997,1.04083,0.84258,0.063333,0.31036,0.00000,2.49997,0.84258
1886,6.9650,2.49997,1.04083,0.84258,0.000000,0.31030,0.00000,2.49997,0.84258
1887,4.4820,2.49997,1.04083,0.84258,0.000000,0.31030,0.00000,2.49997,0.84258
1888,8.7250,2.49997,1.04083,0.77925,0.063333,0.31030,0.00000,2.49997,0.77925
1889,5.0740,2.49997,1.04083,0.77925,0.000000,0.31036,0.00000,2.49997,0.77925
1890,8.3150,2.49997,1.04083,0.71592,0.063333,0.31030,0.00000,2.49997,0.71592
1891,5.4970,2.49997,1.04083,0.71592,0.000000,0.31030,0.00000,2.49997,0.71592
1892,8.2250,2.49997,1.04083,0.65258,0.063333,0.31036,0.00000,2.49997,0.65258
1893,5.5670,2.49997,1.04083,0.65258,0.000000,0.31030,0.00000,2.49997,0.65258
1894,6.9110,2.49997,1.04083,0.65258,0.000000,0.31030,0.00000,2.49997,0.65258
1895,8.2790,2.49997,1.04083,0.58925,0.063333,0.31036,0.00000,2.49997,0.58925
1896,5.4900,2.49997,1.04083,0.58925,0.000000,0.31030,0.00000,2.49997,0.58925
1897,8.2580,2.49997,1.04083,0.52592,0.063333,0.31030,0.00000,2.49997,0.52592
1898,5.5540,2.49997,1.04083,0.52592,0.000000,0.31030,0.00000,2.49997,0.52592
1899,6.8930,2.49997,1.04083,0.52592,0.000000,0.31030,0.00000,2.49997,0.52592
1900,8.1380,2.49997,1.04083,0.46258,0.063333,0.31030,0.00000,2.49997,0.46258
1901,5.6500,2.49997,1.04083,0.46258,0.000000,0.31036,0.00000,2.49997,0.46258
1902,8.2570,2.49998,1.04083,0.39925,0.063333,0.31030,0.00000,2.49998,0.39925
1903,5.5510,2.49998,1.04083,0.39925,0.000000,0.31030,0.00000,2.49998,0.39925
1904,6.8940,2.49998,1.04083,0.39925,0.000000,0.31030,0.00000,2.49998,0.39925
1905,8.0960,2.49998,1.04083,0.33592,0.063333,0.31036,0.00000,2.49998,0.33592
1906,5.7020,2.49998,1.04083,0.33592,0.000000,0.31030,0.00000,2.49998,0.33592
1907,8.1400,2.49998,1.04083,0.27258,0.063333,0.31030,0.00000,2.49998,0.27258
1908,5.6540,2.49998,1.04083,0.27258,0.000000,0.31036,0.00000,2.49998,0.27258
1909,8.1480,2.49998,1.04083,0.20925,0.063333,0.31030,0.00000,2.49998,0.20925
1910,5.6660,2.49998,1.04083,0.20925,0.000000,0.31030,0.00000,2.49998,0.20925
1911,6.8920,2.49998,1.04083,0.20925,0.000000,0.31036,0.00000,2.49998,0.20925
1912,8.2080,2.49998,1.04083,0.14592,0.063333,0.31030,0.00000,2.49998,0.14592
1913,5.5930,2.49998,1.04083,0.14592,0.000000,0.31030,0.00000,2.49998,0.14592
1914,8.1530,2.49998,1.04083,0.08258,0.063333,0.31030,0.00000,2.49998,0.08258
1915,5.6450,2.49998,1.04083,0.08258,0.000000,0.31036,0.00000,2.49998,0.08258
1916,8.6790,2.49998,1.04083,0.08258,0.000000,0.31030,0.00000,2.49998,0.08258
1917,6.3530,2.49998,1.04083,0.01925,0.063333,0.31030,0.00000,2.49998,0.01925
1918,5.6860,2.49998,1.04083,0.01925,0.000000,0.31036,0.00000,2.49998,0.01925
1919,8.1700,2.49998,1.04083,-0.04408,0.063333,0.31030,0.00000,2.49998,-0.04408
1920,5.6190,2.49998,1.04083,-0.04408,0.000000,0.31030,0.00000,2.49998,-0.04408
1921,8.0940,2.49998,1.04083,-0.10742,0.063333,0.31036,0.00000,2.49998,-0.10742
1922,5.7210,2.49998,1.04083,-0.10742,0.000000,0.31030,0.00000,2.49998,-0.10742
1923,6.8780,2.49998,1.04083,-0.10742,0.000000,0.31030,0.00000,2.49998,-0.10742
1924,8.3050,2.49998,1.04083,-0.17075,0.063333,0.31030,0.00000,2.49998,-0.17075
1925,5.5050,2.49998,1.04083,-0.17075,0.000000,0.31036,0.00000,2.49998,-0.17075
1926,8.2620,2.49998,1.04083,-0.23408,0.063333,0.31030,0.00000,2.49998,-0.23408
1927,5.5750,2.49998,1.04083,-0.23408,0.000000,0.31030,0.00000,2.49998,-0.23408
1928,6.8630,2.49998,1.04083,-0.23408,0.000000,0.31036,0.00000,2.49998,-0.23408
1929,8.2310,2.49998,1.04083,-0.29742,0.063333,0.31030,0.00000,2.49998,-0.29742
1930,5.5710,2.49998,1.04083,-0.29742,0.000000,0.31030,0.00000,2.49998,-0.29742
1931,8.3360,2.49998,1.04083,-0.36075,0.063333,0.31036,0.00000,2.49998,-0.36075
1932,5.4810,2.49998,1.04083,-0.36075,0.000000,0.31030,0.00000,2.49998,-0.36075
1933,6.8910,2.49998,1.04083,-0.36075,0.000000,0.31030,0.00000,2.49998,-0.36075
1934,8.3850,2.49998,1.04083,-0.42408,0.063333,0.31030,0.00000,2.49998,-0.42408
1935,5.4180,2.49998,1.04083,-0.42408,0.000000,0.31036,0.00000,2.49998,-0.42408
1936,8.3640,2.49998,1.04083,-0.48742,0.063333,0.31030,0.00000,2.49998,-0.48742
1937,5.4420,2.49998,1.04083,-0.48742,0.000000,0.31030,0.00000,2.49998,-0.48742
1938,8.3900,2.49998,1.04083,-0.55075,0.063333,0.31036,0.00000,2.49998,-0.55075
1939,5.4380,2.49998,1.04083,-0.55075,0.000000,0.31030,0.00000,2.49998,-0.55075
1940,6.8640,2.49998,1.04083,-0.55075,0.000000,0.31030,0.00000,2.49998,-0.55075
1941,8.3510,2.49998,1.04083,-0.61408,0.063333,0.31030,0.00000,2.49998,-0.61408
1942,5.5340,2.49998,1.04083,-0.61408,0.000000,0.31036,0.00000,2.49998,-0.61408
1943,8.4610,2.49998,1.04083,-0.67742,0.063333,0.31030,0.00000,2.49998,-0.67742
1944,5.2730,2.49998,1.04083,-0.67742,0.000000,0.31030,0.00000,2.49998,-0.67742
1945,6.8930,2.49998,1.04083,-0.67742,0.000000,0.31036,0.00000,2.49998,-0.67742
1946,12.9380,2.49998,1.04083,-0.74075,0.063333,0.31030,0.00000,2.49998,-0.74075
1947,0.8480,2.49998,1.04083,-0.74075,0.000000,0.31030,0.00000,2.49998,-0.74075
1948,8.3680,2.49998,1.04083,-0.80408,0.063333,0.31036,0.00000,2.49998,-0.80408
1949,5.4400,2.49998,1.04083,-0.80408,0.000000,0.31024,0.00000,2.49998,-0.80408
1950,8.3090,2.49998,1.04083,-0.86742,0.063333,0.31030,0.00000,2.49998,-0.86742
1951,5.4890,2.49998,1.04083,-0.86742,0.000000,0.31036,0.00000,2.49998,-0.86742
1952,6.9120,2.49998,1.04083,-0.86742,0.000000,0.31030,0.00000,2.49998,-0.86742
1953,8.4220,2.49999,1.04083,-0.93075,0.063333,0.31030,0.00000,2.49999,-0.93075
1954,5.3770,2.49999,1.04083,-0.93075,0.000000,0.31036,0.00000,2.49999,-0.93075
1955,8.3490,2.49999,1.04083,-0.99408,0.063333,0.31030,0.00000,2.49999,-0.99408
1956,5.4710,2.49999,1.04083,-0.99408,0.000000,0.31030,0.00000,2.49999,-0.99408
1957,6.8980,2.49999,1.04083,-0.99408,0.000000,0.31036,0.00000,2.49999,-0.99408
1958,8.2930,2.49999,1.04083,-1.05742,0.063333,0.31030,0.00000,2.49999,-1.05742
1959,5.4780,2.49999,1.04083,-1.05742,0.000000,0.31030,0.00000,2.49999,-1.05742
1960,8.2680,2.49999,1.04083,-1.12075,0.063333,0.31030,0.00000,2.49999,-1.12075
1961,5.5130,2.49999,1.04083,-1.12075,0.000000,0.31036,0.00000,2.49999,-1.12075
1962,6.9000,2.49999,1.04083,-1.12075,0.000000,0.31030,0.00000,2.49999,-1.12075
1963,8.1960,2.49999,1.04083,-1.18408,0.063333,0.31030,0.00000,2.49999,-1.18408
1964,5.6040,2.49999,1.04083,-1.18408,0.000000,0.31036,0.00000,2.49999,-1.18408
1965,8.0740,2.49999,1.04083,-1.24742,0.063333,0.31030,0.00000,2.49999,-1.24742
1966,5.7380,2.49999,1.04083,-1.24742,0.000000,0.31030,0.00000,2.49999,-1.24742
1967,8.0720,2.49999,1.04083,-1.31075,0.063333,0.31030,0.00000,2.49999,-1.31075
1968,5.7110,2.49999,1.04083,-1.31075,0.000000,0.31036,0.00000,2.49999,-1.31075
1969,6.9020,2.49999,1.04083,-1.31075,0.000000,0.31030,0.00000,2.49999,-1.31075
1970,8.0750,2.49999,1.04083,-1.37408,0.063333,0.31030,0.00000,2.49999,-1.37408
1971,5.7230,2.49999,1.04083,-1.37408,0.000000,0.31036,0.00000,2.49999,-1.37408
1972,8.0950,2.49999,1.04083,-1.43742,0.063333,0.31030,0.00000,2.49999,-1.43742
1973,5.7060,2.49999,1.04083,-1.43742,0.000000,0.31030,0.00000,2.49999,-1.43742
1974,6.8870,2.49999,1.04083,-1.43742,0.000000,0.31036,0.00000,2.49999,-1.43742
1975,8.1280,2.49999,1.04083,-1.50075,0.063333,0.31030,0.00000,2.49999,-1.50075
1976,7.3530,2.49999,1.04083,-1.50075,0.000000,0.31030,0.00000,2.49999,-1.50075
1977,6.4920,2.49999,1.04083,-1.56047,0.059722,0.31030,0.00000,2.49999,-1.56047
1978,5.6420,2.49999,1.04083,-1.56047,0.000000,0.31036,0.00000,2.49999,-1.56047
1979,8.1330,2.49999,1.04083,-1.61658,0.056111,0.31030,0.00000,2.49999,-1.61658
1980,5.6970,2.49999,1.04083,-1.61658,0.000000,0.31030,0.00000,2.49999,-1.61658
1981,6.8620,2.49999,1.04083,-1.61658,0.000000,0.31036,0.00000,2.49999,-1.61658
1982,8.2040,2.49999,1.04083,-1.66908,0.052500,0.31030,0.00000,2.49999,-1.66908
1983,5.6040,2.49999,1.04083,-1.66908,0.000000,0.31030,0.00000,2.49999,-1.66908
1984,8.1380,2.49999,1.04083,-1.71797,0.048889,0.31036,0.00000,2.49999,-1.71797
1985,5.6850,2.49999,1.04083,-1.71797,0.000000,0.31030,0.00000,2.49999,-1.71797
1986,6.8940,2.49999,1.04083,-1.71797,0.000000,0.31030,0.00000,2.49999,-1.71797
1987,8.9550,2.49999,1.04083,-1.76325,0.045278,0.31030,0.00000,2.49999,-1.76325
1988,4.8380,2.49999,1.04083,-1.76325,0.000000,0.31036,0.00000,2.49999,-1.76325
1989,8.2020,2.49999,1.04083,-1.80492,0.041667,0.31030,0.00000,2.49999,-1.80492
1990,5.5940,2.49999,1.04083,-1.80492,0.000000,0.31030,0.00000,2.49999,-1.80492
1991,6.8920,2.49999,1.04083,-1.80492,0.000000,0.31036,0.00000,2.49999,-1.80492
1992,8.1330,2.49999,1.04083,-1.84297,0.038056,0.31030,0.00000,2.49999,-1.84297
1993,5.6610,2.49999,1.04083,-1.84297,0.000000,0.31030,0.00000,2.49999,-1.84297
1994,8.5270,2.49999,1.04083,-1.87742,0.034444,0.31036,0.00000,2.49999,-1.87742
1995,5.2820,2.49999,1.04083,-1.87742,0.000000,0.31030,0.00000,2.49999,-1.87742
1996,8.4270,2.49999,1.04083,-1.90825,0.030833,0.31030,0.00000,2.49999,-1.90825
1997,5.3690,2.49999,1.04083,-1.90825,0.000000,0.31030,0.00000,2.49999,-1.90825
1998,6.8850,2.49999,1.04083,-1.90825,0.000000,0.31036,0.00000,2.49999,-1.90825
1999,8.0320,2.49999,1.04083,-1.93547,0.027222,0.31024,0.00000,2.49999,-1.93547
2000,5.7680,2.49999,1.04083,-1.93547,0.000000,0.31036,0.00000,2.49999,-1.93547
2001,7.9820,2.49999,1.04083,-1.95908,0.023611,0.31030,0.00000,2.49999,-1.95908
2002,5.8620,2.49999,1.04083,-1.95908,0.000000,0.31030,0.00000,2.49999,-1.95908
2003,6.8710,2.49999,1.04083,-1.95908,0.000000,0.31030,0.00000,2.49999,-1.95908
2004,8.1860,2.49999,1.04083,-1.97908,0.020000,0.31036,0.00000,2.49999,-1.97908
2005,5.6330,2.49999,1.04083,-1.97908,0.000000,0.31030,0.00000,2.49999,-1.97908
2006,13.2680,2.49999,1.04083,-1.98964,0.010556,0.31030,0.00000,2.49999,-1.98964
2007,0.5100,2.49999,1.04083,-1.98964,0.000000,0.31036,0.00000,2.49999,-1.98964
2008,8.1570,2.49999,1.04083,-1.99075,0.001111,0.31030,0.00000,2.49999,-1.99075
2009,5.6670,2.49999,1.04083,-1.99075,0.000000,0.31030,0.00000,2.49999,-1.99075
2010,6.8660,2.49999,1.04083,-1.99075,0.000000,0.31036,0.00000,2.49999,-1.99075
2011,8.1740,2.49999,1.04083,-1.98936,0.001389,0.31030,0.00000,2.49999,-1.98936
2012,5.6440,2.49999,1.04083,-1.98936,0.000000,0.31030,0.00000,2.49999,-1.98936
2013,8.1340,2.49999,1.04083,-1.98547,0.003889,0.31030,0.00000,2.49999,-1.98547
2014,5.6810,2.49999,1.04083,-1.98547,0.000000,0.31036,0.00000,2.49999,-1.98547
2015,6.9170,2.49999,1.04083,-1.98547,0.000000,0.31030,0.00000,2.49999,-1.98547
2016,8.1770,2.49999,1.04083,-1.97908,0.006389,0.31030,0.00000,2.49999,-1.97908
2017,5.6120,2.49999,1.04083,-1.97908,0.000000,0.31036,0.00000,2.49999,-1.97908
2018,8.1100,2.49999,1.04083,-1.97019,0.008889,0.31030,0.00000,2.49999,-1.97019
2019,5.6710,2.49999,1.04083,-1.97019,0.000000,0.31030,0.00000,2.49999,-1.97019
2020,6.8940,2.49999,1.04083,-1.97019,0.000000,0.31036,0.00000,2.49999,-1.97019
2021,8.2290,2.49999,1.04083,-1.95880,0.011389,0.31030,0.00000,2.49999,-1.95880
2022,5.5750,2.49999,1.04083,-1.95880,0.000000,0.31030,0.00000,2.49999,-1.95880
2023,8.1690,2.49999,1.04083,-1.94492,0.013889,0.31030,0.00000,2.49999,-1.94492
2024,5.6250,2.49999,1.04083,-1.94492,0.000000,0.31036,0.00000,2.49999,-1.94492
2025,8.0650,2.49999,1.04083,-1.92853,0.016389,0.31030,0.00000,2.49999,-1.92853
2026,5.7410,2.49999,1.04083,-1.92853,0.000000,0.31030,0.00000,2.49999,-1.92853
2027,6.8940,2.49999,1.04083,-1.92853,0.000000,0.31036,0.00000,2.49999,-1.92853
2028,8.5660,2.49999,1.04083,-1.90964,0.018889,0.31030,0.00000,2.49999,-1.90964
2029,5.2390,2.49999,1.04083,-1.90964,0.000000,0.31030,0.00000,2.49999,-1.90964
2030,8.1800,2.49999,1.04083,-1.88825,0.021389,0.31030,0.00000,2.49999,-1.88825
2031,5.6210,2.49999,1.04083,-1.88825,0.000000,0.31036,0.00000,2.49999,-1.88825
2032,6.9110,2.49999,1.04083,-1.88825,0.000000,0.31030,0.00000,2.49999,-1.88825
2033,8.1220,2.49999,1.04083,-1.86436,0.023889,0.31030,0.00000,2.49999,-1.86436
2034,5.6650,2.49999,1.04083,-1.86436,0.000000,0.31036,0.00000,2.49999,-1.86436
2035,8.0740,2.49999,1.04083,-1.83797,0.026389,0.31030,0.00000,2.49999,-1.83797
2036,11.0400,2.49999,1.04083,-1.83797,0.000000,0.31030,0.00000,2.49999,-1.83797
2037,2.7950,2.49999,1.04083,-1.80908,0.028889,0.31036,0.00000,2.49999,-1.80908
2038,5.7040,2.49999,1.04083,-1.80908,0.000000,0.31030,0.00000,2.49999,-1.80908
2039,6.9420,2.49999,1.04083,-1.80908,0.000000,0.31030,0.00000,2.49999,-1.80908
2040,8.3680,2.49999,1.04083,-1.77769,0.031389,0.31030,0.00000,2.49999,-1.77769
2041,5.3860,2.49999,1.04083,-1.77769,0.000000,0.31036,0.00000,2.49999,-1.77769
2042,8.6850,2.49999,1.04083,-1.74380,0.033889,0.31030,0.00000,2.49999,-1.74380
2043,5.1290,2.49999,1.04083,-1.74380,0.000000,0.31030,0.00000,2.49999,-1.74380
2044,6.8790,2.49999,1.04083,-1.74380,0.000000,0.31036,0.00000,2.49999,-1.74380
2045,8.1460,2.49999,1.04083,-1.70742,0.036389,0.31030,0.00000,2.49999,-1.70742
2046,5.6480,2.49999,1.04083,-1.70742,0.000000,0.31030,0.00000,2.49999,-1.70742
2047,8.1270,2.49999,1.04083,-1.66853,0.038889,0.31036,0.00000,2.49999,-1.66853
2048,5.6870,2.49999,1.04083,-1.66853,0.000000,0.31030,0.00000,2.49999,-1.66853
2049,6.8920,2.49999,1.04083,-1.66853,0.000000,0.31030,0.00000,2.49999,-1.66853
2050,8.1120,2.49999,1.04083,-1.62714,0.041389,0.31030,0.00000,2.49999,-1.62714
2051,5.6820,2.49999,1.04083,-1.62714,0.000000,0.31030,0.00000,2.49999,-1.62714
2052,8.1090,2.49999,1.04083,-1.58325,0.043889,0.31030,0.00000,2.49999,-1.58325
2053,5.6950,2.49999,1.04083,-1.58325,0.000000,0.31036,0.00000,2.49999,-1.58325
2054,8.1410,2.49999,1.04083,-1.53686,0.046389,0.31030,0.00000,2.49999,-1.53686
2055,5.6670,2.49999,1.04083,-1.53686,0.000000,0.31030,0.00000,2.49999,-1.53686
2056,6.8860,2.49999,1.04083,-1.53686,0.000000,0.31030,0.00000,2.49999,-1.53686
2057,8.7650,2.49999,1.04083,-1.48797,0.048889,0.31036,0.00000,2.49999,-1.48797
2058,5.0420,2.49999,1.04083,-1.48797,0.000000,0.31030,0.00000,2.49999,-1.48797
2059,8.1430,2.49999,1.04083,-1.43658,0.051389,0.31030,0.00000,2.49999,-1.43658
2060,5.6570,2.49999,1.04083,-1.43658,0.000000,0.31036,0.00000,2.49999,-1.43658
2061,6.8990,2.49999,1.04083,-1.43658,0.000000,0.31030,0.00000,2.49999,-1.43658
2062,8.1830,2.49999,1.04083,-1.38269,0.053889,0.31030,0.00000,2.49999,-1.38269
2063,5.6170,2.49999,1.04083,-1.38269,0.000000,0.31036,0.00000,2.49999,-1.38269
2064,8.1010,2.49999,1.04083,-1.32630,0.056389,0.31030,0.00000,2.49999,-1.32630
2065,5.6980,2.49999,1.04083,-1.32630,0.000000,0.31030,0.00000,2.49999,-1.32630
2066,12.7110,2.49999,1.04083,-1.26742,0.058889,0.31030,0.00000,2.49999,-1.26742
2067,1.0960,2.49999,1.04083,-1.26742,0.000000,0.31036,0.00000,2.49999,-1.26742
2068,6.8960,2.49999,1.04083,-1.26742,0.000000,0.31030,0.00000,2.49999,-1.26742
2069,8.1180,2.49999,1.04083,-1.20603,0.061389,0.31030,0.00000,2.49999,-1.20603
2070,5.6740,2.49999,1.04083,-1.20603,0.000000,0.31036,0.00000,2.49999,-1.20603
2071,8.0700,2.49999,1.04083,-1.14269,0.063333,0.31030,0.00000,2.49999,-1.14269
2072,5.7530,2.49999,1.04083,-1.14269,0.000000,0.31030,0.00000,2.49999,-1.14269
2073,6.8870,2.49999,1.04083,-1.14269,0.000000,0.31036,0.00000,2.49999,-1.14269
2074,8.3110,2.49999,1.04083,-1.07936,0.063333,0.31030,0.00000,2.49999,-1.07936
2075,5.5000,2.49999,1.04083,-1.07936,0.000000,0.31030,0.00000,2.49999,-1.07936
2076,8.3570,2.49999,1.04083,-1.01603,0.063333,0.31030,0.00000,2.49999,-1.01603
2077,5.4610,2.49999,1.04083,-1.01603,0.000000,0.31036,0.00000,2.49999,-1.01603
2078,6.8750,2.49999,1.04083,-1.01603,0.000000,0.31030,0.00000,2.49999,-1.01603
2079,8.2740,2.49999,1.04083,-0.95269,0.063333,0.31030,0.00000,2.49999,-0.95269
2080,5.5270,2.49999,1.04083,-0.95269,0.000000,0.31036,0.00000,2.49999,-0.95269
2081,8.6260,2.49999,1.04083,-0.88936,0.063333,0.31030,0.00000,2.49999,-0.88936
2082,5.1690,2.49999,1.04083,-0.88936,0.000000,0.31030,0.00000,2.49999,-0.88936
2083,8.0920,2.49999,1.04083,-0.82603,0.063333,0.31036,0.00000,2.49999,-0.82603
2084,5.7150,2.49999,1.04083,-0.82603,0.000000,0.31030,0.00000,2.49999,-0.82603
2085,6.8750,2.49999,1.04083,-0.82603,0.000000,0.31030,0.00000,2.49999,-0.82603
2086,8.1770,2.49999,1.04083,-0.76269,0.063333,0.31030,0.00000,2.49999,-0.76269
2087,5.6340,2.49999,1.04083,-0.76269,0.000000,0.31036,0.00000,2.49999,-0.76269
2088,8.0300,2.49999,1.04083,-0.69936,0.063333,0.31030,0.00000,2.49999,-0.69936
2089,5.7870,2.49999,1.04083,-0.69936,0.000000,0.31030,0.00000,2.49999,-0.69936
2090,6.9080,2.49999,1.04083,-0.69936,0.000000,0.31036,0.00000,2.49999,-0.69936
2091,8.4990,2.49999,1.04083,-0.63603,0.063333,0.31030,0.00000,2.49999,-0.63603
2092,5.3090,2.49999,1.04083,-0.63603,0.000000,0.31030,0.00000,2.49999,-0.63603
2093,7.9980,2.49999,1.04083,-0.57269,0.063333,0.31030,0.00000,2.49999,-0.57269
2094,5.7720,2.49999,1.04083,-0.57269,0.000000,0.31036,0.00000,2.49999,-0.57269
2095,8.0530,2.49999,1.04083,-0.50936,0.063333,0.31030,0.00000,2.49999,-0.50936
2096,10.5250,2.49999,1.04083,-0.50936,0.000000,0.31030,0.00000,2.49999,-0.50936
2097,2.1130,2.49999,1.04083,-0.50936,0.000000,0.31036,0.00000,2.49999,-0.50936
2098,8.0400,2.49999,1.04083,-0.44603,0.063333,0.31030,0.00000,2.49999,-0.44603
2099,5.7740,2.49999,1.04083,-0.44603,0.000000,0.31030,0.00000,2.49999,-0.44603
2100,8.1440,2.49999,1.04083,-0.38269,0.063333,0.31030,0.00000,2.49999,-0.38269
2101,5.6680,2.49999,1.04083,-0.38269,0.000000,0.31030,0.00000,2.49999,-0.38269
2102,6.8880,2.49999,1.04083,-0.38269,0.000000,0.31030,0.00000,2.49999,-0.38269
2103,8.1020,2.49999,1.04083,-0.31936,0.063333,0.31036,0.00000,2.49999,-0.31936
2104,5.6940,2.49999,1.04083,-0.31936,0.000000,0.31030,0.00000,2.49999,-0.31936
2105,8.1220,2.49999,1.04083,-0.25603,0.063333,0.31030,0.00000,2.49999,-0.25603
2106,5.6760,2.49999,1.04083,-0.25603,0.000000,0.31036,0.00000,2.49999,-0.25603
2107,6.9260,2.49999,1.04083,-0.25603,0.000000,0.31030,0.00000,2.49999,-0.25603
2108,8.0650,2.49999,1.04083,-0.19269,0.063333,0.31030,0.00000,2.49999,-0.19269
2109,5.7170,2.49999,1.04083,-0.19269,0.000000,0.31036,0.00000,2.49999,-0.19269
2110,8.0330,2.49999,1.04083,-0.12936,0.063333,0.31030,0.00000,2.49999,-0.12936
2111,5.7540,2.49999,1.04083,-0.12936,0.000000,0.31030,0.00000,2.49999,-0.12936
2112,8.0370,2.49999,1.04083,-0.06603,0.063333,0.31030,0.00000,2.49999,-0.06603
2113,5.7590,2.49999,1.04083,-0.06603,0.000000,0.31036,0.00000,2.49999,-0.06603
2114,6.9310,2.49999,1.04083,-0.06603,0.000000,0.31030,0.00000,2.49999,-0.06603
2115,8.0740,2.49999,1.04083,-0.00269,0.063333,0.31030,0.00000,2.49999,-0.00269
2116,5.7090,2.49999,1.04083,-0.00269,0.000000,0.31036,0.00000,2.49999,-0.00269
2117,8.0480,2.49999,1.04083,0.06064,0.063333,0.31030,0.00000,2.49999,0.06064
2118,5.7680,2.49999,1.04083,0.06064,0.000000,0.31030,0.00000,2.49999,0.06064
2119,6.8790,2.49999,1.04083,0.06064,0.000000,0.31030,0.00000,2.49999,0.06064
2120,8.2470,2.49999,1.04083,0.12397,0.063333,0.31036,0.00000,2.49999,0.12397
2121,5.5610,2.49999,1.04083,0.12397,0.000000,0.31030,0.00000,2.49999,0.12397
2122,8.1860,2.49999,1.04083,0.18731,0.063333,0.31030,0.00000,2.49999,0.18731
2123,5.6180,2.49999,1.04083,0.18731,0.000000,0.31036,0.00000,2.49999,0.18731
2124,8.0880,2.49999,1.04083,0.25064,0.063333,0.31030,0.00000,2.49999,0.25064
2125,5.7230,2.49999,1.04083,0.25064,0.000000,0.31030,0.00000,2.49999,0.25064
2126,12.0590,2.49999,1.04083,0.25064,0.000000,0.31036,0.00000,2.49999,0.25064
2127,2.9920,2.49999,1.04083,0.31397,0.063333,0.31030,0.00000,2.49999,0.31397
2128,5.6260,2.49999,1.04083,0.31397,0.000000,0.31030,0.00000,2.49999,0.31397
2129,8.1390,2.49999,1.04083,0.37731,0.063333,0.31030,0.00000,2.49999,0.37731
2130,5.6690,2.49999,1.04083,0.37731,0.000000,0.31036,0.00000,2.49999,0.37731
2131,6.8990,2.49999,1.04083,0.37731,0.000000,0.31030,0.00000,2.49999,0.37731
2132,8.2540,2.49999,1.04083,0.44064,0.063333,0.31030,0.00000,2.49999,0.44064
2133,5.5390,2.49999,1.04083,0.44064,0.000000,0.31036,0.00000,2.49999,0.44064
2134,8.1860,2.49999,1.04083,0.50397,0.063333,0.31030,0.00000,2.49999,0.50397
2135,5.6170,2.49999,1.04083,0.50397,0.000000,0.31030,0.00000,2.49999,0.50397
2136,6.9010,2.49999,1.04083,0.50397,0.000000,0.31036,0.00000,2.49999,0.50397
2137,8.6580,2.49999,1.04083,0.56731,0.063333,0.31030,0.00000,2.49999,0.56731
2138,5.1440,2.49999,1.04083,0.56731,0.000000,0.31030,0.00000,2.49999,0.56731
2139,8.0990,2.49999,1.04083,0.63064,0.063333,0.31030,0.00000,2.49999,0.63064
2140,5.6920,2.49999,1.04083,0.63064,0.000000,0.31036,0.00000,2.49999,0.63064
2141,8.0760,2.49999,1.04083,0.69397,0.063333,0.31030,0.00000,2.49999,0.69397
2142,5.7290,2.49999,1.04083,0.69397,0.000000,0.31030,0.00000,2.49999,0.69397
2143,6.8900,2.49999,1.04083,0.69397,0.000000,0.31036,0.00000,2.49999,0.69397
2144,8.1290,2.49999,1.04083,0.75731,0.063333,0.31030,0.00000,2.49999,0.75731
2145,5.6720,2.49999,1.04083,0.75731,0.000000,0.31030,0.00000,2.49999,0.75731
2146,8.0980,2.49999,1.04083,0.82064,0.063333,0.31036,0.00000,2.49999,0.82064
2147,5.7040,2.49999,1.04083,0.82064,0.000000,0.31030,0.00000,2.49999,0.82064
2148,6.8910,2.49999,1.04083,0.82064,0.000000,0.31030,0.00000,2.49999,0.82064
2149,8.2480,2.49999,1.04083,0.88397,0.063333,0.31030,0.00000,2.49999,0.88397
2150,5.5670,2.49999,1.04083,0.88397,0.000000,0.31030,0.00000,2.49999,0.88397
2151,8.1890,2.49999,1.04083,0.94731,0.063333,0.31030,0.00000,2.49999,0.94731
2152,5.6450,2.49999,1.04083,0.94731,0.000000,0.31036,0.00000,2.49999,0.94731
2153,8.2870,2.49999,1.04083,1.01064,0.063333,0.31030,0.00000,2.49999,1.01064
2154,5.5360,2.49999,1.04083,1.01064,0.000000,0.31030,0.00000,2.49999,1.01064
2155,6.8580,2.49999,1.04083,1.01064,0.000000,0.31030,0.00000,2.49999,1.01064
2156,13.5950,2.49999,1.04083,1.07397,0.063333,0.31036,0.00000,2.49999,1.07397
2157,0.1860,2.49999,1.04083,1.07397,0.000000,0.31030,0.00000,2.49999,1.07397
2158,8.3980,2.49999,1.04083,1.13731,0.063333,0.31030,0.00000,2.49999,1.13731
2159,5.4560,2.49999,1.04083,1.13731,0.000000,0.31036,0.00000,2.49999,1.13731
2160,6.8740,2.49999,1.04083,1.13731,0.000000,0.31030,0.00000,2.49999,1.13731
2161,8.3750,2.49999,1.04083,1.20064,0.063333,0.31030,0.00000,2.49999,1.20064
2162,5.4040,2.49999,1.04083,1.20064,0.000000,0.31036,0.00000,2.49999,1.20064
2163,9.0620,2.49999,1.04083,1.26397,0.063333,0.31030,0.00000,2.49999,1.26397
2164,4.7350,2.49999,1.04083,1.26397,0.000000,0.31030,0.00000,2.49999,1.26397
2165,6.8950,2.49999,1.04083,1.26397,0.000000,0.31030,0.00000,2.49999,1.26397
2166,8.0760,2.49999,1.04083,1.32731,0.063333,0.31036,0.00000,2.49999,1.32731
2167,5.7750,2.49999,1.04083,1.32731,0.000000,0.31030,0.00000,2.49999,1.32731
2168,7.9700,2.49999,1.04083,1.39064,0.063333,0.31030,0.00000,2.49999,1.39064
2169,5.7790,2.49999,1.04083,1.39064,0.000000,0.31036,0.00000,2.49999,1.39064
2170,8.0260,2.49999,1.04083,1.45397,0.063333,0.31030,0.00000,2.49999,1.45397
2171,5.7770,2.49999,1.04083,1.45397,0.000000,0.31030,0.00000,2.49999,1.45397
2172,6.9060,2.49999,1.04083,1.45397,0.000000,0.31036,0.00000,2.49999,1.45397
2173,8.0340,2.49999,1.04083,1.51731,0.063333,0.31030,0.00000,2.49999,1.51731
2174,5.7640,2.49999,1.04083,1.51731,0.000000,0.31030,0.00000,2.49999,1.51731
2175,8.1340,2.49999,1.04083,1.58064,0.063333,0.31030,0.00000,2.49999,1.58064
2176,5.6620,2.49999,1.04083,1.58064,0.000000,0.31036,0.00000,2.49999,1.58064
2177,6.9070,2.49999,1.04083,1.58064,0.000000,0.31030,0.00000,2.49999,1.58064
2178,8.1410,2.50000,1.04083,1.64397,0.063333,0.31030,0.00000,2.50000,1.64397
2179,5.6510,2.50000,1.04083,1.64397,0.000000,0.31036,0.00000,2.50000,1.64397
2180,8.0370,2.50000,1.04083,1.70731,0.063333,0.31030,0.00000,2.50000,1.70731
2181,5.7630,2.50000,1.04083,1.70731,0.000000,0.31030,0.00000,2.50000,1.70731
2182,8.3080,2.50000,1.04083,1.77064,0.063333,0.31030,0.00000,2.50000,1.77064
2183,5.5080,2.50000,1.04083,1.77064,0.000000,0.31036,0.00000,2.50000,1.77064
2184,6.9370,2.50000,1.04083,1.77064,0.000000,0.31030,0.00000,2.50000,1.77064
2185,8.3470,2.50000,1.04083,1.83397,0.063333,0.31030,0.00000,2.50000,1.83397
2186,7.1010,2.50000,1.04083,1.83397,0.000000,0.31036,0.00000,2.50000,1.83397
2187,6.5120,2.50000,1.04083,1.89731,0.063333,0.31030,0.00000,2.50000,1.89731
2188,5.6090,2.50000,1.04083,1.89731,0.000000,0.31030,0.00000,2.50000,1.89731
2189,6.8670,2.50000,1.04083,1.89731,0.000000,0.31036,0.00000,2.50000,1.89731
2190,8.1390,2.50000,1.04083,1.96064,0.063333,0.31030,0.00000,2.50000,1.96064
2191,5.6730,2.50000,1.04083,1.96064,0.000000,0.31030,0.00000,2.50000,1.96064
2192,8.1000,2.50000,1.04083,2.02397,0.063333,0.31030,0.00000,2.50000,2.02397
2193,5.6830,2.50000,1.04083,2.02397,0.000000,0.31036,0.00000,2.50000,2.02397
2194,6.9170,2.50000,1.04083,2.02397,0.000000,0.31030,0.00000,2.50000,2.02397
2195,8.0810,2.50000,1.04083,2.08731,0.063333,0.31030,0.00000,2.50000,2.08731
2196,5.7220,2.50000,1.04083,2.08731,0.000000,0.31036,0.00000,2.50000,2.08731
2197,8.7510,2.50000,1.04083,2.15064,0.063333,0.31030,0.00000,2.50000,2.15064
2198,5.0500,2.50000,1.04083,2.15064,0.000000,0.31030,0.00000,2.50000,2.15064
2199,8.0490,2.50000,1.04083,2.21397,0.063333,0.31036,0.00000,2.50000,2.21397
2200,5.7500,2.50000,1.04083,2.21397,0.000000,0.31024,0.00000,2.50000,2.21397
2201,6.9020,2.50000,1.04083,2.21397,0.000000,0.31030,0.00000,2.50000,2.21397
2202,8.0580,2.50000,1.04083,2.27731,0.063333,0.31036,0.00000,2.50000,2.27731
2203,5.7390,2.50000,1.04083,2.27731,0.000000,0.31030,0.00000,2.50000,2.27731
2204,8.0860,2.50000,1.04083,2.34064,0.063333,0.31030,0.00000,2.50000,2.34064
2205,5.7150,2.50000,1.04083,2.34064,0.000000,0.31036,0.00000,2.50000,2.34064
2206,6.8840,2.50000,1.04083,2.34064,0.000000,0.31030,0.00000,2.50000,2.34064
2207,8.4460,2.50000,1.04083,2.40397,0.063333,0.31030,0.00000,2.50000,2.40397
2208,5.3620,2.50000,1.04083,2.40397,0.000000,0.31036,0.00000,2.50000,2.40397
2209,8.1630,2.50000,1.04083,2.46731,0.063333,0.31030,0.00000,2.50000,2.46731
2210,5.6460,2.50000,1.04083,2.46731,0.000000,0.31030,0.00000,2.50000,2.46731
2211,8.1460,2.50000,1.04083,2.53064,0.063333,0.31030,0.00000,2.50000,2.53064
2212,5.6890,2.50000,1.04083,2.53064,0.000000,0.31036,0.00000,2.50000,2.53064
2213,6.8630,2.50000,1.04083,2.53064,0.000000,0.31030,0.00000,2.50000,2.53064
2214,8.2130,2.50000,1.04083,2.59397,0.063333,0.31030,0.00000,2.50000,2.59397
2215,5.5830,2.50000,1.04083,2.59397,0.000000,0.31036,0.00000,2.50000,2.59397
2216,12.7280,2.50000,1.04083,2.65731,0.063333,0.31030,0.00000,2.50000,2.65731
2217,1.0840,2.50000,1.04083,2.65731,0.000000,0.31030,0.00000,2.50000,2.65731
2218,6.8930,2.50000,1.04083,2.65731,0.000000,0.31030,0.00000,2.50000,2.65731
2219,8.1160,2.50000,1.04083,2.72064,0.063333,0.31036,0.00000,2.50000,2.72064
2220,5.6810,2.50000,1.04083,2.72064,0.000000,0.31030,0.00000,2.50000,2.72064
2221,8.6040,2.50000,1.04083,2.78036,0.059722,0.31030,0.00000,2.50000,2.78036
2222,5.2010,2.50000,1.04083,2.78036,0.000000,0.31036,0.00000,2.50000,2.78036
2223,6.8950,2.50000,1.04083,2.78036,0.000000,0.31030,0.00000,2.50000,2.78036
2224,8.1050,2.50000,1.04083,2.83647,0.056111,0.31030,0.00000,2.50000,2.83647
2225,5.6930,2.50000,1.04083,2.83647,0.000000,0.31036,0.00000,2.50000,2.83647
2226,8.1310,2.50000,1.04083,2.88897,0.052500,0.31030,0.00000,2.50000,2.88897
2227,5.6990,2.50000,1.04083,2.88897,0.000000,0.31030,0.00000,2.50000,2.88897
2228,8.1100,2.50000,1.04083,2.93786,0.048889,0.31030,0.00000,2.50000,2.93786
2229,5.6510,2.50000,1.04083,2.93786,0.000000,0.31036,0.00000,2.50000,2.93786
2230,6.9160,2.50000,1.04083,2.93786,0.000000,0.31030,0.00000,2.50000,2.93786
2231,8.0560,2.50000,1.04083,2.98314,0.045278,0.31030,0.00000,2.50000,2.98314
2232,5.7320,2.50000,1.04083,2.98314,0.000000,0.31036,0.00000,2.50000,2.98314
2233,8.1260,2.50000,1.04083,3.02481,0.041667,0.31030,0.00000,2.50000,3.02481
2234,5.6850,2.50000,1.04083,3.02481,0.000000,0.31030,0.00000,2.50000,3.02481
2235,6.8970,2.50000,1.04083,3.02481,0.000000,0.31036,0.00000,2.50000,3.02481
2236,8.1490,2.50000,1.04083,3.06286,0.038056,0.31030,0.00000,2.50000,3.06286
2237,5.6580,2.50000,1.04083,3.06286,0.000000,0.31030,0.00000,2.50000,3.06286
2238,8.1990,2.50000,1.04083,3.09731,0.034444,0.31030,0.00000,2.50000,3.09731
2239,5.6020,2.50000,1.04083,3.09731,0.000000,0.31036,0.00000,2.50000,3.09731
2240,8.5190,2.50000,1.04083,3.12814,0.030833,0.31030,0.00000,2.50000,3.12814
2241,5.2920,2.50000,1.04083,3.12814,0.000000,0.31030,0.00000,2.50000,3.12814
2242,6.8920,2.50000,1.04083,3.12814,0.000000,0.31036,0.00000,2.50000,3.12814
2243,8.1050,2.50000,1.04083,3.15536,0.027222,0.31030,0.00000,2.50000,3.15536
2244,5.7500,2.50000,1.04083,3.15536,0.000000,0.31030,0.00000,2.50000,3.15536
2245,8.2920,2.50000,1.04083,3.17897,0.023611,0.31030,0.00000,2.50000,3.17897
2246,10.2070,2.50000,1.04083,3.17897,0.000000,0.31036,0.00000,2.50000,3.17897
2247,2.1360,2.50000,1.04083,3.17897,0.000000,0.31030,0.00000,2.50000,3.17897
2248,8.5760,2.50000,1.04083,3.19897,0.020000,0.31030,0.00000,2.50000,3.19897
2249,5.2250,2.50000,1.04083,3.19897,0.000000,0.31036,0.00000,2.50000,3.19897
2250,8.1010,2.50000,1.04083,3.20953,0.010556,0.31030,0.00000,2.50000,3.20953
2251,5.6910,2.50000,1.04083,3.20953,0.000000,0.31030,0.00000,2.50000,3.20953
2252,6.9080,2.50000,1.04083,3.20953,0.000000,0.31030,0.00000,2.50000,3.20953
2253,8.5860,2.50000,1.04083,3.21064,0.001111,0.31030,0.00000,2.50000,3.21064
2254,5.2080,2.50000,1.04083,3.21064,0.000000,0.31030,0.00000,2.50000,3.21064
2255,8.0680,2.50000,1.04083,3.20925,0.001389,0.31036,0.00000,2.50000,3.20925
2256,5.7350,2.50000,1.04083,3.20925,0.000000,0.31030,0.00000,2.50000,3.20925
2257,8.0990,2.50000,1.04083,3.20536,0.003889,0.31030,0.00000,2.50000,3.20536
2258,5.7050,2.50000,1.04083,3.20536,0.000000,0.31036,0.00000,2.50000,3.20536
2259,6.8960,2.50000,1.04083,3.20536,0.000000,0.31030,0.00000,2.50000,3.20536
2260,8.1840,2.50000,1.04083,3.19897,0.006389,0.31030,0.00000,2.50000,3.19897
2261,5.6180,2.50000,1.04083,3.19897,0.000000,0.31036,0.00000,2.50000,3.19897
2262,8.1840,2.50000,1.04083,3.19008,0.008889,0.31030,0.00000,2.50000,3.19008
2263,5.6200,2.50000,1.04083,3.19008,0.000000,0.31030,0.00000,2.50000,3.19008
2264,6.8810,2.50000,1.04083,3.19008,0.000000,0.31030,0.00000,2.50000,3.19008
2265,8.0790,2.50000,1.04083,3.17869,0.011389,0.31036,0.00000,2.50000,3.17869
2266,5.7300,2.50000,1.04083,3.17869,0.000000,0.31030,0.00000,2.50000,3.17869
2267,8.1220,2.50000,1.04083,3.16480,0.013889,0.31030,0.00000,2.50000,3.16480
2268,5.6860,2.50000,1.04083,3.16480,0.000000,0.31036,0.00000,2.50000,3.16480
2269,8.1290,2.50000,1.04083,3.14842,0.016389,0.31030,0.00000,2.50000,3.14842
2270,5.6770,2.50000,1.04083,3.14842,0.000000,0.31030,0.00000,2.50000,3.14842
2271,6.8900,2.50000,1.04083,3.14842,0.000000,0.31036,0.00000,2.50000,3.14842
2272,8.1690,2.50000,1.04083,3.12953,0.018889,0.31030,0.00000,2.50000,3.12953
2273,5.6300,2.50000,1.04083,3.12953,0.000000,0.31030,0.00000,2.50000,3.12953
2274,8.1740,2.50000,1.04083,3.10814,0.021389,0.31030,0.00000,2.50000,3.10814
2275,5.6400,2.50000,1.04083,3.10814,0.000000,0.31036,0.00000,2.50000,3.10814
2276,11.6690,2.50000,1.04083,3.10814,0.000000,0.31030,0.00000,2.50000,3.10814
2277,3.6140,2.50000,1.04083,3.08425,0.023889,0.31030,0.00000,2.50000,3.08425
2278,5.4260,2.50000,1.04083,3.08425,0.000000,0.31036,0.00000,2.50000,3.08425
2279,8.3000,2.50000,1.04083,3.05786,0.026389,0.31030,0.00000,2.50000,3.05786
2280,5.4910,2.50000,1.04083,3.05786,0.000000,0.31030,0.00000,2.50000,3.05786
2281,6.9240,2.50000,1.04083,3.05786,0.000000,0.31030,0.00000,2.50000,3.05786
2282,8.1550,2.50000,1.04083,3.02897,0.028889,0.31036,0.00000,2.50000,3.02897
2283,5.6080,2.50000,1.04083,3.02897,0.000000,0.31030,0.00000,2.50000,3.02897
2284,8.2010,2.50000,1.04083,2.99758,0.031389,0.31030,0.00000,2.50000,2.99758
2285,5.5990,2.50000,1.04083,2.99758,0.000000,0.31036,0.00000,2.50000,2.99758
2286,8.1250,2.50000,1.04083,2.96369,0.033889,0.31030,0.00000,2.50000,2.96369
2287,5.7050,2.50000,1.04083,2.96369,0.000000,0.31030,0.00000,2.50000,2.96369
2288,6.8760,2.50000,1.04083,2.96369,0.000000,0.31036,0.00000,2.50000,2.96369
2289,8.1980,2.50000,1.04083,2.92730,0.036389,0.31030,0.00000,2.50000,2.92730
2290,5.6150,2.50000,1.04083,2.92730,0.000000,0.31030,0.00000,2.50000,2.92730
2291,8.2250,2.50000,1.04083,2.88842,0.038889,0.31030,0.00000,2.50000,2.88842
2292,5.5650,2.50000,1.04083,2.88842,0.000000,0.31036,0.00000,2.50000,2.88842
2293,6.9260,2.50000,1.04083,2.88842,0.000000,0.31030,0.00000,2.50000,2.88842
2294,8.3830,2.50000,1.04083,2.84703,0.041389,0.31030,0.00000,2.50000,2.84703
2295,5.4020,2.50000,1.04083,2.84703,0.000000,0.31036,0.00000,2.50000,2.84703
2296,8.2290,2.50000,1.04083,2.80314,0.043889,0.31030,0.00000,2.50000,2.80314
2297,5.5660,2.50000,1.04083,2.80314,0.000000,0.31030,0.00000,2.50000,2.80314
2298,8.2320,2.50000,1.04083,2.75675,0.046389,0.31036,0.00000,2.50000,2.75675
2299,5.5830,2.50000,1.04083,2.75675,0.000000,0.31030,0.00000,2.50000,2.75675
2300,6.8840,2.50000,1.04083,2.75675,0.000000,0.31244,0.00000,2.50000,2.75675
2301,8.3380,2.50000,1.04083,2.70786,0.048889,0.31250,0.00000,2.50000,2.70786
2302,5.4930,2.50000,1.04083,2.70786,0.000000,0.31256,0.00000,2.50000,2.70786
2303,8.2460,2.50000,1.04083,2.65647,0.051389,0.31250,0.00000,2.50000,2.65647
2304,5.5690,2.50000,1.04083,2.65647,0.000000,0.31250,0.00000,2.50000,2.65647
2305,8.5350,2.50000,1.04083,2.65647,0.000000,0.31250,0.00000,2.50000,2.65647
2306,6.7680,2.50000,1.04083,2.60258,0.053889,0.31244,0.00000,2.50000,2.60258
2307,5.3580,2.50000,1.04083,2.60258,0.000000,0.31250,0.00000,2.50000,2.60258
2308,8.2890,2.50000,1.04083,2.54619,0.056389,0.31250,0.00000,2.50000,2.54619
2309,5.5070,2.50000,1.04083,2.54619,0.000000,0.31250,0.00000,2.50000,2.54619
2310,8.8190,2.50000,1.04083,2.48730,0.058889,0.31250,0.00000,2.50000,2.48730
2311,4.9860,2.50000,1.04083,2.48730,0.000000,0.31256,0.00000,2.50000,2.48730
2312,6.9320,2.50000,1.04083,2.48730,0.000000,0.31250,0.00000,2.50000,2.48730
2313,8.1920,2.50000,1.04083,2.42592,0.061389,0.31250,0.00000,2.50000,2.42592
2314,5.5500,2.50000,1.04083,2.42592,0.000000,0.31250,0.00000,2.50000,2.42592
2315,8.2870,2.50000,1.04083,2.36258,0.063333,0.31244,0.00000,2.50000,2.36258
2316,5.5420,2.50000,1.04083,2.36258,0.000000,0.31250,0.00000,2.50000,2.36258
2317,6.9310,2.50000,1.04083,2.36258,0.000000,0.31250,0.00000,2.50000,2.36258
2318,8.3020,2.50000,1.04083,2.29925,0.063333,0.31250,0.00000,2.50000,2.29925
2319,5.4550,2.50000,1.04083,2.29925,0.000000,0.31250,0.00000,2.50000,2.29925
2320,8.1370,2.50000,1.04083,2.23592,0.063333,0.31256,0.00000,2.50000,2.23592
2321,5.6520,2.50000,1.04083,2.23592,0.000000,0.31250,0.00000,2.50000,2.23592
2322,8.1900,2.50000,1.04083,2.17258,0.063333,0.31250,0.00000,2.50000,2.17258
2323,5.6250,2.50000,1.04083,2.17258,0.000000,0.31250,0.00000,2.50000,2.17258
2324,6.8890,2.50000,1.04083,2.17258,0.000000,0.31244,0.00000,2.50000,2.17258
2325,8.6030,2.50000,1.04083,2.10925,0.063333,0.31250,0.00000,2.50000,2.10925
2326,5.1990,2.50000,1.04083,2.10925,0.000000,0.31250,0.00000,2.50000,2.10925
2327,8.3710,2.50000,1.04083,2.04592,0.063333,0.31250,0.00000,2.50000,2.04592
2328,5.4390,2.50000,1.04083,2.04592,0.000000,0.31250,0.00000,2.50000,2.04592
2329,6.9120,2.50000,1.04083,2.04592,0.000000,0.31256,0.00000,2.50000,2.04592
2330,8.4060,2.50000,1.04083,1.98258,0.063333,0.31250,0.00000,2.50000,1.98258
2331,5.3760,2.50000,1.04083,1.98258,0.000000,0.31250,0.00000,2.50000,1.98258
2332,8.3090,2.50000,1.04083,1.91925,0.063333,0.31250,0.00000,2.50000,1.91925
2333,5.4970,2.50000,1.04083,1.91925,0.000000,0.31244,0.00000,2.50000,1.91925
2334,13.0030,2.50000,1.04083,1.85592,0.063333,0.31250,0.00000,2.50000,1.85592
2335,0.7760,2.50000,1.04083,1.85592,0.000000,0.31250,0.00000,2.50000,1.85592
2336,6.9040,2.50000,1.04083,1.85592,0.000000,0.31250,0.00000,2.50000,1.85592
2337,8.2130,2.50000,1.04083,1.79258,0.063333,0.31250,0.00000,2.50000,1.79258
2338,5.5870,2.50000,1.04083,1.79258,0.000000,0.31256,0.00000,2.50000,1.79258
2339,8.1220,2.50000,1.04083,1.72925,0.063333,0.31250,0.00000,2.50000,1.72925
2340,5.6760,2.50000,1.04083,1.72925,0.000000,0.31250,0.00000,2.50000,1.72925
2341,6.9060,2.50000,1.04083,1.72925,0.000000,0.31250,0.00000,2.50000,1.72925
2342,8.1080,2.50000,1.04083,1.66592,0.063333,0.31244,0.00000,2.50000,1.66592
2343,5.6820,2.50000,1.04083,1.66592,0.000000,0.31250,0.00000,2.50000,1.66592
2344,8.1450,2.50000,1.04083,1.60258,0.063333,0.31250,0.00000,2.50000,1.60258
2345,5.6820,2.50000,1.04083,1.60258,0.000000,0.31250,0.00000,2.50000,1.60258
2346,8.1710,2.50000,1.04083,1.53925,0.063333,0.31250,0.00000,2.50000,1.53925
2347,5.6520,2.50000,1.04083,1.53925,0.000000,0.31256,0.00000,2.50000,1.53925
2348,6.8580,2.50000,1.04083,1.53925,0.000000,0.31250,0.00000,2.50000,1.53925
2349,8.2060,2.50000,1.04083,1.47592,0.063333,0.31250,0.00000,2.50000,1.47592
2350,5.5940,2.50000,1.04083,1.47592,0.000000,0.31250,0.00000,2.50000,1.47592
2351,8.1430,2.50000,1.04083,1.41258,0.063333,0.31244,0.00000,2.50000,1.41258
2352,5.6730,2.50000,1.04083,1.41258,0.000000,0.31250,0.00000,2.50000,1.41258
2353,6.8870,2.50000,1.04083,1.41258,0.000000,0.31250,0.00000,2.50000,1.41258
2354,8.1900,2.50000,1.04083,1.34925,0.063333,0.31250,0.00000,2.50000,1.34925
2355,5.6250,2.50000,1.04083,1.34925,0.000000,0.31250,0.00000,2.50000,1.34925
2356,8.1070,2.50000,1.04083,1.28592,0.063333,0.31256,0.00000,2.50000,1.28592
2357,5.6890,2.50000,1.04083,1.28592,0.000000,0.31250,0.00000,2.50000,1.28592
2358,8.1160,2.50000,1.04083,1.22258,0.063333,0.31250,0.00000,2.50000,1.22258
2359,5.6730,2.50000,1.04083,1.22258,0.000000,0.31250,0.00000,2.50000,1.22258
2360,6.8850,2.50000,1.04083,1.22258,0.000000,0.31244,0.00000,2.50000,1.22258
2361,8.1680,2.50000,1.04083,1.15925,0.063333,0.31250,0.00000,2.50000,1.15925
2362,5.6840,2.50000,1.04083,1.15925,0.000000,0.31250,0.00000,2.50000,1.15925
2363,10.1730,2.50000,1.04083,1.09592,0.063333,0.31250,0.00000,2.50000,1.09592
2364,3.5860,2.50000,1.04083,1.09592,0.000000,0.31250,0.00000,2.50000,1.09592
2365,6.9120,2.50000,1.04083,1.09592,0.000000,0.31256,0.00000,2.50000,1.09592
2366,8.4350,2.50000,1.04083,1.03258,0.063333,0.31250,0.00000,2.50000,1.03258
2367,5.3640,2.50000,1.04083,1.03258,0.000000,0.31250,0.00000,2.50000,1.03258
2368,8.3540,2.50000,1.04083,0.96925,0.063333,0.31250,0.00000,2.50000,0.96925
2369,5.4780,2.50000,1.04083,0.96925,0.000000,0.31244,0.00000,2.50000,0.96925
2370,8.3960,2.50000,1.04083,0.90592,0.063333,0.31250,0.00000,2.50000,0.90592
2371,5.4140,2.50000,1.04083,0.90592,0.000000,0.31250,0.00000,2.50000,0.90592
2372,6.8960,2.50000,1.04083,0.90592,0.000000,0.31250,0.00000,2.50000,0.90592
2373,8.4110,2.50000,1.04083,0.84258,0.063333,0.31250,0.00000,2.50000,0.84258
2374,5.3650,2.50000,1.04083,0.84258,0.000000,0.31256,0.00000,2.50000,0.84258
2375,8.4930,2.50000,1.04083,0.77925,0.063333,0.31250,0.00000,2.50000,0.77925
2376,5.3450,2.50000,1.04083,0.77925,0.000000,0.31250,0.00000,2.50000,0.77925
2377,6.9170,2.50000,1.04083,0.77925,0.000000,0.31250,0.00000,2.50000,0.77925
2378,8.3610,2.50000,1.04083,0.71592,0.063333,0.31244,0.00000,2.50000,0.71592
2379,5.4020,2.50000,1.04083,0.71592,0.000000,0.31250,0.00000,2.50000,0.71592
2380,8.4080,2.50000,1.04083,0.65258,0.063333,0.31250,0.00000,2.50000,0.65258
2381,5.4000,2.50000,1.04083,0.65258,0.000000,0.31250,0.00000,2.50000,0.65258
2382,8.4270,2.50000,1.04083,0.58925,0.063333,0.31250,0.00000,2.50000,0.58925
2383,5.3810,2.50000,1.04083,0.58925,0.000000,0.31256,0.00000,2.50000,0.58925
2384,6.9470,2.50000,1.04083,0.58925,0.000000,0.31250,0.00000,2.50000,0.58925
2385,8.3980,2.50000,1.04083,0.52592,0.063333,0.31250,0.00000,2.50000,0.52592
2386,5.3980,2.50000,1.04083,0.52592,0.000000,0.31250,0.00000,2.50000,0.52592
2387,8.2460,2.50000,1.04083,0.46258,0.063333,0.31244,0.00000,2.50000,0.46258
2388,5.4600,2.50000,1.04083,0.46258,0.000000,0.31250,0.00000,2.50000,0.46258
2389,6.8990,2.50000,1.04083,0.46258,0.000000,0.31250,0.00000,2.50000,0.46258
2390,8.2600,2.50000,1.04083,0.39925,0.063333,0.31250,0.00000,2.50000,0.39925
2391,5.5530,2.50000,1.04083,0.39925,0.000000,0.31250,0.00000,2.50000,0.39925
2392,10.3450,2.50000,1.04083,0.33592,0.063333,0.31256,0.00000,2.50000,0.33592
2393,3.4420,2.50000,1.04083,0.33592,0.000000,0.31250,0.00000,2.50000,0.33592
2394,8.1600,2.50000,1.04083,0.27258,0.063333,0.31250,0.00000,2.50000,0.27258
2395,5.6480,2.50000,1.04083,0.27258,0.000000,0.31250,0.00000,2.50000,0.27258
2396,6.8900,2.50000,1.04083,0.27258,0.000000,0.31244,0.00000,2.50000,0.27258
2397,8.1130,2.50000,1.04083,0.20925,0.063333,0.31250,0.00000,2.50000,0.20925
2398,5.6830,2.50000,1.04083,0.20925,0.000000,0.31250,0.00000,2.50000,0.20925
2399,8.1330,2.50000,1.04083,0.14592,0.063333,0.31250,0.00000,2.50000,0.14592
2400,5.6750,2.50000,1.04083,0.14592,0.000000,0.31250,0.00000,2.50000,0.14592
2401,6.8740,2.50000,1.04083,0.14592,0.000000,0.31256,0.00000,2.50000,0.14592
2402,8.1520,2.50000,1.04083,0.08258,0.063333,0.31250,0.00000,2.50000,0.08258
2403,5.6670,2.50000,1.04083,0.08258,0.000000,0.31250,0.00000,2.50000,0.08258
2404,8.0880,2.50000,1.04083,0.01925,0.063333,0.31250,0.00000,2.50000,0.01925
2405,5.7190,2.50000,1.04083,0.01925,0.000000,0.31244,0.00000,2.50000,0.01925
2406,8.0240,2.50000,1.04083,-0.04408,0.063333,0.31250,0.00000,2.50000,-0.04408
2407,5.7930,2.50000,1.04083,-0.04408,0.000000,0.31250,0.00000,2.50000,-0.04408
2408,6.8760,2.50000,1.04083,-0.04408,0.000000,0.31250,0.00000,2.50000,-0.04408
2409,8.1560,2.50000,1.04083,-0.10742,0.063333,0.31250,0.00000,2.50000,-0.10742
2410,5.6770,2.50000,1.04083,-0.10742,0.000000,0.31256,0.00000,2.50000,-0.10742
2411,8.0850,2.50000,1.04083,-0.17075,0.063333,0.31250,0.00000,2.50000,-0.17075
2412,5.6820,2.50000,1.04083,-0.17075,0.000000,0.31250,0.00000,2.50000,-0.17075
2413,6.9010,2.50000,1.04083,-0.17075,0.000000,0.31250,0.00000,2.50000,-0.17075
2414,8.0960,2.50000,1.04083,-0.23408,0.063333,0.31244,0.00000,2.50000,-0.23408
2415,5.7160,2.50000,1.04083,-0.23408,0.000000,0.31250,0.00000,2.50000,-0.23408
2416,8.0670,2.50000,1.04083,-0.29742,0.063333,0.31250,0.00000,2.50000,-0.29742
2417,5.7360,2.50000,1.04083,-0.29742,0.000000,0.31250,0.00000,2.50000,-0.29742
2418,8.1320,2.50000,1.04083,-0.36075,0.063333,0.31250,0.00000,2.50000,-0.36075
2419,5.6570,2.50000,1.04083,-0.36075,0.000000,0.31256,0.00000,2.50000,-0.36075
2420,6.9010,2.50000,1.04083,-0.36075,0.000000,0.31250,0.00000,2.50000,-0.36075
2421,10.0400,2.50000,1.04083,-0.42408,0.063333,0.31250,0.00000,2.50000,-0.42408
2422,3.7980,2.50000,1.04083,-0.42408,0.000000,0.31250,0.00000,2.50000,-0.42408
2423,8.4870,2.50000,1.04083,-0.48742,0.063333,0.31244,0.00000,2.50000,-0.48742
2424,5.3280,2.50000,1.04083,-0.48742,0.000000,0.31250,0.00000,2.50000,-0.48742
2425,6.8680,2.50000,1.04083,-0.48742,0.000000,0.31250,0.00000,2.50000,-0.48742
2426,8.3900,2.50000,1.04083,-0.55075,0.063333,0.31250,0.00000,2.50000,-0.55075
2427,5.4310,2.50000,1.04083,-0.55075,0.000000,0.31250,0.00000,2.50000,-0.55075
2428,8.3640,2.50000,1.04083,-0.61408,0.063333,0.31256,0.00000,2.50000,-0.61408
2429,5.4180,2.50000,1.04083,-0.61408,0.000000,0.31250,0.00000,2.50000,-0.61408
2430,8.1540,2.50000,1.04083,-0.67742,0.063333,0.31250,0.00000,2.50000,-0.67742
2431,5.6160,2.50000,1.04083,-0.67742,0.000000,0.31250,0.00000,2.50000,-0.67742
2432,6.9040,2.50000,1.04083,-0.67742,0.000000,0.31244,0.00000,2.50000,-0.67742
2433,8.0650,2.50000,1.04083,-0.74075,0.063333,0.31250,0.00000,2.50000,-0.74075
2434,5.7390,2.50000,1.04083,-0.74075,0.000000,0.31250,0.00000,2.50000,-0.74075
2435,8.0740,2.50000,1.04083,-0.80408,0.063333,0.31250,0.00000,2.50000,-0.80408
2436,5.7110,2.50000,1.04083,-0.80408,0.000000,0.31250,0.00000,2.50000,-0.80408
2437,6.9300,2.50000,1.04083,-0.80408,0.000000,0.31256,0.00000,2.50000,-0.80408
2438,8.0800,2.50000,1.04083,-0.86742,0.063333,0.31250,0.00000,2.50000,-0.86742
2439,5.7170,2.50000,1.04083,-0.86742,0.000000,0.31250,0.00000,2.50000,-0.86742
2440,8.1560,2.50000,1.04083,-0.93075,0.063333,0.31250,0.00000,2.50000,-0.93075
2441,5.6230,2.50000,1.04083,-0.93075,0.000000,0.31244,0.00000,2.50000,-0.93075
2442,8.0650,2.50000,1.04083,-0.99408,0.063333,0.31110,0.00000,2.50000,-0.99408
2443,5.7290,2.50000,1.04083,-0.99408,0.000000,0.31030,0.00000,2.50000,-0.99408
2444,6.9230,2.50000,1.04083,-0.99408,0.000000,0.31036,0.00000,2.50000,-0.99408
2445,8.0700,2.50000,1.04083,-1.05742,0.063333,0.31030,0.00000,2.50000,-1.05742
2446,5.7150,2.50000,1.04083,-1.05742,0.000000,0.31036,0.00000,2.50000,-1.05742
2447,8.5340,2.50000,1.04083,-1.12075,0.063333,0.31024,0.00000,2.50000,-1.12075
2448,5.2620,2.50000,1.04083,-1.12075,0.000000,0.31036,0.00000,2.50000,-1.12075
2449,6.9180,2.50000,1.04083,-1.12075,0.000000,0.31030,0.00000,2.50000,-1.12075
2450,9.8970,2.50000,1.04083,-1.18408,0.063333,0.31036,0.00000,2.50000,-1.18408
2451,3.8850,2.50000,1.04083,-1.18408,0.000000,0.31024,0.00000,2.50000,-1.18408
2452,8.1030,2.50000,1.04083,-1.24742,0.063333,0.31036,0.00000,2.50000,-1.24742
2453,5.7110,2.50000,1.04083,-1.24742,0.000000,0.31030,0.00000,2.50000,-1.24742
2454,6.8810,2.50000,1.04083,-1.24742,0.000000,0.31036,0.00000,2.50000,-1.24742
2455,8.1090,2.50000,1.04083,-1.31075,0.063333,0.31030,0.00000,2.50000,-1.31075
2456,5.6970,2.50000,1.04083,-1.31075,0.000000,0.31036,0.00000,2.50000,-1.31075
2457,8.1790,2.50000,1.04083,-1.37408,0.063333,0.31024,0.00000,2.50000,-1.37408
2458,5.6430,2.50000,1.04083,-1.37408,0.000000,0.31036,0.00000,2.50000,-1.37408
2459,8.1130,2.50000,1.04083,-1.43742,0.063333,0.31030,0.00000,2.50000,-1.43742
2460,5.6940,2.50000,1.04083,-1.43742,0.000000,0.31036,0.00000,2.50000,-1.43742
2461,6.8830,2.50000,1.04083,-1.43742,0.000000,0.31024,0.00000,2.50000,-1.43742
2462,8.3040,2.50000,1.04083,-1.50075,0.063333,0.31036,0.00000,2.50000,-1.50075
2463,5.5250,2.50000,1.04083,-1.50075,0.000000,0.31030,0.00000,2.50000,-1.50075
2464,8.2690,2.50000,1.04083,-1.56047,0.059722,0.31036,0.00000,2.50000,-1.56047
2465,5.5120,2.50000,1.04083,-1.56047,0.000000,0.31030,0.00000,2.50000,-1.56047
2466,6.9170,2.50000,1.04083,-1.56047,0.000000,0.31036,0.00000,2.50000,-1.56047
2467,8.3940,2.50000,1.04083,-1.61658,0.056111,0.31024,0.00000,2.50000,-1.61658
2468,5.4170,2.50000,1.04083,-1.61658,0.000000,0.31036,0.00000,2.50000,-1.61658
2469,8.2260,2.50000,1.04083,-1.66908,0.052500,0.31030,0.00000,2.50000,-1.66908
2470,5.5260,2.50000,1.04083,-1.66908,0.000000,0.31036,0.00000,2.50000,-1.66908
2471,8.2230,2.50000,1.04083,-1.71797,0.048889,0.31024,0.00000,2.50000,-1.71797
2472,5.5780,2.50000,1.04083,-1.71797,0.000000,0.31036,0.00000,2.50000,-1.71797
2473,6.9240,2.50000,1.04083,-1.71797,0.000000,0.31030,0.00000,2.50000,-1.71797
2474,8.3920,2.50000,1.04083,-1.76325,0.045278,0.31036,0.00000,2.50000,-1.76325
2475,5.3990,2.50000,1.04083,-1.76325,0.000000,0.31030,0.00000,2.50000,-1.76325
2476,8.3030,2.50000,1.04083,-1.80492,0.041667,0.31024,0.00000,2.50000,-1.80492
2477,5.4750,2.50000,1.04083,-1.80492,0.000000,0.31036,0.00000,2.50000,-1.80492
2478,6.9200,2.50000,1.04083,-1.80492,0.000000,0.31030,0.00000,2.50000,-1.80492
2479,8.1430,2.50000,1.04083,-1.84297,0.038056,0.31036,0.00000,2.50000,-1.84297
2480,10.5290,2.50000,1.04083,-1.84297,0.000000,0.31024,0.00000,2.50000,-1.84297
2481,3.2360,2.50000,1.04083,-1.87742,0.034444,0.31036,0.00000,2.50000,-1.87742
2482,5.7100,2.50000,1.04083,-1.87742,0.000000,0.31030,0.00000,2.50000,-1.87742
2483,6.8740,2.50000,1.04083,-1.87742,0.000000,0.31036,0.00000,2.50000,-1.87742
2484,8.1330,2.50000,1.04083,-1.90825,0.030833,0.31030,0.00000,2.50000,-1.90825
2485,5.6560,2.50000,1.04083,-1.90825,0.000000,0.31036,0.00000,2.50000,-1.90825
2486,8.0530,2.50000,1.04083,-1.93547,0.027222,0.31024,0.00000,2.50000,-1.93547
2487,5.7610,2.50000,1.04083,-1.93547,0.000000,0.31036,0.00000,2.50000,-1.93547
2488,8.1130,2.50000,1.04083,-1.95908,0.023611,0.31030,0.00000,2.50000,-1.95908
2489,5.6740,2.50000,1.04083,-1.95908,0.000000,0.31036,0.00000,2.50000,-1.95908
2490,6.9050,2.50000,1.04083,-1.95908,0.000000,0.31024,0.00000,2.50000,-1.95908
2491,8.2150,2.50000,1.04083,-1.97908,0.020000,0.31036,0.00000,2.50000,-1.97908
2492,5.5990,2.50000,1.04083,-1.97908,0.000000,0.31030,0.00000,2.50000,-1.97908
2493,8.0760,2.50000,1.04083,-1.98964,0.010556,0.31036,0.00000,2.50000,-1.98964
2494,5.7070,2.50000,1.04083,-1.98964,0.000000,0.31024,0.00000,2.50000,-1.98964
2495,6.8860,2.50000,1.04083,-1.98964,0.000000,0.31042,0.00000,2.50000,-1.98964
2496,8.1660,2.50000,1.04083,-1.99075,0.001111,0.31024,0.00000,2.50000,-1.99075
2497,5.6880,2.50000,1.04083,-1.99075,0.000000,0.31036,0.00000,2.50000,-1.99075
2498,8.0930,2.50000,1.04083,-1.98936,0.001389,0.31030,0.00000,2.50000,-1.98936
2499,5.6640,2.50000,1.04083,-1.98936,0.000000,0.31036,0.00000,2.50000,-1.98936
2500,8.0660,2.50000,1.04083,-1.98547,0.003889,0.31024,0.00000,2.50000,-1.98547
2501,5.7250,2.50000,1.04083,-1.98547,0.000000,0.31036,0.00000,2.50000,-1.98547
2502,6.9510,2.50000,1.04083,-1.98547,0.000000,0.31030,0.00000,2.50000,-1.98547
2503,8.1560,2.50000,1.04083,-1.97908,0.006389,0.31036,0.00000,2.50000,-1.97908
2504,5.6120,2.50000,1.04083,-1.97908,0.000000,0.31024,0.00000,2.50000,-1.97908
2505,8.0790,2.50000,1.04083,-1.97019,0.008889,0.31036,0.00000,2.50000,-1.97019
2506,5.7130,2.50000,1.04083,-1.97019,0.000000,0.31030,0.00000,2.50000,-1.97019
2507,6.9090,2.50000,1.04083,-1.97019,0.000000,0.31036,0.00000,2.50000,-1.97019
2508,8.2090,2.50000,1.04083,-1.95880,0.011389,0.31030,0.00000,2.50000,-1.95880
2509,5.5890,2.50000,1.04083,-1.95880,0.000000,0.31036,0.00000,2.50000,-1.95880
2510,13.4870,2.50000,1.04083,-1.94492,0.013889,0.31024,0.00000,2.50000,-1.94492
2511,0.3430,2.50000,1.04083,-1.94492,0.000000,0.31036,0.00000,2.50000,-1.94492
2512,6.9320,2.50000,1.04083,-1.94492,0.000000,0.31030,0.00000,2.50000,-1.94492
2513,8.3930,2.50000,1.04083,-1.92853,0.016389,0.31036,0.00000,2.50000,-1.92853
2514,5.3870,2.50000,1.04083,-1.92853,0.000000,0.31024,0.00000,2.50000,-1.92853
2515,8.4180,2.50000,1.04083,-1.90964,0.018889,0.31036,0.00000,2.50000,-1.90964
2516,5.4080,2.50000,1.04083,-1.90964,0.000000,0.31030,0.00000,2.50000,-1.90964
2517,8.3230,2.50000,1.04083,-1.88825,0.021389,0.31036,0.00000,2.50000,-1.88825
2518,5.4340,2.50000,1.04083,-1.88825,0.000000,0.31030,0.00000,2.50000,-1.88825
2519,6.9090,2.50000,1.04083,-1.88825,0.000000,0.31036,0.00000,2.50000,-1.88825
2520,8.5050,2.50000,1.04083,-1.86436,0.023889,0.31024,0.00000,2.50000,-1.86436
2521,5.3060,2.50000,1.04083,-1.86436,0.000000,0.31036,0.00000,2.50000,-1.86436
2522,8.3870,2.50000,1.04083,-1.83797,0.026389,0.31030,0.00000,2.50000,-1.83797
2523,5.3990,2.50000,1.04083,-1.83797,0.000000,0.31036,0.00000,2.50000,-1.83797
2524,6.9260,2.50000,1.04083,-1.83797,0.000000,0.31024,0.00000,2.50000,-1.83797
2525,8.3840,2.50000,1.04083,-1.80908,0.028889,0.31036,0.00000,2.50000,-1.80908
2526,5.3830,2.50000,1.04083,-1.80908,0.000000,0.31030,0.00000,2.50000,-1.80908
2527,8.4390,2.50000,1.04083,-1.77769,0.031389,0.31030,0.00000,2.50000,-1.77769
2528,5.3600,2.50000,1.04083,-1.77769,0.000000,0.31036,0.00000,2.50000,-1.77769
2529,8.3960,2.50000,1.04083,-1.74380,0.033889,0.31024,0.00000,2.50000,-1.74380
2530,5.4140,2.50000,1.04083,-1.74380,0.000000,0.31036,0.00000,2.50000,-1.74380
2531,6.9440,2.50000,1.04083,-1.74380,0.000000,0.31030,0.00000,2.50000,-1.74380
2532,8.3760,2.50000,1.04083,-1.70742,0.036389,0.31036,0.00000,2.50000,-1.70742
2533,5.3740,2.50000,1.04083,-1.70742,0.000000,0.31024,0.00000,2.50000,-1.70742
2534,8.8590,2.50000,1.04083,-1.66853,0.038889,0.31036,0.00000,2.50000,-1.66853
2535,4.9320,2.50000,1.04083,-1.66853,0.000000,0.31030,0.00000,2.50000,-1.66853
2536,6.9510,2.50000,1.04083,-1.66853,0.000000,0.31036,0.00000,2.50000,-1.66853
2537,8.3820,2.50000,1.04083,-1.62714,0.041389,0.31030,0.00000,2.50000,-1.62714
2538,5.3750,2.50000,1.04083,-1.62714,0.000000,0.31036,0.00000,2.50000,-1.62714
2539,8.4060,2.50000,1.04083,-1.58325,0.043889,0.31024,0.00000,2.50000,-1.58325
2540,7.1340,2.50000,1.04083,-1.58325,0.000000,0.31036,0.00000,2.50000,-1.58325
2541,5.2120,2.50000,1.04083,-1.58325,0.000000,0.31030,0.00000,2.50000,-1.58325
2542,8.4610,2.50000,1.04083,-1.53686,0.046389,0.31036,0.00000,2.50000,-1.53686
2543,5.2740,2.50000,1.04083,-1.53686,0.000000,0.31024,0.00000,2.50000,-1.53686
2544,8.4550,2.50000,1.04083,-1.48797,0.048889,0.31036,0.00000,2.50000,-1.48797
2545,5.3800,2.50000,1.04083,-1.48797,0.000000,0.31030,0.00000,2.50000,-1.48797
2546,8.4360,2.50000,1.04083,-1.43658,0.051389,0.31036,0.00000,2.50000,-1.43658
2547,5.3740,2.50000,1.04083,-1.43658,0.000000,0.31030,0.00000,2.50000,-1.43658
2548,6.8750,2.50000,1.04083,-1.43658,0.000000,0.31036,0.00000,2.50000,-1.43658
2549,8.4010,2.50000,1.04083,-1.38269,0.053889,0.31024,0.00000,2.50000,-1.38269
2550,5.4110,2.50000,1.04083,-1.38269,0.000000,0.31036,0.00000,2.50000,-1.38269
2551,8.2870,2.50000,1.04083,-1.32630,0.056389,0.31030,0.00000,2.50000,-1.32630
2552,5.4710,2.50000,1.04083,-1.32630,0.000000,0.31036,0.00000,2.50000,-1.32630
2553,6.9180,2.50000,1.04083,-1.32630,0.000000,0.31024,0.00000,2.50000,-1.32630
2554,8.4320,2.50000,1.04083,-1.26742,0.058889,0.31036,0.00000,2.50000,-1.26742
2555,5.3910,2.50000,1.04083,-1.26742,0.000000,0.31030,0.00000,2.50000,-1.26742
2556,8.3070,2.50000,1.04083,-1.20603,0.061389,0.31036,0.00000,2.50000,-1.20603
2557,5.4920,2.50000,1.04083,-1.20603,0.000000,0.31024,0.00000,2.50000,-1.20603
2558,6.8610,2.50000,1.04083,-1.20603,0.000000,0.31042,0.00000,2.50000,-1.20603
2559,8.3600,2.50000,1.04083,-1.14269,0.063333,0.31024,0.00000,2.50000,-1.14269
2560,5.4620,2.50000,1.04083,-1.14269,0.000000,0.31036,0.00000,2.50000,-1.14269
2561,8.2600,2.50000,1.04083,-1.07936,0.063333,0.31030,0.00000,2.50000,-1.07936
2562,5.5260,2.50000,1.04083,-1.07936,0.000000,0.31036,0.00000,2.50000,-1.07936
2563,8.3390,2.50000,1.04083,-1.01603,0.063333,0.31024,0.00000,2.50000,-1.01603
2564,5.4660,2.50000,1.04083,-1.01603,0.000000,0.31036,0.00000,2.50000,-1.01603
2565,6.9140,2.50000,1.04083,-1.01603,0.000000,0.31030,0.00000,2.50000,-1.01603
2566,8.2640,2.50000,1.04083,-0.95269,0.063333,0.31036,0.00000,2.50000,-0.95269
2567,5.5220,2.50000,1.04083,-0.95269,0.000000,0.31024,0.00000,2.50000,-0.95269
2568,8.3460,2.50000,1.04083,-0.88936,0.063333,0.31036,0.00000,2.50000,-0.88936
2569,5.4690,2.50000,1.04083,-0.88936,0.000000,0.31030,0.00000,2.50000,-0.88936
2570,8.6860,2.50000,1.04083,-0.88936,0.000000,0.31036,0.00000,2.50000,-0.88936
2571,6.6150,2.50000,1.04083,-0.82603,0.063333,0.31030,0.00000,2.50000,-0.82603
2572,5.4150,2.50000,1.04083,-0.82603,0.000000,0.31036,0.00000,2.50000,-0.82603
2573,8.3260,2.50000,1.04083,-0.76269,0.063333,0.31024,0.00000,2.50000,-0.76269
2574,5.4510,2.50000,1.04083,-0.76269,0.000000,0.31036,0.00000,2.50000,-0.76269
2575,8.3130,2.50000,1.04083,-0.69936,0.063333,0.31030,0.00000,2.50000,-0.69936
2576,5.4700,2.50000,1.04083,-0.69936,0.000000,0.31024,0.00000,2.50000,-0.69936
2577,6.9370,2.50000,1.04083,-0.69936,0.000000,0.31036,0.00000,2.50000,-0.69936
2578,8.3340,2.50000,1.04083,-0.63603,0.063333,0.31030,0.00000,2.50000,-0.63603
2579,5.4680,2.50000,1.04083,-0.63603,0.000000,0.31036,0.00000,2.50000,-0.63603
2580,8.2300,2.50000,1.04083,-0.57269,0.063333,0.31030,0.00000,2.50000,-0.57269
2581,5.5480,2.50000,1.04083,-0.57269,0.000000,0.31036,0.00000,2.50000,-0.57269
2582,6.8920,2.50000,1.04083,-0.57269,0.000000,0.31024,0.00000,2.50000,-0.57269
2583,8.3630,2.50000,1.04083,-0.50936,0.063333,0.31036,0.00000,2.50000,-0.50936
2584,5.4830,2.50000,1.04083,-0.50936,0.000000,0.31030,0.00000,2.50000,-0.50936
2585,8.3080,2.50000,1.04083,-0.44603,0.063333,0.31036,0.00000,2.50000,-0.44603
2586,5.4230,2.50000,1.04083,-0.44603,0.000000,0.31024,0.00000,2.50000,-0.44603
2587,6.9350,2.50000,1.04083,-0.44603,0.000000,0.31036,0.00000,2.50000,-0.44603
2588,8.3820,2.50000,1.04083,-0.38269,0.063333,0.31030,0.00000,2.50000,-0.38269
2589,5.4150,2.50000,1.04083,-0.38269,0.000000,0.31036,0.00000,2.50000,-0.38269
2590,8.2570,2.50000,1.04083,-0.31936,0.063333,0.31030,0.00000,2.50000,-0.31936
2591,5.5340,2.50000,1.04083,-0.31936,0.000000,0.31036,0.00000,2.50000,-0.31936
2592,8.3460,2.50000,1.04083,-0.25603,0.063333,0.31024,0.00000,2.50000,-0.25603
2593,5.4540,2.50000,1.04083,-0.25603,0.000000,0.31036,0.00000,2.50000,-0.25603
2594,6.9320,2.50000,1.04083,-0.25603,0.000000,0.31030,0.00000,2.50000,-0.25603
2595,8.2740,2.50000,1.04083,-0.19269,0.063333,0.31036,0.00000,2.50000,-0.19269
2596,5.4910,2.50000,1.04083,-0.19269,0.000000,0.31024,0.00000,2.50000,-0.19269
2597,8.3710,2.50000,1.04083,-0.12936,0.063333,0.31036,0.00000,2.50000,-0.12936
2598,5.4250,2.50000,1.04083,-0.12936,0.000000,0.31030,0.00000,2.50000,-0.12936
2599,6.9560,2.50000,1.04083,-0.12936,0.000000,0.31036,0.00000,2.50000,-0.12936
2600,12.9810,2.50000,1.04083,-0.06603,0.063333,0.31030,0.00000,2.50000,-0.06603
2601,0.7510,2.50000,1.04083,-0.06603,0.000000,0.31036,0.00000,2.50000,-0.06603
2602,8.2540,2.50000,1.04083,-0.00269,0.063333,0.31024,0.00000,2.50000,-0.00269
2603,5.5770,2.50000,1.04083,-0.00269,0.000000,0.31036,0.00000,2.50000,-0.00269
2604,8.3060,2.50000,1.04083,0.06064,0.063333,0.31030,0.00000,2.50000,0.06064
2605,5.4770,2.50000,1.04083,0.06064,0.000000,0.31036,0.00000,2.50000,0.06064
2606,6.9600,2.50000,1.04083,0.06064,0.000000,0.31024,0.00000,2.50000,0.06064
2607,8.3080,2.50000,1.04083,0.12397,0.063333,0.31036,0.00000,2.50000,0.12397
2608,5.4520,2.50000,1.04083,0.12397,0.000000,0.31030,0.00000,2.50000,0.12397
2609,8.5050,2.50000,1.04083,0.18731,0.063333,0.31036,0.00000,2.50000,0.18731
2610,5.2700,2.50000,1.04083,0.18731,0.000000,0.31030,0.00000,2.50000,0.18731
2611,6.8960,2.50000,1.04083,0.18731,0.000000,0.31036,0.00000,2.50000,0.18731
2612,8.3550,2.50000,1.04083,0.25064,0.063333,0.31024,0.00000,2.50000,0.25064
2613,5.4760,2.50000,1.04083,0.25064,0.000000,0.31036,0.00000,2.50000,0.25064
2614,8.3640,2.50000,1.04083,0.31397,0.063333,0.31030,0.00000,2.50000,0.31397
2615,5.4200,2.50000,1.04083,0.31397,0.000000,0.31036,0.00000,2.50000,0.31397
2616,6.9070,2.50000,1.04083,0.31397,0.000000,0.31024,0.00000,2.50000,0.31397
2617,8.3100,2.50000,1.04083,0.37731,0.063333,0.31036,0.00000,2.50000,0.37731
2618,5.4820,2.50000,1.04083,0.37731,0.000000,0.31030,0.00000,2.50000,0.37731
2619,8.3110,2.50000,1.04083,0.44064,0.063333,0.31036,0.00000,2.50000,0.44064
2620,5.4920,2.50000,1.04083,0.44064,0.000000,0.31024,0.00000,2.50000,0.44064
2621,8.1810,2.50000,1.04083,0.50397,0.063333,0.31042,0.00000,2.50000,0.50397
2622,5.5890,2.50000,1.04083,0.50397,0.000000,0.31024,0.00000,2.50000,0.50397
2623,6.9200,2.50000,1.04083,0.50397,0.000000,0.31036,0.00000,2.50000,0.50397
2624,8.5350,2.50000,1.04083,0.56731,0.063333,0.31030,0.00000,2.50000,0.56731
2625,5.2370,2.50000,1.04083,0.56731,0.000000,0.31036,0.00000,2.50000,0.56731
2626,8.1000,2.50000,1.04083,0.63064,0.063333,0.31024,0.00000,2.50000,0.63064
2627,5.7110,2.50000,1.04083,0.63064,0.000000,0.31030,0.00000,2.50000,0.63064
2628,6.9250,2.50000,1.04083,0.63064,0.000000,0.31036,0.00000,2.50000,0.63064
2629,8.0890,2.50000,1.04083,0.69397,0.063333,0.31024,0.00000,2.50000,0.69397
2630,10.2120,2.50000,1.04083,0.69397,0.000000,0.31036,0.00000,2.50000,0.69397
2631,3.5510,2.50000,1.04083,0.75731,0.063333,0.31030,0.00000,2.50000,0.75731
2632,5.7630,2.50000,1.04083,0.75731,0.000000,0.31036,0.00000,2.50000,0.75731
2633,8.1270,2.50000,1.04083,0.82064,0.063333,0.31030,0.00000,2.50000,0.82064
2634,5.6510,2.50000,1.04083,0.82064,0.000000,0.31036,0.00000,2.50000,0.82064
2635,6.8840,2.50000,1.04083,0.82064,0.000000,0.31024,0.00000,2.50000,0.82064
2636,8.0740,2.50000,1.04083,0.88397,0.063333,0.31036,0.00000,2.50000,0.88397
2637,5.7370,2.50000,1.04083,0.88397,0.000000,0.31030,0.00000,2.50000,0.88397
2638,8.0870,2.50000,1.04083,0.94731,0.063333,0.31036,0.00000,2.50000,0.94731
2639,5.7020,2.50000,1.04083,0.94731,0.000000,0.31024,0.00000,2.50000,0.94731
2640,6.9110,2.50000,1.04083,0.94731,0.000000,0.31036,0.00000,2.50000,0.94731
2641,8.0680,2.50000,1.04083,1.01064,0.063333,0.31030,0.00000,2.50000,1.01064
2642,5.7320,2.50000,1.04083,1.01064,0.000000,0.31036,0.00000,2.50000,1.01064
2643,8.0510,2.50000,1.04083,1.07397,0.063333,0.31030,0.00000,2.50000,1.07397
2644,5.7380,2.50000,1.04083,1.07397,0.000000,0.31036,0.00000,2.50000,1.07397
2645,6.8960,2.50000,1.04083,1.07397,0.000000,0.31024,0.00000,2.50000,1.07397
2646,8.1410,2.50000,1.04083,1.13731,0.063333,0.31036,0.00000,2.50000,1.13731
2647,5.7020,2.50000,1.04083,1.13731,0.000000,0.31030,0.00000,2.50000,1.13731
2648,7.9900,2.50000,1.04083,1.20064,0.063333,0.31036,0.00000,2.50000,1.20064
2649,5.7700,2.50000,1.04083,1.20064,0.000000,0.31024,0.00000,2.50000,1.20064
2650,7.9830,2.50000,1.04083,1.26397,0.063333,0.31036,0.00000,2.50000,1.26397
2651,5.8190,2.50000,1.04083,1.26397,0.000000,0.31030,0.00000,2.50000,1.26397
2652,6.9220,2.50000,1.04083,1.26397,0.000000,0.31036,0.00000,2.50000,1.26397
2653,8.2090,2.50000,1.04083,1.32731,0.063333,0.31030,0.00000,2.50000,1.32731
2654,5.5680,2.50000,1.04083,1.32731,0.000000,0.31036,0.00000,2.50000,1.32731
2655,8.1300,2.50000,1.04083,1.39064,0.063333,0.31024,0.00000,2.50000,1.39064
2656,5.6670,2.50000,1.04083,1.39064,0.000000,0.31036,0.00000,2.50000,1.39064
2657,6.9160,2.50000,1.04083,1.39064,0.000000,0.31030,0.00000,2.50000,1.39064
2658,8.4710,2.50000,1.04083,1.45397,0.063333,0.31036,0.00000,2.50000,1.45397
2659,5.3150,2.50000,1.04083,1.45397,0.000000,0.31024,0.00000,2.50000,1.45397
2660,12.9640,2.50000,1.04083,1.51731,0.063333,0.31036,0.00000,2.50000,1.51731
2661,0.8440,2.50000,1.04083,1.51731,0.000000,0.31030,0.00000,2.50000,1.51731
2662,8.1120,2.50000,1.04083,1.58064,0.063333,0.31036,0.00000,2.50000,1.58064
2663,5.6810,2.50000,1.04083,1.58064,0.000000,0.31030,0.00000,2.50000,1.58064
2664,6.9020,2.50000,1.04083,1.58064,0.000000,0.31036,0.00000,2.50000,1.58064
2665,8.1000,2.50000,1.04083,1.64397,0.063333,0.31024,0.00000,2.50000,1.64397
2666,5.7110,2.50000,1.04083,1.64397,0.000000,0.31036,0.00000,2.50000,1.64397
2667,8.4160,2.50000,1.04083,1.70731,0.063333,0.31030,0.00000,2.50000,1.70731
2668,5.3690,2.50000,1.04083,1.70731,0.000000,0.31036,0.00000,2.50000,1.70731
2669,6.9030,2.50000,1.04083,1.70731,0.000000,0.31024,0.00000,2.50000,1.70731
2670,8.0770,2.50000,1.04083,1.77064,0.063333,0.31036,0.00000,2.50000,1.77064
2671,5.7340,2.50000,1.04083,1.77064,0.000000,0.31030,0.00000,2.50000,1.77064
2672,8.0650,2.50000,1.04083,1.83397,0.063333,0.31036,0.00000,2.50000,1.83397
2673,5.7250,2.50000,1.04083,1.83397,0.000000,0.31030,0.00000,2.50000,1.83397
2674,6.8980,2.50000,1.04083,1.83397,0.000000,0.31036,0.00000,2.50000,1.83397
2675,8.2260,2.50000,1.04083,1.89731,0.063333,0.31024,0.00000,2.50000,1.89731
2676,5.5860,2.50000,1.04083,1.89731,0.000000,0.31036,0.00000,2.50000,1.89731
2677,8.0700,2.50000,1.04083,1.96064,0.063333,0.31030,0.00000,2.50000,1.96064
2678,5.7310,2.50000,1.04083,1.96064,0.000000,0.31024,0.00000,2.50000,1.96064
2679,8.5760,2.50000,1.04083,2.02397,0.063333,0.31036,0.00000,2.50000,2.02397
2680,5.2310,2.50000,1.04083,2.02397,0.000000,0.31030,0.00000,2.50000,2.02397
2681,6.8960,2.50000,1.04083,2.02397,0.000000,0.31036,0.00000,2.50000,2.02397
2682,8.1200,2.50000,1.04083,2.08731,0.063333,0.31030,0.00000,2.50000,2.08731
2683,5.6650,2.50000,1.04083,2.08731,0.000000,0.31030,0.00000,2.50000,2.08731
2684,8.1300,2.50000,1.04083,2.15064,0.063333,0.31030,0.00000,2.50000,2.15064
2685,5.6640,2.50000,1.04083,2.15064,0.000000,0.31036,0.00000,2.50000,2.15064
2686,6.9140,2.50000,1.04083,2.15064,0.000000,0.31030,0.00000,2.50000,2.15064
2687,8.0980,2.50000,1.04083,2.21397,0.063333,0.31036,0.00000,2.50000,2.21397
2688,5.6860,2.50000,1.04083,2.21397,0.000000,0.31024,0.00000,2.50000,2.21397
2689,8.4820,2.50000,1.04083,2.27731,0.063333,0.31036,0.00000,2.50000,2.27731
2690,10.0750,2.50000,1.04083,2.27731,0.000000,0.31030,0.00000,2.50000,2.27731
2691,3.3210,2.50000,1.04083,2.34064,0.063333,0.31036,0.00000,2.50000,2.34064
2692,5.7480,2.50000,1.04083,2.34064,0.000000,0.31024,0.00000,2.50000,2.34064
2693,6.8840,2.50000,1.04083,2.34064,0.000000,0.31036,0.00000,2.50000,2.34064
2694,8.1910,2.50000,1.04083,2.40397,0.063333,0.31030,0.00000,2.50000,2.40397
2695,5.6180,2.50000,1.04083,2.40397,0.000000,0.31036,0.00000,2.50000,2.40397
2696,8.1910,2.50000,1.04083,2.46730,0.063333,0.31030,0.00000,2.50000,2.46730
2697,5.5950,2.50000,1.04083,2.46730,0.000000,0.31036,0.00000,2.50000,2.46730
2698,6.9000,2.50000,1.04083,2.46730,0.000000,0.31024,0.00000,2.50000,2.46730
2699,8.1150,2.50000,1.04083,2.53064,0.063333,0.31036,0.00000,2.50000,2.53064
2700,5.6920,2.50000,1.04083,2.53064,0.000000,0.31030,0.00000,2.50000,2.53064
2701,8.0960,2.50000,1.04083,2.59397,0.063333,0.31036,0.00000,2.50000,2.59397
2702,5.6980,2.50000,1.04083,2.59397,0.000000,0.31024,0.00000,2.50000,2.59397
2703,6.9020,2.50000,1.04083,2.59397,0.000000,0.31036,0.00000,2.50000,2.59397
2704,8.1740,2.50000,1.04083,2.65730,0.063333,0.31030,0.00000,2.50000,2.65730
2705,5.6350,2.50000,1.04083,2.65730,0.000000,0.31036,0.00000,2.50000,2.65730
2706,8.1660,2.50000,1.04083,2.72064,0.063333,0.31030,0.00000,2.50000,2.72064
2707,5.6490,2.50000,1.04083,2.72064,0.000000,0.31036,0.00000,2.50000,2.72064
2708,8.2500,2.50000,1.04083,2.78036,0.059722,0.31024,0.00000,2.50000,2.78036
2709,5.5370,2.50000,1.04083,2.78036,0.000000,0.31036,0.00000,2.50000,2.78036
2710,6.9010,2.50000,1.04083,2.78036,0.000000,0.31030,0.00000,2.50000,2.78036
2711,8.1480,2.50000,1.04083,2.83647,0.056111,0.31036,0.00000,2.50000,2.83647
2712,5.6460,2.50000,1.04083,2.83647,0.000000,0.31024,0.00000,2.50000,2.83647
2713,8.3890,2.50000,1.04083,2.88897,0.052500,0.31036,0.00000,2.50000,2.88897
2714,5.4290,2.50000,1.04083,2.88897,0.000000,0.31030,0.00000,2.50000,2.88897
2715,6.8660,2.50000,1.04083,2.88897,0.000000,0.31036,0.00000,2.50000,2.88897
2716,8.3750,2.50000,1.04083,2.93786,0.048889,0.31030,0.00000,2.50000,2.93786
2717,5.4400,2.50000,1.04083,2.93786,0.000000,0.31036,0.00000,2.50000,2.93786
2718,8.7470,2.50000,1.04083,2.98314,0.045278,0.31024,0.00000,2.50000,2.98314
2719,5.0550,2.50000,1.04083,2.98314,0.000000,0.31036,0.00000,2.50000,2.98314
2720,9.7310,2.50000,1.04083,3.02480,0.041667,0.31030,0.00000,2.50000,3.02480
2721,4.0540,2.50000,1.04083,3.02480,0.000000,0.31036,0.00000,2.50000,3.02480
2722,6.9390,2.50000,1.04083,3.02480,0.000000,0.31024,0.00000,2.50000,3.02480
2723,8.0150,2.50000,1.04083,3.06286,0.038056,0.31036,0.00000,2.50000,3.06286
2724,5.7750,2.50000,1.04083,3.06286,0.000000,0.31030,0.00000,2.50000,3.06286
2725,8.1260,2.50000,1.04083,3.09730,0.034444,0.31036,0.00000,2.50000,3.09730
2726,5.6580,2.50000,1.04083,3.09730,0.000000,0.31030,0.00000,2.50000,3.09730
2727,6.8930,2.50000,1.04083,3.09730,0.000000,0.31024,0.00000,2.50000,3.09730
2728,8.1000,2.50000,1.04083,3.12814,0.030833,0.31036,0.00000,2.50000,3.12814
2729,5.7270,2.50000,1.04083,3.12814,0.000000,0.31030,0.00000,2.50000,3.12814
2730,8.1550,2.50000,1.04083,3.15536,0.027222,0.31036,0.00000,2.50000,3.15536
2731,5.6320,2.50000,1.04083,3.15536,0.000000,0.31024,0.00000,2.50000,3.15536
2732,6.8880,2.50000,1.04083,3.15536,0.000000,0.31036,0.00000,2.50000,3.15536
2733,8.1340,2.50000,1.04083,3.17897,0.023611,0.31030,0.00000,2.50000,3.17897
2734,5.6810,2.50000,1.04083,3.17897,0.000000,0.31036,0.00000,2.50000,3.17897
2735,8.1090,2.50000,1.04083,3.19897,0.020000,0.31030,0.00000,2.50000,3.19897
2736,5.6710,2.50000,1.04083,3.19897,0.000000,0.31036,0.00000,2.50000,3.19897
2737,8.0790,2.50000,1.04083,3.20953,0.010556,0.31024,0.00000,2.50000,3.20953
2738,5.7330,2.50000,1.04083,3.20953,0.000000,0.31036,0.00000,2.50000,3.20953
2739,6.8950,2.50000,1.04083,3.20953,0.000000,0.31030,0.00000,2.50000,3.20953
2740,8.2020,2.50000,1.04083,3.21064,0.001111,0.31036,0.00000,2.50000,3.21064
2741,5.5900,2.50000,1.04083,3.21064,0.000000,0.31024,0.00000,2.50000,3.21064
2742,8.1520,2.50000,1.04083,3.20925,0.001389,0.31036,0.00000,2.50000,3.20925
2743,5.6620,2.50000,1.04083,3.20925,0.000000,0.31030,0.00000,2.50000,3.20925
2744,6.8980,2.50000,1.04083,3.20925,0.000000,0.31036,0.00000,2.50000,3.20925
2745,8.6080,2.50000,1.04083,3.20536,0.003889,0.31030,0.00000,2.50000,3.20536
2746,5.1870,2.50000,1.04083,3.20536,0.000000,0.31030,0.00000,2.50000,3.20536
2747,8.2750,2.50000,1.04083,3.19897,0.006389,0.31030,0.00000,2.50000,3.19897
2748,5.5340,2.50000,1.04083,3.19897,0.000000,0.31036,0.00000,2.50000,3.19897
2749,8.1340,2.50000,1.04083,3.19008,0.008889,0.31030,0.00000,2.50000,3.19008
2750,9.5530,2.50000,1.04083,3.19008,0.000000,0.31036,0.00000,2.50000,3.19008
2751,2.9920,2.50000,1.04083,3.19008,0.000000,0.31024,0.00000,2.50000,3.19008
2752,8.1300,2.50000,1.04083,3.17869,0.011389,0.31036,0.00000,2.50000,3.17869
2753,5.6860,2.50000,1.04083,3.17869,0.000000,0.31030,0.00000,2.50000,3.17869
2754,8.0930,2.50000,1.04083,3.16480,0.013889,0.31036,0.00000,2.50000,3.16480
2755,5.7040,2.50000,1.04083,3.16480,0.000000,0.31024,0.00000,2.50000,3.16480
2756,6.8910,2.50000,1.04083,3.16480,0.000000,0.31036,0.00000,2.50000,3.16480
2757,8.2320,2.50000,1.04083,3.14842,0.016389,0.31030,0.00000,2.50000,3.14842
2758,5.6010,2.50000,1.04083,3.14842,0.000000,0.31036,0.00000,2.50000,3.14842
2759,8.2000,2.50000,1.04083,3.12953,0.018889,0.31030,0.00000,2.50000,3.12953
2760,5.5730,2.50000,1.04083,3.12953,0.000000,0.31036,0.00000,2.50000,3.12953
2761,6.8990,2.50000,1.04083,3.12953,0.000000,0.31024,0.00000,2.50000,3.12953
2762,8.2040,2.50000,1.04083,3.10814,0.021389,0.31036,0.00000,2.50000,3.10814
2763,5.5900,2.50000,1.04083,3.10814,0.000000,0.31030,0.00000,2.50000,3.10814
2764,8.3230,2.50000,1.04083,3.08425,0.023889,0.31036,0.00000,2.50000,3.08425
2765,5.4900,2.50000,1.04083,3.08425,0.000000,0.31024,0.00000,2.50000,3.08425
2766,8.1330,2.50000,1.04083,3.05786,0.026389,0.31036,0.00000,2.50000,3.05786
2767,5.7120,2.50000,1.04083,3.05786,0.000000,0.31030,0.00000,2.50000,3.05786
2768,6.8620,2.50000,1.04083,3.05786,0.000000,0.31036,0.00000,2.50000,3.05786
2769,8.0930,2.50000,1.04083,3.02897,0.028889,0.31030,0.00000,2.50000,3.02897
2770,5.6980,2.50000,1.04083,3.02897,0.000000,0.31036,0.00000,2.50000,3.02897
2771,8.1590,2.50000,1.04083,2.99758,0.031389,0.31024,0.00000,2.50000,2.99758
2772,5.6470,2.50000,1.04083,2.99758,0.000000,0.31036,0.00000,2.50000,2.99758
2773,6.8880,2.50000,1.04083,2.99758,0.000000,0.31030,0.00000,2.50000,2.99758
2774,8.6190,2.50000,1.04083,2.96369,0.033889,0.31036,0.00000,2.50000,2.96369
2775,5.1860,2.50000,1.04083,2.96369,0.000000,0.31024,0.00000,2.50000,2.96369
2776,8.1140,2.50000,1.04083,2.92730,0.036389,0.31036,0.00000,2.50000,2.92730
2777,5.6930,2.50000,1.04083,2.92730,0.000000,0.31030,0.00000,2.50000,2.92730
2778,8.0050,2.50000,1.04083,2.88842,0.038889,0.31030,0.00000,2.50000,2.88842
2779,5.7790,2.50000,1.04083,2.88842,0.000000,0.31036,0.00000,2.50000,2.88842
2780,8.5960,2.50000,1.04083,2.88842,0.000000,0.31024,0.00000,2.50000,2.88842
2781,6.3780,2.50000,1.04083,2.84703,0.041389,0.31036,0.00000,2.50000,2.84703
2782,5.7680,2.50000,1.04083,2.84703,0.000000,0.31030,0.00000,2.50000,2.84703
2783,8.5030,2.50000,1.04083,2.80314,0.043889,0.31036,0.00000,2.50000,2.80314
2784,5.2590,2.50000,1.04083,2.80314,0.000000,0.31024,0.00000,2.50000,2.80314
2785,6.9020,2.50000,1.04083,2.80314,0.000000,0.31036,0.00000,2.50000,2.80314
2786,8.1500,2.50000,1.04083,2.75675,0.046389,0.31030,0.00000,2.50000,2.75675
2787,5.6450,2.50000,1.04083,2.75675,0.000000,0.31036,0.00000,2.50000,2.75675
2788,8.0860,2.50000,1.04083,2.70786,0.048889,0.31030,0.00000,2.50000,2.70786
2789,5.7280,2.50000,1.04083,2.70786,0.000000,0.31036,0.00000,2.50000,2.70786
2790,6.8940,2.50000,1.04083,2.70786,0.000000,0.31024,0.00000,2.50000,2.70786
2791,8.2060,2.50000,1.04083,2.65647,0.051389,0.31036,0.00000,2.50000,2.65647
2792,5.5930,2.50000,1.04083,2.65647,0.000000,0.31030,0.00000,2.50000,2.65647
2793,8.1530,2.50000,1.04083,2.60258,0.053889,0.31036,0.00000,2.50000,2.60258
2794,5.6410,2.50000,1.04083,2.60258,0.000000,0.31024,0.00000,2.50000,2.60258
2795,8.0950,2.50000,1.04083,2.54619,0.056389,0.31036,0.00000,2.50000,2.54619
2796,5.7210,2.50000,1.04083,2.54619,0.000000,0.31030,0.00000,2.50000,2.54619
2797,6.9150,2.50000,1.04083,2.54619,0.000000,0.31036,0.00000,2.50000,2.54619
2798,8.1900,2.50000,1.04083,2.48730,0.058889,0.31030,0.00000,2.50000,2.48730
2799,5.5770,2.50000,1.04083,2.48730,0.000000,0.31036,0.00000,2.50000,2.48730
2800,8.1990,2.50000,1.04083,2.42592,0.061389,0.31024,0.00000,2.50000,2.42592
2801,5.6330,2.50000,1.04083,2.42592,0.000000,0.31036,0.00000,2.50000,2.42592
2802,6.8670,2.50000,1.04083,2.42592,0.000000,0.31030,0.00000,2.50000,2.42592
2803,8.1360,2.50000,1.04083,2.36258,0.063333,0.31036,0.00000,2.50000,2.36258
2804,5.6710,2.50000,1.04083,2.36258,0.000000,0.31024,0.00000,2.50000,2.36258
2805,8.1230,2.50000,1.04083,2.29925,0.063333,0.31036,0.00000,2.50000,2.29925
2806,5.6860,2.50000,1.04083,2.29925,0.000000,0.31030,0.00000,2.50000,2.29925
2807,8.2470,2.50000,1.04083,2.23592,0.063333,0.31036,0.00000,2.50000,2.23592
2808,5.5480,2.50000,1.04083,2.23592,0.000000,0.31030,0.00000,2.50000,2.23592
2809,6.8980,2.50000,1.04083,2.23592,0.000000,0.31030,0.00000,2.50000,2.23592
2810,12.8790,2.50000,1.04083,2.17258,0.063333,0.31030,0.00000,2.50000,2.17258
2811,0.9120,2.50000,1.04083,2.17258,0.000000,0.31036,0.00000,2.50000,2.17258
2812,8.1550,2.50000,1.04083,2.10925,0.063333,0.31030,0.00000,2.50000,2.10925
2813,5.6480,2.50000,1.04083,2.10925,0.000000,0.31036,0.00000,2.50000,2.10925
2814,6.9140,2.50000,1.04083,2.10925,0.000000,0.31024,0.00000,2.50000,2.10925
2815,8.1750,2.50000,1.04083,2.04592,0.063333,0.31036,0.00000,2.50000,2.04592
2816,5.6120,2.50000,1.04083,2.04592,0.000000,0.31030,0.00000,2.50000,2.04592
2817,8.0500,2.50000,1.04083,1.98258,0.063333,0.31036,0.00000,2.50000,1.98258
2818,5.7490,2.50000,1.04083,1.98258,0.000000,0.31024,0.00000,2.50000,1.98258
2819,6.9050,2.50000,1.04083,1.98258,0.000000,0.31036,0.00000,2.50000,1.98258
2820,8.1620,2.50000,1.04083,1.91925,0.063333,0.31030,0.00000,2.50000,1.91925
2821,5.6250,2.50000,1.04083,1.91925,0.000000,0.31036,0.00000,2.50000,1.91925
2822,8.2470,2.50000,1.04083,1.85592,0.063333,0.31030,0.00000,2.50000,1.85592
2823,5.5650,2.50000,1.04083,1.85592,0.000000,0.31036,0.00000,2.50000,1.85592
2824,8.0890,2.50000,1.04083,1.79258,0.063333,0.31024,0.00000,2.50000,1.79258
2825,5.7170,2.50000,1.04083,1.79258,0.000000,0.31036,0.00000,2.50000,1.79258
2826,6.8920,2.50000,1.04083,1.79258,0.000000,0.31030,0.00000,2.50000,1.79258
2827,8.2440,2.50000,1.04083,1.72925,0.063333,0.31024,0.00000,2.50000,1.72925
2828,5.5730,2.50000,1.04083,1.72925,0.000000,0.31036,0.00000,2.50000,1.72925
2829,8.0950,2.50000,1.04083,1.66592,0.063333,0.31030,0.00000,2.50000,1.66592
2830,5.7000,2.50000,1.04083,1.66592,0.000000,0.31036,0.00000,2.50000,1.66592
2831,6.8920,2.50000,1.04083,1.66592,0.000000,0.31030,0.00000,2.50000,1.66592
2832,8.1120,2.50000,1.04083,1.60258,0.063333,0.31036,0.00000,2.50000,1.60258
2833,5.6830,2.50000,1.04083,1.60258,0.000000,0.31024,0.00000,2.50000,1.60258
2834,8.0660,2.50000,1.04083,1.53925,0.063333,0.31036,0.00000,2.50000,1.53925
2835,5.7340,2.50000,1.04083,1.53925,0.000000,0.31030,0.00000,2.50000,1.53925
2836,8.2870,2.50000,1.04083,1.47592,0.063333,0.31036,0.00000,2.50000,1.47592
2837,5.5240,2.50000,1.04083,1.47592,0.000000,0.31024,0.00000,2.50000,1.47592
2838,6.8850,2.50000,1.04083,1.47592,0.000000,0.31036,0.00000,2.50000,1.47592
2839,8.1410,2.50000,1.04083,1.41258,0.063333,0.31030,0.00000,2.50000,1.41258
2840,10.1460,2.50000,1.04083,1.41258,0.000000,0.31036,0.00000,2.50000,1.41258
2841,3.7900,2.50000,1.04083,1.34925,0.063333,0.31030,0.00000,2.50000,1.34925
2842,5.5580,2.50000,1.04083,1.34925,0.000000,0.31036,0.00000,2.50000,1.34925
2843,6.8800,2.50000,1.04083,1.34925,0.000000,0.31024,0.00000,2.50000,1.34925
2844,8.1510,2.50000,1.04083,1.28592,0.063333,0.31036,0.00000,2.50000,1.28592
2845,5.6380,2.50000,1.04083,1.28592,0.000000,0.31030,0.00000,2.50000,1.28592
2846,8.4260,2.50000,1.04083,1.22258,0.063333,0.31036,0.00000,2.50000,1.22258
2847,5.3700,2.50000,1.04083,1.22258,0.000000,0.31024,0.00000,2.50000,1.22258
2848,6.8890,2.50000,1.04083,1.22258,0.000000,0.31036,0.00000,2.50000,1.22258
2849,8.1870,2.50000,1.04083,1.15925,0.063333,0.31030,0.00000,2.50000,1.15925
2850,5.6290,2.50000,1.04083,1.15925,0.000000,0.31036,0.00000,2.50000,1.15925
2851,8.1330,2.50000,1.04083,1.09592,0.063333,0.31030,0.00000,2.50000,1.09592
2852,5.6680,2.50000,1.04083,1.09592,0.000000,0.31036,0.00000,2.50000,1.09592
2853,8.0600,2.50000,1.04083,1.03258,0.063333,0.31024,0.00000,2.50000,1.03258
2854,5.7680,2.50000,1.04083,1.03258,0.000000,0.31036,0.00000,2.50000,1.03258
2855,6.8920,2.50000,1.04083,1.03258,0.000000,0.31030,0.00000,2.50000,1.03258
2856,8.3050,2.50000,1.04083,0.96925,0.063333,0.31036,0.00000,2.50000,0.96925
2857,5.5040,2.50000,1.04083,0.96925,0.000000,0.31024,0.00000,2.50000,0.96925
2858,8.1820,2.50000,1.04083,0.90592,0.063333,0.31036,0.00000,2.50000,0.90592
2859,5.5970,2.50000,1.04083,0.90592,0.000000,0.31030,0.00000,2.50000,0.90592
2860,6.8960,2.50000,1.04083,0.90592,0.000000,0.31036,0.00000,2.50000,0.90592
2861,8.2780,2.50000,1.04083,0.84258,0.063333,0.31030,0.00000,2.50000,0.84258
2862,5.5260,2.50000,1.04083,0.84258,0.000000,0.31036,0.00000,2.50000,0.84258
2863,8.2560,2.50000,1.04083,0.77925,0.063333,0.31024,0.00000,2.50000,0.77925
2864,5.5370,2.50000,1.04083,0.77925,0.000000,0.31036,0.00000,2.50000,0.77925
2865,8.4480,2.50000,1.04083,0.71592,0.063333,0.31030,0.00000,2.50000,0.71592
2866,5.3530,2.50000,1.04083,0.71592,0.000000,0.31036,0.00000,2.50000,0.71592
2867,6.8980,2.50000,1.04083,0.71592,0.000000,0.31024,0.00000,2.50000,0.71592
2868,8.2100,2.50000,1.04083,0.65258,0.063333,0.31036,0.00000,2.50000,0.65258
2869,5.5900,2.50000,1.04083,0.65258,0.000000,0.31030,0.00000,2.50000,0.65258
2870,12.8360,2.50000,1.04083,0.58925,0.063333,0.31036,0.00000,2.50000,0.58925
2871,0.9580,2.50000,1.04083,0.58925,0.000000,0.31030,0.00000,2.50000,0.58925
2872,6.9430,2.50000,1.04083,0.58925,0.000000,0.31030,0.00000,2.50000,0.58925
2873,8.1660,2.50000,1.04083,0.52592,0.063333,0.31030,0.00000,2.50000,0.52592
2874,5.6080,2.50000,1.04083,0.52592,0.000000,0.31036,0.00000,2.50000,0.52592
2875,8.2200,2.50000,1.04083,0.46258,0.063333,0.31030,0.00000,2.50000,0.46258
2876,5.5760,2.50000,1.04083,0.46258,0.000000,0.31036,0.00000,2.50000,0.46258
2877,6.8970,2.50000,1.04083,0.46258,0.000000,0.31024,0.00000,2.50000,0.46258
2878,8.1770,2.50000,1.04083,0.39925,0.063333,0.31030,0.00000,2.50000,0.39925
2879,5.6190,2.50000,1.04083,0.39925,0.000000,0.31036,0.00000,2.50000,0.39925
2880,8.1570,2.50000,1.04083,0.33592,0.063333,0.31024,0.00000,2.50000,0.33592
2881,5.6410,2.50000,1.04083,0.33592,0.000000,0.31036,0.00000,2.50000,0.33592
2882,8.0230,2.50000,1.04083,0.27258,0.063333,0.31030,0.00000,2.50000,0.27258
2883,5.7900,2.50000,1.04083,0.27258,0.000000,0.31036,0.00000,2.50000,0.27258
2884,6.8900,2.50000,1.04083,0.27258,0.000000,0.31030,0.00000,2.50000,0.27258
2885,8.1250,2.50000,1.04083,0.20925,0.063333,0.31036,0.00000,2.50000,0.20925
2886,5.6680,2.50000,1.04083,0.20925,0.000000,0.31024,0.00000,2.50000,0.20925
2887,8.0830,2.50000,1.04083,0.14592,0.063333,0.31036,0.00000,2.50000,0.14592
2888,5.7340,2.50000,1.04083,0.14592,0.000000,0.31030,0.00000,2.50000,0.14592
2889,6.8860,2.50000,1.04083,0.14592,0.000000,0.31036,0.00000,2.50000,0.14592
2890,8.1470,2.50000,1.04083,0.08258,0.063333,0.31024,0.00000,2.50000,0.08258
2891,5.6480,2.50000,1.04083,0.08258,0.000000,0.31036,0.00000,2.50000,0.08258
2892,8.0810,2.50000,1.04083,0.01925,0.063333,0.31030,0.00000,2.50000,0.01925
2893,5.7220,2.50000,1.04083,0.01925,0.000000,0.31036,0.00000,2.50000,0.01925
2894,8.0490,2.50000,1.04083,-0.04408,0.063333,0.31030,0.00000,2.50000,-0.04408
2895,5.7580,2.50000,1.04083,-0.04408,0.000000,0.31036,0.00000,2.50000,-0.04408
2896,6.8970,2.50000,1.04083,-0.04408,0.000000,0.31024,0.00000,2.50000,-0.04408
2897,8.1920,2.50000,1.04083,-0.10742,0.063333,0.31036,0.00000,2.50000,-0.10742
2898,5.6100,2.50000,1.04083,-0.10742,0.000000,0.31030,0.00000,2.50000,-0.10742
2899,8.0690,2.50000,1.04083,-0.17075,0.063333,0.31036,0.00000,2.50000,-0.17075
2900,10.4630,2.50000,1.04083,-0.17075,0.000000,0.31024,0.00000,2.50000,-0.17075
2901,2.1680,2.50000,1.04083,-0.17075,0.000000,0.31036,0.00000,2.50000,-0.17075
2902,8.1310,2.50000,1.04083,-0.23408,0.063333,0.31030,0.00000,2.50000,-0.23408
2903,5.6660,2.50000,1.04083,-0.23408,0.000000,0.31036,0.00000,2.50000,-0.23408
2904,8.1450,2.50000,1.04083,-0.29742,0.063333,0.31030,0.00000,2.50000,-0.29742
2905,5.6540,2.50000,1.04083,-0.29742,0.000000,0.31036,0.00000,2.50000,-0.29742
2906,6.9190,2.50000,1.04083,-0.29742,0.000000,0.31024,0.00000,2.50000,-0.29742
2907,8.0880,2.50000,1.04083,-0.36075,0.063333,0.31036,0.00000,2.50000,-0.36075
2908,5.6950,2.50000,1.04083,-0.36075,0.000000,0.31030,0.00000,2.50000,-0.36075
2909,8.3670,2.50000,1.04083,-0.42408,0.063333,0.31036,0.00000,2.50000,-0.42408
2910,5.4510,2.50000,1.04083,-0.42408,0.000000,0.31024,0.00000,2.50000,-0.42408
2911,8.2530,2.50000,1.04083,-0.48742,0.063333,0.31036,0.00000,2.50000,-0.48742
2912,5.5470,2.50000,1.04083,-0.48742,0.000000,0.31030,0.00000,2.50000,-0.48742
2913,6.8990,2.50000,1.04083,-0.48742,0.000000,0.31036,0.00000,2.50000,-0.48742
2914,8.2530,2.50000,1.04083,-0.55075,0.063333,0.31030,0.00000,2.50000,-0.55075
2915,5.5320,2.50000,1.04083,-0.55075,0.000000,0.31036,0.00000,2.50000,-0.55075
2916,8.1980,2.50000,1.04083,-0.61408,0.063333,0.31024,0.00000,2.50000,-0.61408
2917,5.6390,2.50000,1.04083,-0.61408,0.000000,0.31036,0.00000,2.50000,-0.61408
2918,6.8660,2.50000,1.04083,-0.61408,0.000000,0.31030,0.00000,2.50000,-0.61408
2919,8.2170,2.50000,1.04083,-0.67742,0.063333,0.31036,0.00000,2.50000,-0.67742
2920,5.5840,2.50000,1.04083,-0.67742,0.000000,0.31024,0.00000,2.50000,-0.67742
2921,8.1860,2.50000,1.04083,-0.74075,0.063333,0.31036,0.00000,2.50000,-0.74075
2922,5.6080,2.50000,1.04083,-0.74075,0.000000,0.31030,0.00000,2.50000,-0.74075
2923,8.0720,2.50000,1.04083,-0.80408,0.063333,0.31036,0.00000,2.50000,-0.80408
2924,5.7270,2.50000,1.04083,-0.80408,0.000000,0.31030,0.00000,2.50000,-0.80408
2925,6.9010,2.50000,1.04083,-0.80408,0.000000,0.31036,0.00000,2.50000,-0.80408
2926,8.1540,2.50000,1.04083,-0.86742,0.063333,0.31030,0.00000,2.50000,-0.86742
2927,5.6480,2.50000,1.04083,-0.86742,0.000000,0.31036,0.00000,2.50000,-0.86742
2928,8.0880,2.50000,1.04083,-0.93075,0.063333,0.31024,0.00000,2.50000,-0.93075
2929,5.7080,2.50000,1.04083,-0.93075,0.000000,0.31024,0.00000,2.50000,-0.93075
2930,11.6120,2.50000,1.04083,-0.93075,0.000000,0.31036,0.00000,2.50000,-0.93075
2931,3.4640,2.50000,1.04083,-0.99408,0.063333,0.31030,0.00000,2.50000,-0.99408
2932,5.6530,2.50000,1.04083,-0.99408,0.000000,0.31036,0.00000,2.50000,-0.99408
2933,8.1180,2.50000,1.04083,-1.05742,0.063333,0.31024,0.00000,2.50000,-1.05742
2934,5.6540,2.50000,1.04083,-1.05742,0.000000,0.31042,0.00000,2.50000,-1.05742
2935,6.8880,2.50000,1.04083,-1.05742,0.000000,0.31024,0.00000,2.50000,-1.05742
2936,8.1000,2.50000,1.04083,-1.12075,0.063333,0.31036,0.00000,2.50000,-1.12075
2937,5.7120,2.50000,1.04083,-1.12075,0.000000,0.31030,0.00000,2.50000,-1.12075
2938,8.0870,2.50000,1.04083,-1.18408,0.063333,0.31036,0.00000,2.50000,-1.18408
2939,5.7120,2.50000,1.04083,-1.18408,0.000000,0.31030,0.00000,2.50000,-1.18408
2940,8.1950,2.50000,1.04083,-1.24742,0.063333,0.31036,0.00000,2.50000,-1.24742
2941,5.6320,2.50000,1.04083,-1.24742,0.000000,0.31024,0.00000,2.50000,-1.24742
2942,6.8720,2.50000,1.04083,-1.24742,0.000000,0.31036,0.00000,2.50000,-1.24742
2943,8.1140,2.50000,1.04083,-1.31075,0.063333,0.31024,0.00000,2.50000,-1.31075
2944,5.6840,2.50000,1.04083,-1.31075,0.000000,0.31036,0.00000,2.50000,-1.31075
2945,8.1750,2.50000,1.04083,-1.37408,0.063333,0.31024,0.00000,2.50000,-1.37408
2946,5.6460,2.50000,1.04083,-1.37408,0.000000,0.31036,0.00000,2.50000,-1.37408
2947,6.9140,2.50000,1.04083,-1.37408,0.000000,0.31036,0.00000,2.50000,-1.37408
2948,8.1680,2.50000,1.04083,-1.43742,0.063333,0.31036,0.00000,2.50000,-1.43742
2949,5.6060,2.50000,1.04083,-1.43742,0.000000,0.31030,0.00000,2.50000,-1.43742
2950,8.2110,2.50000,1.04083,-1.50075,0.063333,0.31036,0.00000,2.50000,-1.50075
2951,5.5880,2.50000,1.04083,-1.50075,0.000000,0.31024,0.00000,2.50000,-1.50075
2952,8.1910,2.50000,1.04083,-1.56047,0.059722,0.31036,0.00000,2.50000,-1.56047
2953,5.6110,2.50000,1.04083,-1.56047,0.000000,0.31024,0.00000,2.50000,-1.56047
2954,6.8970,2.50000,1.04083,-1.56047,0.000000,0.31036,0.00000,2.50000,-1.56047
2955,8.2100,2.50000,1.04083,-1.61658,0.056111,0.31036,0.00000,2.50000,-1.61658
2956,5.5880,2.50000,1.04083,-1.61658,0.000000,0.31036,0.00000,2.50000,-1.61658
2957,8.0910,2.50000,1.04083,-1.66908,0.052500,0.31024,0.00000,2.50000,-1.66908
2958,5.7130,2.50000,1.04083,-1.66908,0.000000,0.31036,0.00000,2.50000,-1.66908
2959,6.8940,2.50000,1.04083,-1.66908,0.000000,0.31024,0.00000,2.50000,-1.66908
2960,9.7890,2.50000,1.04083,-1.71797,0.048889,0.31036,0.00000,2.50000,-1.71797
2961,4.0130,2.50000,1.04083,-1.71797,0.000000,0.31030,0.00000,2.50000,-1.71797
2962,8.1150,2.50000,1.04083,-1.76325,0.045278,0.31036,0.00000,2.50000,-1.76325
2963,5.6890,2.50000,1.04083,-1.76325,0.000000,0.31024,0.00000,2.50000,-1.76325
2964,6.8830,2.50000,1.04083,-1.76325,0.000000,0.31036,0.00000,2.50000,-1.76325
2965,8.1620,2.50000,1.04083,-1.80492,0.041667,0.31036,0.00000,2.50000,-1.80492
2966,5.6490,2.50000,1.04083,-1.80492,0.000000,0.31036,0.00000,2.50000,-1.80492
2967,8.1940,2.50000,1.04083,-1.84297,0.038056,0.31024,0.00000,2.50000,-1.84297
2968,5.6110,2.50000,1.04083,-1.84297,0.000000,0.31036,0.00000,2.50000,-1.84297
2969,8.1420,2.50000,1.04083,-1.87742,0.034444,0.31024,0.00000,2.50000,-1.87742
2970,5.6680,2.50000,1.04083,-1.87742,0.000000,0.31036,0.00000,2.50000,-1.87742
2971,6.8860,2.50000,1.04083,-1.87742,0.000000,0.31024,0.00000,2.50000,-1.87742
2972,8.1710,2.50000,1.04083,-1.90825,0.030833,0.31036,0.00000,2.50000,-1.90825
2973,5.6500,2.50000,1.04083,-1.90825,0.000000,0.31030,0.00000,2.50000,-1.90825
2974,8.6420,2.50000,1.04083,-1.93547,0.027222,0.31036,0.00000,2.50000,-1.93547
2975,5.1440,2.50000,1.04083,-1.93547,0.000000,0.31036,0.00000,2.50000,-1.93547
2976,6.9000,2.50000,1.04083,-1.93547,0.000000,0.31036,0.00000,2.50000,-1.93547
2977,8.1830,2.50000,1.04083,-1.95908,0.023611,0.31024,0.00000,2.50000,-1.95908
2978,5.6110,2.50000,1.04083,-1.95908,0.000000,0.31024,0.00000,2.50000,-1.95908
2979,8.1290,2.50000,1.04083,-1.97908,0.020000,0.31036,0.00000,2.50000,-1.97908
2980,5.6910,2.50000,1.04083,-1.97908,0.000000,0.31024,0.00000,2.50000,-1.97908
2981,8.0540,2.50000,1.04083,-1.98964,0.010556,0.31036,0.00000,2.50000,-1.98964
2982,5.7250,2.50000,1.04083,-1.98964,0.000000,0.31024,0.00000,2.50000,-1.98964
2983,6.8860,2.50000,1.04083,-1.98964,0.000000,0.31036,0.00000,2.50000,-1.98964
2984,8.5380,2.50000,1.04083,-1.99075,0.001111,0.31036,0.00000,2.50000,-1.99075
2985,5.2750,2.50000,1.04083,-1.99075,0.000000,0.31036,0.00000,2.50000,-1.99075
2986,8.0600,2.50000,1.04083,-1.98936,0.001389,0.31030,0.00000,2.50000,-1.98936
2987,5.7450,2.50000,1.04083,-1.98936,0.000000,0.31036,0.00000,2.50000,-1.98936
2988,6.9110,2.50000,1.04083,-1.98936,0.000000,0.31024,0.00000,2.50000,-1.98936
2989,8.1570,2.50000,1.04083,-1.98547,0.003889,0.31036,0.00000,2.50000,-1.98547
2990,10.4690,2.50000,1.04083,-1.98547,0.000000,0.31036,0.00000,2.50000,-1.98547
2991,3.4160,2.50000,1.04083,-1.97908,0.006389,0.31036,0.00000,2.50000,-1.97908
2992,5.5770,2.50000,1.04083,-1.97908,0.000000,0.31012,0.00000,2.50000,-1.97908
2993,6.8630,2.50000,1.04083,-1.97908,0.000000,0.31036,0.00000,2.50000,-1.97908
2994,8.1620,2.50000,1.04083,-1.97019,0.008889,0.31036,0.00000,2.50000,-1.97019
2995,5.6380,2.50000,1.04083,-1.97019,0.000000,0.31036,0.00000,2.50000,-1.97019
2996,8.1240,2.50000,1.04083,-1.95881,0.011389,0.31030,0.00000,2.50000,-1.95881
2997,5.6720,2.50000,1.04083,-1.95881,0.000000,0.31036,0.00000,2.50000,-1.95881
2998,8.0790,2.50000,1.04083,-1.94492,0.013889,0.31024,0.00000,2.50000,-1.94492
2999,5.7390,2.50000,1.04083,-1.94492,0.000000,0.31036,0.00000,2.50000,-1.94492
3000,6.8910,2.50000,1.04083,-1.94492,0.000000,0.31036,0.00000,2.50000,-1.94492
3001,8.1030,2.50000,1.04083,-1.92853,0.016389,0.31036,0.00000,2.50000,-1.92853
3002,5.6940,2.50000,1.04083,-1.92853,0.000000,0.31024,0.00000,2.50000,-1.92853
3003,8.1750,2.50000,1.04083,-1.90964,0.018889,0.31036,0.00000,2.50000,-1.90964
3004,5.6590,2.50000,1.04083,-1.90964,0.000000,0.31024,0.00000,2.50000,-1.90964
3005,6.8720,2.50000,1.04083,-1.90964,0.000000,0.31036,0.00000,2.50000,-1.90964
3006,8.2370,2.50000,1.04083,-1.88825,0.021389,0.31024,0.00000,2.50000,-1.88825
3007,5.5930,2.50000,1.04083,-1.88825,0.000000,0.31036,0.00000,2.50000,-1.88825
3008,8.3420,2.50000,1.04083,-1.86436,0.023889,0.31030,0.00000,2.50000,-1.86436
3009,5.4340,2.50000,1.04083,-1.86436,0.000000,0.31036,0.00000,2.50000,-1.86436
3010,8.1960,2.50000,1.04083,-1.83797,0.026389,0.31036,0.00000,2.50000,-1.83797
3011,5.5880,2.50000,1.04083,-1.83797,0.000000,0.31036,0.00000,2.50000,-1.83797
3012,6.9100,2.50000,1.04083,-1.83797,0.000000,0.31024,0.00000,2.50000,-1.83797
3013,8.1590,2.50000,1.04083,-1.80908,0.028889,0.31036,0.00000,2.50000,-1.80908
3014,5.6540,2.50000,1.04083,-1.80908,0.000000,0.31024,0.00000,2.50000,-1.80908
3015,8.1040,2.50000,1.04083,-1.77769,0.031389,0.31036,0.00000,2.50000,-1.77769
3016,5.6750,2.50000,1.04083,-1.77769,0.000000,0.31024,0.00000,2.50000,-1.77769
3017,6.9000,2.50000,1.04083,-1.77769,0.000000,0.31036,0.00000,2.50000,-1.77769
3018,8.1330,2.50000,1.04083,-1.74380,0.033889,0.31024,0.00000,2.50000,-1.74380
3019,5.6780,2.50000,1.04083,-1.74380,0.000000,0.31036,0.00000,2.50000,-1.74380
3020,13.3680,2.50000,1.04083,-1.70742,0.036389,0.31036,0.00000,2.50000,-1.70742
3021,0.4170,2.50000,1.04083,-1.70742,0.000000,0.31036,0.00000,2.50000,-1.70742
3022,6.9340,2.50000,1.04083,-1.70742,0.000000,0.31030,0.00000,2.50000,-1.70742
3023,8.5390,2.50000,1.04083,-1.66853,0.038889,0.31036,0.00000,2.50000,-1.66853
3024,5.2490,2.50000,1.04083,-1.66853,0.000000,0.31024,0.00000,2.50000,-1.66853
3025,8.1370,2.50000,1.04083,-1.62714,0.041389,0.31036,0.00000,2.50000,-1.62714
3026,5.6540,2.50000,1.04083,-1.62714,0.000000,0.31024,0.00000,2.50000,-1.62714
3027,8.0810,2.50000,1.04083,-1.58325,0.043889,0.31036,0.00000,2.50000,-1.58325
3028,5.7270,2.50000,1.04083,-1.58325,0.000000,0.31024,0.00000,2.50000,-1.58325
3029,6.8910,2.50000,1.04083,-1.58325,0.000000,0.31036,0.00000,2.50000,-1.58325
3030,8.1770,2.50000,1.04083,-1.53686,0.046389,0.31036,0.00000,2.50000,-1.53686
3031,5.6150,2.50000,1.04083,-1.53686,0.000000,0.31024,0.00000,2.50000,-1.53686
3032,8.1490,2.50000,1.04083,-1.48797,0.048889,0.31036,0.00000,2.50000,-1.48797
3033,5.6660,2.50000,1.04083,-1.48797,0.000000,0.31030,0.00000,2.50000,-1.48797
3034,6.8870,2.50000,1.04083,-1.48797,0.000000,0.31036,0.00000,2.50000,-1.48797
3035,8.2610,2.50000,1.04083,-1.43658,0.051389,0.31024,0.00000,2.50000,-1.43658
3036,5.5590,2.50000,1.04083,-1.43658,0.000000,0.31036,0.00000,2.50000,-1.43658
3037,8.1450,2.50000,1.04083,-1.38269,0.053889,0.31036,0.00000,2.50000,-1.38269
3038,5.6380,2.50000,1.04083,-1.38269,0.000000,0.31036,0.00000,2.50000,-1.38269
3039,8.0960,2.50000,1.04083,-1.32630,0.056389,0.31024,0.00000,2.50000,-1.32630
3040,5.7040,2.50000,1.04083,-1.32630,0.000000,0.31036,0.00000,2.50000,-1.32630
3041,6.8970,2.50000,1.04083,-1.32630,0.000000,0.31024,0.00000,2.50000,-1.32630
3042,8.2080,2.50000,1.04083,-1.26742,0.058889,0.31036,0.00000,2.50000,-1.26742
3043,5.5950,2.50000,1.04083,-1.26742,0.000000,0.31030,0.00000,2.50000,-1.26742
3044,8.1260,2.50000,1.04083,-1.20603,0.061389,0.31036,0.00000,2.50000,-1.20603
3045,5.6940,2.50000,1.04083,-1.20603,0.000000,0.31024,0.00000,2.50000,-1.20603
3046,6.8760,2.50000,1.04083,-1.20603,0.000000,0.31036,0.00000,2.50000,-1.20603
3047,8.1140,2.50000,1.04083,-1.14269,0.063333,0.31036,0.00000,2.50000,-1.14269
3048,5.6890,2.50000,1.04083,-1.14269,0.000000,0.31036,0.00000,2.50000,-1.14269
3049,8.1010,2.50000,1.04083,-1.07936,0.063333,0.31024,0.00000,2.50000,-1.07936
3050,7.3840,2.50000,1.04083,-1.07936,0.000000,0.31036,0.00000,2.50000,-1.07936
3051,5.2150,2.50000,1.04083,-1.07936,0.000000,0.31024,0.00000,2.50000,-1.07936
3052,8.5740,2.50000,1.04083,-1.01603,0.063333,0.31036,0.00000,2.50000,-1.01603
3053,5.2360,2.50000,1.04083,-1.01603,0.000000,0.31024,0.00000,2.50000,-1.01603
3054,8.5310,2.50000,1.04083,-0.95269,0.063333,0.31036,0.00000,2.50000,-0.95269
3055,5.2660,2.50000,1.04083,-0.95269,0.000000,0.31030,0.00000,2.50000,-0.95269
3056,8.1390,2.50000,1.04083,-0.88936,0.063333,0.31036,0.00000,2.50000,-0.88936
3057,5.6710,2.50000,1.04083,-0.88936,0.000000,0.31036,0.00000,2.50000,-0.88936
3058,6.8830,2.50000,1.04083,-0.88936,0.000000,0.31036,0.00000,2.50000,-0.88936
3059,8.2120,2.50000,1.04083,-0.82603,0.063333,0.31024,0.00000,2.50000,-0.82603
3060,5.5930,2.50000,1.04083,-0.82603,0.000000,0.31036,0.00000,2.50000,-0.82603
3061,8.0640,2.50000,1.04083,-0.76269,0.063333,0.31024,0.00000,2.50000,-0.76269
3062,5.7660,2.50000,1.04083,-0.76269,0.000000,0.31036,0.00000,2.50000,-0.76269
3063,6.8690,2.50000,1.04083,-0.76269,0.000000,0.31024,0.00000,2.50000,-0.76269
3064,8.1680,2.50000,1.04083,-0.69936,0.063333,0.31036,0.00000,2.50000,-0.69936
3065,5.6300,2.50000,1.04083,-0.69936,0.000000,0.31024,0.00000,2.50000,-0.69936
3066,8.1140,2.50000,1.04083,-0.63603,0.063333,0.31036,0.00000,2.50000,-0.63603
3067,5.7100,2.50000,1.04083,-0.63603,0.000000,0.31036,0.00000,2.50000,-0.63603
3068,8.1660,2.50000,1.04083,-0.57269,0.063333,0.31036,0.00000,2.50000,-0.57269
3069,5.6140,2.50000,1.04083,-0.57269,0.000000,0.31030,0.00000,2.50000,-0.57269
3070,6.8900,2.50000,1.04083,-0.57269,0.000000,0.31036,0.00000,2.50000,-0.57269
3071,8.1490,2.50000,1.04083,-0.50936,0.063333,0.31024,0.00000,2.50000,-0.50936
3072,5.6540,2.50000,1.04083,-0.50936,0.000000,0.31036,0.00000,2.50000,-0.50936
3073,8.1320,2.50000,1.04083,-0.44603,0.063333,0.31036,0.00000,2.50000,-0.44603
3074,5.6810,2.50000,1.04083,-0.44603,0.000000,0.31036,0.00000,2.50000,-0.44603
3075,6.8870,2.50000,1.04083,-0.44603,0.000000,0.31012,0.00000,2.50000,-0.44603
3076,8.1870,2.50000,1.04083,-0.38269,0.063333,0.31036,0.00000,2.50000,-0.38269
3077,5.6150,2.50000,1.04083,-0.38269,0.000000,0.31036,0.00000,2.50000,-0.38269
3078,8.0740,2.50000,1.04083,-0.31936,0.063333,0.31036,0.00000,2.50000,-0.31936
3079,5.7230,2.50000,1.04083,-0.31936,0.000000,0.31024,0.00000,2.50000,-0.31936
3080,11.7350,2.50000,1.04083,-0.31936,0.000000,0.31030,0.00000,2.50000,-0.31936
3081,3.4350,2.50000,1.04083,-0.25603,0.063333,0.31036,0.00000,2.50000,-0.25603
3082,5.5700,2.50000,1.04083,-0.25603,0.000000,0.31036,0.00000,2.50000,-0.25603
3083,8.2120,2.50000,1.04083,-0.19269,0.063333,0.31036,0.00000,2.50000,-0.19269
3084,5.5580,2.50000,1.04083,-0.19269,0.000000,0.31024,0.00000,2.50000,-0.19269
3085,8.2220,2.50000,1.04083,-0.12936,0.063333,0.31036,0.00000,2.50000,-0.12936
3086,5.5840,2.50000,1.04083,-0.12936,0.000000,0.31024,0.00000,2.50000,-0.12936
3087,6.8910,2.50000,1.04083,-0.12936,0.000000,0.31036,0.00000,2.50000,-0.12936
3088,8.1150,2.50000,1.04083,-0.06603,0.063333,0.31024,0.00000,2.50000,-0.06603
3089,5.6800,2.50000,1.04083,-0.06603,0.000000,0.31036,0.00000,2.50000,-0.06603
3090,8.1620,2.50000,1.04083,-0.00269,0.063333,0.31030,0.00000,2.50000,-0.00269
3091,5.6500,2.50000,1.04083,-0.00269,0.000000,0.31036,0.00000,2.50000,-0.00269
3092,6.8920,2.50000,1.04083,-0.00269,0.000000,0.31036,0.00000,2.50000,-0.00269
3093,8.1280,2.50000,1.04083,0.06064,0.063333,0.31036,0.00000,2.50000,0.06064
3094,5.6710,2.50000,1.04083,0.06064,0.000000,0.31024,0.00000,2.50000,0.06064
3095,8.1620,2.50000,1.04083,0.12397,0.063333,0.31036,0.00000,2.50000,0.12397
3096,5.6510,2.50000,1.04083,0.12397,0.000000,0.31024,0.00000,2.50000,0.12397
3097,8.0290,2.50000,1.04083,0.18731,0.063333,0.31036,0.00000,2.50000,0.18731
3098,5.7610,2.50000,1.04083,0.18731,0.000000,0.31024,0.00000,2.50000,0.18731
3099,6.8780,2.50000,1.04083,0.18731,0.000000,0.31036,0.00000,2.50000,0.18731
3100,8.3310,2.50000,1.04083,0.25064,0.063333,0.31024,0.00000,2.50000,0.25064
3101,5.4880,2.50000,1.04083,0.25064,0.000000,0.31036,0.00000,2.50000,0.25064
3102,8.2160,2.50000,1.04083,0.31397,0.063333,0.31036,0.00000,2.50000,0.31397
3103,5.5810,2.50000,1.04083,0.31397,0.000000,0.31036,0.00000,2.50000,0.31397
3104,6.9090,2.50000,1.04083,0.31397,0.000000,0.31030,0.00000,2.50000,0.31397
3105,8.1620,2.50000,1.04083,0.37731,0.063333,0.31036,0.00000,2.50000,0.37731
3106,5.6260,2.50000,1.04083,0.37731,0.000000,0.31024,0.00000,2.50000,0.37731
3107,8.0920,2.50000,1.04083,0.44064,0.063333,0.31036,0.00000,2.50000,0.44064
3108,5.7110,2.50000,1.04083,0.44064,0.000000,0.31024,0.00000,2.50000,0.44064
3109,6.8990,2.50000,1.04083,0.44064,0.000000,0.31036,0.00000,2.50000,0.44064
3110,12.9300,2.50000,1.04083,0.50397,0.063333,0.31024,0.00000,2.50000,0.50397
3111,0.8690,2.50000,1.04083,0.50397,0.000000,0.31036,0.00000,2.50000,0.50397
3112,8.1080,2.50000,1.04083,0.56731,0.063333,0.31036,0.00000,2.50000,0.56731
3113,5.7070,2.50000,1.04083,0.56731,0.000000,0.31036,0.00000,2.50000,0.56731
3114,8.0540,2.50000,1.04083,0.63064,0.063333,0.31024,0.00000,2.50000,0.63064
3115,5.7430,2.50000,1.04083,0.63064,0.000000,0.31036,0.00000,2.50000,0.63064
3116,6.8910,2.50000,1.04083,0.63064,0.000000,0.31030,0.00000,2.50000,0.63064
3117,8.0670,2.50000,1.04083,0.69397,0.063333,0.31036,0.00000,2.50000,0.69397
3118,5.7330,2.50000,1.04083,0.69397,0.000000,0.31024,0.00000,2.50000,0.69397
3119,8.1430,2.50000,1.04083,0.75731,0.063333,0.31036,0.00000,2.50000,0.75731
3120,5.6630,2.50000,1.04083,0.75731,0.000000,0.31036,0.00000,2.50000,0.75731
3121,6.8940,2.50000,1.04083,0.75731,0.000000,0.31036,0.00000,2.50000,0.75731
3122,8.0750,2.50000,1.04083,0.82064,0.063333,0.31012,0.00000,2.50000,0.82064
3123,5.7260,2.50000,1.04083,0.82064,0.000000,0.31049,0.00000,2.50000,0.82064
3124,8.0750,2.50000,1.04083,0.88397,0.063333,0.31024,0.00000,2.50000,0.88397
3125,5.7220,2.50000,1.04083,0.88397,0.000000,0.31036,0.00000,2.50000,0.88397
3126,8.0810,2.50000,1.04083,0.94731,0.063333,0.31024,0.00000,2.50000,0.94731
3127,5.7450,2.50000,1.04083,0.94731,0.000000,0.31036,0.00000,2.50000,0.94731
3128,6.8740,2.50000,1.04083,0.94731,0.000000,0.31030,0.00000,2.50000,0.94731
3129,8.3440,2.50000,1.04083,1.01064,0.063333,0.31036,0.00000,2.50000,1.01064
3130,5.4550,2.50000,1.04083,1.01064,0.000000,0.31036,0.00000,2.50000,1.01064
3131,8.0570,2.50000,1.04083,1.07397,0.063333,0.31024,0.00000,2.50000,1.07397
3132,5.7480,2.50000,1.04083,1.07397,0.000000,0.31036,0.00000,2.50000,1.07397
3133,6.9000,2.50000,1.04083,1.07397,0.000000,0.31024,0.00000,2.50000,1.07397
3134,8.1890,2.50000,1.04083,1.13731,0.063333,0.31036,0.00000,2.50000,1.13731
3135,5.6060,2.50000,1.04083,1.13731,0.000000,0.31024,0.00000,2.50000,1.13731
3136,8.2900,2.50000,1.04083,1.20064,0.063333,0.31036,0.00000,2.50000,1.20064
3137,5.5260,2.50000,1.04083,1.20064,0.000000,0.31030,0.00000,2.50000,1.20064
3138,6.8960,2.50000,1.04083,1.20064,0.000000,0.31036,0.00000,2.50000,1.20064
3139,8.1470,2.50000,1.04083,1.26397,0.063333,0.31036,0.00000,2.50000,1.26397
3140,10.2980,2.50000,1.04083,1.26397,0.000000,0.31036,0.00000,2.50000,1.26397
3141,3.5460,2.50000,1.04083,1.32731,0.063333,0.31024,0.00000,2.50000,1.32731
3142,5.6240,2.50000,1.04083,1.32731,0.000000,0.31036,0.00000,2.50000,1.32731
3143,8.0040,2.50000,1.04083,1.39064,0.063333,0.31024,0.00000,2.50000,1.39064
3144,5.7780,2.50000,1.04083,1.39064,0.000000,0.31036,0.00000,2.50000,1.39064
3145,6.9020,2.50000,1.04083,1.39064,0.000000,0.31036,0.00000,2.50000,1.39064
3146,8.2230,2.50000,1.04083,1.45397,0.063333,0.31036,0.00000,2.50000,1.45397
3147,5.5640,2.50000,1.04083,1.45397,0.000000,0.31012,0.00000,2.50000,1.45397
3148,8.2720,2.50000,1.04083,1.51731,0.063333,0.31036,0.00000,2.50000,1.51731
3149,5.5450,2.50000,1.04083,1.51731,0.000000,0.31036,0.00000,2.50000,1.51731
3150,6.8890,2.50000,1.04083,1.51731,0.000000,0.31036,0.00000,2.50000,1.51731
3151,8.2120,2.50000,1.04083,1.58064,0.063333,0.31030,0.00000,2.50000,1.58064
3152,5.5840,2.50000,1.04083,1.58064,0.000000,0.31036,0.00000,2.50000,1.58064
3153,8.2450,2.50000,1.04083,1.64397,0.063333,0.31024,0.00000,2.50000,1.64397
3154,5.5700,2.50000,1.04083,1.64397,0.000000,0.31036,0.00000,2.50000,1.64397
3155,8.2370,2.50000,1.04083,1.70731,0.063333,0.31036,0.00000,2.50000,1.70731
3156,5.5510,2.50000,1.04083,1.70731,0.000000,0.31036,0.00000,2.50000,1.70731
3157,6.9330,2.50000,1.04083,1.70731,0.000000,0.31012,0.00000,2.50000,1.70731
3158,8.1940,2.50000,1.04083,1.77064,0.063333,0.31036,0.00000,2.50000,1.77064
3159,5.5690,2.50000,1.04083,1.77064,0.000000,0.31036,0.00000,2.50000,1.77064
3160,8.0750,2.50000,1.04083,1.83397,0.063333,0.31036,0.00000,2.50000,1.83397
3161,5.7450,2.50000,1.04083,1.83397,0.000000,0.31024,0.00000,2.50000,1.83397
3162,6.8710,2.50000,1.04083,1.83397,0.000000,0.31036,0.00000,2.50000,1.83397
3163,8.2100,2.50000,1.04083,1.89731,0.063333,0.31030,0.00000,2.50000,1.89731
3164,5.6100,2.50000,1.04083,1.89731,0.000000,0.31036,0.00000,2.50000,1.89731
3165,8.1920,2.50000,1.04083,1.96064,0.063333,0.31036,0.00000,2.50000,1.96064
3166,5.6010,2.50000,1.04083,1.96064,0.000000,0.31036,0.00000,2.50000,1.96064
3167,6.9070,2.50000,1.04083,1.96064,0.000000,0.31024,0.00000,2.50000,1.96064
3168,8.1760,2.50000,1.04083,2.02397,0.063333,0.31036,0.00000,2.50000,2.02397
3169,5.6220,2.50000,1.04083,2.02397,0.000000,0.31024,0.00000,2.50000,2.02397
3170,9.7700,2.50000,1.04083,2.08731,0.063333,0.31036,0.00000,2.50000,2.08731
3171,4.0190,2.50000,1.04083,2.08731,0.000000,0.31024,0.00000,2.50000,2.08731
3172,8.1310,2.50000,1.04083,2.15064,0.063333,0.31036,0.00000,2.50000,2.15064
3173,5.6890,2.50000,1.04083,2.15064,0.000000,0.31024,0.00000,2.50000,2.15064
3174,6.8890,2.50000,1.04083,2.15064,0.000000,0.31036,0.00000,2.50000,2.15064
3175,8.1880,2.50000,1.04083,2.21397,0.063333,0.31036,0.00000,2.50000,2.21397
3176,5.5980,2.50000,1.04083,2.21397,0.000000,0.31036,0.00000,2.50000,2.21397
3177,8.4910,2.50000,1.04083,2.27730,0.063333,0.31030,0.00000,2.50000,2.27730
3178,5.3340,2.50000,1.04083,2.27730,0.000000,0.31036,0.00000,2.50000,2.27730
3179,6.8790,2.50000,1.04083,2.27730,0.000000,0.31024,0.00000,2.50000,2.27730
3180,8.3360,2.50000,1.04083,2.34064,0.063333,0.31024,0.00000,2.50000,2.34064
3181,5.4650,2.50000,1.04083,2.34064,0.000000,0.31036,0.00000,2.50000,2.34064
3182,8.1050,2.50000,1.04083,2.40397,0.063333,0.31024,0.00000,2.50000,2.40397
3183,5.6880,2.50000,1.04083,2.40397,0.000000,0.31036,0.00000,2.50000,2.40397
3184,8.1410,2.50000,1.04083,2.46730,0.063333,0.31036,0.00000,2.50000,2.46730
3185,5.6710,2.50000,1.04083,2.46730,0.000000,0.31030,0.00000,2.50000,2.46730
3186,6.8950,2.50000,1.04083,2.46730,0.000000,0.31036,0.00000,2.50000,2.46730
3187,8.1270,2.50000,1.04083,2.53064,0.063333,0.31036,0.00000,2.50000,2.53064
3188,5.6740,2.50000,1.04083,2.53064,0.000000,0.31024,0.00000,2.50000,2.53064
3189,8.1010,2.50000,1.04083,2.59397,0.063333,0.31036,0.00000,2.50000,2.59397
3190,5.6960,2.50000,1.04083,2.59397,0.000000,0.31024,0.00000,2.50000,2.59397
3191,6.9120,2.50000,1.04083,2.59397,0.000000,0.31036,0.00000,2.50000,2.59397
3192,8.0830,2.50000,1.04083,2.65730,0.063333,0.31036,0.00000,2.50000,2.65730
3193,5.7120,2.50000,1.04083,2.65730,0.000000,0.31036,0.00000,2.50000,2.65730
3194,8.1160,2.50000,1.04083,2.72064,0.063333,0.31012,0.00000,2.50000,2.72064
3195,5.6830,2.50000,1.04083,2.72064,0.000000,0.31036,0.00000,2.50000,2.72064
3196,6.8990,2.50000,1.04083,2.72064,0.000000,0.31036,0.00000,2.50000,2.72064
3197,8.1220,2.50000,1.04083,2.78036,0.059722,0.31036,0.00000,2.50000,2.78036
3198,5.6860,2.50000,1.04083,2.78036,0.000000,0.31030,0.00000,2.50000,2.78036
3199,8.3860,2.50000,1.04083,2.83647,0.056111,0.31036,0.00000,2.50000,2.83647
3200,10.2420,2.50000,1.04083,2.83647,0.000000,0.31024,0.00000,2.50000,2.83647
3201,3.8000,2.50000,1.04083,2.88897,0.052500,0.31036,0.00000,2.50000,2.88897
3202,5.2120,2.50000,1.04083,2.88897,0.000000,0.31036,0.00000,2.50000,2.88897
3203,6.8880,2.50000,1.04083,2.88897,0.000000,0.31036,0.00000,2.50000,2.88897
3204,8.1360,2.50000,1.04083,2.93786,0.048889,0.31012,0.00000,2.50000,2.93786
3205,5.6340,2.50000,1.04083,2.93786,0.000000,0.31036,0.00000,2.50000,2.93786
3206,8.1340,2.50000,1.04083,2.98314,0.045278,0.31036,0.00000,2.50000,2.98314
3207,5.6790,2.50000,1.04083,2.98314,0.000000,0.31036,0.00000,2.50000,2.98314
3208,6.8820,2.50000,1.04083,2.98314,0.000000,0.31024,0.00000,2.50000,2.98314
3209,8.1780,2.50000,1.04083,3.02480,0.041667,0.31036,0.00000,2.50000,3.02480
3210,5.6210,2.50000,1.04083,3.02480,0.000000,0.31030,0.00000,2.50000,3.02480
3211,8.2230,2.50000,1.04083,3.06286,0.038056,0.31036,0.00000,2.50000,3.06286
3212,5.5780,2.50000,1.04083,3.06286,0.000000,0.31036,0.00000,2.50000,3.06286
3213,8.4610,2.50000,1.04083,3.09730,0.034444,0.31036,0.00000,2.50000,3.09730
3214,5.3370,2.50000,1.04083,3.09730,0.000000,0.31024,0.00000,2.50000,3.09730
3215,6.9000,2.50000,1.04083,3.09730,0.000000,0.31036,0.00000,2.50000,3.09730
3216,8.1020,2.50000,1.04083,3.12814,0.030833,0.31024,0.00000,2.50000,3.12814
3217,5.7260,2.50000,1.04083,3.12814,0.000000,0.31036,0.00000,2.50000,3.12814
3218,8.1130,2.50000,1.04083,3.15536,0.027222,0.31024,0.00000,2.50000,3.15536
3219,5.6610,2.50000,1.04083,3.15536,0.000000,0.31036,0.00000,2.50000,3.15536
3220,6.9020,2.50000,1.04083,3.15536,0.000000,0.31024,0.00000,2.50000,3.15536
3221,8.0760,2.50000,1.04083,3.17897,0.023611,0.31036,0.00000,2.50000,3.17897
3222,5.7210,2.50000,1.04083,3.17897,0.000000,0.31036,0.00000,2.50000,3.17897
3223,8.2260,2.50000,1.04083,3.19897,0.020000,0.31036,0.00000,2.50000,3.19897
3224,5.5710,2.50000,1.04083,3.19897,0.000000,0.31030,0.00000,2.50000,3.19897
3225,6.8980,2.50000,1.04083,3.19897,0.000000,0.31036,0.00000,2.50000,3.19897
3226,8.3780,2.50000,1.04083,3.20953,0.010556,0.31024,0.00000,2.50000,3.20953
3227,5.4320,2.50000,1.04083,3.20953,0.000000,0.31036,0.00000,2.50000,3.20953
3228,8.1210,2.50000,1.04083,3.21064,0.001111,0.31036,0.00000,2.50000,3.21064
3229,5.6820,2.50000,1.04083,3.21064,0.000000,0.31012,0.00000,2.50000,3.21064
3230,13.0240,2.50000,1.04083,3.20925,0.001389,0.31036,0.00000,2.50000,3.20925
3231,0.8120,2.50000,1.04083,3.20925,0.000000,0.31036,0.00000,2.50000,3.20925
3232,6.8800,2.50000,1.04083,3.20925,0.000000,0.31036,0.00000,2.50000,3.20925
3233,8.1140,2.50000,1.04083,3.20536,0.003889,0.31030,0.00000,2.50000,3.20536
3234,5.6610,2.50000,1.04083,3.20536,0.000000,0.31036,0.00000,2.50000,3.20536
3235,8.1820,2.50000,1.04083,3.19897,0.006389,0.31024,0.00000,2.50000,3.19897
3236,5.6320,2.50000,1.04083,3.19897,0.000000,0.31036,0.00000,2.50000,3.19897
3237,6.8920,2.50000,1.04083,3.19897,0.000000,0.31036,0.00000,2.50000,3.19897
3238,8.1850,2.50000,1.04083,3.19008,0.008889,0.31036,0.00000,2.50000,3.19008
3239,5.6110,2.50000,1.04083,3.19008,0.000000,0.31024,0.00000,2.50000,3.19008
3240,8.1600,2.50000,1.04083,3.17869,0.011389,0.31036,0.00000,2.50000,3.17869
3241,5.6480,2.50000,1.04083,3.17869,0.000000,0.31024,0.00000,2.50000,3.17869
3242,8.1530,2.50000,1.04083,3.16480,0.013889,0.31036,0.00000,2.50000,3.16480
3243,5.6460,2.50000,1.04083,3.16480,0.000000,0.31024,0.00000,2.50000,3.16480
3244,6.8990,2.50000,1.04083,3.16480,0.000000,0.31036,0.00000,2.50000,3.16480
3245,8.2420,2.50000,1.04083,3.14842,0.016389,0.31030,0.00000,2.50000,3.14842
3246,5.5560,2.50000,1.04083,3.14842,0.000000,0.31036,0.00000,2.50000,3.14842
3247,8.6120,2.50000,1.04083,3.12953,0.018889,0.31036,0.00000,2.50000,3.12953
3248,5.1840,2.50000,1.04083,3.12953,0.000000,0.31024,0.00000,2.50000,3.12953
3249,6.9040,2.50000,1.04083,3.12953,0.000000,0.31036,0.00000,2.50000,3.12953
3250,8.1460,2.50000,1.04083,3.10814,0.021389,0.31036,0.00000,2.50000,3.10814
3251,5.6390,2.50000,1.04083,3.10814,0.000000,0.31024,0.00000,2.50000,3.10814
3252,8.1550,2.50000,1.04083,3.08425,0.023889,0.31036,0.00000,2.50000,3.08425
3253,5.6550,2.50000,1.04083,3.08425,0.000000,0.31024,0.00000,2.50000,3.08425
3254,6.9140,2.50000,1.04083,3.08425,0.000000,0.31036,0.00000,2.50000,3.08425
3255,8.3150,2.50000,1.04083,3.05786,0.026389,0.31024,0.00000,2.50000,3.05786
3256,5.4820,2.50000,1.04083,3.05786,0.000000,0.31036,0.00000,2.50000,3.05786
3257,8.2660,2.50000,1.04083,3.02897,0.028889,0.31030,0.00000,2.50000,3.02897
3258,5.5260,2.50000,1.04083,3.02897,0.000000,0.31036,0.00000,2.50000,3.02897
3259,9.0920,2.50000,1.04083,2.99758,0.031389,0.31036,0.00000,2.50000,2.99758
3260,9.4400,2.50000,1.04083,2.99758,0.000000,0.31036,0.00000,2.50000,2.99758
3261,2.1670,2.50000,1.04083,2.99758,0.000000,0.31024,0.00000,2.50000,2.99758
3262,8.3310,2.50000,1.04083,2.96369,0.033889,0.31036,0.00000,2.50000,2.96369
3263,5.4710,2.50000,1.04083,2.96369,0.000000,0.31024,0.00000,2.50000,2.96369
3264,8.1340,2.50000,1.04083,2.92730,0.036389,0.31036,0.00000,2.50000,2.92730
3265,5.6790,2.50000,1.04083,2.92730,0.000000,0.31024,0.00000,2.50000,2.92730
3266,6.8890,2.50000,1.04083,2.92730,0.000000,0.31036,0.00000,2.50000,2.92730
3267,8.1610,2.50000,1.04083,2.88842,0.038889,0.31024,0.00000,2.50000,2.88842
3268,5.6370,2.50000,1.04083,2.88842,0.000000,0.31036,0.00000,2.50000,2.88842
3269,8.2030,2.50000,1.04083,2.84703,0.041389,0.31036,0.00000,2.50000,2.84703
3270,5.5970,2.50000,1.04083,2.84703,0.000000,0.31036,0.00000,2.50000,2.84703
3271,8.1360,2.50000,1.04083,2.80314,0.043889,0.31030,0.00000,2.50000,2.80314
3272,5.6810,2.50000,1.04083,2.80314,0.000000,0.31036,0.00000,2.50000,2.80314
3273,6.8760,2.50000,1.04083,2.80314,0.000000,0.31024,0.00000,2.50000,2.80314
3274,8.2420,2.50000,1.04083,2.75675,0.046389,0.31036,0.00000,2.50000,2.75675
3275,5.5670,2.50000,1.04083,2.75675,0.000000,0.31036,0.00000,2.50000,2.75675
3276,8.0990,2.50000,1.04083,2.70786,0.048889,0.31036,0.00000,2.50000,2.70786
3277,5.7460,2.50000,1.04083,2.70786,0.000000,0.31012,0.00000,2.50000,2.70786
3278,6.8500,2.50000,1.04083,2.70786,0.000000,0.31036,0.00000,2.50000,2.70786
3279,8.2180,2.50000,1.04083,2.65647,0.051389,0.31036,0.00000,2.50000,2.65647
3280,5.5940,2.50000,1.04083,2.65647,0.000000,0.31030,0.00000,2.50000,2.65647
3281,8.1470,2.50000,1.04083,2.60258,0.053889,0.31036,0.00000,2.50000,2.60258
3282,5.6430,2.50000,1.04083,2.60258,0.000000,0.31024,0.00000,2.50000,2.60258
3283,6.9070,2.50000,1.04083,2.60258,0.000000,0.31036,0.00000,2.50000,2.60258
3284,8.1630,2.50000,1.04083,2.54619,0.056389,0.31030,0.00000,2.50000,2.54619
3285,5.6310,2.50000,1.04083,2.54619,0.000000,0.31030,0.00000,2.50000,2.54619
3286,8.1560,2.50000,1.04083,2.48730,0.058889,0.31030,0.00000,2.50000,2.48730
3287,5.6350,2.50000,1.04083,2.48730,0.000000,0.31042,0.00000,2.50000,2.48730
3288,8.0860,2.50000,1.04083,2.42592,0.061389,0.31018,0.00000,2.50000,2.42592
3289,5.7290,2.50000,1.04083,2.42592,0.000000,0.31042,0.00000,2.50000,2.42592
3290,11.6030,2.50000,1.04083,2.42592,0.000000,0.31030,0.00000,2.50000,2.42592
3291,3.3910,2.50000,1.04083,2.36258,0.063333,0.31030,0.00000,2.50000,2.36258
3292,5.7220,2.50000,1.04083,2.36258,0.000000,0.31030,0.00000,2.50000,2.36258
3293,8.0200,2.50000,1.04083,2.29925,0.063333,0.31042,0.00000,2.50000,2.29925
3294,5.7720,2.50000,1.04083,2.29925,0.000000,0.31018,0.00000,2.50000,2.29925
3295,6.8840,2.50000,1.04083,2.29925,0.000000,0.31042,0.00000,2.50000,2.29925
3296,8.1850,2.50000,1.04083,2.23592,0.063333,0.31030,0.00000,2.50000,2.23592
3297,5.6130,2.50000,1.04083,2.23592,0.000000,0.31030,0.00000,2.50000,2.23592
3298,8.1130,2.50000,1.04083,2.17258,0.063333,0.31030,0.00000,2.50000,2.17258
3299,5.6950,2.50000,1.04083,2.17258,0.000000,0.31030,0.00000,2.50000,2.17258
3300,8.3400,2.50000,1.04083,2.10925,0.063333,0.31030,0.00000,2.50000,2.10925
3301,5.4610,2.50000,1.04083,2.10925,0.000000,0.31042,0.00000,2.50000,2.10925
3302,6.8970,2.50000,1.04083,2.10925,0.000000,0.31030,0.00000,2.50000,2.10925
3303,8.2870,2.50000,1.04083,2.04592,0.063333,0.31030,0.00000,2.50000,2.04592
3304,5.5110,2.50000,1.04083,2.04592,0.000000,0.31030,0.00000,2.50000,2.04592
3305,8.1150,2.50000,1.04083,1.98258,0.063333,0.31030,0.00000,2.50000,1.98258
3306,5.6790,2.50000,1.04083,1.98258,0.000000,0.31030,0.00000,2.50000,1.98258
3307,6.9470,2.50000,1.04083,1.98258,0.000000,0.31042,0.00000,2.50000,1.98258
3308,8.0390,2.50000,1.04083,1.91925,0.063333,0.31018,0.00000,2.50000,1.91925
3309,5.7260,2.50000,1.04083,1.91925,0.000000,0.31042,0.00000,2.50000,1.91925
3310,8.0910,2.50000,1.04083,1.85592,0.063333,0.31030,0.00000,2.50000,1.85592
3311,5.6990,2.50000,1.04083,1.85592,0.000000,0.31030,0.00000,2.50000,1.85592
3312,6.9010,2.50000,1.04083,1.85592,0.000000,0.31030,0.00000,2.50000,1.85592
3313,8.1000,2.50000,1.04083,1.79258,0.063333,0.31042,0.00000,2.50000,1.79258
3314,5.6950,2.50000,1.04083,1.79258,0.000000,0.31018,0.00000,2.50000,1.79258
3315,8.0300,2.50000,1.04083,1.72925,0.063333,0.31042,0.00000,2.50000,1.72925
3316,5.7900,2.50000,1.04083,1.72925,0.000000,0.31030,0.00000,2.50000,1.72925
3317,8.0660,2.50000,1.04083,1.66592,0.063333,0.31030,0.00000,2.50000,1.66592
3318,5.7340,2.50000,1.04083,1.66592,0.000000,0.31030,0.00000,2.50000,1.66592
3319,6.8850,2.50000,1.04083,1.66592,0.000000,0.31030,0.00000,2.50000,1.66592
3320,12.8360,2.50000,1.04083,1.60258,0.063333,0.31030,0.00000,2.50000,1.60258
3321,0.9610,2.50000,1.04083,1.60258,0.000000,0.31042,0.00000,2.50000,1.60258
3322,8.1710,2.50000,1.04083,1.53925,0.063333,0.31030,0.00000,2.50000,1.53925
3323,5.6490,2.50000,1.04083,1.53925,0.000000,0.31030,0.00000,2.50000,1.53925
3324,6.8900,2.50000,1.04083,1.53925,0.000000,0.31030,0.00000,2.50000,1.53925
3325,8.1610,2.50000,1.04083,1.47592,0.063333,0.31030,0.00000,2.50000,1.47592
3326,5.6350,2.50000,1.04083,1.47592,0.000000,0.31030,0.00000,2.50000,1.47592
3327,8.0570,2.50000,1.04083,1.41258,0.063333,0.31042,0.00000,2.50000,1.41258
3328,5.7240,2.50000,1.04083,1.41258,0.000000,0.31018,0.00000,2.50000,1.41258
3329,8.0450,2.50000,1.04083,1.34925,0.063333,0.31042,0.00000,2.50000,1.34925
3330,5.7720,2.50000,1.04083,1.34925,0.000000,0.31030,0.00000,2.50000,1.34925
3331,6.9000,2.50000,1.04083,1.34925,0.000000,0.31030,0.00000,2.50000,1.34925
3332,8.1890,2.50000,1.04083,1.28592,0.063333,0.31030,0.00000,2.50000,1.28592
3333,5.6060,2.50000,1.04083,1.28592,0.000000,0.31030,0.00000,2.50000,1.28592
3334,8.0750,2.50000,1.04083,1.22258,0.063333,0.31030,0.00000,2.50000,1.22258
3335,5.7270,2.50000,1.04083,1.22258,0.000000,0.31030,0.00000,2.50000,1.22258
3336,6.8990,2.50000,1.04083,1.22258,0.000000,0.31042,0.00000,2.50000,1.22258
3337,8.6930,2.50000,1.04083,1.15925,0.063333,0.31018,0.00000,2.50000,1.15925
3338,5.1170,2.50000,1.04083,1.15925,0.000000,0.31042,0.00000,2.50000,1.15925
3339,8.0770,2.50000,1.04083,1.09592,0.063333,0.31030,0.00000,2.50000,1.09592
3340,5.7340,2.50000,1.04083,1.09592,0.000000,0.31030,0.00000,2.50000,1.09592
3341,6.8950,2.50000,1.04083,1.09592,0.000000,0.31030,0.00000,2.50000,1.09592
3342,8.0740,2.50000,1.04083,1.03258,0.063333,0.31042,0.00000,2.50000,1.03258
3343,5.7110,2.50000,1.04083,1.03258,0.000000,0.31018,0.00000,2.50000,1.03258
3344,8.2480,2.50000,1.04083,0.96925,0.063333,0.31042,0.00000,2.50000,0.96925
3345,5.5710,2.50000,1.04083,0.96925,0.000000,0.31030,0.00000,2.50000,0.96925
3346,8.1930,2.50000,1.04083,0.90592,0.063333,0.31030,0.00000,2.50000,0.90592
3347,5.6130,2.50000,1.04083,0.90592,0.000000,0.31030,0.00000,2.50000,0.90592
3348,6.8950,2.50000,1.04083,0.90592,0.000000,0.31030,0.00000,2.50000,0.90592
3349,8.1460,2.50000,1.04083,0.84258,0.063333,0.31030,0.00000,2.50000,0.84258
3350,7.3360,2.50000,1.04083,0.84258,0.000000,0.31042,0.00000,2.50000,0.84258
3351,6.4430,2.50000,1.04083,0.77925,0.063333,0.31018,0.00000,2.50000,0.77925
3352,5.6940,2.50000,1.04083,0.77925,0.000000,0.31042,0.00000,2.50000,0.77925
3353,6.8650,2.50000,1.04083,0.77925,0.000000,0.31030,0.00000,2.50000,0.77925
3354,8.1250,2.50000,1.04083,0.71592,0.063333,0.31030,0.00000,2.50000,0.71592
3355,5.6730,2.50000,1.04083,0.71592,0.000000,0.31030,0.00000,2.50000,0.71592
3356,8.1140,2.50000,1.04083,0.65258,0.063333,0.31042,0.00000,2.50000,0.65258
3357,5.6830,2.50000,1.04083,0.65258,0.000000,0.31018,0.00000,2.50000,0.65258
3358,8.0820,2.50000,1.04083,0.58925,0.063333,0.31042,0.00000,2.50000,0.58925
3359,5.7170,2.50000,1.04083,0.58925,0.000000,0.31030,0.00000,2.50000,0.58925
3360,6.9110,2.50000,1.04083,0.58925,0.000000,0.31030,0.00000,2.50000,0.58925
3361,8.2320,2.50000,1.04083,0.52592,0.063333,0.31030,0.00000,2.50000,0.52592
3362,5.5620,2.50000,1.04083,0.52592,0.000000,0.31030,0.00000,2.50000,0.52592
3363,8.2190,2.50000,1.04083,0.46258,0.063333,0.31030,0.00000,2.50000,0.46258
3364,5.5820,2.50000,1.04083,0.46258,0.000000,0.31042,0.00000,2.50000,0.46258
3365,6.8990,2.50000,1.04083,0.46258,0.000000,0.31030,0.00000,2.50000,0.46258
3366,8.1250,2.50000,1.04083,0.39925,0.063333,0.31030,0.00000,2.50000,0.39925
3367,5.7000,2.50000,1.04083,0.39925,0.000000,0.31030,0.00000,2.50000,0.39925
3368,8.0900,2.50000,1.04083,0.33592,0.063333,0.31030,0.00000,2.50000,0.33592
3369,5.6840,2.50000,1.04083,0.33592,0.000000,0.31030,0.00000,2.50000,0.33592
3370,6.9040,2.50000,1.04083,0.33592,0.000000,0.31042,0.00000,2.50000,0.33592
3371,8.0570,2.50000,1.04083,0.27258,0.063333,0.31018,0.00000,2.50000,0.27258
3372,5.7400,2.50000,1.04083,0.27258,0.000000,0.31042,0.00000,2.50000,0.27258
3373,8.1310,2.50000,1.04083,0.20925,0.063333,0.31030,0.00000,2.50000,0.20925
3374,5.6700,2.50000,1.04083,0.20925,0.000000,0.31030,0.00000,2.50000,0.20925
3375,8.1740,2.50000,1.04083,0.14592,0.063333,0.31030,0.00000,2.50000,0.14592
3376,5.6390,2.50000,1.04083,0.14592,0.000000,0.31042,0.00000,2.50000,0.14592
3377,6.8850,2.50000,1.04083,0.14592,0.000000,0.31018,0.00000,2.50000,0.14592
3378,8.1670,2.50000,1.04083,0.08258,0.063333,0.31042,0.00000,2.50000,0.08258
3379,5.6310,2.50000,1.04083,0.08258,0.000000,0.31030,0.00000,2.50000,0.08258
3380,13.0580,2.50000,1.04083,0.01925,0.063333,0.31018,0.00000,2.50000,0.01925
3381,0.7480,2.50000,1.04083,0.01925,0.000000,0.31042,0.00000,2.50000,0.01925
3382,6.9240,2.50000,1.04083,0.01925,0.000000,0.31030,0.00000,2.50000,0.01925
3383,8.0600,2.50000,1.04083,-0.04408,0.063333,0.31030,0.00000,2.50000,-0.04408
3384,5.7090,2.50000,1.04083,-0.04408,0.000000,0.31030,0.00000,2.50000,-0.04408
3385,8.0770,2.50000,1.04083,-0.10742,0.063333,0.31042,0.00000,2.50000,-0.10742
3386,5.7470,2.50000,1.04083,-0.10742,0.000000,0.31018,0.00000,2.50000,-0.10742
3387,8.0860,2.50000,1.04083,-0.17075,0.063333,0.31042,0.00000,2.50000,-0.17075
3388,5.6950,2.50000,1.04083,-0.17075,0.000000,0.31030,0.00000,2.50000,-0.17075
3389,6.9020,2.50000,1.04083,-0.17075,0.000000,0.31030,0.00000,2.50000,-0.17075
3390,8.3690,2.50000,1.04083,-0.23408,0.063333,0.31030,0.00000,2.50000,-0.23408
3391,5.4340,2.50000,1.04083,-0.23408,0.000000,0.31030,0.00000,2.50000,-0.23408
3392,8.1380,2.50000,1.04083,-0.29742,0.063333,0.31030,0.00000,2.50000,-0.29742
3393,5.6550,2.50000,1.04083,-0.29742,0.000000,0.31042,0.00000,2.50000,-0.29742
3394,6.9020,2.50000,1.04083,-0.29742,0.000000,0.31030,0.00000,2.50000,-0.29742
3395,8.1040,2.50000,1.04083,-0.36075,0.063333,0.31030,0.00000,2.50000,-0.36075
3396,5.7000,2.50000,1.04083,-0.36075,0.000000,0.31030,0.00000,2.50000,-0.36075
3397,8.2420,2.50000,1.04083,-0.42408,0.063333,0.31030,0.00000,2.50000,-0.42408
3398,5.5600,2.50000,1.04083,-0.42408,0.000000,0.31030,0.00000,2.50000,-0.42408
3399,6.8780,2.50000,1.04083,-0.42408,0.000000,0.31042,0.00000,2.50000,-0.42408
3400,8.2030,2.50000,1.04083,-0.48742,0.063333,0.31018,0.00000,2.50000,-0.48742
3401,5.6090,2.50000,1.04083,-0.48742,0.000000,0.31042,0.00000,2.50000,-0.48742
3402,8.1750,2.50000,1.04083,-0.55075,0.063333,0.31030,0.00000,2.50000,-0.55075
3403,5.6290,2.50000,1.04083,-0.55075,0.000000,0.31030,0.00000,2.50000,-0.55075
3404,8.1490,2.50000,1.04083,-0.61408,0.063333,0.31030,0.00000,2.50000,-0.61408
3405,5.6670,2.50000,1.04083,-0.61408,0.000000,0.31030,0.00000,2.50000,-0.61408
3406,6.8680,2.50000,1.04083,-0.61408,0.000000,0.31030,0.00000,2.50000,-0.61408
3407,8.1560,2.50000,1.04083,-0.67742,0.063333,0.31042,0.00000,2.50000,-0.67742
3408,5.6460,2.50000,1.04083,-0.67742,0.000000,0.31030,0.00000,2.50000,-0.67742
3409,8.0740,2.50000,1.04083,-0.74075,0.063333,0.31030,0.00000,2.50000,-0.74075
3410,10.4490,2.50000,1.04083,-0.74075,0.000000,0.31030,0.00000,2.50000,-0.74075
3411,2.1930,2.50000,1.04083,-0.74075,0.000000,0.31030,0.00000,2.50000,-0.74075
3412,8.1290,2.50000,1.04083,-0.80408,0.063333,0.31030,0.00000,2.50000,-0.80408
3413,5.6650,2.50000,1.04083,-0.80408,0.000000,0.31042,0.00000,2.50000,-0.80408
3414,8.1380,2.50000,1.04083,-0.86742,0.063333,0.31018,0.00000,2.50000,-0.86742
3415,5.6670,2.50000,1.04083,-0.86742,0.000000,0.31042,0.00000,2.50000,-0.86742
3416,8.0990,2.50000,1.04083,-0.93075,0.063333,0.31030,0.00000,2.50000,-0.93075
3417,5.6970,2.50000,1.04083,-0.93075,0.000000,0.31030,0.00000,2.50000,-0.93075
3418,6.9040,2.50000,1.04083,-0.93075,0.000000,0.31030,0.00000,2.50000,-0.93075
3419,8.1160,2.50000,1.04083,-0.99408,0.063333,0.31042,0.00000,2.50000,-0.99408
3420,5.6840,2.50000,1.04083,-0.99408,0.000000,0.31018,0.00000,2.50000,-0.99408
3421,8.0420,2.50000,1.04083,-1.05742,0.063333,0.31042,0.00000,2.50000,-1.05742
3422,5.7530,2.50000,1.04083,-1.05742,0.000000,0.31030,0.00000,2.50000,-1.05742
3423,6.9060,2.50000,1.04083,-1.05742,0.000000,0.31030,0.00000,2.50000,-1.05742
3424,8.0830,2.50000,1.04083,-1.12075,0.063333,0.31030,0.00000,2.50000,-1.12075
3425,5.7320,2.50000,1.04083,-1.12075,0.000000,0.31030,0.00000,2.50000,-1.12075
3426,8.1000,2.50000,1.04083,-1.18408,0.063333,0.31030,0.00000,2.50000,-1.18408
3427,5.7020,2.50000,1.04083,-1.18408,0.000000,0.31042,0.00000,2.50000,-1.18408
3428,6.8740,2.50000,1.04083,-1.18408,0.000000,0.31030,0.00000,2.50000,-1.18408
3429,8.2640,2.50000,1.04083,-1.24742,0.063333,0.31030,0.00000,2.50000,-1.24742
3430,5.5500,2.50000,1.04083,-1.24742,0.000000,0.31030,0.00000,2.50000,-1.24742
3431,8.0800,2.50000,1.04083,-1.31075,0.063333,0.31030,0.00000,2.50000,-1.31075
3432,5.7050,2.50000,1.04083,-1.31075,0.000000,0.31030,0.00000,2.50000,-1.31075
3433,8.0550,2.50000,1.04083,-1.37408,0.063333,0.31030,0.00000,2.50000,-1.37408
3434,5.7640,2.50000,1.04083,-1.37408,0.000000,0.31030,0.00000,2.50000,-1.37408
3435,6.8760,2.50000,1.04083,-1.37408,0.000000,0.31030,0.00000,2.50000,-1.37408
3436,8.0520,2.50000,1.04083,-1.43742,0.063333,0.31042,0.00000,2.50000,-1.43742
3437,5.7570,2.50000,1.04083,-1.43742,0.000000,0.31030,0.00000,2.50000,-1.43742
3438,8.0780,2.50000,1.04083,-1.50075,0.063333,0.31030,0.00000,2.50000,-1.50075
3439,5.7300,2.50000,1.04083,-1.50075,0.000000,0.31030,0.00000,2.50000,-1.50075
3440,11.6860,2.50000,1.04083,-1.50075,0.000000,0.31030,0.00000,2.50000,-1.50075
3441,3.3660,2.50000,1.04083,-1.56047,0.059722,0.31030,0.00000,2.50000,-1.56047
3442,5.6650,2.50000,1.04083,-1.56047,0.000000,0.31042,0.00000,2.50000,-1.56047
3443,8.0940,2.50000,1.04083,-1.61658,0.056111,0.31018,0.00000,2.50000,-1.61658
3444,5.6960,2.50000,1.04083,-1.61658,0.000000,0.31042,0.00000,2.50000,-1.61658
3445,8.2130,2.50000,1.04083,-1.66908,0.052500,0.31030,0.00000,2.50000,-1.66908
3446,5.5980,2.50000,1.04083,-1.66908,0.000000,0.31030,0.00000,2.50000,-1.66908
3447,6.8850,2.50000,1.04083,-1.66908,0.000000,0.31030,0.00000,2.50000,-1.66908
3448,8.2800,2.50000,1.04083,-1.71797,0.048889,0.31042,0.00000,2.50000,-1.71797
3449,5.5140,2.50000,1.04083,-1.71797,0.000000,0.31018,0.00000,2.50000,-1.71797
3450,8.2210,2.50000,1.04083,-1.76325,0.045278,0.31042,0.00000,2.50000,-1.76325
3451,5.5780,2.50000,1.04083,-1.76325,0.000000,0.31030,0.00000,2.50000,-1.76325
3452,6.8970,2.50000,1.04083,-1.76325,0.000000,0.31030,0.00000,2.50000,-1.76325
3453,8.2470,2.50000,1.04083,-1.80492,0.041667,0.31030,0.00000,2.50000,-1.80492
3454,5.5670,2.50000,1.04083,-1.80492,0.000000,0.31030,0.00000,2.50000,-1.80492
3455,8.2120,2.50000,1.04083,-1.84297,0.038056,0.31030,0.00000,2.50000,-1.84297
3456,5.5760,2.50000,1.04083,-1.84297,0.000000,0.31042,0.00000,2.50000,-1.84297
3457,6.9280,2.50000,1.04083,-1.84297,0.000000,0.31030,0.00000,2.50000,-1.84297
3458,8.0920,2.50000,1.04083,-1.87742,0.034444,0.31030,0.00000,2.50000,-1.87742
3459,5.6790,2.50000,1.04083,-1.87742,0.000000,0.31030,0.00000,2.50000,-1.87742
3460,8.0460,2.50000,1.04083,-1.90825,0.030833,0.31030,0.00000,2.50000,-1.90825
3461,5.7400,2.50000,1.04083,-1.90825,0.000000,0.31030,0.00000,2.50000,-1.90825
3462,8.4950,2.50000,1.04083,-1.93547,0.027222,0.31042,0.00000,2.50000,-1.93547
3463,5.3470,2.50000,1.04083,-1.93547,0.000000,0.31018,0.00000,2.50000,-1.93547
3464,6.8790,2.50000,1.04083,-1.93547,0.000000,0.31042,0.00000,2.50000,-1.93547
3465,8.1370,2.50000,1.04083,-1.95908,0.023611,0.31030,0.00000,2.50000,-1.95908
3466,5.6540,2.50000,1.04083,-1.95908,0.000000,0.31030,0.00000,2.50000,-1.95908
3467,8.1160,2.50000,1.04083,-1.97908,0.020000,0.31030,0.00000,2.50000,-1.97908
3468,5.6950,2.50000,1.04083,-1.97908,0.000000,0.31042,0.00000,2.50000,-1.97908
3469,6.8980,2.50000,1.04083,-1.97908,0.000000,0.31018,0.00000,2.50000,-1.97908
3470,12.8030,2.50000,1.04083,-1.98964,0.010556,0.31042,0.00000,2.50000,-1.98964
3471,0.9860,2.50000,1.04083,-1.98964,0.000000,0.31030,0.00000,2.50000,-1.98964
3472,8.3740,2.50000,1.04083,-1.99075,0.001111,0.31030,0.00000,2.50000,-1.99075
3473,5.4430,2.50000,1.04083,-1.99075,0.000000,0.31030,0.00000,2.50000,-1.99075
3474,8.3380,2.50000,1.04083,-1.98936,0.001389,0.31030,0.00000,2.50000,-1.98936
3475,5.4790,2.50000,1.04083,-1.98936,0.000000,0.31030,0.00000,2.50000,-1.98936
3476,6.8890,2.50000,1.04083,-1.98936,0.000000,0.31042,0.00000,2.50000,-1.98936
3477,8.3300,2.50000,1.04083,-1.98547,0.003889,0.31018,0.00000,2.50000,-1.98547
3478,5.4590,2.50000,1.04083,-1.98547,0.000000,0.31042,0.00000,2.50000,-1.98547
3479,8.3170,2.50000,1.04083,-1.97908,0.006389,0.31030,0.00000,2.50000,-1.97908
3480,5.4920,2.50000,1.04083,-1.97908,0.000000,0.31030,0.00000,2.50000,-1.97908
3481,6.8980,2.50000,1.04083,-1.97908,0.000000,0.31030,0.00000,2.50000,-1.97908
3482,8.3480,2.50000,1.04083,-1.97019,0.008889,0.31030,0.00000,2.50000,-1.97019
3483,5.4500,2.50000,1.04083,-1.97019,0.000000,0.31030,0.00000,2.50000,-1.97019
3484,8.3340,2.50000,1.04083,-1.95881,0.011389,0.31030,0.00000,2.50000,-1.95881
3485,5.4720,2.50000,1.04083,-1.95881,0.000000,0.31042,0.00000,2.50000,-1.95881
3486,6.8970,2.50000,1.04083,-1.95881,0.000000,0.31018,0.00000,2.50000,-1.95881
3487,8.4410,2.50000,1.04083,-1.94492,0.013889,0.31042,0.00000,2.50000,-1.94492
3488,5.3690,2.50000,1.04083,-1.94492,0.000000,0.31030,0.00000,2.50000,-1.94492
3489,8.4830,2.50000,1.04083,-1.92853,0.016389,0.31030,0.00000,2.50000,-1.92853
3490,5.3140,2.50000,1.04083,-1.92853,0.000000,0.31030,0.00000,2.50000,-1.92853
3491,8.3330,2.50000,1.04083,-1.90964,0.018889,0.31042,0.00000,2.50000,-1.90964
3492,5.4820,2.50000,1.04083,-1.90964,0.000000,0.31018,0.00000,2.50000,-1.90964
3493,6.8810,2.50000,1.04083,-1.90964,0.000000,0.31042,0.00000,2.50000,-1.90964
3494,8.3410,2.50000,1.04083,-1.88825,0.021389,0.31030,0.00000,2.50000,-1.88825
3495,5.4550,2.50000,1.04083,-1.88825,0.000000,0.31030,0.00000,2.50000,-1.88825
3496,8.5190,2.50000,1.04083,-1.86436,0.023889,0.31030,0.00000,2.50000,-1.86436
3497,5.3140,2.50000,1.04083,-1.86436,0.000000,0.31030,0.00000,2.50000,-1.86436
3498,6.8810,2.50000,1.04083,-1.86436,0.000000,0.31030,0.00000,2.50000,-1.86436
3499,8.3810,2.50000,1.04083,-1.83797,0.026389,0.31042,0.00000,2.50000,-1.83797
3500,7.1330,2.50000,1.04083,-1.83797,0.000000,0.31030,0.00000,2.50000,-1.83797
3501,6.5140,2.50000,1.04083,-1.80908,0.028889,0.31030,0.00000,2.50000,-1.80908
3502,5.5590,2.50000,1.04083,-1.80908,0.000000,0.31030,0.00000,2.50000,-1.80908
3503,8.1980,2.50000,1.04083,-1.77769,0.031389,0.31030,0.00000,2.50000,-1.77769
3504,5.6010,2.50000,1.04083,-1.77769,0.000000,0.31030,0.00000,2.50000,-1.77769
3505,6.8970,2.50000,1.04083,-1.77769,0.000000,0.31042,0.00000,2.50000,-1.77769
3506,8.2650,2.50000,1.04083,-1.74381,0.033889,0.31018,0.00000,2.50000,-1.74381
3507,5.5360,2.50000,1.04083,-1.74381,0.000000,0.31042,0.00000,2.50000,-1.74381
3508,8.2680,2.50000,1.04083,-1.70742,0.036389,0.31030,0.00000,2.50000,-1.70742
3509,5.5430,2.50000,1.04083,-1.70742,0.000000,0.31030,0.00000,2.50000,-1.70742
3510,6.9370,2.50000,1.04083,-1.70742,0.000000,0.31030,0.00000,2.50000,-1.70742
3511,8.4270,2.50000,1.04083,-1.66853,0.038889,0.31042,0.00000,2.50000,-1.66853
3512,5.3350,2.50000,1.04083,-1.66853,0.000000,0.31018,0.00000,2.50000,-1.66853
3513,8.9690,2.50000,1.04083,-1.62714,0.041389,0.31042,0.00000,2.50000,-1.62714
3514,4.8250,2.50000,1.04083,-1.62714,0.000000,0.31030,0.00000,2.50000,-1.62714
3515,6.9040,2.50000,1.04083,-1.62714,0.000000,0.31030,0.00000,2.50000,-1.62714
3516,8.2760,2.50000,1.04083,-1.58325,0.043889,0.31030,0.00000,2.50000,-1.58325
3517,5.5500,2.50000,1.04083,-1.58325,0.000000,0.31030,0.00000,2.50000,-1.58325
3518,8.2530,2.50000,1.04083,-1.53686,0.046389,0.31030,0.00000,2.50000,-1.53686
3519,5.5120,2.50000,1.04083,-1.53686,0.000000,0.31042,0.00000,2.50000,-1.53686
3520,8.3190,2.50000,1.04083,-1.48797,0.048889,0.31030,0.00000,2.50000,-1.48797
3521,5.4920,2.50000,1.04083,-1.48797,0.000000,0.31030,0.00000,2.50000,-1.48797
3522,6.8910,2.50000,1.04083,-1.48797,0.000000,0.31030,0.00000,2.50000,-1.48797
3523,8.2890,2.50000,1.04083,-1.43658,0.051389,0.31030,0.00000,2.50000,-1.43658
3524,5.5060,2.50000,1.04083,-1.43658,0.000000,0.31030,0.00000,2.50000,-1.43658
3525,8.2490,2.50000,1.04083,-1.38269,0.053889,0.31042,0.00000,2.50000,-1.38269
3526,5.5850,2.50000,1.04083,-1.38269,0.000000,0.31018,0.00000,2.50000,-1.38269
3527,6.8820,2.50000,1.04083,-1.38269,0.000000,0.31042,0.00000,2.50000,-1.38269
3528,8.3650,2.50000,1.04083,-1.32631,0.056389,0.31030,0.00000,2.50000,-1.32631
3529,5.4160,2.50000,1.04083,-1.32631,0.000000,0.31030,0.00000,2.50000,-1.32631
3530,9.8500,2.50000,1.04083,-1.26742,0.058889,0.31030,0.00000,2.50000,-1.26742
3531,3.9510,2.50000,1.04083,-1.26742,0.000000,0.31030,0.00000,2.50000,-1.26742
3532,8.2750,2.50000,1.04083,-1.20603,0.061389,0.31030,0.00000,2.50000,-1.20603
3533,5.5320,2.50000,1.04083,-1.20603,0.000000,0.31030,0.00000,2.50000,-1.20603
3534,6.8860,2.50000,1.04083,-1.20603,0.000000,0.31042,0.00000,2.50000,-1.20603
3535,8.8130,2.50000,1.04083,-1.14269,0.063333,0.31018,0.00000,2.50000,-1.14269
3536,5.0100,2.50000,1.04083,-1.14269,0.000000,0.31042,0.00000,2.50000,-1.14269
3537,8.2320,2.50000,1.04083,-1.07936,0.063333,0.31030,0.00000,2.50000,-1.07936
3538,5.5640,2.50000,1.04083,-1.07936,0.000000,0.31030,0.00000,2.50000,-1.07936
3539,6.8850,2.50000,1.04083,-1.07936,0.000000,0.31030,0.00000,2.50000,-1.07936
3540,8.3680,2.50000,1.04083,-1.01603,0.063333,0.31030,0.00000,2.50000,-1.01603
3541,5.4330,2.50000,1.04083,-1.01603,0.000000,0.31030,0.00000,2.50000,-1.01603
3542,8.1640,2.50000,1.04083,-0.95269,0.063333,0.31042,0.00000,2.50000,-0.95269
3543,5.6350,2.50000,1.04083,-0.95269,0.000000,0.31030,0.00000,2.50000,-0.95269
3544,6.9040,2.50000,1.04083,-0.95269,0.000000,0.31030,0.00000,2.50000,-0.95269
3545,8.3630,2.50000,1.04083,-0.88936,0.063333,0.31030,0.00000,2.50000,-0.88936
3546,5.4390,2.50000,1.04083,-0.88936,0.000000,0.31030,0.00000,2.50000,-0.88936
3547,8.3010,2.50000,1.04083,-0.82603,0.063333,0.31030,0.00000,2.50000,-0.82603
3548,5.4930,2.50000,1.04083,-0.82603,0.000000,0.31042,0.00000,2.50000,-0.82603
3549,8.2680,2.50000,1.04083,-0.76269,0.063333,0.31018,0.00000,2.50000,-0.76269
3550,5.5720,2.50000,1.04083,-0.76269,0.000000,0.31042,0.00000,2.50000,-0.76269
3551,6.8760,2.50000,1.04083,-0.76269,0.000000,0.31030,0.00000,2.50000,-0.76269
3552,8.3280,2.50000,1.04083,-0.69936,0.063333,0.31030,0.00000,2.50000,-0.69936
3553,5.4650,2.50000,1.04083,-0.69936,0.000000,0.31030,0.00000,2.50000,-0.69936
3554,8.3040,2.50000,1.04083,-0.63603,0.063333,0.31042,0.00000,2.50000,-0.63603
3555,5.5270,2.50000,1.04083,-0.63603,0.000000,0.31018,0.00000,2.50000,-0.63603
3556,6.8740,2.50000,1.04083,-0.63603,0.000000,0.31042,0.00000,2.50000,-0.63603
3557,8.5250,2.50000,1.04083,-0.57269,0.063333,0.31030,0.00000,2.50000,-0.57269
3558,5.2760,2.50000,1.04083,-0.57269,0.000000,0.31030,0.00000,2.50000,-0.57269
3559,8.3550,2.50000,1.04083,-0.50936,0.063333,0.31030,0.00000,2.50000,-0.50936
3560,7.0840,2.50000,1.04083,-0.50936,0.000000,0.31030,0.00000,2.50000,-0.50936
3561,6.5810,2.50000,1.04083,-0.44603,0.063333,0.31030,0.00000,2.50000,-0.44603
3562,5.5960,2.50000,1.04083,-0.44603,0.000000,0.31042,0.00000,2.50000,-0.44603
3563,6.8750,2.50000,1.04083,-0.44603,0.000000,0.31030,0.00000,2.50000,-0.44603
3564,8.3750,2.50000,1.04083,-0.38269,0.063333,0.31030,0.00000,2.50000,-0.38269
3565,5.4190,2.50000,1.04083,-0.38269,0.000000,0.31030,0.00000,2.50000,-0.38269
3566,8.2930,2.50000,1.04083,-0.31936,0.063333,0.31030,0.00000,2.50000,-0.31936
3567,5.5150,2.50000,1.04083,-0.31936,0.000000,0.31030,0.00000,2.50000,-0.31936
3568,6.9220,2.50000,1.04083,-0.31936,0.000000,0.31042,0.00000,2.50000,-0.31936
3569,8.1950,2.50000,1.04083,-0.25603,0.063333,0.31018,0.00000,2.50000,-0.25603
3570,5.5810,2.50000,1.04083,-0.25603,0.000000,0.31042,0.00000,2.50000,-0.25603
3571,8.2230,2.50000,1.04083,-0.19269,0.063333,0.31030,0.00000,2.50000,-0.19269
3572,5.5830,2.50000,1.04083,-0.19269,0.000000,0.31030,0.00000,2.50000,-0.19269
3573,6.9030,2.50000,1.04083,-0.19269,0.000000,0.31030,0.00000,2.50000,-0.19269
3574,8.3810,2.50000,1.04083,-0.12936,0.063333,0.31042,0.00000,2.50000,-0.12936
3575,5.4120,2.50000,1.04083,-0.12936,0.000000,0.31018,0.00000,2.50000,-0.12936
3576,8.2790,2.50000,1.04083,-0.06603,0.063333,0.31042,0.00000,2.50000,-0.06603
3577,5.5450,2.50000,1.04083,-0.06603,0.000000,0.31030,0.00000,2.50000,-0.06603
3578,8.2660,2.50000,1.04083,-0.00269,0.063333,0.31030,0.00000,2.50000,-0.00269
3579,5.5540,2.50000,1.04083,-0.00269,0.000000,0.31030,0.00000,2.50000,-0.00269
3580,6.8710,2.50000,1.04083,-0.00269,0.000000,0.31030,0.00000,2.50000,-0.00269
3581,8.3110,2.50000,1.04083,0.06064,0.063333,0.31030,0.00000,2.50000,0.06064
3582,5.4830,2.50000,1.04083,0.06064,0.000000,0.31030,0.00000,2.50000,0.06064
3583,8.3440,2.50000,1.04083,0.12397,0.063333,0.31042,0.00000,2.50000,0.12397
3584,5.4930,2.50000,1.04083,0.12397,0.000000,0.31018,0.00000,2.50000,0.12397
3585,6.8650,2.50000,1.04083,0.12397,0.000000,0.31042,0.00000,2.50000,0.12397
3586,8.2890,2.50000,1.04083,0.18731,0.063333,0.31030,0.00000,2.50000,0.18731
3587,5.4940,2.50000,1.04083,0.18731,0.000000,0.31030,0.00000,2.50000,0.18731
3588,8.2900,2.50000,1.04083,0.25064,0.063333,0.31030,0.00000,2.50000,0.25064
3589,5.5100,2.50000,1.04083,0.25064,0.000000,0.31030,0.00000,2.50000,0.25064
3590,11.7590,2.50000,1.04083,0.25064,0.000000,0.31030,0.00000,2.50000,0.25064
3591,3.5740,2.50000,1.04083,0.31397,0.063333,0.31042,0.00000,2.50000,0.31397
3592,5.4490,2.50000,1.04083,0.31397,0.000000,0.31018,0.00000,2.50000,0.31397
3593,8.4020,2.50000,1.04083,0.37731,0.063333,0.31042,0.00000,2.50000,0.37731
3594,5.3570,2.50000,1.04083,0.37731,0.000000,0.31030,0.00000,2.50000,0.37731
3595,8.8330,2.50000,1.04083,0.44064,0.063333,0.31030,0.00000,2.50000,0.44064
3596,4.9470,2.50000,1.04083,0.44064,0.000000,0.31030,0.00000,2.50000,0.44064
3597,6.9020,2.50000,1.04083,0.44064,0.000000,0.31042,0.00000,2.50000,0.44064
3598,8.9540,2.50000,1.04083,0.50397,0.063333,0.31018,0.00000,2.50000,0.50397
3599,4.8560,2.50000,1.04083,0.50397,0.000000,0.31042,0.00000,2.50000,0.50397
3600,8.3280,2.50000,1.04083,0.56731,0.063333,0.31030,0.00000,2.50000,0.56731
3601,5.4430,2.50000,1.04083,0.56731,0.000000,0.31030,0.00000,2.50000,0.56731
3602,6.9020,2.50000,1.04083,0.56731,0.000000,0.31030,0.00000,2.50000,0.56731
3603,8.3010,2.50000,1.04083,0.63064,0.063333,0.31030,0.00000,2.50000,0.63064
3604,5.4970,2.50000,1.04083,0.63064,0.000000,0.31030,0.00000,2.50000,0.63064
3605,8.2990,2.50000,1.04083,0.69397,0.063333,0.31042,0.00000,2.50000,0.69397
3606,5.5150,2.50000,1.04083,0.69397,0.000000,0.31030,0.00000,2.50000,0.69397
3607,8.3060,2.50000,1.04083,0.75731,0.063333,0.31030,0.00000,2.50000,0.75731
3608,5.5110,2.50000,1.04083,0.75731,0.000000,0.31030,0.00000,2.50000,0.75731
3609,6.8750,2.50000,1.04083,0.75731,0.000000,0.31030,0.00000,2.50000,0.75731
3610,8.2280,2.50000,1.04083,0.82064,0.063333,0.31030,0.00000,2.50000,0.82064
3611,5.5600,2.50000,1.04083,0.82064,0.000000,0.31042,0.00000,2.50000,0.82064
3612,8.2100,2.50000,1.04083,0.88397,0.063333,0.31018,0.00000,2.50000,0.88397
3613,5.6190,2.50000,1.04083,0.88397,0.000000,0.31042,0.00000,2.50000,0.88397
3614,6.8780,2.50000,1.04083,0.88397,0.000000,0.31030,0.00000,2.50000,0.88397
3615,8.2660,2.50000,1.04083,0.94731,0.063333,0.31030,0.00000,2.50000,0.94731
3616,5.5290,2.50000,1.04083,0.94731,0.000000,0.31030,0.00000,2.50000,0.94731
3617,8.3420,2.50000,1.04083,1.01064,0.063333,0.31042,0.00000,2.50000,1.01064
3618,5.4790,2.50000,1.04083,1.01064,0.000000,0.31018,0.00000,2.50000,1.01064
3619,6.8760,2.50000,1.04083,1.01064,0.000000,0.31042,0.00000,2.50000,1.01064
3620,14.4250,2.50000,1.04083,1.07397,0.063333,0.31030,0.00000,2.50000,1.07397
3621,0.1280,2.50000,1.04083,1.07397,0.000000,0.31030,0.00000,2.50000,1.07397
3622,7.6580,2.50000,1.04083,1.13731,0.063333,0.31030,0.00000,2.50000,1.13731
3623,5.4090,2.50000,1.04083,1.13731,0.000000,0.31030,0.00000,2.50000,1.13731
3624,8.8380,2.50000,1.04083,1.20064,0.063333,0.31030,0.00000,2.50000,1.20064
3625,4.9480,2.50000,1.04083,1.20064,0.000000,0.31042,0.00000,2.50000,1.20064
3626,6.9110,2.50000,1.04083,1.20064,0.000000,0.31030,0.00000,2.50000,1.20064
3627,8.2740,2.50000,1.04083,1.26397,0.063333,0.31030,0.00000,2.50000,1.26397
3628,5.5170,2.50000,1.04083,1.26397,0.000000,0.31030,0.00000,2.50000,1.26397
3629,8.2720,2.50000,1.04083,1.32731,0.063333,0.31030,0.00000,2.50000,1.32731
3630,5.5430,2.50000,1.04083,1.32731,0.000000,0.31030,0.00000,2.50000,1.32731
3631,6.8930,2.50000,1.04083,1.32731,0.000000,0.31030,0.00000,2.50000,1.32731
3632,8.6680,2.50000,1.04083,1.39064,0.063333,0.31030,0.00000,2.50000,1.39064
3633,5.1360,2.50000,1.04083,1.39064,0.000000,0.31030,0.00000,2.50000,1.39064
3634,8.8710,2.50000,1.04083,1.45397,0.063333,0.31042,0.00000,2.50000,1.45397
3635,4.9200,2.50000,1.04083,1.45397,0.000000,0.31030,0.00000,2.50000,1.45397
3636,8.6860,2.50000,1.04083,1.51731,0.063333,0.31030,0.00000,2.50000,1.51731
3637,5.1540,2.50000,1.04083,1.51731,0.000000,0.31030,0.00000,2.50000,1.51731
3638,6.8560,2.50000,1.04083,1.51731,0.000000,0.31030,0.00000,2.50000,1.51731
3639,8.2810,2.50000,1.04083,1.58064,0.063333,0.31030,0.00000,2.50000,1.58064
3640,5.5290,2.50000,1.04083,1.58064,0.000000,0.31042,0.00000,2.50000,1.58064
3641,8.1870,2.50000,1.04083,1.64397,0.063333,0.31018,0.00000,2.50000,1.64397
3642,5.6380,2.50000,1.04083,1.64397,0.000000,0.31042,0.00000,2.50000,1.64397
3643,6.8570,2.50000,1.04083,1.64397,0.000000,0.31030,0.00000,2.50000,1.64397
3644,8.3110,2.50000,1.04083,1.70731,0.063333,0.31030,0.00000,2.50000,1.70731
3645,5.4950,2.50000,1.04083,1.70731,0.000000,0.31030,0.00000,2.50000,1.70731
3646,8.2820,2.50000,1.04083,1.77064,0.063333,0.31042,0.00000,2.50000,1.77064
3647,5.5090,2.50000,1.04083,1.77064,0.000000,0.31018,0.00000,2.50000,1.77064
3648,6.9030,2.50000,1.04083,1.77064,0.000000,0.31042,0.00000,2.50000,1.77064
3649,8.1820,2.50000,1.04083,1.83397,0.063333,0.31030,0.00000,2.50000,1.83397
3650,10.4510,2.50000,1.04083,1.83397,0.000000,0.31030,0.00000,2.50000,1.83397
3651,3.3790,2.50000,1.04083,1.89731,0.063333,0.31030,0.00000,2.50000,1.89731
3652,5.6130,2.50000,1.04083,1.89731,0.000000,0.31030,0.00000,2.50000,1.89731
3653,8.1320,2.50000,1.04083,1.96064,0.063333,0.31030,0.00000,2.50000,1.96064
3654,5.6500,2.50000,1.04083,1.96064,0.000000,0.31042,0.00000,2.50000,1.96064
3655,6.9000,2.50000,1.04083,1.96064,0.000000,0.31030,0.00000,2.50000,1.96064
3656,8.2090,2.50000,1.04083,2.02397,0.063333,0.31030,0.00000,2.50000,2.02397
3657,5.5840,2.50000,1.04083,2.02397,0.000000,0.31030,0.00000,2.50000,2.02397
3658,11.5330,2.50000,1.04083,2.08730,0.063333,0.31030,0.00000,2.50000,2.08730
3659,2.2860,2.50000,1.04083,2.08730,0.000000,0.31030,0.00000,2.50000,2.08730
3660,6.9180,2.50000,1.04083,2.08730,0.000000,0.31042,0.00000,2.50000,2.08730
3661,10.6890,2.50000,1.04083,2.15064,0.063333,0.31018,0.00000,2.50000,2.15064
3662,9.5430,2.50000,1.04083,2.15064,0.000000,0.31042,0.00000,2.50000,2.15064
3663,3.0320,2.50000,1.04083,2.21397,0.063333,0.31250,0.00000,2.50000,2.21397
3664,7.2380,2.50000,1.04083,2.21397,0.000000,0.31238,0.00000,2.50000,2.21397
3665,5.4970,2.50000,1.04083,2.27730,0.063333,0.31250,0.00000,2.50000,2.27730
3666,5.4080,2.50000,1.04083,2.27730,0.000000,0.31250,0.00000,2.50000,2.27730
3667,6.9010,2.50000,1.04083,2.27730,0.000000,0.31262,0.00000,2.50000,2.27730
3668,9.0040,2.50000,1.04083,2.34064,0.063333,0.31250,0.00000,2.50000,2.34064
3669,4.8290,2.50000,1.04083,2.34064,0.000000,0.31250,0.00000,2.50000,2.34064
3670,9.1090,2.50000,1.04083,2.40397,0.063333,0.31250,0.00000,2.50000,2.40397
3671,4.7080,2.50000,1.04083,2.40397,0.000000,0.31250,0.00000,2.50000,2.40397
3672,6.9200,2.50000,1.04083,2.40397,0.000000,0.31250,0.00000,2.50000,2.40397
3673,9.1710,2.50000,1.04083,2.46730,0.063333,0.31238,0.00000,2.50000,2.46730
3674,4.6260,2.50000,1.04083,2.46730,0.000000,0.31250,0.00000,2.50000,2.46730
3675,26.3770,2.50000,1.04083,2.53064,0.063333,0.31250,0.00000,2.50000,2.53064
3676,0.0840,2.50000,1.04083,2.53064,0.000000,0.31262,0.00000,2.50000,2.53064
3677,2.6660,2.50000,1.04083,2.59397,0.063333,0.55078,0.00000,2.50000,2.59397
3678,4.7570,2.50000,1.04083,2.59397,0.000000,0.31250,0.00000,2.50000,2.59397
3679,14.3660,2.50000,1.04083,2.59397,0.000000,0.31250,0.00000,2.50000,2.59397
3680,2.3160,2.50000,1.04083,2.65730,0.063333,0.16675,0.00000,2.50000,2.65730
3681,3.7960,2.50000,1.04083,2.65730,0.000000,0.31250,0.00000,2.50000,2.65730
3682,8.6630,2.50000,1.04083,2.72064,0.063333,0.31250,0.00000,2.50000,2.72064
3683,4.9130,2.50000,1.04083,2.72064,0.000000,0.31250,0.00000,2.50000,2.72064
3684,7.7630,2.50000,1.04083,2.72064,0.000000,0.31250,0.00000,2.50000,2.72064
3685,9.6550,2.50000,1.04083,2.78036,0.059722,0.25000,0.00000,2.50000,2.78036
3686,11.2670,2.50000,1.04083,2.83647,0.056111,0.31250,0.00000,2.50000,2.83647
3687,0.0560,2.50000,1.04083,2.83647,0.000000,0.50183,0.00000,2.50000,2.83647
3688,25.9350,2.50000,1.04083,2.88897,0.052500,0.37500,0.00000,2.50000,2.88897
3689,0.0760,2.50000,1.04083,2.88897,0.000000,0.37500,0.00000,2.50000,2.88897
3690,2.2030,2.50000,1.04083,2.93786,0.048889,0.49133,0.00000,2.50000,2.93786
3691,4.7980,2.50000,1.04083,2.93786,0.000000,0.37488,0.00000,2.50000,2.93786
3692,9.2060,2.50000,1.04083,2.98314,0.045278,0.37500,0.00000,2.50000,2.98314
3693,4.6370,2.50000,1.04083,2.98314,0.000000,0.37500,0.00000,2.50000,2.98314
3694,9.4540,2.50000,1.04083,3.02480,0.041667,0.37500,0.00000,2.50000,3.02480
3695,4.3520,2.50000,1.04083,3.02480,0.000000,0.37500,0.00000,2.50000,3.02480
3696,8.9270,2.50000,1.04083,3.06286,0.038056,0.37500,0.00000,2.50000,3.06286
3697,4.8020,2.50000,1.04083,3.06286,0.000000,0.36487,0.00000,2.50000,3.06286
3698,8.8910,2.50000,1.04083,3.09730,0.034444,0.31030,0.00000,2.50000,3.09730
3699,6.4700,2.50000,1.04083,3.09730,0.000000,0.31030,0.00000,2.50000,3.09730
3700,5.9370,2.50000,1.04083,3.09730,0.000000,0.31030,0.00000,2.50000,3.09730
3701,20.7610,2.50000,1.04083,3.12814,0.030833,0.31030,0.00000,2.50000,3.12814
3702,0.0840,2.50000,1.04083,3.12814,0.000000,0.31042,0.00000,2.50000,3.12814
3703,2.2610,2.50000,1.04083,3.15536,0.027222,0.34082,0.00000,2.50000,3.15536
3704,4.7290,2.50000,1.04083,3.15536,0.000000,0.28247,0.00000,2.50000,3.15536
3705,6.9150,2.50000,1.04083,3.15536,0.000000,0.31042,0.00000,2.50000,3.15536
3706,10.8060,2.50000,1.04083,3.17897,0.023611,0.31030,0.00000,2.50000,3.17897
3707,3.0170,2.50000,1.04083,3.17897,0.000000,0.31030,0.00000,2.50000,3.17897
3708,9.1770,2.50000,1.04083,3.19897,0.020000,0.31030,0.00000,2.50000,3.19897
3709,4.5850,2.50000,1.04083,3.19897,0.000000,0.31042,0.00000,2.50000,3.19897
3710,8.5890,2.50000,1.04083,3.20953,0.010556,0.31018,0.00000,2.50000,3.20953
3711,5.2610,2.50000,1.04083,3.20953,0.000000,0.31042,0.00000,2.50000,3.20953
3712,6.8430,2.50000,1.04083,3.20953,0.000000,0.31030,0.00000,2.50000,3.20953
3713,12.2630,2.50000,1.04083,3.21064,0.001111,0.31030,0.00000,2.50000,3.21064
3714,6.4680,2.50000,1.04083,3.21064,0.000000,0.31030,0.00000,2.50000,3.21064
3715,7.4780,2.50000,1.04083,3.20925,0.001389,0.31250,0.00000,2.50000,3.20925
3716,1.3790,2.50000,1.04083,3.20925,0.000000,0.31250,0.00000,2.50000,3.20925
3717,6.8920,2.50000,1.04083,3.20925,0.000000,0.31250,0.00000,2.50000,3.20925
3718,8.8800,2.50000,1.04083,3.20536,0.003889,0.31250,0.00000,2.50000,3.20536
3719,4.9530,2.50000,1.04083,3.20536,0.000000,0.31250,0.00000,2.50000,3.20536
3720,8.9230,2.50000,1.04083,3.19897,0.006389,0.31250,0.00000,2.50000,3.19897
3721,4.8370,2.50000,1.04083,3.19897,0.000000,0.31250,0.00000,2.50000,3.19897
3722,8.7460,2.50000,1.04083,3.19008,0.008889,0.31250,0.00000,2.50000,3.19008
3723,5.0340,2.50000,1.04083,3.19008,0.000000,0.31250,0.00000,2.50000,3.19008
3724,6.9200,2.50000,1.04083,3.19008,0.000000,0.31250,0.00000,2.50000,3.19008
3725,8.9750,2.50000,1.04083,3.17869,0.011389,0.31250,0.00000,2.50000,3.17869
3726,4.8240,2.50000,1.04083,3.17869,0.000000,0.31250,0.00000,2.50000,3.17869
3727,11.7120,2.50000,1.04083,3.16480,0.013889,0.31250,0.00000,2.50000,3.16480
3728,2.0510,2.50000,1.04083,3.16480,0.000000,0.31250,0.00000,2.50000,3.16480
3729,6.9350,2.50000,1.04083,3.16480,0.000000,0.31250,0.00000,2.50000,3.16480
3730,8.3920,2.50000,1.04083,3.14842,0.016389,0.31250,0.00000,2.50000,3.14842
3731,5.4200,2.50000,1.04083,3.14842,0.000000,0.31250,0.00000,2.50000,3.14842
3732,8.9580,2.50000,1.04083,3.12953,0.018889,0.31250,0.00000,2.50000,3.12953
3733,4.8270,2.50000,1.04083,3.12953,0.000000,0.31250,0.00000,2.50000,3.12953
3734,9.5650,2.50000,1.04083,3.10814,0.021389,0.31250,0.00000,2.50000,3.10814
3735,6.2860,2.50000,1.04083,3.10814,0.000000,0.31250,0.00000,2.50000,3.10814
3736,4.8740,2.50000,1.04083,3.10814,0.000000,0.31250,0.00000,2.50000,3.10814
3737,8.5160,2.50000,1.04083,3.08425,0.023889,0.31250,0.00000,2.50000,3.08425
3738,5.2710,2.50000,1.04083,3.08425,0.000000,0.31250,0.00000,2.50000,3.08425
3739,9.4870,2.50000,1.04083,3.05786,0.026389,0.31250,0.00000,2.50000,3.05786
3740,4.3740,2.50000,1.04083,3.05786,0.000000,0.31250,0.00000,2.50000,3.05786
3741,6.8440,2.50000,1.04083,3.05786,0.000000,0.31250,0.00000,2.50000,3.05786
3742,8.4870,2.50000,1.04083,3.02897,0.028889,0.31250,0.00000,2.50000,3.02897
3743,5.2670,2.50000,1.04083,3.02897,0.000000,0.31250,0.00000,2.50000,3.02897
3744,8.4760,2.50000,1.04083,2.99758,0.031389,0.31250,0.00000,2.50000,2.99758
3745,5.4020,2.50000,1.04083,2.99758,0.000000,0.31250,0.00000,2.50000,2.99758
3746,8.3570,2.50000,1.04083,2.96369,0.033889,0.31250,0.00000,2.50000,2.96369
3747,5.3930,2.50000,1.04083,2.96369,0.000000,0.31250,0.00000,2.50000,2.96369
3748,6.8970,2.50000,1.04083,2.96369,0.000000,0.31250,0.00000,2.50000,2.96369
3749,8.3730,2.50000,1.04083,2.92730,0.036389,0.31250,0.00000,2.50000,2.92730
3750,5.4470,2.50000,1.04083,2.92730,0.000000,0.31250,0.00000,2.50000,2.92730
3751,8.4640,2.50000,1.04083,2.88841,0.038889,0.31250,0.00000,2.50000,2.88841
3752,5.3240,2.50000,1.04083,2.88841,0.000000,0.31250,0.00000,2.50000,2.88841
3753,6.8880,2.50000,1.04083,2.88841,0.000000,0.31250,0.00000,2.50000,2.88841
3754,9.1130,2.50000,1.04083,2.84703,0.041389,0.31250,0.00000,2.50000,2.84703
3755,4.7120,2.50000,1.04083,2.84703,0.000000,0.31250,0.00000,2.50000,2.84703
3756,8.3910,2.50000,1.04083,2.80314,0.043889,0.31250,0.00000,2.50000,2.80314
3757,5.3970,2.50000,1.04083,2.80314,0.000000,0.31250,0.00000,2.50000,2.80314
3758,8.3630,2.50000,1.04083,2.75675,0.046389,0.31250,0.00000,2.50000,2.75675
3759,5.4710,2.50000,1.04083,2.75675,0.000000,0.31250,0.00000,2.50000,2.75675
3760,6.8690,2.50000,1.04083,2.75675,0.000000,0.31250,0.00000,2.50000,2.75675
3761,8.7470,2.50000,1.04083,2.70786,0.048889,0.31250,0.00000,2.50000,2.70786
3762,5.0310,2.50000,1.04083,2.70786,0.000000,0.31250,0.00000,2.50000,2.70786
3763,8.4050,2.50000,1.04083,2.65647,0.051389,0.31250,0.00000,2.50000,2.65647
3764,7.6340,2.50000,1.04083,2.65647,0.000000,0.31250,0.00000,2.50000,2.65647
3765,4.6940,2.50000,1.04083,2.65647,0.000000,0.31250,0.00000,2.50000,2.65647
3766,8.5050,2.50000,1.04083,2.60258,0.053889,0.31250,0.00000,2.50000,2.60258
3767,5.2780,2.50000,1.04083,2.60258,0.000000,0.31250,0.00000,2.50000,2.60258
3768,8.3610,2.50000,1.04083,2.54619,0.056389,0.31250,0.00000,2.50000,2.54619
3769,5.4410,2.50000,1.04083,2.54619,0.000000,0.31250,0.00000,2.50000,2.54619
3770,8.4090,2.50000,1.04083,2.48730,0.058889,0.31250,0.00000,2.50000,2.48730
3771,5.4100,2.50000,1.04083,2.48730,0.000000,0.31250,0.00000,2.50000,2.48730
3772,6.8990,2.50000,1.04083,2.48730,0.000000,0.31250,0.00000,2.50000,2.48730
3773,8.3830,2.50000,1.04083,2.42591,0.061389,0.31250,0.00000,2.50000,2.42591
3774,5.3890,2.50000,1.04083,2.42591,0.000000,0.31250,0.00000,2.50000,2.42591
3775,8.4070,2.50000,1.04083,2.36258,0.063333,0.31250,0.00000,2.50000,2.36258
3776,5.4140,2.50000,1.04083,2.36258,0.000000,0.31250,0.00000,2.50000,2.36258
3777,6.9000,2.50000,1.04083,2.36258,0.000000,0.31250,0.00000,2.50000,2.36258
3778,9.2300,2.50000,1.04083,2.29925,0.063333,0.31250,0.00000,2.50000,2.29925
3779,4.5790,2.50000,1.04083,2.29925,0.000000,0.31250,0.00000,2.50000,2.29925
3780,9.0110,2.50000,1.04083,2.23591,0.063333,0.31250,0.00000,2.50000,2.23591
3781,4.7610,2.50000,1.04083,2.23591,0.000000,0.31250,0.00000,2.50000,2.23591
3782,8.9570,2.50000,1.04083,2.17258,0.063333,0.31250,0.00000,2.50000,2.17258
3783,4.8750,2.50000,1.04083,2.17258,0.000000,0.31250,0.00000,2.50000,2.17258
3784,6.8920,2.50000,1.04083,2.17258,0.000000,0.31250,0.00000,2.50000,2.17258
3785,9.0020,2.50000,1.04083,2.10925,0.063333,0.31250,0.00000,2.50000,2.10925
3786,4.7860,2.50000,1.04083,2.10925,0.000000,0.31250,0.00000,2.50000,2.10925
3787,8.8650,2.50000,1.04083,2.04592,0.063333,0.31250,0.00000,2.50000,2.04592
3788,5.0050,2.50000,1.04083,2.04592,0.000000,0.31250,0.00000,2.50000,2.04592
3789,6.9310,2.50000,1.04083,2.04592,0.000000,0.31250,0.00000,2.50000,2.04592
3790,19.5490,2.50000,1.04083,1.98258,0.063333,0.31250,0.00000,2.50000,1.98258
3791,0.0570,2.50000,1.04083,1.98258,0.000000,0.31250,0.00000,2.50000,1.98258
3792,2.9350,2.50000,1.04083,1.91925,0.063333,0.31250,0.00000,2.50000,1.91925
3793,4.9390,2.50000,1.04083,1.91925,0.000000,0.18115,0.00000,2.50000,1.91925
3794,23.8940,2.50000,1.04083,1.91925,0.000000,0.31030,0.00000,2.50000,1.91925
3795,19.1500,2.50000,1.04083,1.85592,0.063333,0.30005,0.00000,2.50000,1.85592
3796,0.0680,2.50000,1.04083,1.85592,0.000000,0.31238,0.00000,2.50000,1.85592
3797,2.1220,2.50000,1.04083,1.79258,0.063333,0.49951,0.00000,2.50000,1.79258
3798,4.8730,2.50000,1.04083,1.79258,0.000000,0.31250,0.00000,2.50000,1.79258
3799,8.6270,2.50000,1.04083,1.72925,0.063333,0.31250,0.00000,2.50000,1.72925
3800,5.1950,2.50000,1.04083,1.72925,0.000000,0.31250,0.00000,2.50000,1.72925
3801,6.9090,2.50000,1.04083,1.72925,0.000000,0.31250,0.00000,2.50000,1.72925
3802,8.9320,2.50000,1.04083,1.66592,0.063333,0.31250,0.00000,2.50000,1.66592
3803,4.8100,2.50000,1.04083,1.66592,0.000000,0.31238,0.00000,2.50000,1.66592
3804,8.8740,2.50000,1.04083,1.60258,0.063333,0.31262,0.00000,2.50000,1.60258
3805,4.9110,2.50000,1.04083,1.60258,0.000000,0.31250,0.00000,2.50000,1.60258
3806,6.9550,2.50000,1.04083,1.60258,0.000000,0.31250,0.00000,2.50000,1.60258
3807,9.2330,2.50000,1.04083,1.53925,0.063333,0.26050,0.00000,2.50000,1.53925
3808,4.5120,2.50000,1.04083,1.53925,0.000000,0.31250,0.00000,2.50000,1.53925
3809,9.4480,2.50000,1.04083,1.47592,0.063333,0.31250,0.00000,2.50000,1.47592
3810,4.3560,2.50000,1.04083,1.47592,0.000000,0.31250,0.00000,2.50000,1.47592
3811,9.5020,2.50000,1.04083,1.41258,0.063333,0.31250,0.00000,2.50000,1.41258
3812,4.2860,2.50000,1.04083,1.41258,0.000000,0.31250,0.00000,2.50000,1.41258
3813,6.9600,2.50000,1.04083,1.41258,0.000000,0.31250,0.00000,2.50000,1.41258
3814,9.3450,2.50000,1.04083,1.34925,0.063333,0.31250,0.00000,2.50000,1.34925
3815,4.4660,2.50000,1.04083,1.34925,0.000000,0.31250,0.00000,2.50000,1.34925
3816,8.3270,2.50000,1.04083,1.28592,0.063333,0.31250,0.00000,2.50000,1.28592
3817,5.4160,2.50000,1.04083,1.28592,0.000000,0.31250,0.00000,2.50000,1.28592
3818,6.8960,2.50000,1.04083,1.28592,0.000000,0.31250,0.00000,2.50000,1.28592
3819,9.3990,2.50000,1.04083,1.22258,0.063333,0.31250,0.00000,2.50000,1.22258
3820,4.4260,2.50000,1.04083,1.22258,0.000000,0.31250,0.00000,2.50000,1.22258
3821,8.9750,2.50000,1.04083,1.15925,0.063333,0.31250,0.00000,2.50000,1.15925
3822,4.8150,2.50000,1.04083,1.15925,0.000000,0.31250,0.00000,2.50000,1.15925
3823,13.2940,2.50000,1.04083,1.09592,0.063333,0.31250,0.00000,2.50000,1.09592
3824,0.4850,2.50000,1.04083,1.09592,0.000000,0.31250,0.00000,2.50000,1.09592
3825,6.9120,2.50000,1.04083,1.09592,0.000000,0.31250,0.00000,2.50000,1.09592
3826,8.4710,2.50000,1.04083,1.03258,0.063333,0.31250,0.00000,2.50000,1.03258
3827,5.3280,2.50000,1.04083,1.03258,0.000000,0.31250,0.00000,2.50000,1.03258
3828,8.4580,2.50000,1.04083,0.96925,0.063333,0.31250,0.00000,2.50000,0.96925
3829,5.3580,2.50000,1.04083,0.96925,0.000000,0.31250,0.00000,2.50000,0.96925
3830,6.9210,2.50000,1.04083,0.96925,0.000000,0.31250,0.00000,2.50000,0.96925
3831,8.7710,2.50000,1.04083,0.90592,0.063333,0.31250,0.00000,2.50000,0.90592
3832,4.9540,2.50000,1.04083,0.90592,0.000000,0.31250,0.00000,2.50000,0.90592
3833,8.4570,2.50000,1.04083,0.84258,0.063333,0.31250,0.00000,2.50000,0.84258
3834,5.3910,2.50000,1.04083,0.84258,0.000000,0.31250,0.00000,2.50000,0.84258
3835,9.8980,2.50000,1.04083,0.77925,0.063333,0.31250,0.00000,2.50000,0.77925
3836,3.8380,2.50000,1.04083,0.77925,0.000000,0.31250,0.00000,2.50000,0.77925
3837,6.9720,2.50000,1.04083,0.77925,0.000000,0.31250,0.00000,2.50000,0.77925
3838,9.0500,2.50000,1.04083,0.71592,0.063333,0.31250,0.00000,2.50000,0.71592
3839,4.7560,2.50000,1.04083,0.71592,0.000000,0.31250,0.00000,2.50000,0.71592
3840,9.3800,2.50000,1.04083,0.65258,0.063333,0.31250,0.00000,2.50000,0.65258
3841,4.3820,2.50000,1.04083,0.65258,0.000000,0.31250,0.00000,2.50000,0.65258
3842,6.9150,2.50000,1.04083,0.65258,0.000000,0.31250,0.00000,2.50000,0.65258
3843,9.1980,2.50000,1.04083,0.58925,0.063333,0.31250,0.00000,2.50000,0.58925
3844,4.5960,2.50000,1.04083,0.58925,0.000000,0.31250,0.00000,2.50000,0.58925
3845,8.2980,2.50000,1.04083,0.52592,0.063333,0.31250,0.00000,2.50000,0.52592
3846,5.4690,2.50000,1.04083,0.52592,0.000000,0.31250,0.00000,2.50000,0.52592
3847,8.2770,2.50000,1.04083,0.46258,0.063333,0.31250,0.00000,2.50000,0.46258
3848,5.5600,2.50000,1.04083,0.46258,0.000000,0.31250,0.00000,2.50000,0.46258
3849,6.9150,2.50000,1.04083,0.46258,0.000000,0.31250,0.00000,2.50000,0.46258
3850,8.8860,2.50000,1.04083,0.39925,0.063333,0.31250,0.00000,2.50000,0.39925
3851,4.8810,2.50000,1.04083,0.39925,0.000000,0.31250,0.00000,2.50000,0.39925
3852,10.1830,2.50000,1.04083,0.33592,0.063333,0.31140,0.00000,2.50000,0.33592
3853,3.6420,2.50000,1.04083,0.33592,0.000000,0.31042,0.00000,2.50000,0.33592
3854,6.8700,2.50000,1.04083,0.33592,0.000000,0.31030,0.00000,2.50000,0.33592
3855,8.3890,2.50000,1.04083,0.27258,0.063333,0.31030,0.00000,2.50000,0.27258
3856,5.4120,2.50000,1.04083,0.27258,0.000000,0.31030,0.00000,2.50000,0.27258
3857,8.3250,2.50000,1.04083,0.20925,0.063333,0.31030,0.00000,2.50000,0.20925
3858,5.5130,2.50000,1.04083,0.20925,0.000000,0.31030,0.00000,2.50000,0.20925
3859,8.4450,2.50000,1.04083,0.14592,0.063333,0.31042,0.00000,2.50000,0.14592
3860,5.3690,2.50000,1.04083,0.14592,0.000000,0.31018,0.00000,2.50000,0.14592
3861,6.8590,2.50000,1.04083,0.14592,0.000000,0.31042,0.00000,2.50000,0.14592
3862,8.3880,2.50000,1.04083,0.08258,0.063333,0.31030,0.00000,2.50000,0.08258
3863,5.4650,2.50000,1.04083,0.08258,0.000000,0.31030,0.00000,2.50000,0.08258
3864,9.0290,2.50000,1.04083,0.01925,0.063333,0.31030,0.00000,2.50000,0.01925
3865,4.7120,2.50000,1.04083,0.01925,0.000000,0.31042,0.00000,2.50000,0.01925
3866,6.9220,2.50000,1.04083,0.01925,0.000000,0.31018,0.00000,2.50000,0.01925
3867,8.9400,2.50000,1.04083,-0.04408,0.063333,0.31042,0.00000,2.50000,-0.04408
3868,4.8290,2.50000,1.04083,-0.04408,0.000000,0.31030,0.00000,2.50000,-0.04408
3869,8.3870,2.50000,1.04083,-0.10742,0.063333,0.31030,0.00000,2.50000,-0.10742
3870,5.4230,2.50000,1.04083,-0.10742,0.000000,0.31030,0.00000,2.50000,-0.10742
3871,9.0060,2.50000,1.04083,-0.17075,0.063333,0.31030,0.00000,2.50000,-0.17075
3872,4.8420,2.50000,1.04083,-0.17075,0.000000,0.31030,0.00000,2.50000,-0.17075
3873,6.8520,2.50000,1.04083,-0.17075,0.000000,0.31042,0.00000,2.50000,-0.17075
3874,8.4180,2.50000,1.04083,-0.23408,0.063333,0.31030,0.00000,2.50000,-0.23408
3875,5.4620,2.50000,1.04083,-0.23408,0.000000,0.31030,0.00000,2.50000,-0.23408
3876,8.3760,2.50000,1.04083,-0.29742,0.063333,0.31030,0.00000,2.50000,-0.29742
3877,5.3660,2.50000,1.04083,-0.29742,0.000000,0.31030,0.00000,2.50000,-0.29742
3878,6.8980,2.50000,1.04083,-0.29742,0.000000,0.31030,0.00000,2.50000,-0.29742
3879,8.3820,2.50000,1.04083,-0.36075,0.063333,0.31042,0.00000,2.50000,-0.36075
3880,5.4080,2.50000,1.04083,-0.36075,0.000000,0.31018,0.00000,2.50000,-0.36075
3881,9.1940,2.50000,1.04083,-0.42408,0.063333,0.31042,0.00000,2.50000,-0.42408
3882,9.8040,2.50000,1.04083,-0.42408,0.000000,0.31030,0.00000,2.50000,-0.42408
3883,1.6930,2.50000,1.04083,-0.42408,0.000000,0.31030,0.00000,2.50000,-0.42408
3884,8.4950,2.50000,1.04083,-0.48742,0.063333,0.31030,0.00000,2.50000,-0.48742
3885,5.3290,2.50000,1.04083,-0.48742,0.000000,0.31030,0.00000,2.50000,-0.48742
3886,8.3920,2.50000,1.04083,-0.55075,0.063333,0.31030,0.00000,2.50000,-0.55075
3887,5.4170,2.50000,1.04083,-0.55075,0.000000,0.31030,0.00000,2.50000,-0.55075
3888,8.3460,2.50000,1.04083,-0.61408,0.063333,0.31042,0.00000,2.50000,-0.61408
3889,5.4280,2.50000,1.04083,-0.61408,0.000000,0.31018,0.00000,2.50000,-0.61408
3890,6.9280,2.50000,1.04083,-0.61408,0.000000,0.31042,0.00000,2.50000,-0.61408
3891,8.6260,2.50000,1.04083,-0.67742,0.063333,0.31030,0.00000,2.50000,-0.67742
3892,5.1630,2.50000,1.04083,-0.67742,0.000000,0.31030,0.00000,2.50000,-0.67742
3893,8.3300,2.50000,1.04083,-0.74075,0.063333,0.31030,0.00000,2.50000,-0.74075
3894,5.4420,2.50000,1.04083,-0.74075,0.000000,0.31042,0.00000,2.50000,-0.74075
3895,6.9030,2.50000,1.04083,-0.74075,0.000000,0.31018,0.00000,2.50000,-0.74075
3896,8.4410,2.50000,1.04083,-0.80408,0.063333,0.31042,0.00000,2.50000,-0.80408
3897,5.3550,2.50000,1.04083,-0.80408,0.000000,0.31030,0.00000,2.50000,-0.80408
3898,8.3590,2.50000,1.04083,-0.86742,0.063333,0.31030,0.00000,2.50000,-0.86742
3899,5.4100,2.50000,1.04083,-0.86742,0.000000,0.31030,0.00000,2.50000,-0.86742
3900,8.2550,2.50000,1.04083,-0.93075,0.063333,0.31030,0.00000,2.50000,-0.93075
3901,5.5780,2.50000,1.04083,-0.93075,0.000000,0.31030,0.00000,2.50000,-0.93075
3902,6.8660,2.50000,1.04083,-0.93075,0.000000,0.31042,0.00000,2.50000,-0.93075
3903,8.5350,2.50000,1.04083,-0.99408,0.063333,0.31030,0.00000,2.50000,-0.99408
3904,5.2790,2.50000,1.04083,-0.99408,0.000000,0.31030,0.00000,2.50000,-0.99408
3905,8.4530,2.50000,1.04083,-1.05742,0.063333,0.31030,0.00000,2.50000,-1.05742
3906,5.3650,2.50000,1.04083,-1.05742,0.000000,0.31030,0.00000,2.50000,-1.05742
3907,6.8790,2.50000,1.04083,-1.05742,0.000000,0.31030,0.00000,2.50000,-1.05742
3908,8.3340,2.50000,1.04083,-1.12075,0.063333,0.31042,0.00000,2.50000,-1.12075
3909,5.4620,2.50000,1.04083,-1.12075,0.000000,0.31018,0.00000,2.50000,-1.12075
3910,8.2740,2.50000,1.04083,-1.18408,0.063333,0.31042,0.00000,2.50000,-1.18408
3911,5.5310,2.50000,1.04083,-1.18408,0.000000,0.31030,0.00000,2.50000,-1.18408
3912,8.7030,2.50000,1.04083,-1.18408,0.000000,0.31030,0.00000,2.50000,-1.18408
3913,6.5370,2.50000,1.04083,-1.24742,0.063333,0.31030,0.00000,2.50000,-1.24742
3914,5.4800,2.50000,1.04083,-1.24742,0.000000,0.31030,0.00000,2.50000,-1.24742
3915,8.2200,2.50000,1.04083,-1.31075,0.063333,0.31030,0.00000,2.50000,-1.31075
3916,5.5550,2.50000,1.04083,-1.31075,0.000000,0.31042,0.00000,2.50000,-1.31075
3917,8.2060,2.50000,1.04083,-1.37408,0.063333,0.31030,0.00000,2.50000,-1.37408
3918,5.6350,2.50000,1.04083,-1.37408,0.000000,0.31030,0.00000,2.50000,-1.37408
3919,6.9040,2.50000,1.04083,-1.37408,0.000000,0.31030,0.00000,2.50000,-1.37408
3920,9.1370,2.50000,1.04083,-1.43742,0.063333,0.31030,0.00000,2.50000,-1.43742
3921,4.7320,2.50000,1.04083,-1.43742,0.000000,0.31030,0.00000,2.50000,-1.43742
3922,9.3100,2.50000,1.04083,-1.50075,0.063333,0.31042,0.00000,2.50000,-1.50075
3923,4.4330,2.50000,1.04083,-1.50075,0.000000,0.31018,0.00000,2.50000,-1.50075
3924,6.8890,2.50000,1.04083,-1.50075,0.000000,0.31042,0.00000,2.50000,-1.50075
3925,9.3540,2.50000,1.04083,-1.56047,0.059722,0.31030,0.00000,2.50000,-1.56047
3926,4.4370,2.50000,1.04083,-1.56047,0.000000,0.31030,0.00000,2.50000,-1.56047
3927,9.1280,2.50000,1.04083,-1.61658,0.056111,0.31030,0.00000,2.50000,-1.61658
3928,4.6650,2.50000,1.04083,-1.61658,0.000000,0.31042,0.00000,2.50000,-1.61658
3929,8.4680,2.50000,1.04083,-1.66908,0.052500,0.31018,0.00000,2.50000,-1.66908
3930,5.3500,2.50000,1.04083,-1.66908,0.000000,0.31042,0.00000,2.50000,-1.66908
3931,6.8950,2.50000,1.04083,-1.66908,0.000000,0.31030,0.00000,2.50000,-1.66908
3932,8.3980,2.50000,1.04083,-1.71797,0.048889,0.31018,0.00000,2.50000,-1.71797
3933,5.4600,2.50000,1.04083,-1.71797,0.000000,0.31042,0.00000,2.50000,-1.71797
3934,8.3370,2.50000,1.04083,-1.76325,0.045278,0.31030,0.00000,2.50000,-1.76325
3935,5.4330,2.50000,1.04083,-1.76325,0.000000,0.31030,0.00000,2.50000,-1.76325
3936,6.8430,2.50000,1.04083,-1.76325,0.000000,0.31030,0.00000,2.50000,-1.76325
3937,8.3500,2.50000,1.04083,-1.80492,0.041667,0.31042,0.00000,2.50000,-1.80492
3938,5.4370,2.50000,1.04083,-1.80492,0.000000,0.31018,0.00000,2.50000,-1.80492
3939,8.8590,2.50000,1.04083,-1.84297,0.038056,0.31042,0.00000,2.50000,-1.84297
3940,4.9460,2.50000,1.04083,-1.84297,0.000000,0.31030,0.00000,2.50000,-1.84297
3941,6.8940,2.50000,1.04083,-1.84297,0.000000,0.31030,0.00000,2.50000,-1.84297
3942,10.0610,2.50000,1.04083,-1.87742,0.034444,0.31030,0.00000,2.50000,-1.87742
3943,3.7440,2.50000,1.04083,-1.87742,0.000000,0.31030,0.00000,2.50000,-1.87742
3944,8.6910,2.50000,1.04083,-1.90825,0.030833,0.31030,0.00000,2.50000,-1.90825
3945,5.1080,2.50000,1.04083,-1.90825,0.000000,0.31042,0.00000,2.50000,-1.90825
3946,8.2470,2.50000,1.04083,-1.93547,0.027222,0.31030,0.00000,2.50000,-1.93547
3947,5.5480,2.50000,1.04083,-1.93547,0.000000,0.31030,0.00000,2.50000,-1.93547
3948,6.9160,2.50000,1.04083,-1.93547,0.000000,0.31030,0.00000,2.50000,-1.93547
3949,9.2600,2.50000,1.04083,-1.95908,0.023611,0.31030,0.00000,2.50000,-1.95908
3950,4.5630,2.50000,1.04083,-1.95908,0.000000,0.31030,0.00000,2.50000,-1.95908
3951,8.3530,2.50000,1.04083,-1.97908,0.020000,0.31042,0.00000,2.50000,-1.97908
3952,5.3950,2.50000,1.04083,-1.97908,0.000000,0.31018,0.00000,2.50000,-1.97908
3953,6.9210,2.50000,1.04083,-1.97908,0.000000,0.31042,0.00000,2.50000,-1.97908
3954,8.4880,2.50000,1.04083,-1.98964,0.010556,0.31030,0.00000,2.50000,-1.98964
3955,5.3390,2.50000,1.04083,-1.98964,0.000000,0.31030,0.00000,2.50000,-1.98964
3956,8.4700,2.50000,1.04083,-1.99075,0.001111,0.31030,0.00000,2.50000,-1.99075
3957,5.3320,2.50000,1.04083,-1.99075,0.000000,0.31042,0.00000,2.50000,-1.99075
3958,8.7970,2.50000,1.04083,-1.98936,0.001389,0.31018,0.00000,2.50000,-1.98936
3959,5.0910,2.50000,1.04083,-1.98936,0.000000,0.31042,0.00000,2.50000,-1.98936
3960,6.8230,2.50000,1.04083,-1.98936,0.000000,0.31030,0.00000,2.50000,-1.98936
3961,10.9560,2.50000,1.04083,-1.98547,0.003889,0.31030,0.00000,2.50000,-1.98547
3962,2.8040,2.50000,1.04083,-1.98547,0.000000,0.31030,0.00000,2.50000,-1.98547
3963,8.9220,2.50000,1.04083,-1.97908,0.006389,0.31030,0.00000,2.50000,-1.97908
3964,4.9260,2.50000,1.04083,-1.97908,0.000000,0.31030,0.00000,2.50000,-1.97908
3965,6.9830,2.50000,1.04083,-1.97908,0.000000,0.31042,0.00000,2.50000,-1.97908
3966,9.1570,2.50000,1.04083,-1.97019,0.008889,0.31018,0.00000,2.50000,-1.97019
3967,4.5840,2.50000,1.04083,-1.97019,0.000000,0.31042,0.00000,2.50000,-1.97019
3968,10.8630,2.50000,1.04083,-1.95881,0.011389,0.31030,0.00000,2.50000,-1.95881
3969,2.9240,2.50000,1.04083,-1.95881,0.000000,0.31030,0.00000,2.50000,-1.95881
3970,7.0550,2.50000,1.04083,-1.95881,0.000000,0.31030,0.00000,2.50000,-1.95881
3971,8.4960,2.50000,1.04083,-1.94492,0.013889,0.31042,0.00000,2.50000,-1.94492
3972,10.5670,2.50000,1.04083,-1.94492,0.000000,0.31018,0.00000,2.50000,-1.94492
3973,3.7010,2.50000,1.04083,-1.92853,0.016389,0.31042,0.00000,2.50000,-1.92853
3974,4.6940,2.50000,1.04083,-1.92853,0.000000,0.31030,0.00000,2.50000,-1.92853
3975,8.7800,2.50000,1.04083,-1.90964,0.018889,0.31030,0.00000,2.50000,-1.90964
3976,4.9830,2.50000,1.04083,-1.90964,0.000000,0.31030,0.00000,2.50000,-1.90964
3977,6.9230,2.50000,1.04083,-1.90964,0.000000,0.31030,0.00000,2.50000,-1.90964
3978,8.7930,2.50000,1.04083,-1.88825,0.021389,0.31030,0.00000,2.50000,-1.88825
3979,4.9870,2.50000,1.04083,-1.88825,0.000000,0.31042,0.00000,2.50000,-1.88825
3980,9.2430,2.50000,1.04083,-1.86436,0.023889,0.31030,0.00000,2.50000,-1.86436
3981,4.5430,2.50000,1.04083,-1.86436,0.000000,0.31030,0.00000,2.50000,-1.86436
3982,6.9710,2.50000,1.04083,-1.86436,0.000000,0.31030,0.00000,2.50000,-1.86436
3983,9.3520,2.50000,1.04083,-1.83797,0.026389,0.31030,0.00000,2.50000,-1.83797
3984,4.4100,2.50000,1.04083,-1.83797,0.000000,0.31030,0.00000,2.50000,-1.83797
3985,9.3610,2.50000,1.04083,-1.80908,0.028889,0.31030,0.00000,2.50000,-1.80908
3986,4.4270,2.50000,1.04083,-1.80908,0.000000,0.31030,0.00000,2.50000,-1.80908
3987,9.3280,2.50000,1.04083,-1.77769,0.031389,0.31030,0.00000,2.50000,-1.77769
3988,4.4720,2.50000,1.04083,-1.77769,0.000000,0.31042,0.00000,2.50000,-1.77769
3989,6.9310,2.50000,1.04083,-1.77769,0.000000,0.31030,0.00000,2.50000,-1.77769
3990,8.8310,2.50000,1.04083,-1.74381,0.033889,0.31030,0.00000,2.50000,-1.74381
3991,4.9140,2.50000,1.04083,-1.74381,0.000000,0.31030,0.00000,2.50000,-1.74381
3992,8.6050,2.50000,1.04083,-1.70742,0.036389,0.31030,0.00000,2.50000,-1.70742
3993,5.1930,2.50000,1.04083,-1.70742,0.000000,0.31030,0.00000,2.50000,-1.70742
3994,6.9290,2.50000,1.04083,-1.70742,0.000000,0.31042,0.00000,2.50000,-1.70742
3995,8.4670,2.50000,1.04083,-1.66853,0.038889,0.31018,0.00000,2.50000,-1.66853
3996,5.3020,2.50000,1.04083,-1.66853,0.000000,0.31042,0.00000,2.50000,-1.66853
3997,8.3260,2.50000,1.04083,-1.62714,0.041389,0.31030,0.00000,2.50000,-1.62714
3998,5.4720,2.50000,1.04083,-1.62714,0.000000,0.31030,0.00000,2.50000,-1.62714
3999,6.9190,2.50000,1.04083,-1.62714,0.000000,0.31030,0.00000,2.50000,-1.62714
4000,9.2270,2.50000,1.04083,-1.58325,0.043889,0.31042,0.00000,2.50000,-1.58325
4001,4.5470,2.50000,1.04083,-1.58325,0.000000,0.31018,0.00000,2.50000,-1.58325
4002,11.0750,2.50000,1.04083,-1.53686,0.046389,0.31042,0.00000,2.50000,-1.53686
4003,2.7420,2.50000,1.04083,-1.53686,0.000000,0.31030,0.00000,2.50000,-1.53686
4004,8.4520,2.50000,1.04083,-1.48797,0.048889,0.31030,0.00000,2.50000,-1.48797
4005,5.3520,2.50000,1.04083,-1.48797,0.000000,0.31030,0.00000,2.50000,-1.48797
4006,6.8820,2.50000,1.04083,-1.48797,0.000000,0.31030,0.00000,2.50000,-1.48797
4007,8.4440,2.50000,1.04083,-1.43658,0.051389,0.31030,0.00000,2.50000,-1.43658
4008,5.3740,2.50000,1.04083,-1.43658,0.000000,0.31042,0.00000,2.50000,-1.43658
4009,8.5170,2.50000,1.04083,-1.38269,0.053889,0.31030,0.00000,2.50000,-1.38269
4010,5.2880,2.50000,1.04083,-1.38269,0.000000,0.31030,0.00000,2.50000,-1.38269
4011,6.9100,2.50000,1.04083,-1.38269,0.000000,0.31030,0.00000,2.50000,-1.38269
4012,8.3780,2.50000,1.04083,-1.32631,0.056389,0.31030,0.00000,2.50000,-1.32631
4013,5.3700,2.50000,1.04083,-1.32631,0.000000,0.31030,0.00000,2.50000,-1.32631
4014,8.2570,2.50000,1.04083,-1.26742,0.058889,0.31042,0.00000,2.50000,-1.26742
4015,5.5420,2.50000,1.04083,-1.26742,0.000000,0.31018,0.00000,2.50000,-1.26742
4016,8.1240,2.50000,1.04083,-1.20603,0.061389,0.31042,0.00000,2.50000,-1.20603
4017,5.6690,2.50000,1.04083,-1.20603,0.000000,0.31030,0.00000,2.50000,-1.20603
4018,6.8960,2.50000,1.04083,-1.20603,0.000000,0.31030,0.00000,2.50000,-1.20603
4019,8.0670,2.50000,1.04083,-1.14269,0.063333,0.31030,0.00000,2.50000,-1.14269
4020,5.7270,2.50000,1.04083,-1.14269,0.000000,0.31042,0.00000,2.50000,-1.14269
4021,8.0740,2.50000,1.04083,-1.07936,0.063333,0.31018,0.00000,2.50000,-1.07936
4022,5.7390,2.50000,1.04083,-1.07936,0.000000,0.31042,0.00000,2.50000,-1.07936
4023,6.9890,2.50000,1.04083,-1.07936,0.000000,0.31030,0.00000,2.50000,-1.07936
4024,8.0850,2.50000,1.04083,-1.01603,0.063333,0.31030,0.00000,2.50000,-1.01603
4025,5.6520,2.50000,1.04083,-1.01603,0.000000,0.31030,0.00000,2.50000,-1.01603
4026,8.1670,2.50000,1.04083,-0.95269,0.063333,0.31030,0.00000,2.50000,-0.95269
4027,5.6250,2.50000,1.04083,-0.95269,0.000000,0.31030,0.00000,2.50000,-0.95269
4028,6.9020,2.50000,1.04083,-0.95269,0.000000,0.31042,0.00000,2.50000,-0.95269
4029,8.3580,2.50000,1.04083,-0.88936,0.063333,0.31030,0.00000,2.50000,-0.88936
4030,5.4340,2.50000,1.04083,-0.88936,0.000000,0.31030,0.00000,2.50000,-0.88936
4031,8.2820,2.50000,1.04083,-0.82603,0.063333,0.31030,0.00000,2.50000,-0.82603
4032,7.5640,2.50000,1.04083,-0.82603,0.000000,0.31030,0.00000,2.50000,-0.82603
4033,6.1140,2.50000,1.04083,-0.76269,0.063333,0.31030,0.00000,2.50000,-0.76269
4034,5.6270,2.50000,1.04083,-0.76269,0.000000,0.31030,0.00000,2.50000,-0.76269
4035,6.9170,2.50000,1.04083,-0.76269,0.000000,0.31030,0.00000,2.50000,-0.76269
4036,8.2530,2.50000,1.04083,-0.69936,0.063333,0.31030,0.00000,2.50000,-0.69936
4037,5.5300,2.50000,1.04083,-0.69936,0.000000,0.31042,0.00000,2.50000,-0.69936
4038,8.1420,2.50000,1.04083,-0.63603,0.063333,0.31018,0.00000,2.50000,-0.63603
4039,5.6630,2.50000,1.04083,-0.63603,0.000000,0.31042,0.00000,2.50000,-0.63603
4040,6.9250,2.50000,1.04083,-0.63603,0.000000,0.31030,0.00000,2.50000,-0.63603
4041,8.1020,2.50000,1.04083,-0.57269,0.063333,0.31030,0.00000,2.50000,-0.57269
4042,5.6680,2.50000,1.04083,-0.57269,0.000000,0.31030,0.00000,2.50000,-0.57269
4043,8.1190,2.50000,1.04083,-0.50936,0.063333,0.31042,0.00000,2.50000,-0.50936
4044,5.6770,2.50000,1.04083,-0.50936,0.000000,0.31018,0.00000,2.50000,-0.50936
4045,8.0370,2.50000,1.04083,-0.44603,0.063333,0.31042,0.00000,2.50000,-0.44603
4046,5.7730,2.50000,1.04083,-0.44603,0.000000,0.31030,0.00000,2.50000,-0.44603
4047,6.9100,2.50000,1.04083,-0.44603,0.000000,0.31030,0.00000,2.50000,-0.44603
4048,8.3050,2.50000,1.04083,-0.38269,0.063333,0.31030,0.00000,2.50000,-0.38269
4049,5.4860,2.50000,1.04083,-0.38269,0.000000,0.31030,0.00000,2.50000,-0.38269
4050,8.3170,2.50000,1.04083,-0.31936,0.063333,0.31030,0.00000,2.50000,-0.31936
4051,5.4800,2.50000,1.04083,-0.31936,0.000000,0.31042,0.00000,2.50000,-0.31936
4052,6.9040,2.50000,1.04083,-0.31936,0.000000,0.31030,0.00000,2.50000,-0.31936
4053,8.5430,2.50000,1.04083,-0.25603,0.063333,0.31030,0.00000,2.50000,-0.25603
4054,5.2560,2.50000,1.04083,-0.25603,0.000000,0.31030,0.00000,2.50000,-0.25603
4055,8.2000,2.50000,1.04083,-0.19269,0.063333,0.31030,0.00000,2.50000,-0.19269
4056,5.6020,2.50000,1.04083,-0.19269,0.000000,0.31030,0.00000,2.50000,-0.19269
4057,6.8920,2.50000,1.04083,-0.19269,0.000000,0.31042,0.00000,2.50000,-0.19269
4058,8.1970,2.50000,1.04083,-0.12936,0.063333,0.31018,0.00000,2.50000,-0.12936
4059,5.6030,2.50000,1.04083,-0.12936,0.000000,0.31042,0.00000,2.50000,-0.12936
4060,8.2780,2.50000,1.04083,-0.06603,0.063333,0.31030,0.00000,2.50000,-0.06603
4061,5.5250,2.50000,1.04083,-0.06603,0.000000,0.31030,0.00000,2.50000,-0.06603
4062,13.2030,2.50000,1.04083,-0.00269,0.063333,0.31030,0.00000,2.50000,-0.00269
4063,0.5920,2.50000,1.04083,-0.00269,0.000000,0.31042,0.00000,2.50000,-0.00269
4064,6.9010,2.50000,1.04083,-0.00269,0.000000,0.31018,0.00000,2.50000,-0.00269
4065,8.4010,2.50000,1.04083,0.06064,0.063333,0.31042,0.00000,2.50000,0.06064
4066,5.4080,2.50000,1.04083,0.06064,0.000000,0.31030,0.00000,2.50000,0.06064
4067,8.2480,2.50000,1.04083,0.12397,0.063333,0.31030,0.00000,2.50000,0.12397
4068,5.5650,2.50000,1.04083,0.12397,0.000000,0.31030,0.00000,2.50000,0.12397
4069,6.8750,2.50000,1.04083,0.12397,0.000000,0.31030,0.00000,2.50000,0.12397
4070,8.2180,2.50000,1.04083,0.18731,0.063333,0.31030,0.00000,2.50000,0.18731
4071,5.5880,2.50000,1.04083,0.18731,0.000000,0.31042,0.00000,2.50000,0.18731
4072,8.2110,2.50000,1.04083,0.25064,0.063333,0.31030,0.00000,2.50000,0.25064
4073,5.5880,2.50000,1.04083,0.25064,0.000000,0.31030,0.00000,2.50000,0.25064
4074,8.2830,2.50000,1.04083,0.31397,0.063333,0.31030,0.00000,2.50000,0.31397
4075,5.5250,2.50000,1.04083,0.31397,0.000000,0.31030,0.00000,2.50000,0.31397
4076,6.8910,2.50000,1.04083,0.31397,0.000000,0.31030,0.00000,2.50000,0.31397
4077,8.0570,2.50000,1.04083,0.37731,0.063333,0.31042,0.00000,2.50000,0.37731
4078,5.7440,2.50000,1.04083,0.37731,0.000000,0.31018,0.00000,2.50000,0.37731
4079,8.0040,2.50000,1.04083,0.44064,0.063333,0.31042,0.00000,2.50000,0.44064
4080,5.8110,2.50000,1.04083,0.44064,0.000000,0.31030,0.00000,2.50000,0.44064
4081,6.8990,2.50000,1.04083,0.44064,0.000000,0.31030,0.00000,2.50000,0.44064
4082,8.1730,2.50000,1.04083,0.50397,0.063333,0.31030,0.00000,2.50000,0.50397
4083,5.6120,2.50000,1.04083,0.50397,0.000000,0.31030,0.00000,2.50000,0.50397
4084,8.1180,2.50000,1.04083,0.56731,0.063333,0.31030,0.00000,2.50000,0.56731
4085,5.7380,2.50000,1.04083,0.56731,0.000000,0.31030,0.00000,2.50000,0.56731
4086,6.8500,2.50000,1.04083,0.56731,0.000000,0.31042,0.00000,2.50000,0.56731
4087,8.0840,2.50000,1.04083,0.63064,0.063333,0.31018,0.00000,2.50000,0.63064
4088,5.7070,2.50000,1.04083,0.63064,0.000000,0.31042,0.00000,2.50000,0.63064
4089,8.0840,2.50000,1.04083,0.69397,0.063333,0.31030,0.00000,2.50000,0.69397
4090,5.7390,2.50000,1.04083,0.69397,0.000000,0.31030,0.00000,2.50000,0.69397
4091,7.9720,2.50000,1.04083,0.75731,0.063333,0.31030,0.00000,2.50000,0.75731
4092,10.5610,2.50000,1.04083,0.75731,0.000000,0.31030,0.00000,2.50000,0.75731
4093,2.1590,2.50000,1.04083,0.75731,0.000000,0.31030,0.00000,2.50000,0.75731
4094,8.1410,2.50000,1.04083,0.82064,0.063333,0.31042,0.00000,2.50000,0.82064
4095,5.6620,2.50000,1.04083,0.82064,0.000000,0.31030,0.00000,2.50000,0.82064
4096,8.1130,2.50000,1.04083,0.88397,0.063333,0.31030,0.00000,2.50000,0.88397
4097,5.6710,2.50000,1.04083,0.88397,0.000000,0.31030,0.00000,2.50000,0.88397
4098,6.8910,2.50000,1.04083,0.88397,0.000000,0.31030,0.00000,2.50000,0.88397
4099,8.3150,2.50000,1.04083,0.94731,0.063333,0.31030,0.00000,2.50000,0.94731
4100,5.5440,2.50000,1.04083,0.94731,0.000000,0.31042,0.00000,2.50000,0.94731
4101,8.2610,2.50000,1.04083,1.01064,0.063333,0.31018,0.00000,2.50000,1.01064
4102,5.4990,2.50000,1.04083,1.01064,0.000000,0.31042,0.00000,2.50000,1.01064
4103,8.4100,2.50000,1.04083,1.07397,0.063333,0.31030,0.00000,2.50000,1.07397
4104,5.4320,2.50000,1.04083,1.07397,0.000000,0.31030,0.00000,2.50000,1.07397
4105,6.9010,2.50000,1.04083,1.07397,0.000000,0.31030,0.00000,2.50000,1.07397
4106,8.3730,2.50000,1.04083,1.13731,0.063333,0.31042,0.00000,2.50000,1.13731
4107,5.3920,2.50000,1.04083,1.13731,0.000000,0.31018,0.00000,2.50000,1.13731
4108,8.3120,2.50000,1.04083,1.20064,0.063333,0.31042,0.00000,2.50000,1.20064
4109,5.5370,2.50000,1.04083,1.20064,0.000000,0.31030,0.00000,2.50000,1.20064
4110,6.8870,2.50000,1.04083,1.20064,0.000000,0.31030,0.00000,2.50000,1.20064
4111,8.9240,2.50000,1.04083,1.26397,0.063333,0.31030,0.00000,2.50000,1.26397
4112,4.8530,2.50000,1.04083,1.26397,0.000000,0.31030,0.00000,2.50000,1.26397
4113,8.3160,2.50000,1.04083,1.32731,0.063333,0.31030,0.00000,2.50000,1.32731
4114,5.4920,2.50000,1.04083,1.32731,0.000000,0.31042,0.00000,2.50000,1.32731
4115,6.9080,2.50000,1.04083,1.32731,0.000000,0.31030,0.00000,2.50000,1.32731
4116,8.4300,2.50000,1.04083,1.39064,0.063333,0.31030,0.00000,2.50000,1.39064
4117,5.3340,2.50000,1.04083,1.39064,0.000000,0.31030,0.00000,2.50000,1.39064
4118,8.5040,2.50000,1.04083,1.45397,0.063333,0.31030,0.00000,2.50000,1.45397
4119,5.3360,2.50000,1.04083,1.45397,0.000000,0.31030,0.00000,2.50000,1.45397
4120,8.4740,2.50000,1.04083,1.51731,0.063333,0.31042,0.00000,2.50000,1.51731
4121,5.2920,2.50000,1.04083,1.51731,0.000000,0.31018,0.00000,2.50000,1.51731
4122,8.5370,2.50000,1.04083,1.51731,0.000000,0.31042,0.00000,2.50000,1.51731
4123,6.8910,2.50000,1.04083,1.58064,0.063333,0.31030,0.00000,2.50000,1.58064
4124,5.3110,2.50000,1.04083,1.58064,0.000000,0.31030,0.00000,2.50000,1.58064
4125,8.1970,2.50000,1.04083,1.64397,0.063333,0.31030,0.00000,2.50000,1.64397
4126,5.5420,2.50000,1.04083,1.64397,0.000000,0.31042,0.00000,2.50000,1.64397
4127,6.8880,2.50000,1.04083,1.64397,0.000000,0.31018,0.00000,2.50000,1.64397
4128,8.2410,2.50000,1.04083,1.70730,0.063333,0.31042,0.00000,2.50000,1.70730
4129,5.5970,2.50000,1.04083,1.70730,0.000000,0.31030,0.00000,2.50000,1.70730
4130,8.0580,2.50000,1.04083,1.77064,0.063333,0.31030,0.00000,2.50000,1.77064
4131,5.7240,2.50000,1.04083,1.77064,0.000000,0.31030,0.00000,2.50000,1.77064
4132,8.2210,2.50000,1.04083,1.83397,0.063333,0.31030,0.00000,2.50000,1.83397
4133,5.5930,2.50000,1.04083,1.83397,0.000000,0.31030,0.00000,2.50000,1.83397
4134,6.8900,2.50000,1.04083,1.83397,0.000000,0.31030,0.00000,2.50000,1.83397
4135,8.1490,2.50000,1.04083,1.89730,0.063333,0.31042,0.00000,2.50000,1.89730
4136,5.6470,2.50000,1.04083,1.89730,0.000000,0.31018,0.00000,2.50000,1.89730
4137,8.0960,2.50000,1.04083,1.96064,0.063333,0.31042,0.00000,2.50000,1.96064
4138,5.7170,2.50000,1.04083,1.96064,0.000000,0.31030,0.00000,2.50000,1.96064
4139,6.8840,2.50000,1.04083,1.96064,0.000000,0.31030,0.00000,2.50000,1.96064
4140,8.0310,2.50000,1.04083,2.02397,0.063333,0.31030,0.00000,2.50000,2.02397
4141,5.7700,2.50000,1.04083,2.02397,0.000000,0.31030,0.00000,2.50000,2.02397
4142,8.3460,2.50000,1.04083,2.08730,0.063333,0.31030,0.00000,2.50000,2.08730
4143,5.4640,2.50000,1.04083,2.08730,0.000000,0.31042,0.00000,2.50000,2.08730
4144,6.8750,2.50000,1.04083,2.08730,0.000000,0.31030,0.00000,2.50000,2.08730
4145,8.0290,2.50000,1.04083,2.15064,0.063333,0.31030,0.00000,2.50000,2.15064
4146,5.7910,2.50000,1.04083,2.15064,0.000000,0.31030,0.00000,2.50000,2.15064
4147,8.0420,2.50000,1.04083,2.21397,0.063333,0.31030,0.00000,2.50000,2.21397
4148,5.7760,2.50000,1.04083,2.21397,0.000000,0.31030,0.00000,2.50000,2.21397
4149,7.9950,2.50000,1.04083,2.27730,0.063333,0.31042,0.00000,2.50000,2.27730
4150,5.7850,2.50000,1.04083,2.27730,0.000000,0.31018,0.00000,2.50000,2.27730
4151,8.5710,2.50000,1.04083,2.27730,0.000000,0.31250,0.00000,2.50000,2.27730
4152,6.5060,2.50000,1.04083,2.34064,0.063333,0.31262,0.00000,2.50000,2.34064
4153,5.6440,2.50000,1.04083,2.34064,0.000000,0.31250,0.00000,2.50000,2.34064
4154,8.1360,2.50000,1.04083,2.40397,0.063333,0.31250,0.00000,2.50000,2.40397
4155,5.6540,2.50000,1.04083,2.40397,0.000000,0.31250,0.00000,2.50000,2.40397
4156,6.8900,2.50000,1.04083,2.40397,0.000000,0.31250,0.00000,2.50000,2.40397
4157,8.0200,2.50000,1.04083,2.46730,0.063333,0.31250,0.00000,2.50000,2.46730
4158,5.7920,2.50000,1.04083,2.46730,0.000000,0.31238,0.00000,2.50000,2.46730
4159,7.9920,2.50000,1.04083,2.53064,0.063333,0.31250,0.00000,2.50000,2.53064
4160,5.8240,2.50000,1.04083,2.53064,0.000000,0.31250,0.00000,2.50000,2.53064
4161,8.1220,2.50000,1.04083,2.59397,0.063333,0.31262,0.00000,2.50000,2.59397
4162,5.6570,2.50000,1.04083,2.59397,0.000000,0.31250,0.00000,2.50000,2.59397
4163,6.8890,2.50000,1.04083,2.59397,0.000000,0.31250,0.00000,2.50000,2.59397
4164,8.1070,2.50000,1.04083,2.65730,0.063333,0.31250,0.00000,2.50000,2.65730
4165,5.6940,2.50000,1.04083,2.65730,0.000000,0.31250,0.00000,2.50000,2.65730
4166,8.0190,2.50000,1.04083,2.72064,0.063333,0.31250,0.00000,2.50000,2.72064
4167,5.8100,2.50000,1.04083,2.72064,0.000000,0.31238,0.00000,2.50000,2.72064
4168,6.8790,2.50000,1.04083,2.72064,0.000000,0.31250,0.00000,2.50000,2.72064
4169,8.1950,2.50000,1.04083,2.78036,0.059722,0.31250,0.00000,2.50000,2.78036
4170,5.5950,2.50000,1.04083,2.78036,0.000000,0.31262,0.00000,2.50000,2.78036
4171,8.0960,2.50000,1.04083,2.83647,0.056111,0.31250,0.00000,2.50000,2.83647
4172,5.7160,2.50000,1.04083,2.83647,0.000000,0.31250,0.00000,2.50000,2.83647
4173,8.2490,2.50000,1.04083,2.88897,0.052500,0.31250,0.00000,2.50000,2.88897
4174,5.5600,2.50000,1.04083,2.88897,0.000000,0.31250,0.00000,2.50000,2.88897
4175,6.9310,2.50000,1.04083,2.88897,0.000000,0.31250,0.00000,2.50000,2.88897
4176,8.3200,2.50000,1.04083,2.93786,0.048889,0.31238,0.00000,2.50000,2.93786
4177,5.4330,2.50000,1.04083,2.93786,0.000000,0.31250,0.00000,2.50000,2.93786
4178,8.2350,2.50000,1.04083,2.98314,0.045278,0.31250,0.00000,2.50000,2.98314
4179,5.5600,2.50000,1.04083,2.98314,0.000000,0.31262,0.00000,2.50000,2.98314
4180,8.6300,2.50000,1.04083,2.98314,0.000000,0.31250,0.00000,2.50000,2.98314
4181,6.4300,2.50000,1.04083,3.02480,0.041667,0.31250,0.00000,2.50000,3.02480
4182,5.6560,2.50000,1.04083,3.02480,0.000000,0.31250,0.00000,2.50000,3.02480
4183,8.0270,2.50000,1.04083,3.06286,0.038056,0.31250,0.00000,2.50000,3.06286
4184,5.7610,2.50000,1.04083,3.06286,0.000000,0.31250,0.00000,2.50000,3.06286
4185,8.1040,2.50000,1.04083,3.09730,0.034444,0.31238,0.00000,2.50000,3.09730
4186,5.6940,2.50000,1.04083,3.09730,0.000000,0.31250,0.00000,2.50000,3.09730
4187,6.9130,2.50000,1.04083,3.09730,0.000000,0.31250,0.00000,2.50000,3.09730
4188,8.1370,2.50000,1.04083,3.12814,0.030833,0.31262,0.00000,2.50000,3.12814
4189,5.6490,2.50000,1.04083,3.12814,0.000000,0.31250,0.00000,2.50000,3.12814
4190,8.2880,2.50000,1.04083,3.15536,0.027222,0.31250,0.00000,2.50000,3.15536
4191,5.5330,2.50000,1.04083,3.15536,0.000000,0.31250,0.00000,2.50000,3.15536
4192,6.8810,2.50000,1.04083,3.15536,0.000000,0.31250,0.00000,2.50000,3.15536
4193,8.2510,2.50000,1.04083,3.17897,0.023611,0.31250,0.00000,2.50000,3.17897
4194,5.5460,2.50000,1.04083,3.17897,0.000000,0.31238,0.00000,2.50000,3.17897
4195,8.2290,2.50000,1.04083,3.19897,0.020000,0.31250,0.00000,2.50000,3.19897
4196,5.5870,2.50000,1.04083,3.19897,0.000000,0.31250,0.00000,2.50000,3.19897
4197,8.0920,2.50000,1.04083,3.20953,0.010556,0.31262,0.00000,2.50000,3.20953
4198,5.6870,2.50000,1.04083,3.20953,0.000000,0.31250,0.00000,2.50000,3.20953
4199,6.9070,2.50000,1.04083,3.20953,0.000000,0.31250,0.00000,2.50000,3.20953
4200,8.2860,2.50000,1.04083,3.21064,0.001111,0.31250,0.00000,2.50000,3.21064
4201,5.5500,2.50000,1.04083,3.21064,0.000000,0.31250,0.00000,2.50000,3.21064
4202,8.1610,2.50000,1.04083,3.20925,0.001389,0.31250,0.00000,2.50000,3.20925
4203,5.6050,2.50000,1.04083,3.20925,0.000000,0.31238,0.00000,2.50000,3.20925
4204,6.9020,2.50000,1.04083,3.20925,0.000000,0.31250,0.00000,2.50000,3.20925
4205,8.1190,2.50000,1.04083,3.20536,0.003889,0.31250,0.00000,2.50000,3.20536
4206,5.6870,2.50000,1.04083,3.20536,0.000000,0.31262,0.00000,2.50000,3.20536
4207,8.1430,2.50000,1.04083,3.19897,0.006389,0.31250,0.00000,2.50000,3.19897
4208,5.6600,2.50000,1.04083,3.19897,0.000000,0.31250,0.00000,2.50000,3.19897
4209,9.9570,2.50000,1.04083,3.19008,0.008889,0.31250,0.00000,2.50000,3.19008
4210,3.8650,2.50000,1.04083,3.19008,0.000000,0.31250,0.00000,2.50000,3.19008
4211,6.9350,2.50000,1.04083,3.19008,0.000000,0.31250,0.00000,2.50000,3.19008
4212,8.3720,2.50000,1.04083,3.17869,0.011389,0.31238,0.00000,2.50000,3.17869
4213,5.3790,2.50000,1.04083,3.17869,0.000000,0.31250,0.00000,2.50000,3.17869
4214,8.3030,2.50000,1.04083,3.16480,0.013889,0.31250,0.00000,2.50000,3.16480
4215,5.4880,2.50000,1.04083,3.16480,0.000000,0.31262,0.00000,2.50000,3.16480
4216,6.9280,2.50000,1.04083,3.16480,0.000000,0.31250,0.00000,2.50000,3.16480
4217,8.2910,2.50000,1.04083,3.14841,0.016389,0.31250,0.00000,2.50000,3.14841
4218,5.5110,2.50000,1.04083,3.14841,0.000000,0.31250,0.00000,2.50000,3.14841
4219,8.3100,2.50000,1.04083,3.12953,0.018889,0.31250,0.00000,2.50000,3.12953
4220,5.5350,2.50000,1.04083,3.12953,0.000000,0.31250,0.00000,2.50000,3.12953
4221,8.1990,2.50000,1.04083,3.10814,0.021389,0.31238,0.00000,2.50000,3.10814
4222,5.5220,2.50000,1.04083,3.10814,0.000000,0.31250,0.00000,2.50000,3.10814
4223,6.9010,2.50000,1.04083,3.10814,0.000000,0.31250,0.00000,2.50000,3.10814
4224,8.3020,2.50000,1.04083,3.08425,0.023889,0.31262,0.00000,2.50000,3.08425
4225,5.5140,2.50000,1.04083,3.08425,0.000000,0.31250,0.00000,2.50000,3.08425
4226,8.1660,2.50000,1.04083,3.05786,0.026389,0.31250,0.00000,2.50000,3.05786
4227,5.5980,2.50000,1.04083,3.05786,0.000000,0.31250,0.00000,2.50000,3.05786
4228,6.9160,2.50000,1.04083,3.05786,0.000000,0.31250,0.00000,2.50000,3.05786
4229,8.4240,2.50000,1.04083,3.02897,0.028889,0.31250,0.00000,2.50000,3.02897
4230,5.3940,2.50000,1.04083,3.02897,0.000000,0.31238,0.00000,2.50000,3.02897
4231,8.2250,2.50000,1.04083,2.99758,0.031389,0.31250,0.00000,2.50000,2.99758
4232,5.5570,2.50000,1.04083,2.99758,0.000000,0.31250,0.00000,2.50000,2.99758
4233,8.1770,2.50000,1.04083,2.96369,0.033889,0.31262,0.00000,2.50000,2.96369
4234,5.6410,2.50000,1.04083,2.96369,0.000000,0.31250,0.00000,2.50000,2.96369
4235,6.9240,2.50000,1.04083,2.96369,0.000000,0.31250,0.00000,2.50000,2.96369
4236,8.1050,2.50000,1.04083,2.92730,0.036389,0.31250,0.00000,2.50000,2.92730
4237,5.6520,2.50000,1.04083,2.92730,0.000000,0.31250,0.00000,2.50000,2.92730
4238,10.0010,2.50000,1.04083,2.88841,0.038889,0.31250,0.00000,2.50000,2.88841
4239,3.8060,2.50000,1.04083,2.88841,0.000000,0.31238,0.00000,2.50000,2.88841
4240,6.9250,2.50000,1.04083,2.88841,0.000000,0.31250,0.00000,2.50000,2.88841
4241,8.2990,2.50000,1.04083,2.84703,0.041389,0.31250,0.00000,2.50000,2.84703
4242,5.4760,2.50000,1.04083,2.84703,0.000000,0.31262,0.00000,2.50000,2.84703
4243,8.3600,2.50000,1.04083,2.80314,0.043889,0.31250,0.00000,2.50000,2.80314
4244,5.4410,2.50000,1.04083,2.80314,0.000000,0.31250,0.00000,2.50000,2.80314
4245,8.4010,2.50000,1.04083,2.75675,0.046389,0.31250,0.00000,2.50000,2.75675
4246,5.4000,2.50000,1.04083,2.75675,0.000000,0.31250,0.00000,2.50000,2.75675
4247,6.9030,2.50000,1.04083,2.75675,0.000000,0.31250,0.00000,2.50000,2.75675
4248,8.6530,2.50000,1.04083,2.70786,0.048889,0.31238,0.00000,2.50000,2.70786
4249,5.1600,2.50000,1.04083,2.70786,0.000000,0.31250,0.00000,2.50000,2.70786
4250,8.1620,2.50000,1.04083,2.65647,0.051389,0.31250,0.00000,2.50000,2.65647
4251,5.6100,2.50000,1.04083,2.65647,0.000000,0.31262,0.00000,2.50000,2.65647
4252,6.9050,2.50000,1.04083,2.65647,0.000000,0.31250,0.00000,2.50000,2.65647
4253,8.1400,2.50000,1.04083,2.60258,0.053889,0.31250,0.00000,2.50000,2.60258
4254,5.6720,2.50000,1.04083,2.60258,0.000000,0.31250,0.00000,2.50000,2.60258
4255,8.1010,2.50000,1.04083,2.54619,0.056389,0.31250,0.00000,2.50000,2.54619
4256,5.6830,2.50000,1.04083,2.54619,0.000000,0.31250,0.00000,2.50000,2.54619
4257,8.0890,2.50000,1.04083,2.48730,0.058889,0.31238,0.00000,2.50000,2.48730
4258,5.7060,2.50000,1.04083,2.48730,0.000000,0.31250,0.00000,2.50000,2.48730
4259,6.9110,2.50000,1.04083,2.48730,0.000000,0.31250,0.00000,2.50000,2.48730
4260,8.1470,2.50000,1.04083,2.42591,0.061389,0.31262,0.00000,2.50000,2.42591
4261,5.6470,2.50000,1.04083,2.42591,0.000000,0.31250,0.00000,2.50000,2.42591
4262,8.1160,2.50000,1.04083,2.36258,0.063333,0.31250,0.00000,2.50000,2.36258
4263,5.6820,2.50000,1.04083,2.36258,0.000000,0.31250,0.00000,2.50000,2.36258
4264,6.9180,2.50000,1.04083,2.36258,0.000000,0.31250,0.00000,2.50000,2.36258
4265,8.1660,2.50000,1.04083,2.29925,0.063333,0.31250,0.00000,2.50000,2.29925
4266,5.6150,2.50000,1.04083,2.29925,0.000000,0.31238,0.00000,2.50000,2.29925
4267,9.8050,2.50000,1.04083,2.23591,0.063333,0.31250,0.00000,2.50000,2.23591
4268,3.9950,2.50000,1.04083,2.23591,0.000000,0.31250,0.00000,2.50000,2.23591
4269,8.0830,2.50000,1.04083,2.17258,0.063333,0.31262,0.00000,2.50000,2.17258
4270,5.7160,2.50000,1.04083,2.17258,0.000000,0.31250,0.00000,2.50000,2.17258
4271,6.9070,2.50000,1.04083,2.17258,0.000000,0.31250,0.00000,2.50000,2.17258
4272,8.2390,2.50000,1.04083,2.10925,0.063333,0.31250,0.00000,2.50000,2.10925
4273,5.5620,2.50000,1.04083,2.10925,0.000000,0.31250,0.00000,2.50000,2.10925
4274,8.3360,2.50000,1.04083,2.04591,0.063333,0.31250,0.00000,2.50000,2.04591
4275,5.4690,2.50000,1.04083,2.04591,0.000000,0.31238,0.00000,2.50000,2.04591
4276,6.9210,2.50000,1.04083,2.04591,0.000000,0.31250,0.00000,2.50000,2.04591
4277,9.0020,2.50000,1.04083,1.98258,0.063333,0.31250,0.00000,2.50000,1.98258
4278,4.8030,2.50000,1.04083,1.98258,0.000000,0.31262,0.00000,2.50000,1.98258
4279,8.1660,2.50000,1.04083,1.91925,0.063333,0.31250,0.00000,2.50000,1.91925
4280,5.6450,2.50000,1.04083,1.91925,0.000000,0.31250,0.00000,2.50000,1.91925
4281,8.2840,2.50000,1.04083,1.85592,0.063333,0.31250,0.00000,2.50000,1.85592
4282,5.4800,2.50000,1.04083,1.85592,0.000000,0.31250,0.00000,2.50000,1.85592
4283,6.9400,2.50000,1.04083,1.85592,0.000000,0.31250,0.00000,2.50000,1.85592
4284,8.3970,2.50000,1.04083,1.79258,0.063333,0.31238,0.00000,2.50000,1.79258
4285,5.3740,2.50000,1.04083,1.79258,0.000000,0.31250,0.00000,2.50000,1.79258
4286,8.4840,2.50000,1.04083,1.72925,0.063333,0.31250,0.00000,2.50000,1.72925
4287,5.2960,2.50000,1.04083,1.72925,0.000000,0.31262,0.00000,2.50000,1.72925
4288,6.9530,2.50000,1.04083,1.72925,0.000000,0.31250,0.00000,2.50000,1.72925
4289,8.3720,2.50000,1.04083,1.66592,0.063333,0.31250,0.00000,2.50000,1.66592
4290,5.3880,2.50000,1.04083,1.66592,0.000000,0.31250,0.00000,2.50000,1.66592
4291,8.3250,2.50000,1.04083,1.60258,0.063333,0.31250,0.00000,2.50000,1.60258
4292,5.4660,2.50000,1.04083,1.60258,0.000000,0.31250,0.00000,2.50000,1.60258
4293,8.4100,2.50000,1.04083,1.53925,0.063333,0.31104,0.00000,2.50000,1.53925
4294,5.3800,2.50000,1.04083,1.53925,0.000000,0.31030,0.00000,2.50000,1.53925
4295,6.9350,2.50000,1.04083,1.53925,0.000000,0.31030,0.00000,2.50000,1.53925
4296,9.7410,2.50000,1.04083,1.47592,0.063333,0.31030,0.00000,2.50000,1.47592
4297,4.0240,2.50000,1.04083,1.47592,0.000000,0.31042,0.00000,2.50000,1.47592
4298,8.0840,2.50000,1.04083,1.41258,0.063333,0.31018,0.00000,2.50000,1.41258
4299,5.7180,2.50000,1.04083,1.41258,0.000000,0.31042,0.00000,2.50000,1.41258
4300,6.9030,2.50000,1.04083,1.41258,0.000000,0.31030,0.00000,2.50000,1.41258
4301,8.1160,2.50000,1.04083,1.34925,0.063333,0.31030,0.00000,2.50000,1.34925
4302,5.6680,2.50000,1.04083,1.34925,0.000000,0.31030,0.00000,2.50000,1.34925
4303,8.2290,2.50000,1.04083,1.28592,0.063333,0.31042,0.00000,2.50000,1.28592
4304,5.6090,2.50000,1.04083,1.28592,0.000000,0.31018,0.00000,2.50000,1.28592
4305,8.1360,2.50000,1.04083,1.22258,0.063333,0.31042,0.00000,2.50000,1.22258
4306,5.6420,2.50000,1.04083,1.22258,0.000000,0.31030,0.00000,2.50000,1.22258
4307,6.9890,2.50000,1.04083,1.22258,0.000000,0.31030,0.00000,2.50000,1.22258
4308,8.0000,2.50000,1.04083,1.15925,0.063333,0.31030,0.00000,2.50000,1.15925
4309,5.7270,2.50000,1.04083,1.15925,0.000000,0.31030,0.00000,2.50000,1.15925
4310,8.0590,2.50000,1.04083,1.09592,0.063333,0.31030,0.00000,2.50000,1.09592
4311,5.7240,2.50000,1.04083,1.09592,0.000000,0.31042,0.00000,2.50000,1.09592
4312,6.9060,2.50000,1.04083,1.09592,0.000000,0.31030,0.00000,2.50000,1.09592
4313,8.1290,2.50000,1.04083,1.03258,0.063333,0.31030,0.00000,2.50000,1.03258
4314,5.6690,2.50000,1.04083,1.03258,0.000000,0.31030,0.00000,2.50000,1.03258
4315,8.5260,2.50000,1.04083,0.96925,0.063333,0.31030,0.00000,2.50000,0.96925
4316,5.2720,2.50000,1.04083,0.96925,0.000000,0.31030,0.00000,2.50000,0.96925
4317,6.9040,2.50000,1.04083,0.96925,0.000000,0.31042,0.00000,2.50000,0.96925
4318,8.1090,2.50000,1.04083,0.90592,0.063333,0.31018,0.00000,2.50000,0.90592
4319,5.7020,2.50000,1.04083,0.90592,0.000000,0.31042,0.00000,2.50000,0.90592
4320,8.3270,2.50000,1.04083,0.84258,0.063333,0.31030,0.00000,2.50000,0.84258
4321,5.4700,2.50000,1.04083,0.84258,0.000000,0.31030,0.00000,2.50000,0.84258
4322,8.1430,2.50000,1.04083,0.77925,0.063333,0.31030,0.00000,2.50000,0.77925
4323,5.6460,2.50000,1.04083,0.77925,0.000000,0.31042,0.00000,2.50000,0.77925
4324,6.9030,2.50000,1.04083,0.77925,0.000000,0.31018,0.00000,2.50000,0.77925
4325,8.1550,2.50000,1.04083,0.71592,0.063333,0.31042,0.00000,2.50000,0.71592
4326,10.7430,2.50000,1.04083,0.71592,0.000000,0.31030,0.00000,2.50000,0.71592
4327,3.0460,2.50000,1.04083,0.65258,0.063333,0.31030,0.00000,2.50000,0.65258
