
==============================================================================
FILE     pacing-repro-unfocused.csv
frames   271 over 90.8 s     p50 255.431 ms   p95 537.332 ms   p99 752.987 ms   max 775.460 ms
stalls   269 frames over 100 ms; 90.79 s of the 90.8 s window (99.9 %) is inside them

  frame-time histogram (log-spaced bins)
       8 - 12     ms |      1  0.37%  #
      33 - 50     ms |      1  0.37%  #
     100 - 200    ms |      1  0.37%  #
     200 - 400    ms |    185 68.27%  #########################################
     400 - 500    ms |     16  5.90%  ####
     500 - 600    ms |     59 21.77%  #############
     600 - 800    ms |      8  2.95%  ##

  every stall frame, and what it was
    frame   frame_ms    step_m   ticks    proc_ms    phys_ms     gc
        2      128.4    0.6776       5    604.833     14.689  1/1/0
        3      230.3    0.3215       8    604.833     14.689      -
        4      256.1    0.3235       8    604.833     14.689      -
        5      516.0    0.2860       8    495.574     26.817      -
        6      251.1    0.3220       8    495.574     26.817      -
        7      251.3    0.3273       8    495.574     26.817      -
        8      511.2    0.3430       8    490.123      4.503      -
        9      249.7    0.2877       8    490.123      4.503      -
       10      255.2    0.3223       8    490.123      4.503      -
       11      500.2    0.3577       8    481.303      3.021      -
       12      508.3    0.3200       8    481.303      3.021      -
       13      604.9    0.3199       8    591.404      3.037      -
       14      523.0    0.2839       8    591.404      3.037      -
       15      616.2    0.3162       8    597.476      3.152      -
       16      255.4    0.3340       8    597.476      3.152      -
       17      246.3    0.3201       8    230.670      3.417      -
       18      255.7    0.3289       8    230.670      3.417      -
       19      251.1    0.3256       8    230.670      3.417      -
       20      515.3    0.3183       8    230.670      3.417      -
       21      248.1    0.2931       8    494.164      3.145      -
       22      253.7    0.3200       8    494.164      3.145      -
       23      252.2    0.1236       8    494.164      3.145      -
       24      259.2    0.2905       8    234.536      3.206      -
       25      249.1    0.3297       8    234.536      3.206      -
       26      775.5    0.3382       8    234.536      3.206      -
       27      490.5    0.3008       8    754.565      3.225      -
       28      255.4    0.3011       8    231.349      2.843      -
       29      249.7    0.3200       8    231.349      2.843      -
       30      505.1    0.3533       8    231.349      2.843      -
       31      246.5    0.2867       8    481.472      2.999      -
       32      262.1    0.3320       8    481.472      2.999      -
       33      514.1    0.3080       8    481.472      2.999      -
       34      251.5    0.3306       8    496.007      3.127      -
       35      251.3    0.3339       8    496.007      3.127      -
       36      515.4    0.2955       8    496.007      3.127      -
       37      249.0    0.3335       8    491.721      3.330      -
       38      259.4    0.3161       8    491.721      3.330      -
       39      506.9    0.0575       8    491.721      3.330      -
       40      254.9    0.3053       8    492.386      3.109      -
       41      251.9    0.3358       8    492.386      3.109      -
       42      512.6    0.2850       8    492.386      3.109      -
       43      246.6    0.3372       8    488.723      3.080      -
       44      258.3    0.3351       8    488.723      3.080      -
       45      507.9    0.2877       8    488.723      3.080      -
       46      254.3    0.3395       8    490.252      3.124      -
       47      248.4    0.3226       8    490.252      3.124      -
       48      256.5    0.3316       8    490.252      3.124      -
       49      249.8    0.3248       8    490.252      3.124      -
       50      504.6    0.2816       8    483.551      3.090      -
       51      500.9    0.3325       8    483.551      3.090      -
       52      582.6    0.3075       8    560.573      2.963      -
       53      500.7    0.3265       8    560.573      2.963      -
       54      697.0    0.1183       8    676.411      2.842      -
       55      250.0    0.2639       8    676.411      2.842      -
       56      260.2    0.3337       8    236.652      2.972      -
       57      496.1    0.3420       8    236.652      2.972      -
       58      505.9    0.3064       8    236.652      2.972      -
       59      579.5    0.3185       8    562.446      3.047      -
       60      255.8    0.2951       8    562.446      3.047      -
       61      246.7    0.3200       8    232.150      2.991      -
       62      254.9    0.3200       8    232.150      2.991      -
       63      250.4    0.3300       8    232.150      2.991      -
       64      503.7    0.3500       8    232.150      2.991      -
       65      517.5    0.2800       8    499.914      3.090      -
       66      753.0    0.3200       8    731.530      2.983      -
       67      500.5    0.3200       8    731.530      2.983      -
       68      723.0    0.3434       8    699.170      3.033      -
       69      245.4    0.1491       8    699.170      3.033      -
       70      256.7    0.2270       8    234.438      2.902      -
       71      252.8    0.3250       8    234.438      2.902      -
       72      254.1    0.3300       8    234.438      2.902      -
       73      253.3    0.3280       8    234.438      2.902      -
       74      256.8    0.2970       8    235.867      3.164      -
       75      511.0    0.3459       8    235.867      3.164      -
       76      256.9    0.2941       8    492.366      3.043      -
       77      249.3    0.3221       8    492.366      3.043      -
       78      508.6    0.3579       8    492.366      3.043      -
       79      274.2    0.2979       8    485.874      3.147  1/1/1
       80      233.9    0.3021       8    485.874      3.147      -
       81      494.2    0.3495       8    485.874      3.147      -
       82      252.6    0.2905       8    479.889     25.840      -
       83      252.1    0.3210       8    479.889     25.840      -
       84      521.1    0.2121       8    479.889     25.840      -
       85      245.2    0.1897       8    497.938      2.992      -
       86      253.8    0.3247       8    497.938      2.992      -
       87      519.5    0.3132       8    497.938      2.992      -
       88      252.8    0.3398       8    502.823      2.852      -
       89      248.9    0.3217       8    502.823      2.852      -
       90      255.6    0.3297       8    502.823      2.852      -
       91      249.5    0.3231       8    502.823      2.852      -
       92      522.5    0.3213       8    498.713      2.992      -
       93      247.9    0.2872       8    498.713      2.992      -
       94      257.6    0.3254       8    498.713      2.992      -
       95      535.1    0.3348       8    521.064      2.879      -
       96      469.1    0.3159       8    521.064      2.879      -
       97      245.8    0.3202       8    445.591      3.030      -
       98      257.5    0.3230       8    445.591      3.030      -
       99      248.0    0.2296       8    445.591      3.030      -
      100      256.9    0.1859       8    445.591      3.030      -
      101      504.6    0.2803       8    485.317      3.070      -
      102      251.7    0.3358       8    485.317      3.070      -
      103      250.6    0.3238       8    485.317      3.070      -
      104      255.0    0.3316       8    233.123      3.134      -
      105      252.4    0.2920       8    233.123      3.134      -
      106      504.6    0.3568       8    233.123      3.134      -
      107      245.3    0.2844       8    480.634      3.186      -
      108      256.6    0.3230       8    480.634      3.186      -
      109      250.0    0.3321       8    480.634      3.186      -
      110      256.8    0.3300       8    480.634      3.186      -
      111      244.6    0.2904       8    236.258      2.998      -
      112      261.2    0.3333       8    236.258      2.998      -
      113      490.8    0.3333       8    236.258      2.998      -
      114      255.0    0.2392       8    476.423      2.851      -
      115      247.0    0.0803       8    476.423      2.851      -
      116      531.3    0.3407       8    476.423      2.851      -
      117      247.1    0.2993       8    509.552      3.121      -
      118      256.2    0.3200       8    509.552      3.121      -
      119      248.5    0.3200       8    509.552      3.121      -
      120      259.0    0.3300       8    509.552      3.121      -
      121      251.8    0.3280       8    235.995      3.069      -
      122      258.0    0.3020       8    235.995      3.069      -
      123      250.5    0.3280       8    235.995      3.069      -
      124      767.8    0.3488       8    235.995      3.069      -
      125      249.3    0.2832       8    747.367      2.989      -
      126      259.6    0.3310       8    747.367      2.989      -
      127      506.9    0.3481       8    492.952      2.969      -
      128      253.6    0.2841       8    492.952      2.969      -
      129      503.4    0.3026       8    492.952      2.969      -
      130      517.5    0.0450       8    497.237      3.097      -
      131      248.9    0.3301       8    231.824      2.814      -
      132      258.4    0.3355       8    231.824      2.814      -
      133      511.7    0.3130       8    231.824      2.814      -
      134      256.6    0.2967       8    494.854      2.945      -
      135      251.1    0.3200       8    494.854      2.945      -
      136      497.4    0.3513       8    494.854      2.945      -
      137      248.4    0.2887       8    477.037      3.010      -
      138      253.4    0.3200       8    477.037      3.010      -
      139      252.3    0.3248       8    477.037      3.010      -
      140      258.2    0.3333       8    477.037      3.010      -
      141      537.3    0.3347       8    520.026      2.870      -
      142      481.9    0.2872       8    520.026      2.870      -
      143      248.4    0.3200       8    461.638      2.844      -
      144      257.4    0.2984       8    461.638      2.844      -
      145      496.2    0.0085       8    461.638      2.844      -
      146      557.6    0.2814       8    534.183      3.037      -
      147      498.6    0.3230       8    534.183      3.037      -
      148      250.5    0.3201       8    479.298      3.280      -
      149      249.8    0.3247       8    479.298      3.280      -
      150      256.8    0.3304       8    479.298      3.280      -
      151      248.7    0.3210       8    479.298      3.280      -
      152      502.2    0.3216       8    480.002      2.966      -
      153      248.4    0.2991       8    480.002      2.966      -
      154      255.2    0.3200       8    480.002      2.966      -
      155      289.9    0.3200       8    232.199      3.190  2/2/1
      156      214.4    0.3300       8    232.199      3.190      -
      157      506.7    0.3352       8    232.199      3.190      -
      158      261.6    0.2948       8    490.030     41.650      -
      159      243.7    0.3092       8    490.030     41.650      -
      160      519.6    0.0607       8    490.030     41.650      -
      161      247.4    0.2643       8    498.501      3.043      -
      162      253.6    0.3225       8    498.501      3.043      -
      163      248.9    0.3204       8    498.501      3.043      -
      164      254.4    0.3300       8    498.501      3.043      -
      165      250.6    0.3280       8    233.750      2.939      -
      166      258.7    0.2992       8    233.750      2.939      -
      167      499.6    0.3515       8    233.750      2.939      -
      168      249.4    0.2885       8    480.462      2.956      -
      169      248.7    0.3200       8    480.462      2.956      -
      170      256.0    0.3231       8    480.462      2.956      -
      171      250.4    0.3300       8    480.462      2.956      -
      172      511.8    0.3384       8    491.385      2.950      -
      173      248.3    0.2885       8    491.385      2.950      -
      174      252.8    0.3164       8    491.385      2.950      -
      175      250.0    0.1286       8    233.128      3.061      -
      176      258.7    0.2728       8    233.128      3.061      -
      177      505.8    0.3329       8    233.128      3.061      -
      178      249.4    0.2938       8    486.032      3.187      -
      179      255.2    0.3232       8    486.032      3.187      -
      180      500.3    0.3568       8    486.032      3.187      -
      181      248.8    0.2826       8    480.027      3.015      -
      182      255.0    0.3237       8    480.027      3.015      -
      183      251.8    0.3317       8    480.027      3.015      -
      184      253.8    0.3020       8    480.027      3.015      -
      185      512.8    0.3600       8    496.067      3.520      -
      186      256.8    0.2800       8    496.067      3.520      -
      187      245.6    0.3200       8    232.581      2.956      -
      188      258.8    0.3200       8    232.581      2.956      -
      189      251.3    0.3233       8    232.581      2.956      -
      190      509.8    0.1642       8    232.581      2.956      -
      191      251.4    0.2220       8    489.005      3.025      -
      192      255.4    0.3200       8    489.005      3.025      -
      193      541.0    0.3421       8    489.005      3.025      -
      194      260.9    0.2979       8    522.369      4.251      -
      195      243.0    0.3200       8    522.369      4.251      -
      196      508.9    0.3593       8    522.369      4.251      -
      197      243.1    0.2808       8    482.595      3.500      -
      198      253.2    0.3225       8    482.595      3.500      -
      199      249.5    0.3233       8    482.595      3.500      -
      200      258.0    0.3143       8    237.427      2.970      -
      201      498.4    0.3425       8    237.427      2.970      -
      202      519.9    0.3233       8    237.427      2.970      -
      203      679.3    0.2942       8    661.008      2.939      -
      204      254.3    0.3378       8    230.297      2.895      -
      205      250.6    0.1948       8    230.297      2.895      -
      206      513.5    0.1871       8    230.297      2.895      -
      207      244.0    0.3296       8    487.601      2.861      -
      208      256.9    0.3326       8    487.601      2.861      -
      209      511.6    0.2978       8    487.601      2.861      -
      210      248.2    0.3230       8    489.598      3.175      -
      211      252.2    0.3328       8    489.598      3.175      -
      212      516.9    0.3042       8    489.598      3.175      -
      213      246.8    0.3265       8    493.256      3.234      -
      214      259.2    0.3332       8    493.256      3.234      -
      215      505.9    0.3003       8    493.256      3.234      -
      216      251.2    0.3215       8    487.658      3.095      -
      217      250.9    0.3286       8    487.658      3.095      -
      218      521.4    0.3099       8    487.658      3.095      -
      219      249.1    0.3350       8    498.902      3.115      -
      220      295.1    0.2337       8    498.902      3.115      -
      221      209.9    0.1747       8    498.902      3.115      -
      222      258.7    0.2933       8    498.902      3.115      -
      223      521.4    0.3376       8    504.005      3.058      -
      224      490.5    0.2975       8    504.005      3.058      -
      225      246.8    0.3200       8    468.862      2.912      -
      226      253.5    0.3200       8    468.862      2.912      -
      227      265.4    0.3282       8    468.862      2.912  1/1/0
      228      240.0    0.3208       8    468.862      2.912      -
      229      513.8    0.3110       8    497.613      3.070      -
      230      254.7    0.3307       8    497.613      3.070      -
      231      247.5    0.3228       8    497.613      3.070      -
      232      259.5    0.3312       8    236.411      2.879      -
      233      251.7    0.3300       8    236.411      2.879      -
      234      502.1    0.2853       8    236.411      2.879      -
      235      248.6    0.2667       8    481.879      2.968      -
      236      253.0    0.0855       8    481.879      2.968      -
      237      252.7    0.3302       8    481.879      2.968      -
      238      253.8    0.3252       8    481.879      2.968      -
      239      523.1    0.3386       8    505.665      2.994      -
      240      490.8    0.2906       8    505.665      2.994      -
      241      248.0    0.3212       8    468.766      2.938      -
      242      252.6    0.3239       8    468.766      2.938      -
      243      252.4    0.3308       8    468.766      2.938      -
      244      251.8    0.3200       8    468.766      2.938      -
      245      250.0    0.3231       8    235.592      2.864      -
      246      252.5    0.3239       8    235.592      2.864      -
      247      252.9    0.2881       8    235.592      2.864      -
      248      252.8    0.3257       8    235.592      2.864      -
      249      249.4    0.3257       8    236.200      2.981      -
      250      261.3    0.2824       8    236.200      2.981      -
      251      488.9    0.0683       8    236.200      2.981      -
      252      537.4    0.2800       8    513.604      2.792      -
      253      245.6    0.3265       8    513.604      2.792      -
      254      259.7    0.3363       8    513.604      2.792      -
      255      526.7    0.2972       8    509.927      3.131      -
      256      253.8    0.3390       8    509.927      3.131      -
      257      254.7    0.3290       8    235.002      2.884      -
      258      257.1    0.2922       8    235.002      2.884      -
      259      493.7    0.3566       8    235.002      2.884      -
      260      255.5    0.2831       8    479.940      3.189      -
      261      251.3    0.3326       8    479.940      3.189      -
      262      518.7    0.3074       8    479.940      3.189      -
      263      249.1    0.3352       8    495.150      2.917      -
      264      258.4    0.3282       8    495.150      2.917      -
      265      496.5    0.2923       8    495.150      2.917      -
      266      252.2    0.0135       8    482.732      3.018      -
      267      250.1    0.3036       8    482.732      3.018      -
      268      258.5    0.3213       8    482.732      3.018      -
      269      246.8    0.3300       8    482.732      3.018      -
      270      255.9    0.3280       8    235.370      3.015      -
  period between stalls: mean 0.34 s over 268 gaps (min 0.21, max 0.78)
  GC collections in the whole window (gen0/1/2): 5/5/2

==============================================================================
FILE     stall-d3d12-nvidia.csv
frames   399 over 71.1 s     p50 245.038 ms   p95 503.752 ms   p99 525.307 ms   max 851.959 ms
stalls   244 frames over 100 ms; 70.24 s of the 71.1 s window (98.8 %) is inside them

  frame-time histogram (log-spaced bins)
       0 - 1      ms |      6  1.50%  #
       1 - 2      ms |     34  8.52%  #####
       2 - 4      ms |     31  7.77%  #####
       4 - 8      ms |     61 15.29%  #########
       8 - 12     ms |     18  4.51%  ###
      12 - 14     ms |      1  0.25%  #
      16 - 18     ms |      1  0.25%  #
      18 - 20     ms |      1  0.25%  #
      50 - 100    ms |      2  0.50%  #
     100 - 200    ms |      1  0.25%  #
     200 - 400    ms |    209 52.38%  ###############################
     400 - 500    ms |      9  2.26%  #
     500 - 600    ms |     23  5.76%  ###
     600 - 800    ms |      1  0.25%  #
     800 - 1000   ms |      1  0.25%  #

  every stall frame, and what it was
    frame   frame_ms    step_m   ticks    proc_ms    phys_ms     gc
        0      852.0    0.3550       8     10.132     12.946      -
        4      194.8    0.3694       8   1080.445     16.084  1/1/0
        7      209.3    0.3580       8   1080.445     16.084      -
        8      245.1    0.3200       8    228.403     14.683      -
       11      517.9    0.3479       8    228.403     14.683      -
       12      248.5    0.2895       8    228.403     14.683      -
       13      252.1    0.0718       8    494.914      3.142      -
       16      241.3    0.2880       8    494.914      3.142      -
       17      255.8    0.3089       8    494.914      3.142      -
       18      247.4    0.5442       8    494.914      3.142      -
       20      256.9    0.1975       8    231.595      3.853      -
       21      245.6    0.2957       8    231.595      3.853      -
       22      256.6    0.3171       8    231.595      3.853      -
       25      499.1    0.2501       8    231.595      3.853      -
       26      252.1    0.1949       8    478.830      2.962      -
       27      248.6    0.2964       8    478.830      2.962      -
       30      515.7    0.3368       8    478.830      2.962      -
       31      247.3    0.5223       8    492.278      3.650      -
       32      253.7    0.4651       8    492.278      3.650      -
       35      503.4    0.2128       8    492.278      3.650      -
       36      253.0    0.2721       8    482.728      3.328      -
       37      250.4    0.3147       8    482.728      3.328      -
       40      245.9    0.3304       8    229.032      3.469      -
       41      248.3    0.3208       8    229.032      3.469      -
       42      252.5    0.3221       8    229.032      3.469      -
       45      240.2    0.3572       8    229.032      3.469      -
       46      251.1    0.3214       8    229.032      3.469      -
       47      247.5    0.3215       8    229.736      3.466      -
       50      503.8    0.3488       8    229.736      3.466      -
       51      248.3    0.2912       8    229.736      3.466      -
       52      255.1    0.3200       8    482.019      3.261      -
       54      241.8    0.3353       8    482.019      3.261      -
       56      246.6    0.0664       8    482.019      3.261      -
       58      239.2    0.3382       8    222.868      3.270      -
       59      282.0    0.3115       8    222.868      3.270      -
       60      248.7    0.2940       8    222.868      3.270      -
       61      254.2    0.3200       8    222.868      3.270      -
       64      493.8    0.3386       8    260.303      3.468      -
       65      253.7    0.2825       8    260.303      3.468      -
       66      248.9    0.3213       8    260.303      3.468      -
       69      243.3    0.3600       8    474.376      3.196      -
       70      250.6    0.3200       8    474.376      3.196      -
       71      253.0    0.3200       8    474.376      3.196      -
       73      249.2    0.3525       8    474.376      3.196      -
       74      252.2    0.3204       8    232.621      3.176      -
       75      248.3    0.3204       8    232.621      3.176      -
       77      245.5    0.2444       8    232.621      3.176      -
       79      244.9    0.2671       8    232.621      3.176      -
       81      245.6    0.3492       8    230.382      3.212      -
       82      318.0    0.3200       8    230.382      3.212      -
       83      255.6    0.2873       8    230.382      3.212      -
       84      245.0    0.3220       8    230.382      3.212      -
       87      249.1    0.3409       8    300.523      3.096      -
       88      249.6    0.3391       8    300.523      3.096      -
       89      250.8    0.3013       8    300.523      3.096      -
       91      240.5    0.3418       8    300.523      3.096      -
       93      246.4    0.3430       8    230.546      3.152      -
       94      260.1    0.3370       8    230.546      3.152      -
       95      255.3    0.3200       8    230.546      3.152      -
       96      246.4    0.3200       8    230.546      3.152      -
       99      246.0    0.0650       8    242.746      3.182      -
      102      243.6    0.3356       8    242.746      3.182      -
      104      498.0    0.3486       8    242.746      3.182      -
      105      245.6    0.2874       8    473.908      3.022      -
      106      253.1    0.3200       8    473.908      3.022      -
      109      517.3    0.3412       8    473.908      3.022      -
      110      252.2    0.2946       8    497.855      3.123      -
      111      249.2    0.3216       8    497.855      3.123      -
      114      501.4    0.3441       8    497.855      3.123      -
      115      245.5    0.2941       8    476.943      3.115      -
      116      252.6    0.3200       8    476.943      3.115      -
      119      531.5    0.3348       8    476.943      3.115  1/1/1
      120      230.2    0.2929       8    489.454     24.722      -
      121      248.0    0.3164       8    489.454     24.722      -
      124      251.1    0.0557       8    489.454     24.722      -
      127      236.1    0.3588       8    489.454     24.722      -
      128      253.2    0.3212       8    233.147      3.209      -
      129      278.6    0.3151       8    233.147      3.209      -
      130      254.7    0.2849       8    233.147      3.209      -
      131      247.1    0.3379       8    233.147      3.209      -
      134      252.2    0.3464       8    262.504      2.994      -
      135      245.0    0.3200       8    262.504      2.994      -
      136      256.6    0.3200       8    262.504      2.994      -
      138      246.2    0.3463       8    232.576      2.874      -
      139      254.6    0.3205       8    232.576      2.874      -
      140      245.0    0.3197       8    232.576      2.874      -
      143      511.6    0.3357       8    232.576      2.874      -
      144      248.3    0.2840       8    489.829      3.169      -
      145      252.5    0.0814       8    489.829      3.169      -
      148      246.7    0.3327       8    489.829      3.169      -
      149      255.1    0.3211       8    231.891      3.070      -
      150      245.6    0.3211       8    231.891      3.070      -
      152      212.1    0.3351       8    231.891      3.070      -
      153      255.1    0.3218       8    231.891      3.070      -
      154      246.5    0.3220       8    231.997      3.050      -
      157      245.9    0.3600       8    231.997      3.050      -
      160      242.5    0.3576       8    231.997      3.050      -
      162      491.6    0.3411       8    231.997      3.050      -
      163      255.9    0.2989       8    474.098      3.059      -
      164      245.4    0.3200       8    474.098      3.059      -
      167      252.5    0.3379       8    474.098      3.059      -
      168      245.4    0.0925       8    231.718      3.244      -
      169      252.4    0.2809       8    231.718      3.244      -
      171      204.5    0.3471       8    231.718      3.244      -
      172      250.1    0.3210       8    231.718      3.244      -
      173      252.6    0.3202       8    231.477      3.150      -
      176      235.8    0.3576       8    231.477      3.150      -
      177      254.5    0.3200       8    231.477      3.150      -
      178      250.0    0.3200       8    231.477      3.150      -
      180      249.0    0.3448       8    231.876      3.118      -
      181      249.4    0.3215       8    231.876      3.118      -
      182      250.1    0.3210       8    231.876      3.118      -
      185      242.8    0.3361       8    231.876      3.118      -
      186      251.8    0.3201       8    230.880      3.131      -
      187      248.8    0.2497       8    230.880      3.131      -
      189      269.2    0.2275       8    230.880      3.131      -
      190      248.6    0.3200       8    230.880      3.131      -
      191      254.7    0.3200       8    248.481      3.066      -
      194      239.5    0.3506       8    248.481      3.066      -
      195      252.4    0.3200       8    248.481      3.066      -
      196      249.9    0.3017       8    248.481      3.066      -
      198      252.7    0.3508       8    231.749      3.873      -
      199      244.6    0.3207       8    231.749      3.873      -
      200      252.0    0.3213       8    231.749      3.873      -
      203      508.4    0.3333       8    231.749      3.873      -
      204      255.1    0.2874       8    488.822      3.054      -
      205      245.4    0.3200       8    488.822      3.054      -
      208      513.3    0.3408       8    488.822      3.054      -
      209      248.1    0.2117       8    491.956      3.090      -
      210      254.6    0.1386       8    491.956      3.090      -
      213      509.6    0.3600       8    491.956      3.090      -
      214      252.3    0.2831       8    488.352      3.110      -
      215      250.9    0.3229       8    488.352      3.110      -
      218      501.3    0.3504       8    488.352      3.110      -
      219      247.8    0.2874       8    479.266      3.354      -
      220      254.8    0.3200       8    479.266      3.354      -
      223      239.3    0.3600       8    479.266      3.354      -
      224      253.6    0.3200       8    232.187      3.091      -
      225      246.5    0.3200       8    232.187      3.091      -
      227      256.8    0.3499       8    232.187      3.091      -
      228      247.4    0.3200       8    232.187      3.091      -
      229      252.4    0.3024       8    232.951      3.106      -
      232      497.4    0.1941       8    232.951      3.106      -
      233      255.2    0.1939       8    232.951      3.106      -
      234      284.7    0.3205       8    477.874      3.063  2/2/1
      237      471.7    0.3378       8    477.874      3.063      -
      238      254.3    0.2836       8    477.874      3.063      -
      239      245.9    0.3200       8    457.367     39.940      -
      241      252.0    0.3534       8    457.367     39.940      -
      243      237.9    0.3600       8    457.367     39.940      -
      245      241.4    0.3473       8    228.822      2.922      -
      246      317.2    0.3133       8    228.822      2.922      -
      247      245.6    0.2867       8    228.822      2.922      -
      248      252.7    0.3200       8    228.822      2.922      -
      251      243.2    0.3399       8    293.950      3.257      -
      252      253.0    0.3117       8    293.950      3.257      -
      253      250.0    0.0814       8    293.950      3.257      -
      256      249.8    0.3553       8    293.950      3.257      -
      259      238.1    0.3457       8    233.261      3.112      -
      260      255.4    0.3001       8    233.261      3.112      -
      261      245.3    0.3213       8    233.261      3.112      -
      264      250.8    0.3452       8    233.261      3.112      -
      265      245.7    0.3217       8    232.269      3.136      -
      266      255.6    0.3214       8    232.269      3.136      -
      269      499.8    0.3416       8    232.269      3.136      -
      270      250.8    0.2984       8    479.147      3.462      -
      271      253.5    0.3200       8    479.147      3.462      -
      274      497.2    0.3349       8    479.147      3.462      -
      275      245.1    0.2892       8    472.817      3.460      -
      276      252.7    0.2839       8    472.817      3.460      -
      279      245.0    0.1213       8    472.817      3.460      -
      280      251.3    0.3218       8    472.817      3.460      -
      281      248.1    0.3216       8    232.019      3.103      -
      284      255.3    0.3402       8    232.019      3.103      -
      285      239.6    0.3207       8    232.019      3.103      -
      286      256.2    0.3200       8    232.019      3.103      -
      289      236.6    0.3558       8    232.231      3.031      -
      290      252.7    0.3200       8    232.231      3.031      -
      291      248.9    0.3200       8    232.231      3.031      -
      294      246.1    0.3600       8    232.231      3.031      -
      295      245.3    0.3200       8    232.174      3.041      -
      296      256.2    0.3200       8    232.174      3.041      -
      299      495.3    0.3368       8    232.174      3.041      -
      300      259.0    0.1825       8    473.613      3.070      -
      301      238.9    0.1875       8    473.613      3.070      -
      304      515.7    0.3396       8    473.613      3.070      -
      305      244.6    0.2918       8    491.420      3.011      -
      306      255.9    0.3200       8    491.420      3.011      -
      309      506.5    0.3302       8    491.420      3.011      -
      310      262.0    0.2907       8    487.562      2.942      -
      311      239.1    0.3200       8    487.562      2.942      -
      314      525.3    0.3516       8    487.562      2.942      -
      315      245.3    0.2921       8    501.326      2.908      -
      316      256.1    0.3219       8    501.326      2.908      -
      319      241.3    0.3325       8    501.326      2.908      -
      320      255.7    0.3216       8    501.326      2.908      -
      321      245.2    0.3212       8    231.906      3.265      -
      323      255.0    0.2838       8    231.906      3.265      -
      325      237.5    0.2669       8    231.906      3.265      -
      327      241.0    0.3445       8    231.906      3.265      -
      329      245.0    0.3466       8    231.167      3.069      -
      330      278.7    0.3158       8    231.167      3.069      -
      331      253.2    0.2842       8    231.167      3.069      -
      332      248.3    0.3200       8    231.167      3.069      -
      335      251.9    0.3423       8    261.591      2.932      -
      338      734.8    0.3144       8    261.591      2.932      -
      339      252.6    0.3242       8    715.427      2.891      -
      340      250.0    0.3260       8    715.427      2.891      -
      343      503.1    0.3394       8    715.427      2.891      -
      344      245.8    0.2972       8    478.078     15.082      -
      345      253.9    0.3152       8    478.078     15.082      -
      347      240.7    0.0150       8    478.078     15.082      -
      349      246.5    0.3470       8    231.578      3.688      -
      351      245.7    0.3453       8    231.578      3.688      -
      352      304.0    0.3325       8    231.578      3.688      -
      353      241.0    0.3006       8    231.578      3.688      -
      354      249.6    0.2994       8    273.403      4.087      -
      356      245.5    0.3429       8    273.403      4.087      -
      358      249.7    0.3445       8    273.403      4.087      -
      360      242.0    0.3406       8    273.403      4.087      -
      361      276.7    0.3336       8    252.590      3.268      -
      362      245.0    0.2863       8    252.590      3.268      -
      363      255.2    0.3208       8    252.590      3.268      -
      366      501.8    0.3568       8    252.590      3.268      -
      367      261.9    0.2280       8    483.002      3.002      -
      368      239.5    0.0881       8    483.002      3.002      -
      371      509.8    0.3584       8    483.002      3.002      -
      372      247.3    0.2816       8    488.030      3.111      -
      373      252.6    0.3210       8    488.030      3.111      -
      376      508.1    0.3596       8    488.030      3.111      -
      377      254.2    0.2804       8    488.673      2.947      -
      378      247.8    0.3202       8    488.673      2.947      -
      381      515.8    0.3590       8    488.673      2.947      -
      382      243.4    0.2817       8    486.862      3.211      -
      383      253.1    0.3223       8    486.862      3.211      -
      386      504.0    0.3583       8    486.862      3.211      -
      387      289.7    0.2831       8    485.010      3.156      -
      388      214.3    0.3205       8    485.010      3.156      -
      391      512.7    0.2531       8    485.010      3.156      -
      392      243.0    0.1499       8    486.184      3.119      -
      393      254.5    0.3212       8    486.184      3.119      -
      396      504.0    0.3583       8    486.184      3.119      -
      397      257.8    0.2807       8    484.947      2.953      -
      398      242.8    0.3211       8    484.947      2.953      -
  period between stalls: mean 0.29 s over 243 gaps (min 0.21, max 0.74)
  GC collections in the whole window (gen0/1/2): 5/5/2

==============================================================================
FILE     stall-FOCUSED-gpu1-novsync.csv
frames   10950 over 35.9 s     p50 2.853 ms   p95 6.548 ms   p99 7.075 ms   max 60.892 ms
stalls   0 frames over 100 ms; 0.00 s of the 35.9 s window (0.0 %) is inside them

  frame-time histogram (log-spaced bins)
       0 - 1      ms |   1483 13.54%  ########
       1 - 2      ms |    706  6.45%  ####
       2 - 4      ms |   6083 55.55%  #################################
       4 - 8      ms |   2643 24.14%  ##############
       8 - 12     ms |     27  0.25%  #
      14 - 16     ms |      1  0.01%  #
      20 - 25     ms |      2  0.02%  #
      25 - 33     ms |      3  0.03%  #
      33 - 50     ms |      1  0.01%  #
      50 - 100    ms |      1  0.01%  #

==============================================================================
FILE     stall-FOCUSED-nvidia-novsync.csv
frames   55723 over 40.8 s     p50 0.453 ms   p95 0.845 ms   p99 3.991 ms   max 542.248 ms
stalls   14 frames over 100 ms; 7.31 s of the 40.8 s window (17.9 %) is inside them

  frame-time histogram (log-spaced bins)
       0 - 1      ms |  53395 95.82%  #########################################################
       1 - 2      ms |    144  0.26%  #
       2 - 4      ms |   1661  2.98%  ##
       4 - 8      ms |    489  0.88%  #
       8 - 12     ms |     10  0.02%  #
      12 - 14     ms |      2  0.00%  #
      16 - 18     ms |      1  0.00%  #
      18 - 20     ms |      1  0.00%  #
      20 - 25     ms |      2  0.00%  #
      25 - 33     ms |      1  0.00%  #
      33 - 50     ms |      2  0.00%  #
      50 - 100    ms |      1  0.00%  #
     400 - 500    ms |      1  0.00%  #
     500 - 600    ms |     13  0.02%  #

  every stall frame, and what it was
    frame   frame_ms    step_m   ticks    proc_ms    phys_ms     gc
     1007      521.4    0.3558       8     86.697     19.387      -
     1013      495.3    0.3505       8    495.066     12.004      -
     2688      542.2    0.3445       8    470.649      4.024      -
     3520      533.1    0.1962       8    510.171      4.062      -
     5274      534.6    0.3285       8      2.345      3.937      -
     6075      535.6    0.3451       8    503.499      4.516      -
     6763      533.0    0.3373       8    499.691      4.842      -
     8306      509.6    0.3261       8    507.166      3.658      -
     8317      513.5    0.3236       8    485.641      3.795      -
     9086      525.7    0.3562       8    493.147      3.724      -
    10841      520.9    0.3539       8    497.737      3.698      -
    10847      511.0    0.3443       8    496.202      4.392      -
    11644      512.9    0.3439       8    483.580      3.767      -
    11651      522.9    0.3344       8    483.580      3.767      -
  period between stalls: mean 1.02 s over 13 gaps (min 0.51, max 1.53)
  GC collections in the whole window (gen0/1/2): 5/5/2

==============================================================================
FILE     stall-FOCUSED2-gpu1-novsync.csv
frames   10916 over 35.9 s     p50 2.863 ms   p95 6.567 ms   p99 6.976 ms   max 55.104 ms
stalls   0 frames over 100 ms; 0.00 s of the 35.9 s window (0.0 %) is inside them

  frame-time histogram (log-spaced bins)
       0 - 1      ms |   1398 12.81%  ########
       1 - 2      ms |    792  7.26%  ####
       2 - 4      ms |   6027 55.21%  #################################
       4 - 8      ms |   2664 24.40%  ###############
       8 - 12     ms |     26  0.24%  #
      12 - 14     ms |      1  0.01%  #
      18 - 20     ms |      2  0.02%  #
      20 - 25     ms |      1  0.01%  #
      25 - 33     ms |      2  0.02%  #
      33 - 50     ms |      2  0.02%  #
      50 - 100    ms |      1  0.01%  #

==============================================================================
FILE     stall-gl-compat.csv
frames   408 over 76.6 s     p50 244.687 ms   p95 514.015 ms   p99 527.459 ms   max 746.724 ms
stalls   244 frames over 100 ms; 75.80 s of the 76.6 s window (99.0 %) is inside them

  frame-time histogram (log-spaced bins)
       0 - 1      ms |     19  4.66%  ###
       1 - 2      ms |     28  6.86%  ####
       2 - 4      ms |     48 11.76%  #######
       4 - 8      ms |     44 10.78%  ######
       8 - 12     ms |     22  5.39%  ###
      12 - 14     ms |      2  0.49%  #
      50 - 100    ms |      1  0.25%  #
     100 - 200    ms |      1  0.25%  #
     200 - 400    ms |    186 45.59%  ###########################
     400 - 500    ms |     12  2.94%  ##
     500 - 600    ms |     44 10.78%  ######
     600 - 800    ms |      1  0.25%  #

  every stall frame, and what it was
    frame   frame_ms    step_m   ticks    proc_ms    phys_ms     gc
        0      746.7    0.2768       8    761.095     12.895      -
        3      251.7    0.5363       8     42.136     15.269  1/1/0
        6      220.0    0.3522       8     42.136     15.269      -
        9      237.6    0.3600       8     42.136     15.269      -
       11      193.9    0.3600       8    218.500     12.181      -
       14      241.1    0.3576       8    218.500     12.181      -
       15      514.0    0.2800       8    218.500     12.181      -
       16      250.5    0.3231       8    218.500     12.181      -
       17      249.2    0.3217       8    496.070      3.580      -
       19      251.8    0.3454       8    496.070      3.580      -
       22      235.4    0.2664       8    496.070      3.580      -
       24      522.2    0.3311       8    496.070      3.580      -
       25      254.9    0.2790       8    504.511      3.112      -
       26      246.8    0.0793       8    504.511      3.112      -
       29      243.9    0.3158       8    231.422      3.326      -
       31      241.0    0.2377       8    231.422      3.326      -
       33      529.0    0.3294       8    231.422      3.326      -
       34      244.8    0.1097       8    504.734      3.046      -
       35      252.1    0.0965       8    504.734      3.046      -
       37      244.8    0.1779       8    504.734      3.046      -
       40      237.5    0.3381       8    504.734      3.046      -
       41      518.0    0.3133       8    496.438      3.229      -
       42      247.7    0.1352       8    496.438      3.229      -
       43      252.0    0.2534       8    496.438      3.229      -
       46      501.9    0.3432       8    231.308      3.083      -
       47      255.0    0.2950       8    231.308      3.083      -
       48      245.5    0.3209       8    231.308      3.083      -
       51      517.1    0.3473       8    482.545      2.988      -
       52      249.1    0.2910       8    482.545      2.988      -
       53      254.8    0.3200       8    482.545      2.988      -
       56      238.9    0.3532       8    495.795      3.090      -
       58      240.6    0.3466       8    495.795      3.090      -
       60      528.1    0.3403       8    495.795      3.090      -
       61      245.3    0.2956       8    503.932      2.981      -
       62      252.0    0.3200       8    503.932      2.981      -
       64      245.3    0.3455       8    503.932      2.981      -
       67      242.1    0.2595       8    503.932      2.981      -
       68      489.4    0.1353       8    472.189      3.086      -
       69      256.7    0.2880       8    472.189      3.086      -
       70      245.0    0.3219       8    472.189      3.086      -
       73      523.4    0.3587       8    231.850      3.060      -
       74      249.3    0.2813       8    231.850      3.060      -
       75      251.2    0.3210       8    231.850      3.060      -
       78      241.7    0.3600       8    501.894      3.086      -
       80      239.5    0.3423       8    501.894      3.086      -
       82      541.4    0.3348       8    501.894      3.086      -
       83      248.1    0.2862       8    517.917      3.164      -
       84      253.5    0.3200       8    517.917      3.164      -
       86      237.7    0.3580       8    517.917      3.164      -
       88      508.7    0.3436       8    517.917      3.164      -
       89      251.8    0.1395       8    489.661      3.080      -
       90      247.6    0.2271       8    489.661      3.080      -
       93      250.2    0.3432       8    489.661      3.080      -
       95      238.5    0.3600       8    230.663      3.092      -
       97      497.5    0.3265       8    230.663      3.092      -
       98      255.7    0.2942       8    230.663      3.092      -
       99      246.7    0.3200       8    480.400      3.168      -
      102      247.3    0.3425       8    480.400      3.168      -
      104      240.4    0.3430       8    480.400      3.168      -
      106      511.9    0.3487       8    480.400      3.168      -
      107      247.8    0.2893       8    490.666      3.195      -
      108      256.0    0.3200       8    490.666      3.195      -
      111      499.0    0.3600       8    490.666      3.195      -
      112      252.7    0.2548       8    479.722      3.028      -
      113      248.7    0.0340       8    479.722      3.028      -
      116      523.2    0.3590       8    231.691      3.004      -
      117      252.2    0.2834       8    231.691      3.004      -
      118      254.2    0.3263       8    231.691      3.004      -
      121      526.0    0.3343       8    501.339      4.286      -
      122      277.8    0.2926       8    501.339      4.286  1/1/1
      123      221.5    0.3200       8    501.339      4.286      -
      126      515.4    0.3414       8    505.914     24.168      -
      127      248.1    0.2936       8    505.914     24.168      -
      128      254.0    0.3200       8    505.914     24.168      -
      131      243.4    0.3352       8    492.204      3.309      -
      133      243.4    0.3443       8    492.204      3.309      -
      135      497.9    0.3507       8    492.204      3.309      -
      136      257.5    0.2504       8    478.821      2.936      -
      137      244.7    0.0407       8    478.821      2.936      -
      140      505.8    0.3579       8    478.821      2.936      -
      141      249.3    0.2830       8    483.029      3.089      -
      142      250.2    0.3229       8    483.029      3.089      -
      145      515.1    0.3418       8    483.029      3.089      -
      146      255.5    0.2982       8    496.129      3.144      -
      147      246.7    0.3200       8    496.129      3.144      -
      149      250.6    0.3461       8    496.129      3.144      -
      150      405.5    0.3339       8    496.129      3.144      -
      151      252.6    0.2856       8    388.862      3.046      -
      152      248.0    0.3260       8    388.862      3.046      -
      154      245.5    0.3600       8    388.862      3.046      -
      155      425.6    0.3103       8    405.790      2.973      -
      156      248.9    0.2788       8    405.790      2.973      -
      157      249.6    0.0814       8    405.790      2.973      -
      160      512.6    0.3188       8    405.790      2.973      -
      161      246.4    0.2966       8    488.191      3.108      -
      162      250.7    0.3200       8    488.191      3.108      -
      165      244.2    0.3404       8    488.191      3.108      -
      167      247.0    0.3474       8    230.352      3.162      -
      169      512.6    0.3508       8    230.352      3.162      -
      170      255.1    0.2886       8    230.352      3.162      -
      171      249.4    0.3270       8    494.129      2.961      -
      173      248.6    0.3600       8    494.129      2.961      -
      174      457.6    0.3200       8    494.129      2.961      -
      175      254.8    0.2843       8    443.884      2.963      -
      176      246.3    0.3231       8    443.884      2.963      -
      178      250.9    0.3223       8    443.884      2.963      -
      181      237.2    0.1230       8    443.884      2.963      -
      183      520.6    0.3388       8    232.420      3.030      -
      184      255.2    0.2831       8    232.420      3.030      -
      185      245.3    0.3200       8    232.420      3.030      -
      188      512.3    0.3370       8    503.421      2.924      -
      189      248.2    0.2884       8    503.421      2.924      -
      190      250.8    0.3200       8    490.361      3.063      -
      193      510.6    0.3403       8    490.361      3.063      -
      194      254.7    0.2871       8    490.361      3.063      -
      195      248.4    0.3200       8    491.741      2.885      -
      198      509.0    0.3297       8    491.741      2.885      -
      199      247.4    0.2918       8    491.741      2.885      -
      200      252.7    0.3200       8    487.317      2.990      -
      203      505.7    0.3273       8    487.317      2.990      -
      204      254.5    0.0445       8    487.317      2.990      -
      205      243.5    0.2921       8    484.741      3.027      -
      208      521.3    0.3461       8    484.741      3.027      -
      209      247.6    0.2923       8    484.741      3.027      -
      210      252.4    0.3200       8    496.564      3.144      -
      213      506.6    0.3264       8    496.564      3.144      -
      214      254.9    0.2941       8    496.564      3.144      -
      215      244.7    0.3200       8    485.936      3.072      -
      218      513.3    0.3424       8    485.936      3.072      -
      219      248.2    0.2925       8    485.936      3.072      -
      220      252.1    0.3200       8    492.630      2.928      -
      223      510.9    0.3401       8    492.630      2.928      -
      224      257.7    0.2920       8    492.630      2.928      -
      225      245.6    0.3200       8    491.657      3.309      -
      228      245.2    0.1985       8    491.657      3.309      -
      230      240.6    0.2889       8    491.657      3.309      -
      232      510.6    0.3396       8    491.657      3.309      -
      233      246.8    0.2998       8    486.984      3.071      -
      234      250.6    0.3200       8    486.984      3.071      -
      237      502.2    0.3586       8    486.984      3.071      -
      238      252.3    0.2826       8    483.070      2.938      -
      239      250.8    0.3255       8    483.070      2.938      -
      241      285.9    0.3428       8    483.070      2.938  2/2/1
      242      297.8    0.3200       8    280.604     40.188      -
      243      250.6    0.2975       8    280.604     40.188      -
      244      249.3    0.3221       8    280.604     40.188      -
      247      495.9    0.3410       8    233.023      2.872      -
      248      248.5    0.2973       8    233.023      2.872      -
      249      252.1    0.2442       8    233.023      2.872      -
      251      245.4    0.2131       8    475.658      2.891      -
      254      245.3    0.3392       8    475.658      2.891      -
      256      242.2    0.3474       8    475.658      2.891      -
      259      246.9    0.3433       8    475.658      2.891      -
      261      241.3    0.3454       8    226.320      2.928      -
      262      297.7    0.3099       8    226.320      2.928      -
      263      248.9    0.2987       8    226.320      2.928      -
      264      251.8    0.3200       8    226.320      2.928      -
      267      508.8    0.3572       8    277.499      2.966      -
      268      251.8    0.2981       8    277.499      2.966      -
      269      248.1    0.3204       8    277.499      2.966      -
      272      514.8    0.3422       8    489.618      3.124      -
      273      248.2    0.2926       8    489.618      3.124      -
      274      254.8    0.1286       8    489.618      3.124      -
      277      500.7    0.3180       8    493.459      2.975      -
      278      252.6    0.2920       8    493.459      2.975      -
      279      249.1    0.3219       8    493.459      2.975      -
      282      248.1    0.3584       8    481.984      3.036      -
      284      238.1    0.3600       8    481.984      3.036      -
      287      239.8    0.3541       8    481.984      3.036      -
      289      246.2    0.3600       8    481.984      3.036      -
      291      508.4    0.3499       8    224.595      3.010      -
      292      252.0    0.2901       8    224.595      3.010      -
      293      249.3    0.3200       8    224.595      3.010      -
      296      249.6    0.3450       8    489.537      3.048      -
      298      239.5    0.3196       8    489.537      3.048      -
      300      527.5    0.0539       8    489.537      3.048      -
      301      247.2    0.2876       8    505.755      2.971      -
      302      254.8    0.3200       8    505.755      2.971      -
      304      244.7    0.3436       8    505.755      2.971      -
      307      235.0    0.3566       8    505.755      2.971      -
      308      512.9    0.3058       8    492.154      3.051      -
      309      248.1    0.2976       8    492.154      3.051      -
      310      255.3    0.3200       8    492.154      3.051      -
      313      242.6    0.3351       8    231.791      2.930      -
      315      243.8    0.3491       8    231.791      2.930      -
      317      498.5    0.3583       8    231.791      2.930      -
      318      254.3    0.2854       8    479.622      3.012      -
      319      250.8    0.3255       8    479.622      3.012      -
      321      244.0    0.2531       8    479.622      3.012      -
      322      418.9    0.1716       8    479.622      3.012      -
      323      256.0    0.2959       8    402.035      3.051      -
      324      248.2    0.3200       8    402.035      3.051      -
      326      248.1    0.3504       8    402.035      3.051      -
      327      373.3    0.3275       8    356.518      3.070      -
      328      255.7    0.2945       8    356.518      3.070      -
      329      245.8    0.3220       8    356.518      3.070      -
      332      508.6    0.3583       8    356.518      3.070      -
      333      248.6    0.2900       8    487.782      3.002      -
      334      251.7    0.3209       8    487.782      3.002      -
      337      495.2    0.3583       8    475.770      2.938      -
      338      252.2    0.2800       8    475.770      2.938      -
      339      248.8    0.3200       8    475.770      2.938      -
      342      514.8    0.3228       8    232.217      2.962      -
      343      245.8    0.0053       8    232.217      2.962      -
      344      251.8    0.3036       8    232.217      2.962      -
      347      505.9    0.3569       8    490.844      2.925      -
      348      251.8    0.2919       8    490.844      2.925      -
      349      249.8    0.3220       8    490.844      2.925      -
      352      262.8    0.3580       8    486.735      3.026  1/1/0
      354      217.9    0.3600       8    486.735      3.026      -
      356      516.8    0.3600       8    486.735      3.026      -
      357      255.4    0.2809       8    499.896     15.750      -
      358      245.2    0.3214       8    499.896     15.750      -
      361      248.3    0.3431       8    499.896     15.750      -
      363      238.9    0.3600       8    499.896     15.750      -
      365      502.8    0.3177       8    232.328      2.952      -
      366      252.5    0.0599       8    232.328      2.952      -
      367      247.9    0.2850       8    232.328      2.952      -
      370      514.8    0.3540       8    485.716      3.004      -
      371      242.3    0.2986       8    485.716      3.004      -
      372      255.1    0.3203       8    485.716      3.004      -
      375      504.5    0.3480       8    488.237      3.012      -
      376      252.3    0.2996       8    488.237      3.012      -
      377      249.1    0.3004       8    488.237      3.012      -
      380      516.4    0.3590       8    485.444      2.941      -
      381      244.0    0.2978       8    485.444      2.941      -
      382      252.1    0.3206       8    485.444      2.941      -
      385      244.3    0.3368       8    491.260      3.560      -
      387      241.5    0.3426       8    491.260      3.560      -
      389      499.7    0.3239       8    491.260      3.560      -
      390      253.4    0.0039       8    480.972      3.750      -
      391      249.1    0.3085       8    480.972      3.750      -
      393      250.5    0.3445       8    480.972      3.750      -
      394      339.8    0.3119       8    480.972      3.750      -
      395      257.6    0.2881       8    325.611      3.026      -
      396      244.8    0.3200       8    325.611      3.026      -
      398      248.3    0.3511       8    325.611      3.026      -
      399      504.0    0.3209       8    325.611      3.026      -
      400      251.2    0.2817       8    481.296      4.209      -
      401      246.0    0.3255       8    481.296      4.209      -
      403      248.9    0.3470       8    481.296      4.209      -
      404      317.6    0.3200       8    297.912      2.913      -
      405      254.3    0.2873       8    297.912      2.913      -
      406      244.4    0.3210       8    297.912      2.913      -
  period between stalls: mean 0.31 s over 243 gaps (min 0.22, max 0.55)
  GC collections in the whole window (gen0/1/2): 5/5/2

==============================================================================
FILE     stall-gpu0-nvidia.csv
frames   271 over 91.5 s     p50 255.851 ms   p95 530.834 ms   p99 718.158 ms   max 769.990 ms
stalls   269 frames over 100 ms; 91.46 s of the 91.5 s window (99.9 %) is inside them

  frame-time histogram (log-spaced bins)
       8 - 12     ms |      1  0.37%  #
      33 - 50     ms |      1  0.37%  #
     100 - 200    ms |      1  0.37%  #
     200 - 400    ms |    182 67.16%  ########################################
     400 - 500    ms |     18  6.64%  ####
     500 - 600    ms |     60 22.14%  #############
     600 - 800    ms |      8  2.95%  ##

  every stall frame, and what it was
    frame   frame_ms    step_m   ticks    proc_ms    phys_ms     gc
        2      100.7    0.6250       4    608.156      2.994  1/1/0
        3      264.6    0.3259       8    608.156      2.994      -
        4      237.6    0.3200       8    231.285     18.730      -
        5      255.1    0.3200       8    231.285     18.730      -
        6      517.9    0.2800       8    231.285     18.730      -
        7      241.0    0.3289       8    487.626      4.381      -
        8      260.6    0.3332       8    487.626      4.381      -
        9      510.4    0.2979       8    487.626      4.381      -
       10      251.7    0.3291       8    491.469      3.116      -
       11      244.8    0.3204       8    491.469      3.116      -
       12      255.9    0.3310       8    491.469      3.116      -
       13      252.7    0.3252       8    491.469      3.116      -
       14      528.1    0.3340       8    500.750      3.201      -
       15      493.8    0.3197       8    500.750      3.201      -
       16      250.2    0.2808       8    477.376      3.063      -
       17      254.2    0.3349       8    477.376      3.063      -
       18      498.5    0.3451       8    477.376      3.063      -
       19      530.8    0.2800       8    513.347      3.066      -
       20      258.1    0.3323       8    513.347      3.066      -
       21      247.3    0.3253       8    513.347      3.066      -
       22      522.2    0.3025       8    498.232      3.038      -
       23      246.4    0.1702       8    498.232      3.038      -
       24      257.1    0.2534       8    498.232      3.038      -
       25      248.7    0.3200       8    233.920      3.154      -
       26      255.9    0.3300       8    233.920      3.154      -
       27      248.4    0.3280       8    233.920      3.154      -
       28      255.8    0.3267       8    233.920      3.154      -
       29      249.7    0.3257       8    235.338      3.193      -
       30      261.0    0.2896       8    235.338      3.193      -
       31      503.8    0.3600       8    235.338      3.193      -
       32      251.8    0.2916       8    486.023      3.142      -
       33      251.0    0.3248       8    486.023      3.142      -
       34      510.4    0.3430       8    486.023      3.142      -
       35      249.0    0.2838       8    488.201      3.141      -
       36      257.0    0.3338       8    488.201      3.141      -
       37      510.0    0.3029       8    488.201      3.141      -
       38      259.9    0.3289       8    492.891      3.043      -
       39      248.1    0.1052       8    492.891      3.043      -
       40      513.9    0.2531       8    492.891      3.043      -
       41      246.2    0.3286       8    489.936      3.260      -
       42      256.9    0.3320       8    489.936      3.260      -
       43      499.2    0.3226       8    489.936      3.260      -
       44      256.2    0.2969       8    481.717      3.187      -
       45      249.7    0.3200       8    481.717      3.187      -
       46      515.2    0.3487       8    481.717      3.187      -
       47      248.4    0.2913       8    493.814      3.175      -
       48      255.9    0.3200       8    493.814      3.175      -
       49      514.9    0.3588       8    493.814      3.175      -
       50      254.5    0.2812       8    496.934      3.015      -
       51      249.6    0.3303       8    496.934      3.015      -
       52      522.9    0.3097       8    496.934      3.015      -
       53      246.0    0.3310       8    498.033      3.149      -
       54      256.3    0.1567       8    498.033      3.149      -
       55      499.4    0.2491       8    498.033      3.149      -
       56      253.3    0.2933       8    481.038      3.092      -
       57      247.9    0.3200       8    481.038      3.092      -
       58      252.3    0.3200       8    481.038      3.092      -
       59      254.5    0.3300       8    236.875      3.465      -
       60      504.4    0.3500       8    236.875      3.465      -
       61      515.5    0.2800       8    236.875      3.465      -
       62      700.9    0.3200       8    679.902      3.290      -
       63      251.9    0.3200       8    234.969      3.004      -
       64      260.7    0.3200       8    234.969      3.004      -
       65      495.4    0.3570       8    234.969      3.004      -
       66      254.9    0.2830       8    481.574      3.008      -
       67      251.8    0.3332       8    481.574      3.008      -
       68      506.7    0.3468       8    481.574      3.008      -
       69      247.1    0.1730       8    483.558      3.004      -
       70      258.1    0.1875       8    483.558      3.004      -
       71      508.9    0.3600       8    483.558      3.004      -
       72      253.2    0.2800       8    488.292      3.170      -
       73      255.2    0.3213       8    488.292      3.170      -
       74      509.0    0.3398       8    488.292      3.170      -
       75      249.7    0.2989       8    488.511      3.091      -
       76      256.0    0.3200       8    488.511      3.091      -
       77      249.1    0.3200       8    488.511      3.091      -
       78      257.2    0.3300       8    488.511      3.091      -
       79      542.5    0.3100       8    504.023      3.033  1/1/1
       80      477.2    0.3366       8    504.023      3.033      -
       81      247.8    0.3206       8    456.467     25.307      -
       82      254.2    0.3231       8    456.467     25.307      -
       83      251.9    0.3303       8    456.467     25.307      -
       84      255.2    0.2217       8    456.467     25.307      -
       85      520.8    0.1468       8    503.653      3.047      -
       86      504.9    0.3373       8    503.653      3.047      -
       87      247.5    0.3222       8    482.983      3.006      -
       88      260.9    0.3342       8    482.983      3.006      -
       89      509.2    0.2864       8    482.983      3.006      -
       90      245.7    0.3323       8    488.993      3.787      -
       91      254.1    0.3346       8    488.993      3.787      -
       92      517.3    0.2931       8    488.993      3.787      -
       93      247.8    0.3200       8    494.457      2.992      -
       94      257.9    0.3200       8    494.457      2.992      -
       95      505.4    0.3600       8    494.457      2.992      -
       96      258.3    0.2800       8    487.573      2.973      -
       97      251.1    0.3200       8    487.573      2.973      -
       98      503.6    0.3569       8    487.573      2.973      -
       99      247.1    0.2290       8    481.056      3.015      -
      100      252.6    0.0803       8    481.056      3.015      -
      101      247.2    0.3200       8    481.056      3.015      -
      102      254.9    0.3300       8    481.056      3.015      -
      103      251.0    0.3280       8    232.781      3.090      -
      104      258.0    0.3020       8    232.781      3.090      -
      105      508.9    0.3600       8    232.781      3.090      -
      106      255.0    0.2934       8    491.834      3.013      -
      107      250.0    0.3066       8    491.834      3.013      -
      108      501.6    0.3451       8    491.834      3.013      -
      109      249.5    0.2949       8    481.163      2.963      -
      110      261.1    0.3215       8    481.163      2.963      -
      111      517.6    0.3185       8    481.163      2.963      -
      112      252.1    0.3382       8    503.523      3.242      -
      113      250.6    0.3252       8    503.523      3.242      -
      114      252.7    0.2744       8    503.523      3.242      -
      115      254.1    0.0369       8    237.188      3.058      -
      116      506.7    0.3553       8    237.188      3.058      -
      117      512.5    0.2800       8    237.188      3.058      -
      118      754.1    0.3200       8    732.832      2.909      -
      119      250.8    0.3312       8    231.255      2.989      -
      120      255.0    0.3279       8    231.255      2.989      -
      121      496.9    0.3225       8    231.255      2.989      -
      122      254.4    0.2983       8    479.766      3.292      -
      123      246.8    0.3200       8    479.766      3.292      -
      124      257.3    0.3200       8    479.766      3.292      -
      125      252.1    0.3300       8    479.766      3.292      -
      126      256.8    0.3299       8    236.449      3.088      -
      127      253.2    0.3001       8    236.449      3.088      -
      128      495.2    0.3600       8    236.449      3.088      -
      129      248.9    0.2692       8    474.757      3.009      -
      130      258.0    0.0199       8    474.757      3.009      -
      131      511.5    0.3436       8    474.757      3.009      -
      132      254.5    0.2800       8    491.372      3.151      -
      133      254.1    0.3243       8    491.372      3.151      -
      134      505.7    0.3557       8    491.372      3.151      -
      135      251.7    0.2800       8    483.975      3.057      -
      136      255.4    0.3200       8    483.975      3.057      -
      137      509.7    0.3600       8    483.975      3.057      -
      138      254.6    0.2800       8    491.265      3.081      -
      139      250.5    0.3200       8    491.265      3.081      -
      140      510.4    0.3600       8    491.265      3.081      -
      141      248.3    0.2919       8    489.997      2.819      -
      142      259.1    0.3081       8    489.997      2.819      -
      143      250.7    0.3200       8    489.997      2.819      -
      144      254.6    0.3238       8    489.997      2.819      -
      145      517.1    0.0668       8    499.918      3.068      -
      146      253.4    0.2953       8    499.918      3.068      -
      147      249.2    0.3229       8    499.918      3.068      -
      148      261.3    0.3355       8    237.491      3.324      -
      149      497.2    0.3246       8    237.491      3.324      -
      150      518.8    0.3221       8    237.491      3.324      -
      151      563.8    0.3132       8    545.173      3.077      -
      152      250.4    0.2914       8    230.005      2.911      -
      153      254.9    0.3247       8    230.005      2.911      -
      154      521.5    0.3153       8    230.005      2.911      -
      155      249.9    0.3320       8    500.516      3.043      -
      156      258.2    0.3347       8    500.516      3.043      -
      157      506.8    0.2934       8    500.516      3.043      -
      158      256.3    0.3359       8    491.807      3.211      -
      159      251.5    0.3262       8    491.807      3.211      -
      160      537.9    0.0885       8    491.807      3.211  2/2/1
      161      488.4    0.2450       8    475.784     43.060      -
      162      251.8    0.3356       8    475.784     43.060      -
      163      249.0    0.3227       8    475.784     43.060      -
      164      259.2    0.3301       8    236.084      2.887      -
      165      249.9    0.3300       8    236.084      2.887      -
      166      518.9    0.3191       8    236.084      2.887      -
      167      249.3    0.2829       8    497.485      2.925      -
      168      255.4    0.3234       8    497.485      2.925      -
      169      249.7    0.3308       8    497.485      2.925      -
      170      261.1    0.3054       8    497.485      2.925      -
      171      497.0    0.3541       8    480.079      3.012      -
      172      401.5    0.2859       8    480.079      3.012      -
      173      253.9    0.3256       8    380.020      2.962      -
      174      596.3    0.3451       8    380.020      2.962      -
      175      500.7    0.1418       8    380.020      2.962      -
      176      614.8    0.2530       8    592.321      2.930      -
      177      498.7    0.2939       8    481.663      3.122      -
      178      585.9    0.3481       8    481.663      3.122      -
      179      246.9    0.2919       8    563.002      2.940      -
      180      257.6    0.3255       8    563.002      2.940      -
      181      506.8    0.3405       8    563.002      2.940      -
      182      259.6    0.2940       8    489.961      2.915      -
      183      247.7    0.3223       8    489.961      2.915      -
      184      513.0    0.3486       8    489.961      2.915      -
      185      249.8    0.2892       8    492.876      3.025      -
      186      253.5    0.3200       8    492.876      3.025      -
      187      251.7    0.3269       8    492.876      3.025      -
      188      255.7    0.3300       8    492.876      3.025      -
      189      499.0    0.3431       8    481.990      2.937      -
      190      526.7    0.1726       8    481.990      2.937      -
      191      718.2    0.1870       8    700.773      2.887      -
      192      507.1    0.3311       8    700.773      2.887      -
      193      694.3    0.3089       8    677.183      2.834      -
      194      248.6    0.3210       8    228.426      2.960      -
      195      249.3    0.3219       8    228.426      2.960      -
      196      258.2    0.3303       8    228.426      2.960      -
      197      247.5    0.3244       8    228.426      2.960      -
      198      498.0    0.3423       8    477.696      3.019      -
      199      249.3    0.2907       8    477.696      3.019      -
      200      252.7    0.3227       8    477.696      3.019      -
      201      253.5    0.3066       8    236.356      2.863      -
      202      260.7    0.3393       8    236.356      2.863      -
      203      514.4    0.3397       8    236.356      2.863      -
      204      251.9    0.2816       8    497.894      3.039      -
      205      247.7    0.2441       8    497.894      3.039      -
      206      256.4    0.1528       8    497.894      3.039      -
      207      251.9    0.3300       8    497.894      3.039      -
      208      523.7    0.3307       8    502.049      3.127      -
      209      488.7    0.2954       8    502.049      3.127      -
      210      250.4    0.3211       8    469.877      3.078      -
      211      252.6    0.3305       8    469.877      3.078      -
      212      519.8    0.3205       8    469.877      3.078      -
      213      247.1    0.2982       8    498.018      3.289      -
      214      253.8    0.3200       8    498.018      3.289      -
      215      251.2    0.3200       8    498.018      3.289      -
      216      252.5    0.3300       8    498.018      3.289      -
      217      251.6    0.3280       8    234.796      3.127      -
      218      261.3    0.3020       8    234.796      3.127      -
      219      489.9    0.3600       8    234.796      3.127      -
      220      250.0    0.2275       8    473.924      3.284      -
      221      256.1    0.0996       8    473.924      3.284      -
      222      512.4    0.3024       8    473.924      3.284      -
      223      249.6    0.3309       8    492.286      2.962      -
      224      258.1    0.3350       8    492.286      2.962      -
      225      510.3    0.2941       8    492.286      2.962      -
      226      266.7    0.3294       8    490.289      3.634  1/1/0
      227      238.9    0.3365       8    490.289      3.634      -
      228      508.6    0.3335       8    490.289      3.634      -
      229      247.9    0.2806       8    486.050     16.817      -
      230      255.7    0.3298       8    486.050     16.817      -
      231      512.7    0.3102       8    486.050     16.817      -
      232      251.3    0.3283       8    495.946      2.905      -
      233      249.7    0.3228       8    495.946      2.905      -
      234      259.7    0.3310       8    495.946      2.905      -
      235      245.4    0.2748       8    236.288      2.876      -
      236      254.4    0.0617       8    236.288      2.876      -
      237      254.5    0.2896       8    236.288      2.876      -
      238      501.6    0.3600       8    236.288      2.876      -
      239      249.4    0.2866       8    481.490      2.964      -
      240      257.0    0.3245       8    481.490      2.964      -
      241      250.0    0.3089       8    481.490      2.964      -
      242      253.4    0.3272       8    236.082      3.022      -
      243      512.5    0.3528       8    236.082      3.022      -
      244      259.3    0.2986       8    236.082      3.022      -
      245      241.2    0.3014       8    494.102      3.025      -
      246      256.7    0.3200       8    494.102      3.025      -
      247      254.7    0.3400       8    494.102      3.025      -
      248      500.6    0.3400       8    494.102      3.025      -
      249      247.7    0.2854       8    478.904      2.986      -
      250      255.7    0.3023       8    478.904      2.986      -
      251      252.6    0.0214       8    478.904      2.986      -
      252      257.6    0.3231       8    237.153      2.947      -
      253      500.3    0.3405       8    237.153      2.947      -
      254      518.4    0.2800       8    237.153      2.947      -
      255      625.4    0.3482       8    607.856      3.170      -
      256      520.3    0.2918       8    607.856      3.170      -
      257      652.1    0.3200       8    635.287      2.940      -
      258      251.7    0.3232       8    231.340      2.845      -
      259      249.8    0.3229       8    231.340      2.845      -
      260      257.3    0.3338       8    231.340      2.845      -
      261      257.2    0.3300       8    231.340      2.845      -
      262      496.5    0.3187       8    475.883      2.978      -
      263      248.0    0.2913       8    475.883      2.978      -
      264      256.4    0.3200       8    475.883      2.978      -
      265      249.5    0.3113       8    233.298      2.997      -
      266      256.7    0.0715       8    233.298      2.997      -
      267      248.5    0.2998       8    233.298      2.997      -
      268      256.7    0.2974       8    233.298      2.997      -
      269      252.5    0.3280       8    236.244      2.914      -
      270      770.0    0.3445       8    236.244      2.914      -
  period between stalls: mean 0.34 s over 268 gaps (min 0.24, max 0.77)
  GC collections in the whole window (gen0/1/2): 5/5/2

==============================================================================
FILE     stall-gpu1-novsync-FG.csv
frames   10878 over 35.9 s     p50 2.874 ms   p95 6.569 ms   p99 7.173 ms   max 90.688 ms
stalls   0 frames over 100 ms; 0.00 s of the 35.9 s window (0.0 %) is inside them

  frame-time histogram (log-spaced bins)
       0 - 1      ms |   1436 13.20%  ########
       1 - 2      ms |    752  6.91%  ####
       2 - 4      ms |   6033 55.46%  #################################
       4 - 8      ms |   2599 23.89%  ##############
       8 - 12     ms |     47  0.43%  #
      12 - 14     ms |      2  0.02%  #
      16 - 18     ms |      1  0.01%  #
      18 - 20     ms |      2  0.02%  #
      20 - 25     ms |      1  0.01%  #
      33 - 50     ms |      3  0.03%  #
      50 - 100    ms |      2  0.02%  #

==============================================================================
FILE     stall-gpu1-novsync-FOCUSED.csv
frames   10928 over 35.9 s     p50 2.853 ms   p95 6.578 ms   p99 7.007 ms   max 53.833 ms
stalls   0 frames over 100 ms; 0.00 s of the 35.9 s window (0.0 %) is inside them

  frame-time histogram (log-spaced bins)
       0 - 1      ms |   1428 13.07%  ########
       1 - 2      ms |    779  7.13%  ####
       2 - 4      ms |   6040 55.27%  #################################
       4 - 8      ms |   2643 24.19%  ###############
       8 - 12     ms |     29  0.27%  #
      12 - 14     ms |      1  0.01%  #
      14 - 16     ms |      1  0.01%  #
      20 - 25     ms |      2  0.02%  #
      25 - 33     ms |      3  0.03%  #
      50 - 100    ms |      2  0.02%  #

==============================================================================
FILE     stall-gpu1-novsync.csv
frames   11055 over 35.9 s     p50 2.842 ms   p95 6.507 ms   p99 6.918 ms   max 69.857 ms
stalls   0 frames over 100 ms; 0.00 s of the 35.9 s window (0.0 %) is inside them

  frame-time histogram (log-spaced bins)
       0 - 1      ms |   1640 14.83%  #########
       1 - 2      ms |    550  4.98%  ###
       2 - 4      ms |   6200 56.08%  ##################################
       4 - 8      ms |   2619 23.69%  ##############
       8 - 12     ms |     38  0.34%  #
      16 - 18     ms |      1  0.01%  #
      20 - 25     ms |      2  0.02%  #
      25 - 33     ms |      3  0.03%  #
      33 - 50     ms |      1  0.01%  #
      50 - 100    ms |      1  0.01%  #

==============================================================================
FILE     stall-gpu1.csv
frames   11042 over 36.9 s     p50 2.837 ms   p95 6.481 ms   p99 6.924 ms   max 1142.353 ms
stalls   1 frames over 100 ms; 1.14 s of the 36.9 s window (3.1 %) is inside them

  frame-time histogram (log-spaced bins)
       0 - 1      ms |   1575 14.26%  #########
       1 - 2      ms |    611  5.53%  ###
       2 - 4      ms |   6197 56.12%  ##################################
       4 - 8      ms |   2619 23.72%  ##############
       8 - 12     ms |     33  0.30%  #
      16 - 18     ms |      1  0.01%  #
      25 - 33     ms |      4  0.04%  #
      50 - 100    ms |      1  0.01%  #
    1000 - inf    ms |      1  0.01%  #

  every stall frame, and what it was
    frame   frame_ms    step_m   ticks    proc_ms    phys_ms     gc
        0     1142.4    0.3550       8      8.378     12.381      -
  GC collections in the whole window (gen0/1/2): 5/5/2

==============================================================================
FILE     stall-maxfps60-nvidia.csv
frames   270 over 94.3 s     p50 256.892 ms   p95 534.233 ms   p99 748.305 ms   max 789.623 ms
stalls   268 frames over 100 ms; 94.20 s of the 94.3 s window (99.9 %) is inside them

  frame-time histogram (log-spaced bins)
      12 - 14     ms |      1  0.37%  #
      50 - 100    ms |      1  0.37%  #
     100 - 200    ms |      1  0.37%  #
     200 - 400    ms |    169 62.59%  ######################################
     400 - 500    ms |     15  5.56%  ###
     500 - 600    ms |     78 28.89%  #################
     600 - 800    ms |      5  1.85%  #

  every stall frame, and what it was
    frame   frame_ms    step_m   ticks    proc_ms    phys_ms     gc
        2      110.7    0.4847       5    216.792     12.336      -
        3      256.9    0.3254       8    216.792     12.336  1/1/0
        4      241.6    0.3264       8    569.196     18.815      -
        5      509.3    0.3070       8    569.196     18.815      -
        6      246.6    0.2930       8    569.196     18.815      -
        7      256.9    0.3200       8    486.780      3.786      -
        8      512.9    0.3518       8    486.780      3.786      -
        9      257.6    0.2932       8    495.776      2.960      -
       10      253.8    0.3339       8    495.776      2.960      -
       11      506.2    0.3305       8    495.776      2.960      -
       12      249.4    0.1702       8    485.373      3.024      -
       13      258.4    0.2887       8    485.373      3.024      -
       14      516.4    0.3135       8    485.373      3.024      -
       15      256.6    0.0838       8    494.539      3.771      -
       16      247.7    0.2693       8    494.539      3.771      -
       17      505.2    0.3180       8    494.539      3.771      -
       18      249.0    0.1038       8    484.171      3.183      -
       19      255.9    0.2186       8    484.171      3.183      -
       20      501.2    0.3368       8    484.171      3.183      -
       21      534.2    0.2768       8    512.962      3.128      -
       22      516.8    0.3305       8    512.962      3.128      -
       23      682.6    0.3460       8    658.292      2.986      -
       24      244.6    0.2825       8    658.292      2.986      -
       25      259.7    0.3218       8    235.795      3.029      -
       26      249.5    0.0697       8    235.795      3.029      -
       27      256.2    0.2872       8    235.795      3.029      -
       28      511.4    0.3418       8    235.795      3.029      -
       29      257.2    0.2982       8    497.948      3.045      -
       30      252.5    0.3245       8    497.948      3.045      -
       31      503.8    0.3555       8    497.948      3.045      -
       32      251.5    0.2978       8    482.269      3.060      -
       33      261.1    0.3022       8    482.269      3.060      -
       34      533.9    0.3200       8    482.269      3.060      -
       35      531.2    0.3487       8    519.447      2.985      -
       36      246.1    0.2913       8    519.447      2.985      -
       37      257.8    0.3252       8    236.743      2.924      -
       38      506.1    0.3395       8    236.743      2.924      -
       39      252.8    0.2954       8    236.743      2.924      -
       40      256.7    0.3228       8    488.779      3.018      -
       41      500.0    0.3159       8    488.779      3.018      -
       42      552.0    0.0090       8    488.779      3.018      -
       43      491.0    0.3044       8    536.514      3.115      -
       44      248.6    0.3200       8    536.514      3.115      -
       45      258.0    0.3209       8    236.569      2.918      -
       46      506.7    0.3414       8    236.569      2.918      -
       47      251.9    0.2977       8    236.569      2.918      -
       48      254.6    0.3200       8    489.141      3.106      -
       49      513.9    0.3600       8    489.141      3.106      -
       50      244.9    0.2988       8    489.336      3.100      -
       51      258.2    0.3012       8    489.336      3.100      -
       52      494.3    0.3445       8    489.336      3.100      -
       53      536.2    0.3192       8    513.529      2.959      -
       54      514.5    0.3235       8    513.529      2.959      -
       55      581.9    0.2928       8    559.193      3.001      -
       56      515.0    0.3378       8    559.193      3.001      -
       57      670.9    0.0525       8    646.743      2.857      -
       58      245.6    0.3034       8    646.743      2.857      -
       59      257.1    0.3343       8    236.564      3.033      -
       60      510.1    0.2873       8    236.564      3.033      -
       61      258.3    0.3200       8    236.564      3.033      -
       62      253.7    0.3242       8    491.824      3.039      -
       63      510.9    0.3358       8    491.824      3.039      -
       64      245.8    0.3000       8    491.824      3.039      -
       65      255.3    0.3200       8    485.525      3.059      -
       66      509.5    0.3419       8    485.525      3.059      -
       67      257.4    0.2981       8    485.525      3.059      -
       68      251.4    0.3229       8    492.425      2.997      -
       69      259.8    0.3312       8    492.425      2.997      -
       70      770.0    0.3394       8    492.425      2.997      -
       71      501.5    0.2829       8    755.750      3.055      -
       72      246.0    0.1286       8    755.750      3.055      -
       73      261.6    0.2615       8    236.960      3.087      -
       74      503.5    0.3394       8    236.960      3.087      -
       75      251.3    0.2986       8    236.960      3.087      -
       76      254.6    0.3200       8    488.568      3.223      -
       77      510.2    0.3600       8    488.568      3.223      -
       78      249.4    0.2800       8    488.568      3.223      -
       79      279.0    0.3200       8    489.482      3.037  1/1/1
       80      224.1    0.3200       8    489.482      3.037      -
       81      254.3    0.3200       8    489.482      3.037      -
       82      555.0    0.3200       8    489.482      3.037      -
       83      493.1    0.3389       8    536.477      3.071      -
       84      243.0    0.3199       8    536.477      3.071      -
       85      258.1    0.3358       8    238.009      2.999      -
       86      494.4    0.3084       8    238.009      2.999      -
       87      559.4    0.1429       8    238.009      2.999      -
       88      486.2    0.2339       8    535.898      3.087      -
       89      251.8    0.3210       8    231.610      2.913      -
       90      254.7    0.3341       8    231.610      2.913      -
       91      498.1    0.3313       8    231.610      2.913      -
       92      533.3    0.3046       8    516.176      2.958      -
       93      502.8    0.2954       8    516.176      2.958      -
       94      254.9    0.3229       8    482.391      3.028      -
       95      504.8    0.3571       8    482.391      3.028      -
       96      251.9    0.2986       8    482.391      3.028      -
       97      256.9    0.3014       8    484.303      2.939      -
       98      504.5    0.3600       8    484.303      2.939      -
       99      256.1    0.2972       8    484.303      2.939      -
      100      255.6    0.3028       8    487.161      2.933      -
      101      511.8    0.3600       8    487.161      2.933      -
      102      249.4    0.1731       8    487.161      2.933      -
      103      258.3    0.1875       8    488.202      3.026      -
      104      502.6    0.3600       8    488.202      3.026      -
      105      255.5    0.2891       8    488.202      3.026      -
      106      253.7    0.3109       8    485.662      2.853      -
      107      510.9    0.3600       8    485.662      2.853      -
      108      248.2    0.2911       8    485.662      2.853      -
      109      258.2    0.3089       8    490.149      3.072      -
      110      507.8    0.3600       8    490.149      3.072      -
      111      251.9    0.2898       8    490.149      3.072      -
      112      254.4    0.3102       8    490.609      2.845      -
      113      511.5    0.3600       8    490.609      2.845      -
      114      252.5    0.2981       8    490.609      2.845      -
      115      257.8    0.3019       8    490.782      2.985      -
      116      502.6    0.3600       8    490.782      2.985      -
      117      252.1    0.2051       8    490.782      2.985      -
      118      256.8    0.1590       8    485.677      3.027      -
      119      512.1    0.3006       8    485.677      3.027      -
      120      245.9    0.3235       8    485.677      3.027      -
      121      259.7    0.3333       8    489.195      3.003      -
      122      507.9    0.3032       8    489.195      3.003      -
      123      252.2    0.3258       8    489.195      3.003      -
      124      256.4    0.3342       8    490.869      3.044      -
      125      514.3    0.3000       8    490.869      3.044      -
      126      246.2    0.3316       8    490.960      3.015      -
      127      260.8    0.3340       8    490.960      3.015      -
      128      503.8    0.2944       8    490.960      3.015      -
      129      252.1    0.3277       8    489.592      2.991      -
      130      255.1    0.3348       8    489.592      2.991      -
      131      513.7    0.2975       8    489.592      2.991      -
      132      247.9    0.2700       8    490.985      3.021      -
      133      259.2    0.1065       8    490.985      3.021      -
      134      491.3    0.3379       8    490.985      3.021      -
      135      255.8    0.2956       8    477.330      3.269      -
      136      248.8    0.3044       8    477.330      3.269      -
      137      518.6    0.3600       8    477.330      3.269      -
      138      244.9    0.2966       8    494.220      3.185      -
      139      262.1    0.3034       8    494.220      3.185      -
      140      504.3    0.3600       8    494.220      3.185      -
      141      260.3    0.2800       8    489.979      3.180      -
      142      248.6    0.3200       8    489.979      3.180      -
      143      521.4    0.3579       8    489.979      3.180      -
      144      249.4    0.2883       8    498.303      2.956      -
      145      258.4    0.3317       8    498.303      2.956      -
      146      497.3    0.3421       8    498.303      2.956      -
      147      252.7    0.2548       8    479.515      3.069      -
      148      252.2    0.0340       8    479.515      3.069      -
      149      517.7    0.3445       8    479.515      3.069      -
      150      252.2    0.2908       8    496.619      2.974      -
      151      256.3    0.3314       8    496.619      2.974      -
      152      499.9    0.3486       8    496.619      2.974      -
      153      252.2    0.2960       8    482.950      2.862      -
      154      252.2    0.3040       8    482.950      2.862      -
      155      520.2    0.3441       8    482.950      2.862      -
      156      246.6    0.2959       8    497.214      3.021      -
      157      256.6    0.3200       8    497.214      3.021      -
      158      499.4    0.3595       8    497.214      3.021      -
      159      255.7    0.2896       8    481.967      3.212      -
      160      252.9    0.3109       8    481.967      3.212      -
      161      556.4    0.3414       8    481.967      3.212  1/1/1
      162      210.9    0.2769       8    498.151     34.782      -
      163      259.5    0.0308       8    498.151     34.782      -
      164      494.4    0.3369       8    498.151     34.782      -
      165      544.4    0.2867       8    521.426      2.822      -
      166      250.7    0.3200       8    521.426      2.822      -
      167      260.1    0.3200       8    521.426      2.822      -
      168      253.2    0.3228       8    236.679      2.910      -
      169      748.3    0.3535       8    236.679      2.910      -
      170      245.7    0.2837       8    724.862      3.129      -
      171      256.3    0.3285       8    724.862      3.129      -
      172      516.1    0.3115       8    724.862      3.129      -
      173      252.3    0.3297       8    498.253      3.084      -
      174      253.1    0.3317       8    498.253      3.084      -
      175      502.6    0.3219       8    498.253      3.084      -
      176      251.9    0.2967       8    480.981      3.058      -
      177      255.7    0.3126       8    480.981      3.058      -
      178      515.1    0.0779       8    480.981      3.058      -
      179      252.0    0.2910       8    498.125      2.988      -
      180      253.2    0.3305       8    498.125      2.988      -
      181      505.6    0.3434       8    498.125      2.988      -
      182      245.7    0.2800       8    481.920      3.101      -
      183      256.8    0.3200       8    481.920      3.101      -
      184      515.3    0.3538       8    481.920      3.101      -
      185      252.4    0.2862       8    498.367      2.972      -
      186      251.2    0.3215       8    498.367      2.972      -
      187      503.3    0.3585       8    498.367      2.972      -
      188      253.7    0.2981       8    483.131      3.097      -
      189      257.9    0.3019       8    483.131      3.097      -
      190      249.2    0.3200       8    483.131      3.097      -
      191      257.8    0.3400       8    237.690      3.001      -
      192      505.1    0.3178       8    237.690      3.001      -
      193      264.5    0.1072       8    237.690      3.001      -
      194      245.7    0.2697       8    487.818      2.947      -
      195      517.2    0.3355       8    487.818      2.947      -
      196      242.6    0.2942       8    487.818      2.947      -
      197      268.6    0.3283       8    487.402      2.916      -
      198      495.8    0.3403       8    487.402      2.916      -
      199      264.7    0.2914       8    487.402      2.916      -
      200      244.7    0.3321       8    487.895      3.017      -
      201      517.8    0.3360       8    487.895      3.017      -
      202      240.2    0.2919       8    487.895      3.017      -
      203      258.2    0.3263       8    488.079      3.016      -
      204      493.7    0.3491       8    488.079      3.016      -
      205      556.1    0.2846       8    488.079      3.016      -
      206      491.0    0.3200       8    535.460      2.991      -
      207      254.3    0.3200       8    535.460      2.991      -
      208      253.0    0.1725       8    234.967      2.944      -
      209      252.7    0.2354       8    234.967      2.944      -
      210      789.6    0.3351       8    234.967      2.944      -
      211      531.5    0.3147       8    770.801      3.139      -
      212      249.2    0.3209       8    231.145      2.864      -
      213      256.8    0.3342       8    231.145      2.864      -
      214      509.0    0.2867       8    231.145      2.864      -
      215      255.4    0.3200       8    492.107      2.984      -
      216      251.5    0.3200       8    492.107      2.984      -
      217      513.1    0.3420       8    492.107      2.984      -
      218      248.2    0.2980       8    492.275      2.988      -
      219      258.6    0.3200       8    492.275      2.988      -
      220      507.5    0.3416       8    492.275      2.988      -
      221      255.2    0.2984       8    490.668      2.874      -
      222      255.3    0.3200       8    490.668      2.874      -
      223      509.3    0.2127       8    490.668      2.874      -
      224      252.9    0.1872       8    489.101      3.406      -
      225      257.0    0.3287       8    489.101      3.406      -
      226      512.1    0.3513       8    489.101      3.406  1/1/0
      227      238.4    0.2908       8    481.637     15.174      -
      228      256.6    0.3092       8    481.637     15.174      -
      229      512.1    0.3600       8    481.637     15.174      -
      230      256.4    0.2800       8    491.002      3.090      -
      231      259.5    0.3200       8    491.002      3.090      -
      232      507.7    0.3549       8    491.002      3.090      -
      233      254.2    0.2851       8    490.874      3.528      -
      234      251.6    0.3264       8    490.874      3.528      -
      235      520.8    0.3136       8    490.874      3.528      -
      236      248.4    0.3268       8    496.478      3.008      -
      237      253.6    0.3293       8    496.478      3.008      -
      238      512.5    0.2281       8    496.478      3.008      -
      239      252.1    0.1540       8    495.640      3.030      -
      240      251.9    0.3288       8    495.640      3.030      -
      241      505.6    0.3216       8    495.640      3.030      -
      242      245.9    0.2942       8    482.243      2.908      -
      243      255.9    0.3200       8    482.243      2.908      -
      244      519.3    0.3200       8    482.243      2.908      -
      245      252.0    0.3284       8    502.547      3.077      -
      246      253.2    0.3318       8    502.547      3.077      -
      247      504.1    0.3208       8    502.547      3.077      -
      248      247.4    0.2990       8    481.764      2.838      -
      249      256.0    0.3200       8    481.764      2.838      -
      250      515.7    0.3556       8    481.764      2.838      -
      251      256.8    0.2903       8    498.543      3.061      -
      252      251.5    0.3290       8    498.543      3.061      -
      253      505.3    0.2693       8    498.543      3.061      -
      254      249.1    0.0986       8    482.919      2.833      -
      255      250.4    0.3200       8    482.919      2.833      -
      256      249.3    0.3200       8    482.919      2.833      -
      257      252.0    0.3200       8    231.765      3.173      -
      258      250.0    0.3200       8    231.765      3.173      -
      259      261.1    0.3200       8    231.765      3.173      -
      260      509.1    0.3576       8    231.765      3.173      -
      261      252.8    0.2824       8    498.278      2.938      -
      262      251.8    0.3304       8    498.278      2.938      -
      263      532.6    0.3496       8    498.278      2.938      -
      264      218.2    0.2920       8    481.521      2.915      -
      265      256.2    0.3080       8    481.521      2.915      -
      266      515.4    0.3431       8    481.521      2.915      -
      267      252.1    0.2969       8    498.315      3.010      -
      268      249.2    0.2839       8    498.315      3.010      -
      269      255.6    0.0231       8    498.315      3.010      -
  period between stalls: mean 0.35 s over 267 gaps (min 0.21, max 0.79)
  GC collections in the whole window (gen0/1/2): 4/4/2

==============================================================================
FILE     stall-mobile-nvidia.csv
frames   271 over 92.8 s     p50 256.068 ms   p95 519.825 ms   p99 571.962 ms   max 741.750 ms
stalls   269 frames over 100 ms; 92.80 s of the 92.8 s window (100.0 %) is inside them

  frame-time histogram (log-spaced bins)
       2 - 4      ms |      1  0.37%  #
       8 - 12     ms |      1  0.37%  #
     100 - 200    ms |      1  0.37%  #
     200 - 400    ms |    174 64.21%  #######################################
     400 - 500    ms |     18  6.64%  ####
     500 - 600    ms |     74 27.31%  ################
     600 - 800    ms |      2  0.74%  #

  every stall frame, and what it was
    frame   frame_ms    step_m   ticks    proc_ms    phys_ms     gc
        0      492.7    0.3416       8   1059.554      3.080      -
        3      463.0    0.6531       8      3.279     15.791  1/1/0
        4      223.8    0.2963       8      3.279     15.791      -
        5      508.5    0.3596       8      3.279     15.791      -
        6      514.8    0.2804       8    497.570     13.546      -
        7      255.6    0.3237       8    497.570     13.546      -
        8      249.3    0.3322       8    235.442      3.021      -
        9      513.1    0.3041       8    235.442      3.021      -
       10      250.0    0.3244       8    235.442      3.021      -
       11      256.1    0.3326       8    492.214      3.623      -
       12      511.3    0.3030       8    492.214      3.623      -
       13      255.1    0.3232       8    492.214      3.623      -
       14      249.9    0.3339       8    490.991      3.290      -
       15      501.2    0.3430       8    490.991      3.290      -
       16      243.9    0.2873       8    490.991      3.290      -
       17      258.8    0.3127       8    474.548      3.657      -
       18      507.2    0.3600       8    474.548      3.657      -
       19      252.0    0.2861       8    474.548      3.657      -
       20      253.1    0.3315       8    489.306      3.182      -
       21      515.0    0.3024       8    489.306      3.182      -
       22      245.3    0.3217       8    489.306      3.182      -
       23      255.1    0.2719       8    490.435      3.375      -
       24      252.2    0.1480       8    490.435      3.375      -
       25      258.4    0.3300       8    490.435      3.375      -
       26      500.3    0.2893       8    490.435      3.375      -
       27      257.6    0.3301       8    482.360      3.168      -
       28      248.5    0.3253       8    482.360      3.168      -
       29      517.8    0.3046       8    482.360      3.168      -
       30      251.4    0.3200       8    496.263      3.190      -
       31      253.8    0.3200       8    496.263      3.190      -
       32      537.3    0.3596       8    519.332      3.135      -
       33      474.8    0.2964       8    519.332      3.135      -
       34      249.5    0.3211       8    453.905      3.039      -
       35      257.0    0.3331       8    453.905      3.039      -
       36      509.1    0.2899       8    453.905      3.039      -
       37      254.3    0.3200       8    490.567      3.265      -
       38      254.4    0.3200       8    490.567      3.265      -
       39      508.5    0.2505       8    490.567      3.265      -
       40      249.8    0.1665       8    487.501      3.185      -
       41      259.9    0.3033       8    487.501      3.185      -
       42      505.2    0.3600       8    487.501      3.185      -
       43      255.6    0.2952       8    487.791      3.211      -
       44      251.2    0.3048       8    487.791      3.211      -
       45      514.3    0.3600       8    487.791      3.211      -
       46      247.8    0.2986       8    492.302      3.514      -
       47      261.6    0.3014       8    492.302      3.514      -
       48      501.2    0.3600       8    492.302      3.514      -
       49      254.8    0.2912       8    484.078      3.495      -
       50      251.8    0.3088       8    484.078      3.495      -
       51      512.2    0.3600       8    484.078      3.495      -
       52      249.1    0.2921       8    490.982      3.138      -
       53      262.0    0.3079       8    490.982      3.138      -
       54      491.5    0.2754       8    490.982      3.138      -
       55      539.1    0.1150       8    515.422      3.264      -
       56      517.1    0.3287       8    515.422      3.264      -
       57      741.8    0.2865       8    720.486      3.048      -
       58      248.8    0.3311       8    720.486      3.048      -
       59      258.6    0.3319       8    234.591      3.410      -
       60      506.5    0.2970       8    234.591      3.410      -
       61      251.7    0.3298       8    234.591      3.410      -
       62      254.6    0.3350       8    491.577      3.101      -
       63      497.9    0.3352       8    491.577      3.101      -
       64      530.9    0.2800       8    491.577      3.101      -
       65      257.8    0.3200       8    512.079      3.184      -
       66      247.0    0.3200       8    512.079      3.184      -
       67      518.2    0.3458       8    512.079      3.184      -
       68      317.4    0.2942       8    497.277      3.129      -
       69      257.3    0.2839       8    497.277      3.129      -
       70      565.3    0.0487       8    543.887      3.038      -
       71      513.6    0.2896       8    543.887      3.038      -
       72      687.5    0.3200       8    669.614      3.341      -
       73      519.6    0.3299       8    669.614      3.341      -
       74      572.0    0.3381       8    554.465      3.134      -
       75      252.1    0.2920       8    554.465      3.134      -
       76      251.5    0.3200       8    233.738      3.167      -
       77      516.4    0.3471       8    233.738      3.167      -
       78      248.8    0.2929       8    233.738      3.167      -
       79      278.3    0.3207       8    493.501      3.152  1/1/1
       80      486.2    0.3459       8    493.501      3.152      -
       81      252.2    0.2934       8    493.501      3.152      -
       82      252.0    0.3200       8    467.975     24.446      -
       83      515.6    0.3455       8    467.975     24.446      -
       84      246.0    0.2729       8    467.975     24.446      -
       85      256.6    0.0308       8    492.280      3.020      -
       86      507.8    0.3260       8    492.280      3.020      -
       87      255.3    0.2976       8    492.280      3.020      -
       88      253.9    0.3229       8    494.777      2.947      -
       89      514.3    0.3447       8    494.777      2.947      -
       90      249.7    0.2925       8    491.264      2.967      -
       91      260.0    0.3288       8    491.264      2.967      -
       92      502.5    0.3376       8    491.264      2.967      -
       93      251.9    0.2936       8    488.348      3.094      -
       94      254.8    0.3205       8    488.348      3.094      -
       95      515.2    0.3439       8    488.348      3.094      -
       96      245.5    0.2956       8    489.949      2.999      -
       97      256.5    0.3200       8    489.949      2.999      -
       98      248.5    0.3200       8    489.949      2.999      -
       99      255.6    0.3165       8    489.949      2.999      -
      100      551.1    0.0741       8    531.544      3.294      -
      101      499.5    0.2962       8    531.544      3.294      -
      102      248.6    0.3206       8    478.965      3.181      -
      103      258.7    0.3321       8    478.965      3.181      -
      104      495.4    0.3362       8    478.965      3.181      -
      105      251.3    0.2992       8    477.219      3.145      -
      106      253.0    0.3008       8    477.219      3.145      -
      107      517.4    0.3414       8    477.219      3.145      -
      108      246.5    0.2986       8    493.366      3.127      -
      109      260.3    0.3200       8    493.366      3.127      -
      110      506.3    0.3425       8    493.366      3.127      -
      111      250.8    0.2975       8    491.762      3.270      -
      112      255.0    0.3200       8    491.762      3.270      -
      113      514.6    0.3416       8    491.762      3.270      -
      114      244.9    0.2948       8    490.583      3.213      -
      115      259.6    0.1286       8    490.583      3.213      -
      116      511.0    0.2893       8    490.583      3.213      -
      117      251.4    0.2901       8    496.287      3.129      -
      118      252.0    0.3200       8    496.287      3.129      -
      119      517.9    0.3582       8    496.287      3.129      -
      120      249.3    0.2818       8    497.223      3.039      -
      121      255.4    0.3290       8    497.223      3.039      -
      122      499.7    0.3510       8    497.223      3.039      -
      123      255.0    0.2800       8    481.957      2.908      -
      124      252.3    0.3200       8    481.957      2.908      -
      125      518.4    0.3496       8    481.957      2.908      -
      126      248.8    0.2904       8    497.427      3.049      -
      127      256.1    0.3200       8    497.427      3.049      -
      128      499.7    0.3600       8    497.427      3.049      -
      129      251.1    0.2835       8    481.547      3.025      -
      130      253.1    0.1666       8    481.547      3.025      -
      131      516.7    0.2246       8    481.547      3.025      -
      132      248.7    0.3318       8    496.070      3.023      -
      133      254.3    0.3269       8    496.070      3.023      -
      134      516.5    0.3215       8    496.070      3.023      -
      135      251.6    0.2998       8    498.351      3.053      -
      136      252.5    0.3200       8    498.351      3.053      -
      137      502.9    0.3536       8    498.351      3.053      -
      138      251.1    0.2883       8    481.689      3.068      -
      139      257.7    0.3273       8    481.689      3.068      -
      140      513.0    0.3108       8    481.689      3.068      -
      141      256.1    0.3200       8    498.788      2.983      -
      142      253.1    0.3200       8    498.788      2.983      -
      143      501.5    0.3514       8    498.788      2.983      -
      144      249.3    0.2886       8    480.265      3.193      -
      145      254.5    0.2131       8    480.265      3.193      -
      146      514.7    0.1875       8    480.265      3.193      -
      147      255.6    0.3292       8    497.076      3.036      -
      148      252.1    0.3303       8    497.076      3.036      -
      149      502.0    0.3211       8    497.076      3.036      -
      150      248.8    0.2994       8    481.381      2.962      -
      151      259.1    0.3200       8    481.381      2.962      -
      152      511.5    0.3488       8    481.381      2.962      -
      153      251.7    0.2912       8    496.831      3.008      -
      154      252.4    0.3201       8    496.831      3.008      -
      155      518.2    0.3199       8    496.831      3.008      -
      156      249.1    0.3217       8    497.484      3.098      -
      157      255.1    0.3292       8    497.484      3.098      -
      158      499.8    0.3491       8    497.484      3.098      -
      159      253.2    0.2950       8    482.427      3.007      -
      160      251.7    0.2292       8    482.427      3.007      -
      161      555.6    0.1604       8    482.427      3.007  2/2/1
      162      209.8    0.2982       8    496.032     40.074      -
      163      255.8    0.3200       8    496.032     40.074      -
      164      514.8    0.3527       8    496.032     40.074      -
      165      254.1    0.2873       8    497.821      2.860      -
      166      248.8    0.3200       8    497.821      2.860      -
      167      257.3    0.3267       8    497.821      2.860      -
      168      253.5    0.3326       8    236.837      2.978      -
      169      506.9    0.3373       8    236.837      2.978      -
      170      249.7    0.2834       8    236.837      2.978      -
      171      254.0    0.3258       8    485.860      3.067      -
      172      508.2    0.3449       8    485.860      3.067      -
      173      255.4    0.2892       8    485.860      3.067      -
      174      251.5    0.3270       8    491.242      2.924      -
      175      513.2    0.2747       8    491.242      2.924      -
      176      252.5    0.1010       8    491.242      2.924      -
      177      258.0    0.3330       8    492.606      3.053      -
      178      501.6    0.3297       8    492.606      3.053      -
      179      258.9    0.2924       8    492.606      3.053      -
      180      250.1    0.3295       8    484.446      3.027      -
      181      511.0    0.3387       8    484.446      3.027      -
      182      247.6    0.2919       8    488.935      3.051      -
      183      257.1    0.3231       8    488.935      3.051      -
      184      509.0    0.3447       8    488.935      3.051      -
      185      254.6    0.2922       8    491.537      3.068      -
      186      251.3    0.3224       8    491.537      3.068      -
      187      503.6    0.3510       8    491.537      3.068      -
      188      245.6    0.2867       8    477.033      2.934      -
      189      255.2    0.3271       8    477.033      2.934      -
      190      509.3    0.2936       8    477.033      2.934      -
      191      254.9    0.0399       8    489.843      3.125      -
      192      253.9    0.3262       8    489.843      3.125      -
      193      509.8    0.3397       8    489.843      3.125      -
      194      249.5    0.2894       8    486.698      3.075      -
      195      256.0    0.3297       8    486.698      3.075      -
      196      505.3    0.3373       8    486.698      3.075      -
      197      258.6    0.2930       8    488.205      2.885      -
      198      251.0    0.3290       8    488.205      2.885      -
      199      494.3    0.3432       8    488.205      2.885      -
      200      553.7    0.2878       8    535.172      3.000      -
      201      492.8    0.3200       8    535.172      3.000      -
      202      249.2    0.3200       8    472.584      2.965      -
      203      259.9    0.3200       8    472.584      2.965      -
      204      506.5    0.3448       8    472.584      2.965      -
      205      255.8    0.2735       8    492.186      3.048      -
      206      249.1    0.0308       8    492.186      3.048      -
      207      513.9    0.3294       8    492.186      3.048      -
      208      248.9    0.2942       8    493.297      2.935      -
      209      255.5    0.3200       8    493.297      2.935      -
      210      251.8    0.3240       8    493.297      2.935      -
      211      263.2    0.3300       8    493.297      2.935      -
      212      490.3    0.3460       8    482.330      3.033      -
      213      254.3    0.2995       8    482.330      3.033      -
      214      250.8    0.3005       8    482.330      3.033      -
      215      518.7    0.3462       8    498.185      2.911      -
      216      250.1    0.2938       8    498.185      2.911      -
      217      266.3    0.3229       8    498.185      2.911      -
      218      507.7    0.3171       8    497.743      2.894      -
      219      250.5    0.3252       8    497.743      2.894      -
      220      251.5    0.3138       8    497.743      2.894      -
      221      257.4    0.0570       8    237.125      3.197      -
      222      498.8    0.2977       8    237.125      3.197      -
      223      261.2    0.2928       8    237.125      3.197      -
      224      244.8    0.3227       8    481.357      3.012      -
      225      512.8    0.3461       8    481.357      3.012      -
      226      263.1    0.2912       8    481.357      3.012  1/1/0
      227      243.8    0.3262       8    492.191     14.869      -
      228      506.6    0.3402       8    492.191     14.869      -
      229      265.0    0.2937       8    489.910      2.829      -
      230      244.2    0.3295       8    489.910      2.829      -
      231      519.8    0.3396       8    489.910      2.829      -
      232      239.4    0.2909       8    490.159      2.880      -
      233      257.1    0.3237       8    490.159      2.880      -
      234      494.1    0.3493       8    490.159      2.880      -
      235      558.8    0.2834       8    536.292      2.805      -
      236      488.1    0.1286       8    536.292      2.805      -
      237      254.6    0.2594       8    471.221      2.968      -
      238      251.8    0.3200       8    471.221      2.968      -
      239      505.9    0.3483       8    471.221      2.968      -
      240      543.9    0.3305       8    535.776      2.872      -
      241      495.1    0.2812       8    535.776      2.872      -
      242      250.6    0.3200       8    474.175      3.023      -
      243      257.6    0.3200       8    474.175      3.023      -
      244      511.2    0.3474       8    474.175      3.023      -
      245      252.8    0.2926       8    491.164      3.088      -
      246      253.8    0.3200       8    491.164      3.088      -
      247      255.4    0.3269       8    491.164      3.088      -
      248      247.8    0.3300       8    491.164      3.088      -
      249      507.6    0.3241       8    482.324      3.795      -
      250      251.9    0.2990       8    482.324      3.795      -
      251      254.6    0.1723       8    482.324      3.795      -
      252      252.3    0.2385       8    232.565      3.121      -
      253      255.8    0.3083       8    232.565      3.121      -
      254      520.6    0.3494       8    232.565      3.121      -
      255      251.9    0.2906       8    498.962      3.873      -
      256      253.9    0.3200       8    498.962      3.873      -
      257      250.5    0.3268       8    498.962      3.873      -
      258      250.2    0.3300       8    498.962      3.873      -
      259      254.8    0.3280       8    231.957      3.567      -
      260      256.8    0.2952       8    231.957      3.567      -
      261      257.4    0.3280       8    231.957      3.567      -
      262      247.9    0.3300       8    231.957      3.567      -
      263      257.6    0.3272       8    232.913      3.962      -
      264      244.1    0.3280       8    232.913      3.962      -
      265      504.9    0.3085       8    232.913      3.962      -
      266      249.3    0.1914       8    481.375      5.111      -
      267      319.0    0.1875       8    481.375      5.111      -
      268      183.4    0.3200       8    481.375      5.111      -
      269      269.4    0.3300       8    481.375      5.111      -
      270      243.3    0.3280       8    233.238      4.743      -
  period between stalls: mean 0.34 s over 268 gaps (min 0.18, max 0.74)
  GC collections in the whole window (gen0/1/2): 5/5/2

==============================================================================
FILE     stall-novsync-nvidia.csv
frames   48780 over 54.6 s     p50 0.452 ms   p95 0.700 ms   p99 3.379 ms   max 534.260 ms
stalls   52 frames over 100 ms; 26.98 s of the 54.6 s window (49.4 %) is inside them

  frame-time histogram (log-spaced bins)
       0 - 1      ms |  46867 96.08%  ##########################################################
       1 - 2      ms |     36  0.07%  #
       2 - 4      ms |   1739  3.56%  ##
       4 - 8      ms |     71  0.15%  #
       8 - 12     ms |      7  0.01%  #
      12 - 14     ms |      1  0.00%  #
      16 - 18     ms |      1  0.00%  #
      18 - 20     ms |      1  0.00%  #
      20 - 25     ms |      1  0.00%  #
      25 - 33     ms |      1  0.00%  #
      33 - 50     ms |      2  0.00%  #
      50 - 100    ms |      1  0.00%  #
     400 - 500    ms |      6  0.01%  #
     500 - 600    ms |     46  0.09%  #

  every stall frame, and what it was
    frame   frame_ms    step_m   ticks    proc_ms    phys_ms     gc
      352      521.9    0.3296       8     78.883     18.396      -
      358      498.4    0.3305       8     78.883     18.396      -
     1280      525.3    0.3477       8    499.482     10.979      -
     2159      510.3    0.3294       8    502.942      3.214      -
     2180      520.8    0.3205       8    487.197      3.224      -
     2186      494.1    0.3284       8    487.197      3.224      -
     3109      519.6    0.2694       8    499.904      3.142      -
     4031      526.7    0.3089       8    500.026      3.147      -
     4954      533.5    0.3353       8    502.115      3.197      -
     6990      526.5    0.3107       8      2.692      3.386      -
     7736      520.6    0.3203       8    505.256      3.256      -
     8491      524.0    0.3273       8    499.595      3.398      -
     9353      528.2    0.1765       8    502.715      3.280      -
    10205      524.3    0.3175       8    499.383      3.323      -
    11096      521.5    0.3211       8    498.930      3.282      -
    12006      524.1    0.0514       8    499.970      3.178      -
    12874      522.4    0.3254       8    502.944      3.031      -
    13808      521.0    0.3219       8    502.198     22.655      -
    14751      506.8    0.2302       8    500.753      2.907      -
    14783      515.2    0.2971       8    486.347      2.902      -
    14789      494.0    0.3300       8    486.347      2.902      -
    15735      525.0    0.3236       8    496.423      3.200      -
    16592      519.8    0.3188       8    501.051      2.989      -
    17401      523.6    0.3284       8    499.113      3.216      -
    18211      523.2    0.3279       8    502.769      2.960      -
    22225      525.7    0.3235       8      2.515      3.108      -
    23133      525.1    0.2736       8    501.183      3.272      -
    24044      523.1    0.3267       8    501.245      2.945      -
    24962      524.2    0.3232       8    502.342      3.014      -
    25883      521.2    0.3175       8    501.273      3.265      -
    26804      507.9    0.3287       8    500.132      3.146      -
    27755      472.4    0.3406       8    486.785      3.339      -
    28544      516.9    0.3383       8    450.218     37.339      -
    29306      519.1    0.3181       8    494.165      3.214      -
    30110      526.5    0.3223       8    498.625      3.166      -
    30962      525.1    0.3263       8    500.736      2.950      -
    31882      523.5    0.3267       8    502.473      2.941      -
    32796      526.1    0.3188       8    502.694      2.949      -
    33699      527.9    0.3240       8    498.608      3.146      -
    34568      524.3    0.3252       8    501.186      3.240      -
    35448      517.2    0.3096       8    501.766      3.261      -
    36365      526.8    0.3304       8    495.603      3.166      -
    37301      528.9    0.3246       8    503.932      3.083      -
    38162      521.9    0.3204       8    501.581      2.947      -
    39004      521.4    0.3224       8    499.985     29.048      -
    39815      523.4    0.3241       8    500.685      3.098      -
    40617      511.0    0.3362       8    501.415      3.149      -
    42733      497.9    0.3567       8      2.238      3.016      -
    42756      520.4    0.3133       8      2.238      3.016      -
    42762      497.1    0.3455       8    499.978      3.251      -
    43670      517.7    0.3592       8    477.532      2.979      -
    44582      534.3    0.2929       8    497.231      2.986      -
  period between stalls: mean 1.01 s over 51 gaps (min 0.50, max 2.77)
  GC collections in the whole window (gen0/1/2): 5/5/2

==============================================================================
FILE     stall-nvidia-novsync-FG.csv
frames   50541 over 51.0 s     p50 0.453 ms   p95 0.713 ms   p99 3.433 ms   max 530.968 ms
stalls   43 frames over 100 ms; 22.16 s of the 51.0 s window (43.5 %) is inside them

  frame-time histogram (log-spaced bins)
       0 - 1      ms |  48566 96.09%  ##########################################################
       1 - 2      ms |     68  0.13%  #
       2 - 4      ms |   1759  3.48%  ##
       4 - 8      ms |     85  0.17%  #
       8 - 12     ms |     13  0.03%  #
      16 - 18     ms |      1  0.00%  #
      18 - 20     ms |      1  0.00%  #
      25 - 33     ms |      2  0.00%  #
      33 - 50     ms |      3  0.01%  #
     400 - 500    ms |      3  0.01%  #
     500 - 600    ms |     40  0.08%  #

  every stall frame, and what it was
    frame   frame_ms    step_m   ticks    proc_ms    phys_ms     gc
      798      531.0    0.3343       8     83.144     14.207      -
     4022      519.1    0.3528       8      3.184      2.938      -
     4948      523.1    0.3533       8    497.814      3.121      -
     5872      521.9    0.3523       8    498.121      3.139      -
     8389      526.2    0.3532       8      2.639      3.401      -
     9146      523.5    0.3539       8    501.046      3.107      -
    13110      524.3    0.3533       8      2.552      3.467      -
    13116      496.5    0.3364       8    499.484      3.225      -
    14005      514.6    0.3413       8    473.461      3.416      -
    14851      526.0    0.3327       8    492.178      4.553      -
    16617      520.5    0.3207       8    505.233     25.459      -
    16623      514.2    0.3378       8    499.707      4.382      -
    16682      519.9    0.3476       8    499.707      4.382      -
    17617      522.1    0.3507       8    499.367      3.059      -
    19303      503.5    0.3214       8      2.461      3.094      -
    19310      512.8    0.3405       8      2.461      3.094      -
    21714      515.3    0.3073       8      2.437      3.060      -
    22642      522.0    0.3156       8    494.288      3.288      -
    25435      522.3    0.3167       8      2.133      2.869      -
    28980      508.3    0.3237       8      2.111      3.222      -
    28986      503.0    0.3415       8      2.111      3.222      -
    29869      507.3    0.3381       8    484.421      3.212      -
    31530      511.3    0.3420       8      2.423      2.835      -
    32343      508.6    0.3414       8    492.445      2.935      -
    33162      523.3    0.2685       8    488.172      3.022      -
    33168      496.0    0.2273       8    499.841      2.815      -
    34084      524.8    0.3300       8    476.883      3.012      -
    35005      516.7    0.3450       8    504.112      2.950      -
    36819      519.0    0.3496       8    495.626      3.111      -
    36825      485.8    0.3490       8    500.050      3.173      -
    37752      518.4    0.3490       8    472.460      2.902      -
    39636      505.6    0.3567       8    497.352      3.133      -
    39651      512.8    0.3364       8    482.803      3.418      -
    40520      518.4    0.3479       8    493.568      3.043      -
    41334      516.6    0.1233       8    497.996     28.830      -
    42132      520.8    0.3567       8    495.595      3.254      -
    42929      520.1    0.3546       8    499.808      3.219      -
    44696      517.8    0.3496       8    499.646      2.935      -
    44702      505.3    0.3491       8    498.761      3.001      -
    45625      522.2    0.3557       8    487.599      2.972      -
    48388      523.6    0.3503       8      5.567      3.003      -
    50205      507.4    0.3282       8    499.705      3.098      -
    50233      513.1    0.3239       8    486.715      3.224      -
  period between stalls: mean 1.18 s over 42 gaps (min 0.50, max 2.85)
  GC collections in the whole window (gen0/1/2): 5/5/2

==============================================================================
FILE     stall-nvidia-novsync-FOCUSED.csv
frames   55198 over 45.5 s     p50 0.453 ms   p95 0.739 ms   p99 3.423 ms   max 541.945 ms
stalls   27 frames over 100 ms; 14.00 s of the 45.5 s window (30.8 %) is inside them

  frame-time histogram (log-spaced bins)
       0 - 1      ms |  53061 96.13%  ##########################################################
       1 - 2      ms |     80  0.14%  #
       2 - 4      ms |   1952  3.54%  ##
       4 - 8      ms |     61  0.11%  #
       8 - 12     ms |      9  0.02%  #
      12 - 14     ms |      1  0.00%  #
      16 - 18     ms |      1  0.00%  #
      18 - 20     ms |      1  0.00%  #
      25 - 33     ms |      2  0.00%  #
      33 - 50     ms |      1  0.00%  #
      50 - 100    ms |      2  0.00%  #
     400 - 500    ms |      1  0.00%  #
     500 - 600    ms |     26  0.05%  #

  every stall frame, and what it was
    frame   frame_ms    step_m   ticks    proc_ms    phys_ms     gc
     1182      523.5    0.3533       8     77.462     18.657      -
     4911      529.7    0.2458       8      2.337      3.379      -
     9442      522.1    0.3240       8      2.292      2.995      -
    12149      514.7    0.3470       8      2.524      3.966      -
    13071      517.2    0.3560       8    495.242      3.143      -
    13952      524.9    0.2838       8    495.927      3.193      -
    14825      528.3    0.2814       8    502.588      3.171      -
    17478      518.1    0.1547       8      2.707     25.132      -
    20251      520.9    0.3504       8      2.528      3.170      -
    22588      509.6    0.3303       8      2.793      3.631      -
    24243      516.6    0.3568       8    487.570      3.105      -
    26033      517.1    0.3058       8      2.610      3.122      -
    26909      516.7    0.3346       8    494.040      3.100      -
    29590      521.8    0.3241       8      3.277      3.210      -
    31394      518.0    0.3488       8    498.261      3.162      -
    31400      493.1    0.3490       8    498.662      3.244      -
    33760      525.9    0.3451       8      8.420     25.598      -
    37555      522.0    0.3469       8      2.729      4.088      -
    41299      515.8    0.3329       8      2.236      2.790      -
    41305      508.6    0.3520       8    496.579      2.928      -
    42239      514.8    0.3380       8    487.686      2.964      -
    43176      515.1    0.3429       8    490.788      2.999      -
    48109      541.9    0.1218       8     72.725      2.971  1/1/0
    48981      512.9    0.3425       8    502.084     22.129      -
    50843      510.9    0.3271       8      2.201      2.893      -
    51762      519.1    0.3170       8    491.805      2.972      -
    52647      517.5    0.3362       8    498.556      3.285      -
  period between stalls: mean 1.65 s over 26 gaps (min 0.50, max 3.54)
  GC collections in the whole window (gen0/1/2): 5/5/2

==============================================================================
FILE     stall-nvidia-vsync-FG.csv
frames   270 over 90.9 s     p50 255.414 ms   p95 524.022 ms   p99 717.888 ms   max 792.228 ms
stalls   268 frames over 100 ms; 90.86 s of the 90.9 s window (99.9 %) is inside them

  frame-time histogram (log-spaced bins)
       8 - 12     ms |      1  0.37%  #
      33 - 50     ms |      1  0.37%  #
     200 - 400    ms |    183 67.78%  #########################################
     400 - 500    ms |     19  7.04%  ####
     500 - 600    ms |     61 22.59%  ##############
     600 - 800    ms |      5  1.85%  #

  every stall frame, and what it was
    frame   frame_ms    step_m   ticks    proc_ms    phys_ms     gc
        2      396.0    0.7464       8    606.270     15.016  1/1/0
        3      220.4    0.2865       8    606.270     15.016      -
        4      260.3    0.3246       8    606.270     15.016      -
        5      247.0    0.3286       8    606.270     15.016      -
        6      252.4    0.3003       8    232.681     17.822      -
        7      504.1    0.3496       8    232.681     17.822      -
        8      250.0    0.2904       8    232.681     17.822      -
        9      248.7    0.3200       8    481.437      3.403      -
       10      256.7    0.3262       8    481.437      3.403      -
       11      253.6    0.3138       8    481.437      3.403      -
       12      515.3    0.3600       8    481.437      3.403      -
       13      244.6    0.2849       8    490.619      3.074      -
       14      256.5    0.3224       8    490.619      3.074      -
       15      250.9    0.3304       8    490.619      3.074      -
       16      252.1    0.3300       8    231.904      3.222      -
       17      250.5    0.2922       8    231.904      3.222      -
       18      252.9    0.3308       8    231.904      3.222      -
       19      499.0    0.3418       8    231.904      3.222      -
       20      524.0    0.3256       8    499.713      3.158      -
       21      688.2    0.3042       8    499.713      3.158      -
       22      256.9    0.2674       8    673.912      2.962      -
       23      252.6    0.0792       8    673.912      2.962      -
       24      518.6    0.3159       8    497.201      3.004      -
       25      247.9    0.3245       8    497.201      3.004      -
       26      260.4    0.3317       8    497.201      3.004      -
       27      249.0    0.3307       8    235.609      3.012      -
       28      257.5    0.3226       8    235.609      3.012      -
       29      249.3    0.2906       8    235.609      3.012      -
       30      257.4    0.3300       8    235.609      3.012      -
       31      495.5    0.3500       8    478.270      3.191      -
       32      252.6    0.2910       8    478.270      3.191      -
       33      249.1    0.3215       8    478.270      3.191      -
       34      258.0    0.3075       8    233.674      3.078      -
       35      245.4    0.3225       8    233.674      3.078      -
       36      254.8    0.3223       8    233.674      3.078      -
       37      253.5    0.3333       8    233.674      3.078      -
       38      512.2    0.2575       8    490.900      3.252      -
       39      253.1    0.0952       8    490.900      3.252      -
       40      258.3    0.3334       8    490.900      3.252      -
       41      503.8    0.3347       8    486.357      3.086      -
       42      256.0    0.2919       8    486.357      3.086      -
       43      250.2    0.3230       8    486.357      3.086      -
       44      512.4    0.3405       8    489.321      3.399      -
       45      247.9    0.2965       8    489.321      3.399      -
       46      258.3    0.3221       8    489.321      3.399      -
       47      508.1    0.3449       8    490.665      3.088      -
       48      258.8    0.2930       8    490.665      3.088      -
       49      253.0    0.3327       8    490.665      3.088      -
       50      504.4    0.3292       8    483.673      3.154      -
       51      249.3    0.2981       8    483.673      3.154      -
       52      253.2    0.3200       8    232.376      3.014      -
       53      253.4    0.2838       8    232.376      3.014      -
       54      257.6    0.0321       8    232.376      3.014      -
       55      495.7    0.3465       8    232.376      3.014      -
       56      504.9    0.2800       8    483.593      3.133      -
       57      717.9    0.3420       8    483.593      3.133      -
       58      523.8    0.2980       8    700.235      3.006      -
       59      618.2    0.3200       8    603.799      2.936      -
       60      256.0    0.3239       8    603.799      2.936      -
       61      245.8    0.3225       8    603.799      2.936      -
       62      253.2    0.3243       8    232.221      3.052      -
       63      251.9    0.3273       8    232.221      3.052      -
       64      534.0    0.3020       8    232.221      3.052      -
       65      251.2    0.3200       8    512.660      3.036      -
       66      257.7    0.3200       8    512.660      3.036      -
       67      516.3    0.3200       8    512.660      3.036      -
       68      253.1    0.3000       8    502.061      3.035      -
       69      253.1    0.0165       8    502.061      3.035      -
       70      526.3    0.3257       8    502.061      3.035      -
       71      487.4    0.2939       8    505.001      3.113      -
       72      255.3    0.3216       8    505.001      3.113      -
       73      248.9    0.3294       8    505.001      3.113      -
       74      259.6    0.3307       8    235.222      2.972      -
       75      792.2    0.2898       8    235.222      2.972      -
       76      523.3    0.3200       8    772.499      3.349      -
       77      247.4    0.3200       8    772.499      3.349      -
       78      278.6    0.3246       8    235.427      3.226  1/1/1
       79      476.5    0.3554       8    235.427      3.226      -
       80      253.8    0.2827       8    235.427      3.226      -
       81      252.4    0.3353       8    478.728      3.097      -
       82      507.8    0.3380       8    478.728      3.097      -
       83      249.8    0.2731       8    478.728      3.097      -
       84      251.7    0.0814       8    487.333      3.089      -
       85      253.2    0.2952       8    487.333      3.089      -
       86      255.6    0.3300       8    487.333      3.089      -
       87      537.5    0.3287       8    487.333      3.089      -
       88      485.6    0.2912       8    517.899      3.130      -
       89      250.4    0.3200       8    517.899      3.130      -
       90      257.4    0.3310       8    235.315      3.089      -
       91      507.7    0.3420       8    235.315      3.089      -
       92      251.6    0.2870       8    235.315      3.089      -
       93      250.8    0.3227       8    488.751      3.301      -
       94      520.0    0.3173       8    488.751      3.301      -
       95      249.2    0.3252       8    488.751      3.301      -
       96      255.6    0.3296       8    497.391      3.081      -
       97      498.2    0.3452       8    497.391      3.081      -
       98      256.6    0.2764       8    497.391      3.081      -
       99      250.6    0.1286       8    479.610      2.969      -
      100      519.3    0.2970       8    479.610      2.969      -
      101      250.9    0.2825       8    479.610      2.969      -
      102      258.2    0.3312       8    498.710      3.162      -
      103      497.2    0.3488       8    498.710      3.162      -
      104      262.1    0.2800       8    498.710      3.162      -
      105      248.4    0.3200       8    479.453      3.212      -
      106      517.7    0.3580       8    479.453      3.212      -
      107      251.8    0.2901       8    479.453      3.212      -
      108      254.8    0.3223       8    496.264      3.099      -
      109      496.8    0.3495       8    496.264      3.099      -
      110      253.8    0.2934       8    496.264      3.099      -
      111      253.5    0.3066       8    479.478      2.980      -
      112      517.4    0.3461       8    479.478      2.980      -
      113      255.4    0.2939       8    479.478      2.980      -
      114      256.2    0.1701       8    496.186      3.062      -
      115      497.3    0.2646       8    496.186      3.062      -
      116      255.7    0.2935       8    496.186      3.062      -
      117      248.2    0.3065       8    479.831      3.098      -
      118      518.1    0.3417       8    479.831      3.098      -
      119      248.6    0.2983       8    497.440      3.007      -
      120      253.0    0.3200       8    497.440      3.007      -
      121      249.9    0.3200       8    497.440      3.007      -
      122      253.2    0.3300       8    497.440      3.007      -
      123      251.7    0.3280       8    234.331      3.028      -
      124      255.2    0.3267       8    234.331      3.028      -
      125      500.4    0.3353       8    234.331      3.028      -
      126      254.8    0.2950       8    482.402      2.918      -
      127      247.0    0.3233       8    482.402      2.918      -
      128      253.1    0.3017       8    482.402      2.918      -
      129      249.0    0.2130       8    482.402      2.918      -
      130      256.0    0.1946       8    232.440      3.036      -
      131      246.8    0.3230       8    232.440      3.036      -
      132      252.8    0.3226       8    232.440      3.036      -
      133      249.7    0.3243       8    232.440      3.036      -
      134      253.0    0.3221       8    232.471      3.036      -
      135      248.6    0.3215       8    232.471      3.036      -
      136      256.0    0.3210       8    232.471      3.036      -
      137      246.9    0.3237       8    232.471      3.036      -
      138      251.9    0.3226       8    232.160      3.044      -
      139      249.1    0.3230       8    232.160      3.044      -
      140      256.1    0.3200       8    232.160      3.044      -
      141      253.9    0.3200       8    232.160      3.044      -
      142      501.1    0.3215       8    480.463      3.181      -
      143      519.1    0.3246       8    480.463      3.181      -
      144      591.1    0.2072       8    570.437      3.136      -
      145      254.5    0.1386       8    570.437      3.136      -
      146      255.8    0.3214       8    570.437      3.136      -
      147      504.2    0.3586       8    487.042      3.181      -
      148      252.7    0.2969       8    487.042      3.181      -
      149      252.5    0.3031       8    487.042      3.181      -
      150      515.9    0.3600       8    491.764      2.936      -
      151      245.2    0.2944       8    491.764      2.936      -
      152      260.8    0.3056       8    491.764      2.936      -
      153      505.7    0.3600       8    491.076      3.140      -
      154      252.6    0.2961       8    491.076      3.140      -
      155      253.8    0.3039       8    491.076      3.140      -
      156      514.5    0.3600       8    490.704      3.025      -
      157      248.2    0.2800       8    490.704      3.025      -
      158      257.8    0.3200       8    490.704      3.025      -
      159      506.6    0.2842       8    488.870      3.091      -
      160      295.5    0.0986       8    488.870      3.091  2/2/1
      161      215.0    0.3208       8    488.870      3.091      -
      162      506.1    0.3592       8    486.028     41.190      -
      163      254.2    0.2800       8    486.028     41.190      -
      164      257.7    0.3200       8    237.406      2.966      -
      165      504.9    0.3600       8    237.406      2.966      -
      166      252.8    0.2963       8    237.406      2.966      -
      167      255.6    0.3037       8    487.881      3.105      -
      168      509.3    0.3600       8    487.881      3.105      -
      169      247.7    0.2906       8    487.881      3.105      -
      170      258.7    0.3094       8    487.432      3.024      -
      171      510.3    0.3600       8    487.432      3.024      -
      172      252.9    0.2936       8    487.432      3.024      -
      173      252.5    0.3064       8    491.000      3.045      -
      174      510.6    0.3058       8    491.000      3.045      -
      175      248.6    0.0566       8    491.000      3.045      -
      176      258.4    0.3036       8    490.481      2.884      -
      177      507.9    0.3600       8    490.481      2.884      -
      178      252.0    0.2926       8    490.481      2.884      -
      179      254.2    0.3074       8    490.736      2.872      -
      180      516.1    0.3600       8    490.736      2.872      -
      181      247.9    0.2800       8    490.736      2.872      -
      182      258.3    0.3200       8    492.547      2.856      -
      183      505.0    0.3600       8    492.547      2.856      -
      184      253.8    0.2941       8    492.547      2.856      -
      185      252.2    0.3059       8    488.221      2.912      -
      186      514.1    0.3600       8    488.221      2.912      -
      187      253.0    0.2800       8    488.221      2.912      -
      188      252.7    0.3200       8    491.068      3.127      -
      189      499.0    0.3186       8    491.068      3.127      -
      190      252.1    0.0105       8    491.068      3.127      -
      191      252.9    0.3075       8    481.872      2.854      -
      192      520.1    0.3162       8    481.872      2.854      -
      193      247.0    0.3217       8    481.872      2.854      -
      194      254.8    0.3308       8    496.970      3.065      -
      195      498.4    0.3475       8    496.970      3.065      -
      196      255.8    0.2952       8    496.970      3.065      -
      197      249.0    0.3048       8    481.422      2.930      -
      198      518.9    0.3441       8    481.422      2.930      -
      199      248.0    0.2959       8    481.422      2.930      -
      200      259.2    0.3200       8    497.788      2.850      -
      201      510.9    0.3532       8    497.788      2.850      -
      202      252.4    0.2868       8    497.788      2.850      -
      203      252.8    0.3254       8    497.040      2.944      -
      204      505.9    0.3330       8    497.040      2.944      -
      205      245.9    0.0471       8    497.040      2.944      -
      206      256.8    0.2799       8    482.518      2.941      -
      207      515.3    0.3412       8    482.518      2.941      -
      208      255.2    0.2988       8    482.518      2.941      -
      209      252.6    0.3215       8    497.477      2.965      -
      210      503.5    0.3585       8    497.477      2.965      -
      211      251.8    0.2943       8    497.477      2.965      -
      212      255.9    0.3057       8    482.798      2.931      -
      213      516.3    0.3444       8    482.798      2.931      -
      214      254.8    0.2956       8    497.968      3.007      -
      215      252.6    0.3241       8    497.968      3.007      -
      216      505.7    0.3559       8    497.968      3.007      -
      217      245.2    0.2866       8    481.557      2.939      -
      218      258.9    0.3304       8    481.557      2.939      -
      219      512.5    0.2994       8    481.557      2.939      -
      220      255.4    0.1286       8    498.150      2.858      -
      221      249.1    0.2594       8    498.150      2.858      -
      222      502.4    0.3518       8    498.150      2.858      -
      223      249.0    0.2882       8    482.116      2.820      -
      224      259.0    0.3241       8    482.116      2.820      -
      225      528.8    0.3159       8    482.116      2.820  1/1/0
      226      235.7    0.3255       8    498.505     15.854      -
      227      252.5    0.3314       8    498.505     15.854      -
      228      519.0    0.3030       8    498.505     15.854      -
      229      248.2    0.3385       8    498.740      2.880      -
      230      257.0    0.3303       8    498.740      2.880      -
      231      499.7    0.3220       8    498.740      2.880      -
      232      252.0    0.2891       8    481.589      2.970      -
      233      252.0    0.3222       8    481.589      2.970      -
      234      519.4    0.3178       8    481.589      2.970      -
      235      247.5    0.1720       8    497.751      2.896      -
      236      254.3    0.2369       8    497.751      2.896      -
      237      515.5    0.3095       8    497.751      2.896      -
      238      251.0    0.3304       8    498.132      2.869      -
      239      249.1    0.3207       8    498.132      2.869      -
      240      255.4    0.3288       8    498.132      2.869      -
      241      252.6    0.3300       8    498.132      2.869      -
      242      508.2    0.2901       8    487.472      2.906      -
      243      255.3    0.3365       8    487.472      2.906      -
      244      256.3    0.3327       8    487.472      2.906      -
      245      489.3    0.3309       8    472.188      3.270      -
      246      556.2    0.3026       8    472.188      3.270      -
      247      490.9    0.3030       8    535.539      3.030      -
      248      252.0    0.3206       8    535.539      3.030      -
      249      254.7    0.3356       8    535.539      3.030      -
      250      495.6    0.1908       8    475.217      3.046      -
      251      553.3    0.1869       8    475.217      3.046      -
      252      493.2    0.3200       8    536.122      2.928      -
      253      250.1    0.3200       8    536.122      2.928      -
      254      261.1    0.3313       8    234.731      2.998      -
      255      490.7    0.3487       8    234.731      2.998      -
      256      556.3    0.2800       8    234.731      2.998      -
      257      490.6    0.3200       8    535.728      3.042      -
      258      250.1    0.3200       8    535.728      3.042      -
      259      254.1    0.3297       8    236.827      2.875      -
      260      512.2    0.3450       8    236.827      2.875      -
      261      253.5    0.2909       8    236.827      2.875      -
      262      257.0    0.3143       8    491.491      3.195      -
      263      503.7    0.3538       8    491.491      3.195      -
      264      252.3    0.2862       8    491.491      3.195      -
      265      253.7    0.2457       8    486.661      2.907      -
      266      259.4    0.1591       8    486.661      2.907      -
      267      747.2    0.3250       8    486.661      2.907      -
      268      254.4    0.2960       8    733.424      2.963      -
      269      249.0    0.3200       8    733.424      2.963      -
  period between stalls: mean 0.34 s over 267 gaps (min 0.21, max 0.79)
  GC collections in the whole window (gen0/1/2): 5/5/2

==============================================================================
FILE     stall-nvidia-vsync-FOCUSED.csv
frames   271 over 91.4 s     p50 256.410 ms   p95 534.854 ms   p99 685.407 ms   max 1007.767 ms
stalls   268 frames over 100 ms; 91.21 s of the 91.4 s window (99.8 %) is inside them

  frame-time histogram (log-spaced bins)
      14 - 16     ms |      1  0.37%  #
      33 - 50     ms |      1  0.37%  #
      50 - 100    ms |      1  0.37%  #
     100 - 200    ms |      1  0.37%  #
     200 - 400    ms |    181 66.79%  ########################################
     400 - 500    ms |     19  7.01%  ####
     500 - 600    ms |     60 22.14%  #############
     600 - 800    ms |      6  2.21%  #
    1000 - inf    ms |      1  0.37%  #

  every stall frame, and what it was
    frame   frame_ms    step_m   ticks    proc_ms    phys_ms     gc
        2      111.4    0.4896       5    944.033     15.229  1/1/0
        3      233.3    0.3579       8    212.036     19.150      -
        4      516.2    0.3216       8    212.036     19.150      -
        5      255.8    0.2838       8    212.036     19.150      -
        6      245.9    0.3239       8    497.907      3.624      -
        7      258.1    0.3272       8    497.907      3.624      -
        8      247.7    0.3300       8    497.907      3.624      -
        9      254.7    0.3280       8    497.907      3.624      -
       10      251.1    0.2880       8    236.733      3.103      -
       11      524.8    0.3196       8    236.733      3.103      -
       12      245.5    0.3220       8    236.733      3.103      -
       13      253.4    0.3232       8    500.608      3.022      -
       14      252.8    0.3296       8    500.608      3.022      -
       15      259.8    0.3300       8    500.608      3.022      -
       16      518.6    0.2951       8    500.608      3.022      -
       17      501.3    0.3200       8    504.129      3.066      -
       18      246.0    0.3200       8    504.129      3.066      -
       19      258.0    0.3340       8    236.898      3.007      -
       20      502.1    0.3292       8    236.898      3.007      -
       21      254.9    0.2968       8    236.898      3.007      -
       22      247.1    0.3049       8    484.547      3.133      -
       23      256.6    0.0543       8    484.547      3.133      -
       24      249.6    0.3237       8    484.547      3.133      -
       25      521.1    0.3100       8    484.547      3.133      -
       26      562.6    0.3200       8    545.535      3.578      -
       27      552.2    0.3599       8    545.535      3.578      -
       28      250.4    0.2911       8    529.074      3.066      -
       29      254.7    0.3216       8    529.074      3.066      -
       30      249.4    0.3074       8    234.248      2.978      -
       31      256.7    0.3307       8    234.248      2.978      -
       32      515.0    0.3416       8    234.248      2.978      -
       33      251.9    0.2877       8    497.653      2.992      -
       34      249.4    0.3200       8    497.653      2.992      -
       35      261.6    0.3279       8    497.653      2.992      -
       36      250.5    0.3121       8    497.653      2.992      -
       37      503.0    0.3472       8    481.786      3.272      -
       38      501.7    0.2747       8    481.786      3.272      -
       39      641.2    0.0461       8    619.841      2.926      -
       40      248.0    0.3261       8    619.841      2.926      -
       41      261.4    0.3348       8    619.841      2.926      -
       42      497.6    0.3172       8    479.618      3.084      -
       43      249.6    0.2975       8    479.618      3.084      -
       44      253.8    0.3200       8    479.618      3.084      -
       45      522.4    0.3200       8    498.185      3.152      -
       46      249.8    0.3340       8    498.185      3.152      -
       47      258.0    0.3349       8    498.185      3.152      -
       48      491.7    0.3310       8    471.454      3.008      -
       49      534.9    0.2800       8    471.454      3.008      -
       50      401.6    0.3200       8    511.268      3.114      -
       51      261.8    0.3200       8    511.268      3.114      -
       52      527.6    0.3546       8    511.268      3.114      -
       53      505.0    0.2653       8    513.449      2.924      -
       54      655.2    0.0146       8    513.449      2.924      -
       55      535.2    0.3065       8    638.271      2.973      -
       56      252.7    0.3027       8    234.754      2.981      -
       57      252.9    0.3200       8    234.754      2.981      -
       58      512.9    0.3488       8    234.754      2.981      -
       59      252.8    0.2912       8    495.794      3.044      -
       60      248.0    0.3200       8    495.794      3.044      -
       61      252.9    0.3200       8    495.794      3.044      -
       62      253.5    0.3300       8    495.794      3.044      -
       63      509.4    0.3346       8    488.844      3.069      -
       64      253.3    0.2954       8    488.844      3.069      -
       65      258.0    0.3319       8    488.844      3.069      -
       66      508.4    0.3369       8    488.261      3.058      -
       67      251.1    0.2913       8    488.261      3.058      -
       68      252.8    0.3129       8    488.261      3.058      -
       69      508.0    0.0562       8    486.843      3.239      -
       70      247.8    0.2830       8    486.843      3.239      -
       71      258.9    0.3006       8    486.843      3.239      -
       72      248.9    0.3200       8    235.361      3.015      -
       73      256.5    0.3378       8    235.361      3.015      -
       74      246.6    0.3228       8    235.361      3.015      -
       75      257.6    0.3280       8    235.361      3.015      -
       76      504.4    0.3205       8    485.149      3.558      -
       77      252.9    0.2909       8    485.149      3.558      -
       78      251.2    0.3203       8    485.149      3.558      -
       79      534.7    0.3597       8    480.611      3.046  1/1/0
       80      216.9    0.2854       8    480.611      3.046      -
       81      256.2    0.3346       8    480.611      3.046      -
       82      518.1    0.3236       8    499.715     31.090      -
       83      249.9    0.2928       8    499.715     31.090      -
       84      256.9    0.1286       8    237.932      2.933      -
       85      511.5    0.2799       8    237.932      2.933      -
       86      245.7    0.2995       8    237.932      2.933      -
       87      259.7    0.3200       8    488.447      2.979      -
       88      496.0    0.3531       8    488.447      2.979      -
       89      252.3    0.2869       8    488.447      2.979      -
       90      249.1    0.3200       8    480.604      2.963      -
       91      255.9    0.3276       8    480.604      2.963      -
       92      251.0    0.3300       8    480.604      2.963      -
       93      518.1    0.3024       8    480.604      2.963      -
       94      248.0    0.3308       8    495.736      3.062      -
       95      252.0    0.3218       8    495.736      3.062      -
       96      248.9    0.3213       8    495.736      3.062      -
       97      255.8    0.3226       8    231.947      3.010      -
       98      250.3    0.3258       8    231.947      3.010      -
       99      256.1    0.1444       8    231.947      3.010      -
      100      519.1    0.2211       8    231.947      3.010      -
      101      499.0    0.3217       8    502.025      3.085      -
      102      248.4    0.3208       8    502.025      3.085      -
      103      255.2    0.3242       8    232.621      3.101      -
      104      250.9    0.3306       8    232.621      3.101      -
      105      257.3    0.3264       8    232.621      3.101      -
      106      517.7    0.3336       8    232.621      3.101      -
      107      501.4    0.3146       8    503.502      3.132      -
      108      246.8    0.2881       8    503.502      3.132      -
      109      255.7    0.3200       8    232.400      3.137      -
      110      250.0    0.3273       8    232.400      3.137      -
      111      256.1    0.3300       8    232.400      3.137      -
      112      510.2    0.3027       8    232.400      3.137      -
      113      255.3    0.3278       8    494.901      3.102      -
      114      247.0    0.2051       8    494.901      3.102      -
      115      256.4    0.2098       8    494.901      3.102      -
      116      255.0    0.3300       8    237.768      3.020      -
      117      499.6    0.3199       8    237.768      3.020      -
      118      252.1    0.2891       8    237.768      3.020      -
      119      260.7    0.3299       8    478.271      3.009      -
      120      496.4    0.3486       8    478.271      3.009      -
      121      254.2    0.2962       8    478.271      3.009      -
      122      249.0    0.3038       8    479.289      3.565      -
      123      257.3    0.3200       8    479.289      3.565      -
      124      246.9    0.3326       8    479.289      3.565      -
      125      518.4    0.3411       8    479.289      3.565      -
      126      246.8    0.2864       8    495.942      3.624      -
      127      256.7    0.3200       8    495.942      3.624      -
      128      247.8    0.3259       8    495.942      3.624      -
      129      256.8    0.2421       8    236.004      2.922      -
      130      499.6    0.1625       8    236.004      2.922      -
      131      259.6    0.2999       8    236.004      2.922      -
      132      250.1    0.3237       8    482.296      3.034      -
      133      505.7    0.3563       8    482.296      3.034      -
      134      248.0    0.2893       8    482.296      3.034      -
      135      257.3    0.3299       8    482.238      3.061      -
      136      513.7    0.3008       8    482.238      3.061      -
      137      258.7    0.3200       8    482.238      3.061      -
      138      250.5    0.3232       8    497.955      3.153      -
      139      504.3    0.3568       8    497.955      3.153      -
      140      246.3    0.2860       8    497.955      3.153      -
      141      256.2    0.3301       8    480.975      2.996      -
      142      499.0    0.3439       8    480.975      2.996      -
      143      255.4    0.2800       8    480.975      2.996      -
      144      248.5    0.2658       8    482.635      3.033      -
      145      521.8    0.1097       8    482.635      3.033      -
      146      245.6    0.2906       8    498.073      2.949      -
      147      253.6    0.3200       8    498.073      2.949      -
      148      250.5    0.3200       8    498.073      2.949      -
      149      257.6    0.3333       8    498.073      2.949      -
      150      499.9    0.3467       8    482.235      3.110      -
      151      522.1    0.2800       8    482.235      3.110      -
      152      685.4    0.3559       8    671.423      3.031      -
      153      255.9    0.2844       8    671.423      3.031      -
      154      250.2    0.3306       8    671.423      3.031      -
      155      505.4    0.3491       8    482.374      3.608      -
      156      248.3    0.2948       8    482.374      3.608      -
      157      257.2    0.3052       8    482.374      3.608      -
      158      559.3    0.3530       8    497.776      3.163  2/2/1
      159      214.6    0.2545       8    497.776      3.163      -
      160      252.4    0.0266       8    235.947     44.542      -
      161      497.5    0.3553       8    235.947     44.542      -
      162      552.6    0.2800       8    235.947     44.542      -
      163      494.8    0.3200       8    533.902      3.000      -
      164      252.5    0.3285       8    533.902      3.000      -
      165      259.2    0.3363       8    235.591      3.126      -
      166      499.7    0.3256       8    235.591      3.126      -
      167      255.1    0.2896       8    235.591      3.126      -
      168      254.2    0.3289       8    483.276      3.016      -
      169      493.2    0.3473       8    483.276      3.016      -
      170      530.4    0.3189       8    483.276      3.016      -
      171      256.9    0.2914       8    513.411      3.091      -
      172      251.6    0.3223       8    513.411      3.091      -
      173      252.1    0.3243       8    513.411      3.091      -
      174      254.2    0.2852       8    236.573      3.250      -
      175      501.4    0.0092       8    236.573      3.250      -
      176      249.3    0.2820       8    236.573      3.250      -
      177      256.6    0.3200       8    481.214      2.931      -
      178      246.4    0.3200       8    481.214      2.931      -
      179      255.0    0.3300       8    481.214      2.931      -
      180      250.6    0.3280       8    481.214      2.931      -
      181      258.0    0.3020       8    237.717      2.985      -
      182      500.0    0.3523       8    237.717      2.985      -
      183      258.3    0.2903       8    237.717      2.985      -
      184      250.5    0.3308       8    482.957      2.901      -
      185      506.4    0.3465       8    482.957      2.901      -
      186      246.3    0.3000       8    482.957      2.901      -
      187      261.3    0.3000       8    483.356      3.015      -
      188      508.2    0.3470       8    483.356      3.015      -
      189      252.1    0.2822       8    483.356      3.015      -
      190      255.0    0.0798       8    494.562      2.847      -
      191      513.6    0.3153       8    494.562      2.847      -
      192      252.6    0.2919       8    494.562      2.847      -
      193      256.4    0.3296       8    493.039      2.930      -
      194      500.8    0.3466       8    493.039      2.930      -
      195      258.7    0.2800       8    493.039      2.930      -
      196      245.9    0.3200       8    483.815      2.906      -
      197      519.0    0.3502       8    483.815      2.906      -
      198      247.6    0.2898       8    483.815      2.906      -
      199      259.0    0.3212       8    497.543      3.108      -
      200      498.1    0.3589       8    497.543      3.108      -
      201      254.9    0.2836       8    497.543      3.108      -
      202      245.0    0.3247       8    481.492      3.096      -
      203      259.6    0.3311       8    481.492      3.096      -
      204      251.8    0.2970       8    481.492      3.096      -
      205      512.9    0.1211       8    481.492      3.096      -
      206      252.7    0.2519       8    491.954      2.968      -
      207      258.8    0.3280       8    491.954      2.968      -
      208      498.6    0.3520       8    482.069      2.936      -
      209      522.7    0.2800       8    482.069      2.936      -
      210      702.8    0.3523       8    689.015      2.980      -
      211      258.9    0.2895       8    689.015      2.980      -
      212      250.9    0.3338       8    689.015      2.980      -
      213      510.4    0.3380       8    488.876      2.929      -
      214      250.4    0.2865       8    488.876      2.929      -
      215      254.2    0.3259       8    233.366      3.160      -
      216      495.8    0.3541       8    233.366      3.160      -
      217      259.5    0.2918       8    233.366      3.160      -
      218      249.9    0.3082       8    478.882      3.000      -
      219      258.7    0.3200       8    478.882      3.000      -
      220      248.1    0.1694       8    478.882      3.000      -
      221      260.8    0.2504       8    478.882      3.000      -
      222      249.9    0.2934       8    235.553      3.139      -
      223      493.8    0.3600       8    235.553      3.139      -
      224      552.0    0.2800       8    235.553      3.139      -
      225      503.4    0.3319       8    534.982      2.979      -
      226      281.2    0.3222       8    534.982      2.979  1/1/0
      227      217.0    0.3225       8    229.001     34.881      -
      228      253.5    0.3303       8    229.001     34.881      -
      229      255.4    0.3267       8    229.001     34.881      -
      230      505.9    0.2864       8    229.001     34.881      -
      231      259.2    0.3200       8    487.263      2.959      -
      232      251.8    0.3200       8    487.263      2.959      -
      233      502.6    0.3600       8    487.263      2.959      -
      234      340.8    0.2800       8    481.638      2.987      -
      235      260.3    0.2131       8    481.638      2.987      -
      236      604.4    0.2080       8    481.638      2.987      -
      237      534.4    0.3173       8    590.382      2.935      -
      238      634.1    0.3023       8    614.413      3.099      -
      239      254.6    0.3200       8    614.413      3.099      -
      240      253.5    0.3251       8    614.413      3.099      -
      241      513.1    0.3459       8    492.341      3.283      -
      242      248.0    0.2890       8    492.341      3.283      -
      243      251.5    0.3200       8    231.449      2.928      -
      244      250.0    0.3200       8    231.449      2.928      -
      245      255.0    0.3300       8    231.449      2.928      -
      246      251.7    0.3280       8    231.449      2.928      -
      247      257.5    0.3267       8    234.269      3.050      -
      248      494.5    0.3353       8    234.269      3.050      -
      249      255.0    0.2800       8    234.269      3.050      -
      250      251.3    0.2442       8    480.489      2.871      -
      251      515.5    0.1590       8    480.489      2.871      -
      252      253.2    0.2996       8    480.489      2.871      -
      253      256.4    0.3259       8    493.531      3.138      -
      254      502.2    0.3541       8    493.531      3.138      -
      255      253.6    0.2936       8    493.531      3.138      -
      256      254.2    0.3064       8    483.205      3.634      -
      257      511.9    0.3600       8    483.205      3.634      -
      258      249.0    0.2971       8    483.205      3.634      -
      259      257.2    0.3029       8    489.350      3.107      -
      260      508.1    0.3600       8    489.350      3.107      -
      261      251.9    0.2981       8    489.350      3.107      -
      262      254.1    0.3019       8    487.047      3.116      -
      263      510.1    0.3600       8    487.047      3.116      -
      264      248.5    0.2938       8    487.047      3.116      -
      265      259.3    0.2521       8    489.829      2.827      -
      266      249.5    0.0803       8    489.829      2.827      -
      267     1007.8    0.3560       8    489.829      2.827      -
      269      262.5    0.3477       8    981.750      3.048      -
      270      249.4    0.3200       8    981.750      3.048      -
  period between stalls: mean 0.34 s over 267 gaps (min 0.21, max 1.01)
  GC collections in the whole window (gen0/1/2): 5/5/1
