frame,frame_ms,eye_x,eye_y,eye_z,step_m,yaw_step_deg,visual_error_m,body_x,body_z
0,35.7980,-2.47363,2.03679,-2.47363,0.109743,0.75240,0.00000,-2.47363,-2.47363
1,9.2530,-2.43639,1.86150,-2.43639,0.183034,4.18646,0.00000,-2.43639,-2.43639
2,0.9080,-2.43639,1.86150,-2.43639,0.000000,1.50000,0.00000,-2.43639,-2.43639
3,0.5490,-2.43639,1.86150,-2.43639,0.000000,0.18795,0.00000,-2.43639,-2.43639
4,0.3760,-2.43639,1.86150,-2.43639,0.000000,0.02520,0.00000,-2.43639,-2.43639
5,10.1310,-2.43639,1.86150,-2.43639,0.000000,0.01742,0.00000,-2.43639,-2.43639
6,60.8880,-2.42039,1.78307,-2.42039,0.081628,0.18750,0.00000,-2.42039,-2.42039
7,10.9000,-2.36165,1.48777,-2.36165,0.306756,0.64328,0.00000,-2.36165,-2.36165
8,3.4500,-2.33848,1.36934,-2.33848,0.122879,2.40535,0.00000,-2.33848,-2.33848
9,0.6470,-2.33848,1.36934,-2.33848,0.000000,0.48812,0.00000,-2.33848,-2.33848
10,10.4100,-2.31352,1.24091,-2.31352,0.133193,0.14688,0.00000,-2.31352,-2.31352
11,16.6750,-2.28677,1.10248,-2.28677,0.143508,0.70328,0.00000,-2.28677,-2.28677
12,32.5250,-2.25822,1.04083,-2.25822,0.073691,0.75000,0.00000,-2.25822,-2.25822
13,4.4050,-2.22710,1.04085,-2.22710,0.044016,0.75000,0.00000,-2.22710,-2.22710
14,12.5740,-2.19339,1.04085,-2.19339,0.047664,0.75000,0.00000,-2.19339,-2.19339
15,16.8050,-2.15711,1.04085,-2.15711,0.051313,0.75000,0.00000,-2.15711,-2.15711
16,16.8470,-2.11968,1.04085,-2.11824,0.053957,0.74976,0.00000,-2.11968,-2.11824
17,25.5100,-2.08230,1.04085,-2.07682,0.055800,0.75000,0.00000,-2.08230,-2.07682
18,9.8460,-2.04496,1.04085,-2.03285,0.057685,0.75000,0.00000,-2.04496,-2.03285
19,15.0120,-2.00764,1.04085,-1.98637,0.059609,0.75000,0.00000,-2.00764,-1.98637
20,15.9970,-1.97035,1.04085,-1.93737,0.061573,0.68750,0.00000,-1.97035,-1.93737
21,14.1550,-1.97035,1.04085,-1.93737,0.000000,0.68750,0.00000,-1.97035,-1.93737
22,19.3270,-1.93306,1.04085,-1.88618,0.063333,0.57027,0.00000,-1.93306,-1.88618
23,16.5370,-1.89577,1.04085,-1.83499,0.063333,0.68750,0.00000,-1.89577,-1.83499
24,17.2740,-1.85848,1.04085,-1.78379,0.063333,0.74532,0.00000,-1.85848,-1.78379
25,16.2370,-1.82119,1.04085,-1.73260,0.063333,0.75000,0.00000,-1.82119,-1.73260
26,16.7360,-1.78391,1.04085,-1.68141,0.063333,0.75000,0.00000,-1.78391,-1.68141
27,16.5740,-1.74662,1.04085,-1.63021,0.063333,0.75000,0.00000,-1.74662,-1.63021
28,16.9430,-1.70933,1.04085,-1.57902,0.063333,0.75000,0.00000,-1.70933,-1.57902
29,16.6590,-1.67204,1.04085,-1.52783,0.063333,0.75000,0.00000,-1.67204,-1.52783
30,16.5970,-1.63475,1.04085,-1.47664,0.063333,0.75000,0.00000,-1.63475,-1.47664
31,21.0650,-1.59747,1.04085,-1.42544,0.063333,0.75000,0.00000,-1.59747,-1.42544
32,12.3100,-1.56018,1.04085,-1.37425,0.063333,0.75000,0.00000,-1.56018,-1.37425
33,16.4760,-1.52289,1.04085,-1.32306,0.063333,0.75000,0.00000,-1.52289,-1.32306
34,17.8800,-1.48560,1.04085,-1.27186,0.063333,0.75000,0.00000,-1.48560,-1.27186
35,15.4700,-1.44831,1.04085,-1.22067,0.063333,0.75000,0.00000,-1.44831,-1.22067
36,16.5990,-1.41103,1.04085,-1.16948,0.063333,0.75000,0.00000,-1.41103,-1.16948
37,16.6790,-1.37374,1.04085,-1.11828,0.063333,0.75000,0.00000,-1.37374,-1.11828
38,17.0100,-1.33645,1.04085,-1.06709,0.063333,0.75000,0.00000,-1.33645,-1.06709
39,16.3230,-1.29916,1.04085,-1.01590,0.063333,0.75000,0.00000,-1.29916,-1.01590
40,16.7270,-1.26187,1.04085,-0.96471,0.063333,0.75000,0.00000,-1.26187,-0.96471
41,16.5860,-1.22459,1.04085,-0.91351,0.063333,0.75000,0.00000,-1.22459,-0.91351
42,16.6400,-1.18730,1.04085,-0.86232,0.063333,0.75000,0.00000,-1.18730,-0.86232
43,16.8660,-1.15001,1.04085,-0.81113,0.063333,0.75000,0.00000,-1.15001,-0.81113
44,22.2170,-1.11272,1.04085,-0.75993,0.063333,0.75000,0.00000,-1.11272,-0.75993
45,11.6200,-1.07544,1.04085,-0.70874,0.063333,0.75000,0.00000,-1.07544,-0.70874
46,16.1450,-1.03815,1.04085,-0.65755,0.063333,0.75000,0.00000,-1.03815,-0.65755
47,16.6340,-1.00086,1.04085,-0.60636,0.063333,0.75000,0.00000,-1.00086,-0.60636
48,16.5320,-0.96357,1.04085,-0.55516,0.063333,0.75000,0.00000,-0.96357,-0.55516
49,16.8050,-0.92628,1.04085,-0.50397,0.063333,0.75000,0.00000,-0.92628,-0.50397
50,16.5480,-0.88900,1.04085,-0.45278,0.063333,0.75000,0.00000,-0.88900,-0.45278
51,16.8000,-0.85171,1.04085,-0.40158,0.063333,0.75000,0.00000,-0.85171,-0.40158
52,16.7150,-0.81442,1.04085,-0.35039,0.063333,0.75000,0.00000,-0.81442,-0.35039
53,16.7600,-0.77713,1.04085,-0.29920,0.063333,0.75000,0.00000,-0.77713,-0.29920
54,16.5550,-0.73984,1.04085,-0.24800,0.063333,0.75000,0.00000,-0.73984,-0.24800
55,16.6910,-0.70256,1.04085,-0.19681,0.063333,0.75000,0.00000,-0.70256,-0.19681
56,16.5210,-0.66527,1.04085,-0.14562,0.063333,0.75000,0.00000,-0.66527,-0.14562
57,22.2250,-0.62798,1.04085,-0.09443,0.063333,0.75000,0.00000,-0.62798,-0.09443
58,11.1770,-0.59069,1.04085,-0.04323,0.063333,0.75000,0.00000,-0.59069,-0.04323
59,16.8090,-0.55340,1.04085,0.00796,0.063333,0.75001,0.00000,-0.55340,0.00796
60,16.4900,-0.51612,1.04085,0.05915,0.063333,0.75000,0.00000,-0.51612,0.05915
61,16.6190,-0.47883,1.04085,0.11035,0.063333,0.75000,0.00000,-0.47883,0.11035
62,16.7600,-0.44154,1.04085,0.16154,0.063333,0.75000,0.00000,-0.44154,0.16154
63,16.5880,-0.40425,1.04085,0.21273,0.063333,0.75000,0.00000,-0.40425,0.21273
64,17.2860,-0.36696,1.04085,0.26392,0.063333,0.75000,0.00000,-0.36696,0.26392
65,17.1390,-0.32968,1.04085,0.31512,0.063333,0.75000,0.00000,-0.32968,0.31512
66,16.7570,-0.29239,1.04085,0.36631,0.063333,0.75000,0.00000,-0.29239,0.36631
67,16.2840,-0.25510,1.04085,0.41750,0.063333,0.75000,0.00000,-0.25510,0.41750
68,17.1090,-0.21781,1.04085,0.46870,0.063333,0.75000,0.00000,-0.21781,0.46870
69,16.6970,-0.18052,1.04085,0.51989,0.063333,0.75000,0.00000,-0.18052,0.51989
70,21.5580,-0.14324,1.04085,0.57108,0.063333,0.75000,0.00000,-0.14324,0.57108
71,11.7690,-0.10595,1.04085,0.62228,0.063333,0.75000,0.00000,-0.10595,0.62228
72,16.6540,-0.06866,1.04085,0.67347,0.063333,0.75000,0.00000,-0.06866,0.67347
73,16.9420,-0.03137,1.04085,0.72466,0.063333,0.74999,0.00000,-0.03137,0.72466
74,16.5030,0.00592,1.04085,0.77585,0.063333,0.75001,0.00000,0.00592,0.77585
75,16.5390,0.04320,1.04085,0.82705,0.063333,0.75000,0.00000,0.04320,0.82705
76,16.7460,0.08049,1.04085,0.87824,0.063333,0.75000,0.00000,0.08049,0.87824
77,16.5660,0.11778,1.04085,0.92943,0.063333,0.75000,0.00000,0.11778,0.92943
78,16.7480,0.15507,1.04085,0.98063,0.063333,0.75000,0.00000,0.15507,0.98063
79,16.5810,0.19236,1.04085,1.03182,0.063333,0.75000,0.00000,0.19236,1.03182
80,17.0360,0.22964,1.04085,1.08301,0.063333,0.75000,0.00000,0.22964,1.08301
81,16.2980,0.26693,1.04085,1.13420,0.063333,0.75000,0.00000,0.26693,1.13420
82,16.8310,0.30422,1.04085,1.18540,0.063333,0.75000,0.00000,0.30422,1.18540
83,21.7830,0.34151,1.04085,1.23659,0.063333,0.75000,0.00000,0.34151,1.23659
84,11.4440,0.37880,1.04085,1.28778,0.063333,0.75000,0.00000,0.37880,1.28778
85,16.7100,0.41608,1.04085,1.33898,0.063333,0.75000,0.00000,0.41608,1.33898
86,16.8700,0.45337,1.04085,1.39017,0.063333,0.74999,0.00000,0.45337,1.39017
87,16.6730,0.49066,1.04085,1.44136,0.063333,0.75000,0.00000,0.49066,1.44136
88,16.5200,0.52795,1.04085,1.49256,0.063333,0.75000,0.00000,0.52795,1.49256
89,16.8260,0.56524,1.04085,1.54375,0.063333,0.75001,0.00000,0.56524,1.54375
90,16.6380,0.60252,1.04085,1.59494,0.063333,0.75000,0.00000,0.60252,1.59494
91,16.5720,0.63981,1.04085,1.64613,0.063333,0.75000,0.00000,0.63981,1.64613
92,16.8620,0.67710,1.04085,1.69733,0.063333,0.75000,0.00000,0.67710,1.69733
93,16.5530,0.71439,1.04085,1.74852,0.063333,0.74999,0.00000,0.71439,1.74852
94,17.0400,0.75168,1.04085,1.79971,0.063333,0.75000,0.00000,0.75168,1.79971
95,16.3590,0.78896,1.04085,1.85091,0.063333,0.75000,0.00000,0.78896,1.85091
96,21.8760,0.82625,1.04085,1.90210,0.063333,0.75001,0.00000,0.82625,1.90210
97,11.2750,0.86354,1.04085,1.95329,0.063333,0.75000,0.00000,0.86354,1.95329
98,16.4740,0.90083,1.04085,2.00449,0.063333,0.75000,0.00000,0.90083,2.00449
99,17.2350,0.93812,1.04085,2.05568,0.063333,0.75000,0.00000,0.93812,2.05568
100,16.9190,0.97540,1.04085,2.10687,0.063333,0.75000,0.00000,0.97540,2.10687
101,16.5840,1.01269,1.04085,2.15806,0.063333,0.74999,0.00000,1.01269,2.15806
102,16.5560,1.04998,1.04085,2.20926,0.063333,0.75000,0.00000,1.04998,2.20926
103,16.8140,1.08727,1.04085,2.26045,0.063333,0.75000,0.00000,1.08727,2.26045
104,16.5960,1.12456,1.04085,2.31164,0.063333,0.75001,0.00000,1.12456,2.31164
105,17.5070,1.16184,1.04085,2.36284,0.063333,0.75000,0.00000,1.16184,2.36284
106,15.5920,1.19913,1.04085,2.41403,0.063333,0.75000,0.00000,1.19913,2.41403
107,16.9920,1.23642,1.04085,2.46522,0.063333,0.75000,0.00000,1.23642,2.46522
108,16.7670,1.27371,1.04085,2.51642,0.063333,0.74999,0.00000,1.27371,2.51642
109,22.4740,1.31100,1.04085,2.56761,0.063333,0.75000,0.00000,1.31100,2.56761
110,10.2650,1.34828,1.04085,2.61880,0.063333,0.75000,0.00000,1.34828,2.61880
111,16.6220,1.38557,1.04085,2.66999,0.063333,0.75001,0.00000,1.38557,2.66999
112,16.7540,1.42286,1.04085,2.72119,0.063333,0.75000,0.00000,1.42286,2.72119
113,16.7760,1.46015,1.04085,2.77238,0.063333,0.75000,0.00000,1.46015,2.77238
114,16.5650,1.49744,1.04085,2.82357,0.063333,0.75000,0.00000,1.49744,2.82357
115,17.6970,1.53472,1.04085,2.87477,0.063333,0.75000,0.00000,1.53472,2.87477
116,15.7490,1.57201,1.04085,2.92596,0.063333,0.74999,0.00000,1.57201,2.92596
117,16.9940,1.60930,1.04085,2.97715,0.063333,0.75000,0.00000,1.60930,2.97715
118,16.8920,1.64659,1.04085,3.02835,0.063333,0.75000,0.00000,1.64659,3.02835
119,16.2680,1.68027,1.04085,3.07593,0.058294,0.75000,0.00000,1.68027,3.07593
120,16.5580,1.71033,1.04085,3.11990,0.053267,0.75000,0.00000,1.71033,3.11990
121,16.7080,1.73679,1.04085,3.16026,0.048257,0.75000,0.00000,1.73679,3.16026
122,21.2660,1.75963,1.04085,3.19701,0.043270,0.75000,0.00000,1.75963,3.19701
123,12.0130,1.77886,1.04085,3.23014,0.038314,0.75001,0.00000,1.77886,3.23014
124,16.6320,1.79448,1.04085,3.25967,0.033404,0.75000,0.00000,1.79448,3.25967
125,16.9620,1.80649,1.04085,3.28558,0.028563,0.75000,0.00000,1.80649,3.28558
126,16.7350,1.81489,1.04085,3.30789,0.023833,0.75000,0.00000,1.81489,3.30789
127,16.4350,1.81968,1.04085,3.32658,0.019296,0.75000,0.00000,1.81968,3.32658
128,16.7600,1.82645,1.04085,3.33583,0.011462,0.75000,0.00000,1.82645,3.33583
129,17.3140,1.83315,1.04085,3.33563,0.006698,0.75000,0.00000,1.83315,3.33563
130,16.4980,1.83978,1.04085,3.32692,0.010947,0.75000,0.00000,1.83978,3.32692
131,16.5420,1.84635,1.04085,3.31470,0.013879,0.74999,0.00000,1.84635,3.31470
132,16.7980,1.85287,1.04085,3.29945,0.016582,0.75000,0.00000,1.85287,3.29945
133,16.7380,1.85934,1.04085,3.28139,0.019184,0.75000,0.00000,1.85934,3.28139
134,16.6190,1.86577,1.04085,3.26063,0.021734,0.75000,0.00000,1.86577,3.26063
135,21.9380,1.87215,1.04085,3.23723,0.024255,0.75000,0.00000,1.87215,3.23723
136,11.4680,1.87850,1.04085,3.21124,0.026758,0.75000,0.00000,1.87850,3.21124
137,16.4960,1.88480,1.04085,3.18267,0.029251,0.75000,0.00000,1.88480,3.18267
138,16.6650,1.89107,1.04085,3.15156,0.031737,0.75001,0.00000,1.89107,3.15156
139,16.6810,1.89731,1.04085,3.11792,0.034220,0.75000,0.00000,1.89731,3.11792
140,16.5570,1.90352,1.04085,3.08175,0.036700,0.75000,0.00000,1.90352,3.08175
141,17.0890,1.90970,1.04085,3.04306,0.039180,0.75000,0.00000,1.90970,3.04306
142,16.5160,1.91586,1.04085,3.00185,0.041660,0.75000,0.00000,1.91586,3.00185
143,17.6690,1.92199,1.04085,2.95814,0.044140,0.75000,0.00000,1.92199,2.95814
144,15.3080,1.92811,1.04085,2.91193,0.046620,0.75000,0.00000,1.92811,2.91193
145,17.1120,1.93421,1.04085,2.86320,0.049102,0.75000,0.00000,1.93421,2.86320
146,16.4900,1.94029,1.04085,2.81198,0.051585,0.74999,0.00000,1.94029,2.81198
147,16.8600,1.94636,1.04085,2.75825,0.054068,0.75000,0.00000,1.94636,2.75825
148,21.1470,1.95242,1.04085,2.70202,0.056553,0.75000,0.00000,1.95242,2.70202
149,11.8490,1.95848,1.04085,2.64330,0.059039,0.75000,0.00000,1.95848,2.64330
150,16.5770,1.96453,1.04085,2.58207,0.061526,0.75000,0.00000,1.96453,2.58207
151,16.5770,1.97057,1.04085,2.51902,0.063333,0.74999,0.00000,1.97057,2.51902
152,17.2040,1.97662,1.04085,2.45598,0.063333,0.75002,0.00000,1.97662,2.45598
153,16.1710,1.98267,1.04085,2.39294,0.063333,0.75001,0.00000,1.98267,2.39294
154,16.8480,1.98872,1.04085,2.32989,0.063333,0.74999,0.00000,1.98872,2.32989
155,16.9070,1.99476,1.04085,2.26685,0.063333,0.75000,0.00000,1.99476,2.26685
156,16.5270,2.00081,1.04085,2.20381,0.063333,0.75001,0.00000,2.00081,2.20381
157,16.9050,2.00686,1.04085,2.14076,0.063333,0.74999,0.00000,2.00686,2.14076
158,16.1330,2.01291,1.04085,2.07772,0.063333,0.75000,0.00000,2.01291,2.07772
159,16.7080,2.01896,1.04085,2.01467,0.063333,0.74999,0.00000,2.01896,2.01467
160,17.8560,2.02500,1.04085,1.95163,0.063333,0.75001,0.00000,2.02500,1.95163
161,20.4540,2.03105,1.04085,1.88859,0.063333,0.75000,0.00000,2.03105,1.88859
162,11.9260,2.03710,1.04085,1.82554,0.063333,0.74999,0.00000,2.03710,1.82554
163,16.5130,2.04315,1.04085,1.76250,0.063333,0.75000,0.00000,2.04315,1.76250
164,16.9040,2.04919,1.04085,1.69945,0.063333,0.74999,0.00000,2.04919,1.69945
165,17.0600,2.05524,1.04085,1.63641,0.063333,0.75001,0.00000,2.05524,1.63641
166,16.0700,2.06129,1.04085,1.57337,0.063333,0.75000,0.00000,2.06129,1.57337
167,16.8930,2.06734,1.04085,1.51032,0.063333,0.74999,0.00000,2.06734,1.51032
168,16.5500,2.07339,1.04085,1.44728,0.063333,0.75002,0.00000,2.07339,1.44728
169,16.5250,2.07943,1.04085,1.38423,0.063333,0.75000,0.00000,2.07943,1.38423
170,16.9620,2.08548,1.04085,1.32119,0.063333,0.75000,0.00000,2.08548,1.32119
171,17.1330,2.09153,1.04085,1.25815,0.063333,0.75000,0.00000,2.09153,1.25815
172,16.8670,2.09758,1.04085,1.19510,0.063333,0.75000,0.00000,2.09758,1.19510
173,16.3490,2.10362,1.04085,1.13206,0.063333,0.75000,0.00000,2.10362,1.13206
174,18.6360,2.10967,1.04085,1.06901,0.063333,0.75000,0.00000,2.10967,1.06901
175,14.4520,2.11572,1.04085,1.00597,0.063333,0.75000,0.00000,2.11572,1.00597
176,16.4790,2.12177,1.04085,0.94293,0.063333,0.75000,0.00000,2.12177,0.94293
177,16.9190,2.12781,1.04085,0.87988,0.063333,0.75000,0.00000,2.12781,0.87988
178,16.6540,2.13386,1.04085,0.81684,0.063333,0.75000,0.00000,2.13386,0.81684
179,16.5520,2.13991,1.04085,0.75379,0.063333,0.75000,0.00000,2.13991,0.75379
180,17.0000,2.14596,1.04085,0.69075,0.063333,0.75000,0.00000,2.14596,0.69075
181,16.8940,2.15201,1.04085,0.62771,0.063333,0.74998,0.00000,2.15201,0.62771
182,16.8500,2.15805,1.04085,0.56466,0.063333,0.75000,0.00000,2.15805,0.56466
183,16.2780,2.16410,1.04085,0.50162,0.063333,0.75002,0.00000,2.16410,0.50162
184,16.6440,2.17015,1.04085,0.43858,0.063333,0.75000,0.00000,2.17015,0.43858
185,16.9390,2.17620,1.04085,0.37553,0.063333,0.75000,0.00000,2.17620,0.37553
186,16.6060,2.18224,1.04085,0.31249,0.063333,0.75000,0.00000,2.18224,0.31249
187,21.0930,2.18829,1.04085,0.24944,0.063333,0.75000,0.00000,2.18829,0.24944
188,11.8760,2.19434,1.04085,0.18640,0.063333,0.75000,0.00000,2.19434,0.18640
189,17.6730,2.20039,1.04085,0.12336,0.063333,0.75000,0.00000,2.20039,0.12336
190,16.4000,2.20643,1.04085,0.06031,0.063333,0.75000,0.00000,2.20643,0.06031
191,16.9330,2.21248,1.04085,-0.00273,0.063333,0.75000,0.00000,2.21248,-0.00273
192,16.7270,2.21853,1.04085,-0.06578,0.063333,0.75000,0.00000,2.21853,-0.06578
193,16.7640,2.22458,1.04085,-0.12882,0.063333,0.75000,0.00000,2.22458,-0.12882
194,17.0910,2.23062,1.04085,-0.19186,0.063333,0.75000,0.00000,2.23062,-0.19186
195,16.2410,2.23667,1.04085,-0.25491,0.063333,0.75000,0.00000,2.23667,-0.25491
196,16.6620,2.24272,1.04085,-0.31795,0.063333,0.74998,0.00000,2.24272,-0.31795
197,16.4430,2.24877,1.04085,-0.38100,0.063333,0.75000,0.00000,2.24877,-0.38100
198,16.8190,2.25481,1.04085,-0.44404,0.063333,0.75002,0.00000,2.25481,-0.44404
199,16.7460,2.26086,1.04085,-0.50708,0.063333,0.75000,0.00000,2.26086,-0.50708
200,21.6070,2.26691,1.04085,-0.57013,0.063333,0.75000,0.00000,2.26691,-0.57013
201,11.7710,2.27296,1.04085,-0.63317,0.063333,0.75000,0.00000,2.27296,-0.63317
202,16.6370,2.27901,1.04085,-0.69622,0.063333,0.75000,0.00000,2.27901,-0.69622
203,17.2290,2.28505,1.04085,-0.75926,0.063333,0.75000,0.00000,2.28505,-0.75926
204,16.0660,2.29110,1.04085,-0.82230,0.063333,0.75000,0.00000,2.29110,-0.82230
205,16.7240,2.29715,1.04085,-0.88535,0.063333,0.75000,0.00000,2.29715,-0.88535
206,17.0110,2.30320,1.04085,-0.94839,0.063333,0.75000,0.00000,2.30320,-0.94839
207,16.3220,2.30924,1.04085,-1.01144,0.063333,0.75000,0.00000,2.30924,-1.01144
208,17.0850,2.31529,1.04085,-1.07448,0.063333,0.75000,0.00000,2.31529,-1.07448
209,16.2400,2.32134,1.04085,-1.13752,0.063333,0.75000,0.00000,2.32134,-1.13752
210,16.8240,2.32739,1.04085,-1.20057,0.063333,0.75000,0.00000,2.32739,-1.20057
211,16.5220,2.33343,1.04085,-1.26361,0.063333,0.74998,0.00000,2.33343,-1.26361
212,16.7820,2.33948,1.04085,-1.32666,0.063333,0.75000,0.00000,2.33948,-1.32666
213,21.9580,2.34553,1.04085,-1.38970,0.063333,0.75002,0.00000,2.34553,-1.38970
214,11.7360,2.35158,1.04085,-1.45274,0.063333,0.75000,0.00000,2.35158,-1.45274
215,16.6220,2.35762,1.04085,-1.51579,0.063333,0.75000,0.00000,2.35762,-1.51579
216,16.7360,2.36006,1.04085,-1.57522,0.059483,0.75000,0.00000,2.36006,-1.57522
217,527.7930,2.36006,1.04085,-1.92068,0.345462,0.75000,0.00000,2.36006,-1.92068
218,7.8640,2.36006,1.04085,-1.97094,0.050255,5.95868,0.00000,2.36006,-1.97094
219,2.9530,2.36006,1.04085,-1.99065,0.019711,0.90121,0.00000,2.36006,-1.99065
220,9.7340,2.36006,1.04085,-1.99065,0.000000,0.70729,0.00000,2.36006,-1.99065
221,19.3570,2.36149,1.04085,-2.00091,0.010365,0.18163,0.00000,2.36149,-2.00091
222,16.7730,2.36291,1.04085,-2.00174,0.001636,0.75000,0.00000,2.36291,-2.00174
223,16.6890,2.36431,1.04085,-2.00006,0.002185,0.75000,0.00000,2.36431,-2.00006
224,17.0240,2.36569,1.04085,-1.99588,0.004402,0.75000,0.00000,2.36569,-1.99588
225,16.9720,2.36706,1.04085,-1.98920,0.006818,0.75000,0.00000,2.36706,-1.98920
226,17.0610,2.36842,1.04083,-1.97991,0.009392,0.75002,0.00000,2.36842,-1.97991
227,15.8640,2.36977,1.04083,-1.96806,0.011922,0.75000,0.00000,2.36977,-1.96806
228,16.5920,2.37111,1.04083,-1.95369,0.014437,0.75000,0.00000,2.37111,-1.95369
229,16.2970,2.37244,1.04083,-1.93680,0.016945,0.75000,0.00000,2.37244,-1.93680
230,16.6490,2.37375,1.04083,-1.91739,0.019449,0.75000,0.00000,2.37375,-1.91739
231,18.5190,2.37506,1.04083,-1.89548,0.021951,0.75000,0.00000,2.37506,-1.89548
232,14.8120,2.37636,1.04083,-1.87106,0.024452,0.74998,0.00000,2.37636,-1.87106
233,16.7190,2.37765,1.04083,-1.84414,0.026952,0.75000,0.00000,2.37765,-1.84414
234,16.7060,2.37893,1.04083,-1.81472,0.029451,0.75002,0.00000,2.37893,-1.81472
235,16.3860,2.38020,1.04083,-1.78279,0.031951,0.74998,0.00000,2.38020,-1.78279
236,16.7760,2.38147,1.04083,-1.74836,0.034450,0.75002,0.00000,2.38147,-1.74836
237,16.7210,2.38273,1.04083,-1.71144,0.036949,0.74998,0.00000,2.38273,-1.71144
238,17.1630,2.38399,1.04083,-1.67201,0.039449,0.75002,0.00000,2.38399,-1.67201
239,16.7790,2.38524,1.04083,-1.63008,0.041948,0.74998,0.00000,2.38524,-1.63008
240,16.5540,2.38649,1.04083,-1.58565,0.044447,0.75002,0.00000,2.38649,-1.58565
241,16.6110,2.38773,1.04083,-1.53872,0.046946,0.74998,0.00000,2.38773,-1.53872
242,16.9530,2.38897,1.04083,-1.48929,0.049445,0.75002,0.00000,2.38897,-1.48929
243,16.5010,2.39020,1.04083,-1.43736,0.051945,0.74998,0.00000,2.39020,-1.43736
244,21.8230,2.39144,1.04083,-1.38293,0.054444,0.75002,0.00000,2.39144,-1.38293
245,11.5410,2.39267,1.04083,-1.32600,0.056943,0.74805,0.00000,2.39267,-1.32600
246,16.6700,2.39390,1.04083,-1.26657,0.059443,0.75002,0.00000,2.39390,-1.26657
247,16.6360,2.39513,1.04083,-1.20464,0.061942,0.74998,0.00000,2.39513,-1.20464
248,17.0340,2.39636,1.04083,-1.14132,0.063333,0.75002,0.00000,2.39636,-1.14132
249,533.4350,2.40619,1.04083,-0.63475,0.506667,0.74998,0.00000,2.40619,-0.63475
250,8.4770,2.40987,1.04083,-0.44478,0.190000,6.50168,0.00000,2.40987,-0.44478
251,0.8510,2.40987,1.04083,-0.44478,0.000000,1.56863,0.00000,2.40987,-0.44478
252,4.0800,2.40987,1.04083,-0.44478,0.000000,0.04781,0.00000,2.40987,-0.44478
253,19.6050,2.41110,1.04083,-0.38146,0.063333,0.14882,0.00000,2.41110,-0.38146
254,15.3480,2.41110,1.04083,-0.38146,0.000000,0.75380,0.00000,2.41110,-0.38146
255,18.2630,2.41233,1.04083,-0.31814,0.063333,0.44341,0.00000,2.41233,-0.31814
256,16.6250,2.41356,1.04083,-0.25482,0.063333,0.68929,0.00000,2.41356,-0.25482
257,17.4490,2.41479,1.04083,-0.19150,0.063333,0.73730,0.00000,2.41479,-0.19150
258,16.3160,2.41602,1.04083,-0.12818,0.063333,0.76596,0.00000,2.41602,-0.12818
259,16.5730,2.41724,1.04083,-0.06485,0.063333,0.74852,0.00000,2.41724,-0.06485
260,16.4530,2.41847,1.04083,-0.00153,0.063333,0.76137,0.00000,2.41847,-0.00153
261,17.2550,2.41970,1.04083,0.06179,0.063333,0.73868,0.00000,2.41970,0.06179
262,15.8010,2.42093,1.04083,0.12511,0.063333,0.75140,0.00000,2.42093,0.12511
263,18.9330,2.42216,1.04083,0.18843,0.063333,0.73907,0.00000,2.42216,0.18843
264,14.7060,2.42339,1.04083,0.25175,0.063333,0.76468,0.00000,2.42339,0.25175
265,16.9350,2.42462,1.04083,0.31507,0.063333,0.74722,0.00000,2.42462,0.31507
266,16.5320,2.42585,1.04083,0.37840,0.063333,0.75197,0.00000,2.42585,0.37840
267,16.7860,2.42707,1.04083,0.44172,0.063333,0.74998,0.00000,2.42707,0.44172
268,16.4210,2.42830,1.04083,0.50504,0.063333,0.75323,0.00000,2.42830,0.50504
269,17.1400,2.42953,1.04083,0.56836,0.063333,0.75000,0.00000,2.42953,0.56836
270,16.2800,2.43076,1.04083,0.63168,0.063333,0.75180,0.00000,2.43076,0.63168
271,16.7190,2.43199,1.04083,0.69500,0.063333,0.74998,0.00000,2.43199,0.69500
272,16.9340,2.43322,1.04083,0.75832,0.063333,0.75000,0.00000,2.43322,0.75832
273,16.6610,2.43445,1.04083,0.82165,0.063333,0.75076,0.00000,2.43445,0.82165
274,17.2670,2.43568,1.04083,0.88497,0.063333,0.75937,0.00000,2.43568,0.88497
275,19.3640,2.43690,1.04083,0.94829,0.063333,0.75717,0.00000,2.43690,0.94829
276,13.4540,2.43813,1.04083,1.01161,0.063333,0.75000,0.00000,2.43813,1.01161
277,16.6650,2.43936,1.04083,1.07493,0.063333,0.75000,0.00000,2.43936,1.07493
278,16.5180,2.44059,1.04083,1.13825,0.063333,0.75000,0.00000,2.44059,1.13825
279,17.0010,2.44182,1.04083,1.20157,0.063333,0.75000,0.00000,2.44182,1.20157
280,16.6930,2.44305,1.04083,1.26490,0.063333,0.75134,0.00000,2.44305,1.26490
281,16.8800,2.44428,1.04083,1.32822,0.063333,0.75223,0.00000,2.44428,1.32822
282,16.7110,2.44550,1.04083,1.39154,0.063333,0.74998,0.00000,2.44550,1.39154
283,16.4800,2.44673,1.04083,1.45486,0.063333,0.75000,0.00000,2.44673,1.45486
284,16.6110,2.44796,1.04083,1.51818,0.063333,0.75392,0.00000,2.44796,1.51818
285,16.6800,2.44919,1.04083,1.58150,0.063333,0.75293,0.00000,2.44919,1.58150
286,16.6270,2.45042,1.04083,1.64482,0.063333,0.75017,0.00000,2.45042,1.64482
287,18.5880,2.45165,1.04083,1.70814,0.063333,0.74998,0.00000,2.45165,1.70814
288,15.0060,2.45288,1.04083,1.77147,0.063333,0.75000,0.00000,2.45288,1.77147
289,16.8010,2.45411,1.04083,1.83479,0.063333,0.75000,0.00000,2.45411,1.83479
290,16.2330,2.45533,1.04083,1.89811,0.063333,0.75285,0.00000,2.45533,1.89811
291,16.9350,2.45656,1.04083,1.96143,0.063333,0.75002,0.00000,2.45656,1.96143
292,16.4850,2.45779,1.04083,2.02475,0.063333,0.74998,0.00000,2.45779,2.02475
293,16.7540,2.45902,1.04083,2.08807,0.063333,0.75049,0.00000,2.45902,2.08807
294,16.6320,2.46025,1.04083,2.15139,0.063333,0.74998,0.00000,2.46025,2.15139
295,16.6740,2.46148,1.04083,2.21472,0.063333,0.75005,0.00000,2.46148,2.21472
296,16.7040,2.46271,1.04083,2.27804,0.063333,0.74997,0.00000,2.46271,2.27804
297,16.6610,2.46393,1.04083,2.34136,0.063333,0.75002,0.00000,2.46393,2.34136
298,16.4270,2.46516,1.04083,2.40468,0.063333,0.75002,0.00000,2.46516,2.40468
299,19.1510,2.46639,1.04083,2.46800,0.063333,0.74998,0.00000,2.46639,2.46800
300,14.5740,2.46762,1.04083,2.53132,0.063333,0.75334,0.00000,2.46762,2.53132
301,16.6040,2.46885,1.04083,2.59464,0.063333,0.75000,0.00000,2.46885,2.59464
302,16.6670,2.47008,1.04083,2.65797,0.063333,0.75002,0.00000,2.47008,2.65797
303,16.6980,2.47131,1.04083,2.72129,0.063333,0.74998,0.00000,2.47131,2.72129
304,16.5470,2.47131,1.04083,2.78100,0.059710,0.75020,0.00000,2.47131,2.78100
305,16.6560,2.47131,1.04083,2.83710,0.056099,0.75000,0.00000,2.47131,2.83710
306,16.8370,2.47131,1.04083,2.88958,0.052488,0.74998,0.00000,2.47131,2.88958
307,16.6860,2.47131,1.04083,2.93846,0.048877,0.75092,0.00000,2.47131,2.93846
308,16.4610,2.47131,1.04083,2.98373,0.045266,0.75105,0.00000,2.47131,2.98373
309,16.7590,2.47131,1.04083,3.02538,0.041655,0.74997,0.00000,2.47131,3.02538
310,16.5790,2.47131,1.04083,3.06343,0.038044,0.75002,0.00000,2.47131,3.06343
311,19.0690,2.47131,1.04083,3.09786,0.034432,0.75002,0.00000,2.47131,3.09786
312,14.4540,2.47131,1.04083,3.12868,0.030821,0.75206,0.00000,2.47131,3.12868
313,16.8430,2.47131,1.04083,3.15589,0.027210,0.74997,0.00000,2.47131,3.15589
314,16.4020,2.47131,1.04083,3.17949,0.023599,0.75002,0.00000,2.47131,3.17949
315,16.7050,2.47131,1.04083,3.19948,0.019988,0.74998,0.00000,2.47131,3.19948
316,16.5290,2.47160,1.04083,3.21002,0.010548,0.75000,0.00000,2.47160,3.21002
317,17.2780,2.47189,1.04083,3.21112,0.001137,0.74998,0.00000,2.47189,3.21112
318,16.3570,2.47218,1.04083,3.20972,0.001430,0.75267,0.00000,2.47218,3.20972
319,16.6040,2.47246,1.04083,3.20582,0.003911,0.75000,0.00000,2.47246,3.20582
320,16.7660,2.47274,1.04083,3.19942,0.006407,0.75002,0.00000,2.47274,3.19942
321,16.6090,2.47302,1.04083,3.19051,0.008910,0.74998,0.00000,2.47302,3.19051
322,16.3750,2.47330,1.04083,3.17910,0.011412,0.75000,0.00000,2.47330,3.17910
323,18.9890,2.47357,1.04083,3.16519,0.013913,0.75002,0.00000,2.47357,3.16519
324,14.6590,2.47384,1.04083,3.14878,0.016413,0.75197,0.00000,2.47384,3.14878
325,16.6750,2.47411,1.04083,3.12987,0.018913,0.75037,0.00000,2.47411,3.12987
326,16.6710,2.47438,1.04083,3.10846,0.021414,0.75003,0.00000,2.47438,3.10846
327,16.7800,2.47464,1.04083,3.08455,0.023913,0.74997,0.00000,2.47464,3.08455
328,16.3090,2.47491,1.04083,3.05813,0.026414,0.75000,0.00000,2.47491,3.05813
329,17.0020,2.47517,1.04083,3.02922,0.028913,0.75000,0.00000,2.47517,3.02922
330,16.6390,2.47543,1.04083,2.99781,0.031413,0.75000,0.00000,2.47543,2.99781
331,16.8230,2.47569,1.04083,2.96390,0.033913,0.75000,0.00000,2.47569,2.96390
332,16.5540,2.47595,1.04083,2.92748,0.036413,0.75659,0.00000,2.47595,2.92748
333,16.8220,2.47621,1.04083,2.88857,0.038913,0.75000,0.00000,2.47621,2.88857
334,18.2590,2.47646,1.04083,2.84716,0.041413,0.75128,0.00000,2.47646,2.84716
335,16.9100,2.47672,1.04083,2.80325,0.043913,0.75000,0.00000,2.47672,2.80325
336,14.6530,2.47697,1.04083,2.75683,0.046413,0.75000,0.00000,2.47697,2.75683
337,16.5600,2.47722,1.04083,2.70792,0.048913,0.75000,0.00000,2.47722,2.70792
338,16.7780,2.47748,1.04083,2.65651,0.051413,0.75000,0.00000,2.47748,2.65651
339,538.8500,2.47949,1.04083,2.17253,0.483986,0.75000,0.00000,2.47949,2.17253
340,12.3480,2.47999,1.04083,2.04586,0.126667,5.35406,0.00000,2.47999,2.04586
341,6.1120,2.48024,1.04083,1.98253,0.063333,1.50000,0.00000,2.48024,1.98253
342,6.5210,2.48024,1.04083,1.98253,0.000000,0.75003,0.00000,2.48024,1.98253
343,20.1090,2.48049,1.04083,1.91920,0.063333,0.27280,0.00000,2.48049,1.91920
344,16.4730,2.48074,1.04083,1.85586,0.063333,0.75000,0.00000,2.48074,1.85586
345,17.8570,2.48099,1.04083,1.79253,0.063333,0.75000,0.00000,2.48099,1.79253
346,16.5310,2.48124,1.04083,1.72920,0.063333,0.75000,0.00000,2.48124,1.72920
347,17.7850,2.48150,1.04083,1.66586,0.063333,0.75000,0.00000,2.48150,1.66586
348,15.0810,2.48175,1.04083,1.60253,0.063333,0.75000,0.00000,2.48175,1.60253
349,16.0130,2.48200,1.04083,1.53920,0.063333,0.75000,0.00000,2.48200,1.53920
350,16.6360,2.48225,1.04083,1.47587,0.063333,0.75000,0.00000,2.48225,1.47587
351,16.9990,2.48250,1.04083,1.41253,0.063333,0.75000,0.00000,2.48250,1.41253
352,16.2830,2.48275,1.04083,1.34920,0.063333,0.75000,0.00000,2.48275,1.34920
353,24.7940,2.48300,1.04083,1.28587,0.063333,0.74438,0.00000,2.48300,1.28587
354,10.6990,2.48325,1.04083,1.22254,0.063333,0.75003,0.00000,2.48325,1.22254
355,14.6380,2.48350,1.04083,1.15920,0.063333,0.74997,0.00000,2.48350,1.15920
356,16.4970,2.48376,1.04083,1.09587,0.063333,0.75003,0.00000,2.48376,1.09587
357,16.8220,2.48401,1.04083,1.03254,0.063333,0.74997,0.00000,2.48401,1.03254
358,16.6720,2.48426,1.04083,0.96920,0.063333,0.75003,0.00000,2.48426,0.96920
359,16.9110,2.48451,1.04083,0.90587,0.063333,0.74997,0.00000,2.48451,0.90587
360,16.4870,2.48476,1.04083,0.84254,0.063333,0.75003,0.00000,2.48476,0.84254
361,16.5590,2.48501,1.04083,0.77921,0.063333,0.74997,0.00000,2.48501,0.77921
362,16.3090,2.48526,1.04083,0.71587,0.063333,0.75000,0.00000,2.48526,0.71587
363,17.0160,2.48551,1.04083,0.65254,0.063333,0.75000,0.00000,2.48551,0.65254
364,16.4390,2.48577,1.04083,0.58921,0.063333,0.75000,0.00000,2.48577,0.58921
365,16.9800,2.48602,1.04083,0.52587,0.063333,0.75000,0.00000,2.48602,0.52587
366,18.9170,2.48627,1.04083,0.46254,0.063333,0.75000,0.00000,2.48627,0.46254
367,14.4370,2.48652,1.04083,0.39921,0.063333,0.75000,0.00000,2.48652,0.39921
368,16.4750,2.48677,1.04083,0.33588,0.063333,0.75000,0.00000,2.48677,0.33588
369,17.1490,2.48702,1.04083,0.27254,0.063333,0.75003,0.00000,2.48702,0.27254
370,16.2910,2.48727,1.04083,0.20921,0.063333,0.74997,0.00000,2.48727,0.20921
371,16.9180,2.48752,1.04083,0.14588,0.063333,0.75003,0.00000,2.48752,0.14588
372,16.7080,2.48777,1.04083,0.08254,0.063333,0.74997,0.00000,2.48777,0.08254
373,16.8000,2.48803,1.04083,0.01921,0.063333,0.75003,0.00000,2.48803,0.01921
374,16.2030,2.48828,1.04083,-0.04412,0.063333,0.74997,0.00000,2.48828,-0.04412
375,16.9370,2.48853,1.04083,-0.10745,0.063333,0.75003,0.00000,2.48853,-0.10745
376,16.5770,2.48878,1.04083,-0.17079,0.063333,0.74997,0.00000,2.48878,-0.17079
377,16.7290,2.48903,1.04083,-0.23412,0.063333,0.75000,0.00000,2.48903,-0.23412
378,16.6150,2.48928,1.04083,-0.29745,0.063333,0.75000,0.00000,2.48928,-0.29745
379,18.6870,2.48953,1.04083,-0.36079,0.063333,0.75000,0.00000,2.48953,-0.36079
380,14.5000,2.48978,1.04083,-0.42412,0.063333,0.75000,0.00000,2.48978,-0.42412
381,16.9630,2.49004,1.04083,-0.48745,0.063333,0.75000,0.00000,2.49004,-0.48745
382,16.3890,2.49029,1.04083,-0.55078,0.063333,0.75000,0.00000,2.49029,-0.55078
383,16.9370,2.49054,1.04083,-0.61412,0.063333,0.75000,0.00000,2.49054,-0.61412
384,17.2180,2.49079,1.04083,-0.67745,0.063333,0.75003,0.00000,2.49079,-0.67745
385,16.0030,2.49104,1.04083,-0.74078,0.063333,0.74997,0.00000,2.49104,-0.74078
386,16.5160,2.49129,1.04083,-0.80412,0.063333,0.75003,0.00000,2.49129,-0.80412
387,17.3270,2.49154,1.04083,-0.86745,0.063333,0.74997,0.00000,2.49154,-0.86745
388,16.3530,2.49179,1.04083,-0.93078,0.063333,0.75003,0.00000,2.49179,-0.93078
389,16.6930,2.49204,1.04083,-0.99411,0.063333,0.74997,0.00000,2.49204,-0.99411
390,16.5670,2.49230,1.04083,-1.05745,0.063333,0.75003,0.00000,2.49230,-1.05745
391,16.6920,2.49255,1.04083,-1.12078,0.063333,0.74997,0.00000,2.49255,-1.12078
392,21.6600,2.49280,1.04083,-1.18411,0.063333,0.75000,0.00000,2.49280,-1.18411
393,11.6840,2.49305,1.04083,-1.24745,0.063333,0.75000,0.00000,2.49305,-1.24745
394,17.0750,2.49330,1.04083,-1.31078,0.063333,0.75000,0.00000,2.49330,-1.31078
395,16.2340,2.49355,1.04083,-1.37411,0.063333,0.75000,0.00000,2.49355,-1.37411
396,16.7870,2.49380,1.04083,-1.43744,0.063333,0.75000,0.00000,2.49380,-1.43744
397,16.7200,2.49405,1.04083,-1.50078,0.063333,0.75000,0.00000,2.49405,-1.50078
398,16.7480,2.49405,1.04083,-1.56050,0.059722,0.75000,0.00000,2.49405,-1.56050
399,16.7040,2.49405,1.04083,-1.61661,0.056111,0.75003,0.00000,2.49405,-1.61661
400,16.4090,2.49405,1.04083,-1.66911,0.052500,0.74997,0.00000,2.49405,-1.66911
401,16.6960,2.49405,1.04083,-1.71800,0.048888,0.75003,0.00000,2.49405,-1.71800
402,16.6550,2.49405,1.04083,-1.76327,0.045277,0.74997,0.00000,2.49405,-1.76327
403,16.5080,2.49405,1.04083,-1.80494,0.041666,0.75003,0.00000,2.49405,-1.80494
404,16.8800,2.49405,1.04083,-1.84300,0.038055,0.74997,0.00000,2.49405,-1.84300
405,18.5180,2.49405,1.04083,-1.87744,0.034444,0.75003,0.00000,2.49405,-1.87744
406,14.6510,2.49405,1.04083,-1.90827,0.030833,0.74997,0.00000,2.49405,-1.90827
407,16.7570,2.49405,1.04083,-1.93549,0.027222,0.75000,0.00000,2.49405,-1.93549
408,16.8820,2.49405,1.04083,-1.95910,0.023611,0.75000,0.00000,2.49405,-1.95910
409,16.2630,2.49405,1.04083,-1.97910,0.020000,0.75000,0.00000,2.49405,-1.97910
410,16.5850,2.49412,1.04083,-1.98966,0.010555,0.75000,0.00000,2.49412,-1.98966
411,16.7000,2.49418,1.04083,-1.99077,0.001112,0.75000,0.00000,2.49418,-1.99077
412,16.6000,2.49424,1.04083,-1.98938,0.001391,0.75000,0.00000,2.49424,-1.98938
413,16.6790,2.49429,1.04083,-1.98549,0.003890,0.75000,0.00000,2.49429,-1.98549
414,16.4460,2.49435,1.04083,-1.97910,0.006390,0.75003,0.00000,2.49435,-1.97910
415,17.2070,2.49441,1.04083,-1.97021,0.008890,0.74997,0.00000,2.49441,-1.97021
416,16.1480,2.49447,1.04083,-1.95882,0.011390,0.75003,0.00000,2.49447,-1.95882
417,16.7740,2.49452,1.04083,-1.94493,0.013890,0.74997,0.00000,2.49452,-1.94493
418,18.5290,2.49458,1.04083,-1.92854,0.016390,0.75003,0.00000,2.49458,-1.92854
419,14.8590,2.49464,1.04083,-1.90965,0.018890,0.74997,0.00000,2.49464,-1.90965
420,16.6370,2.49469,1.04083,-1.88826,0.021390,0.75003,0.00000,2.49469,-1.88826
421,16.6150,2.49475,1.04083,-1.86437,0.023890,0.74997,0.00000,2.49475,-1.86437
422,16.9810,2.49480,1.04083,-1.83798,0.026390,0.75000,0.00000,2.49480,-1.83798
423,16.2360,2.49486,1.04083,-1.80909,0.028890,0.75000,0.00000,2.49486,-1.80909
424,16.7750,2.49491,1.04083,-1.77770,0.031390,0.75000,0.00000,2.49491,-1.77770
425,16.6870,2.49497,1.04083,-1.74381,0.033890,0.75000,0.00000,2.49497,-1.74381
426,16.7340,2.49502,1.04083,-1.70742,0.036390,0.75000,0.00000,2.49502,-1.70742
427,16.7360,2.49507,1.04083,-1.66853,0.038890,0.75000,0.00000,2.49507,-1.66853
428,16.6790,2.49513,1.04083,-1.62714,0.041390,0.75000,0.00000,2.49513,-1.62714
429,16.8760,2.49518,1.04083,-1.58325,0.043890,0.75003,0.00000,2.49518,-1.58325
430,16.2990,2.49523,1.04083,-1.53686,0.046390,0.74997,0.00000,2.49523,-1.53686
431,21.3610,2.49528,1.04083,-1.48797,0.048890,0.75003,0.00000,2.49528,-1.48797
432,12.0000,2.49534,1.04083,-1.43658,0.051390,0.74997,0.00000,2.49534,-1.43658
433,16.5900,2.49539,1.04083,-1.38269,0.053890,0.75003,0.00000,2.49539,-1.38269
434,16.6690,2.49544,1.04083,-1.32630,0.056390,0.74997,0.00000,2.49544,-1.32630
435,16.9330,2.49549,1.04083,-1.26741,0.058890,0.75003,0.00000,2.49549,-1.26741
436,16.6690,2.49555,1.04083,-1.20602,0.061390,0.74997,0.00000,2.49555,-1.20602
437,16.7240,2.49560,1.04083,-1.14269,0.063333,0.75000,0.00000,2.49560,-1.14269
438,16.3960,2.49565,1.04083,-1.07936,0.063333,0.75000,0.00000,2.49565,-1.07936
439,16.7000,2.49570,1.04083,-1.01602,0.063333,0.75000,0.00000,2.49570,-1.01602
440,16.7300,2.49575,1.04083,-0.95269,0.063333,0.75000,0.00000,2.49575,-0.95269
441,16.6870,2.49581,1.04083,-0.88936,0.063333,0.75000,0.00000,2.49581,-0.88936
442,16.5350,2.49586,1.04083,-0.82602,0.063333,0.75000,0.00000,2.49586,-0.82602
443,16.9290,2.49591,1.04083,-0.76269,0.063333,0.75000,0.00000,2.49591,-0.76269
444,21.7430,2.49596,1.04083,-0.69936,0.063333,0.75003,0.00000,2.49596,-0.69936
445,11.1780,2.49602,1.04083,-0.63602,0.063333,0.74997,0.00000,2.49602,-0.63602
446,17.0910,2.49607,1.04083,-0.57269,0.063333,0.75003,0.00000,2.49607,-0.57269
447,16.6020,2.49612,1.04083,-0.50936,0.063333,0.74997,0.00000,2.49612,-0.50936
448,17.2380,2.49617,1.04083,-0.44602,0.063333,0.75003,0.00000,2.49617,-0.44602
449,15.9120,2.49622,1.04083,-0.38269,0.063333,0.74997,0.00000,2.49622,-0.38269
450,16.7820,2.49628,1.04083,-0.31936,0.063333,0.75003,0.00000,2.49628,-0.31936
451,16.7440,2.49633,1.04083,-0.25602,0.063333,0.74997,0.00000,2.49633,-0.25602
452,16.3700,2.49638,1.04083,-0.19269,0.063333,0.75000,0.00000,2.49638,-0.19269
453,16.7840,2.49643,1.04083,-0.12936,0.063333,0.75000,0.00000,2.49643,-0.12936
454,16.8590,2.49649,1.04083,-0.06602,0.063333,0.75000,0.00000,2.49649,-0.06602
455,16.4800,2.49654,1.04083,-0.00269,0.063333,0.75000,0.00000,2.49654,-0.00269
456,16.7040,2.49659,1.04083,0.06064,0.063333,0.75000,0.00000,2.49659,0.06064
457,21.8400,2.49664,1.04083,0.12398,0.063333,0.75000,0.00000,2.49664,0.12398
458,11.7670,2.49669,1.04083,0.18731,0.063333,0.75003,0.00000,2.49669,0.18731
459,17.0170,2.49675,1.04083,0.25064,0.063333,0.75000,0.00000,2.49675,0.25064
460,16.3090,2.49680,1.04083,0.31398,0.063333,0.74997,0.00000,2.49680,0.31398
461,16.4850,2.49685,1.04083,0.37731,0.063333,0.75000,0.00000,2.49685,0.37731
462,16.4540,2.49690,1.04083,0.44064,0.063333,0.75003,0.00000,2.49690,0.44064
463,17.0230,2.49696,1.04083,0.50398,0.063333,0.75000,0.00000,2.49696,0.50398
464,16.8200,2.49701,1.04083,0.56731,0.063333,0.74997,0.00000,2.49701,0.56731
465,16.3690,2.49706,1.04083,0.63064,0.063333,0.75000,0.00000,2.49706,0.63064
466,16.7230,2.49711,1.04083,0.69398,0.063333,0.75003,0.00000,2.49711,0.69398
467,535.9620,2.49753,1.04083,1.20064,0.506667,0.74997,0.00000,2.49753,1.20064
468,3.4870,2.49758,1.04083,1.26397,0.063333,5.73282,0.00000,2.49758,1.26397
469,10.9620,2.49763,1.04083,1.32731,0.063333,1.03522,0.00000,2.49763,1.32731
470,16.4540,2.49769,1.04083,1.39064,0.063333,0.74997,0.00000,2.49769,1.39064
471,16.8260,2.49774,1.04083,1.45397,0.063333,0.75000,0.00000,2.49774,1.45397
472,16.7570,2.49779,1.04083,1.51731,0.063333,0.74997,0.00000,2.49779,1.51731
473,16.8250,2.49784,1.04083,1.58064,0.063333,0.75000,0.00000,2.49784,1.58064
474,16.5520,2.49790,1.04083,1.64397,0.063333,0.75000,0.00000,2.49790,1.64397
475,16.9200,2.49795,1.04083,1.70731,0.063333,0.75003,0.00000,2.49795,1.70731
476,16.4040,2.49800,1.04083,1.77064,0.063333,0.74997,0.00000,2.49800,1.77064
477,16.5860,2.49805,1.04083,1.83397,0.063333,0.75000,0.00000,2.49805,1.83397
478,16.5840,2.49810,1.04083,1.89731,0.063333,0.75000,0.00000,2.49810,1.89731
479,18.9010,2.49816,1.04083,1.96064,0.063333,0.75003,0.00000,2.49816,1.96064
480,14.7860,2.49821,1.04083,2.02397,0.063333,0.74997,0.00000,2.49821,2.02397
481,16.4600,2.49826,1.04083,2.08731,0.063333,0.75000,0.00000,2.49826,2.08731
482,16.6220,2.49831,1.04083,2.15064,0.063333,0.75003,0.00000,2.49831,2.15064
483,16.6790,2.49837,1.04083,2.21397,0.063333,0.75000,0.00000,2.49837,2.21397
484,16.7430,2.49842,1.04083,2.27731,0.063333,0.74997,0.00000,2.49842,2.27731
485,16.7650,2.49847,1.04083,2.34064,0.063333,0.75000,0.00000,2.49847,2.34064
486,16.5450,2.49852,1.04083,2.40397,0.063333,0.75003,0.00000,2.49852,2.40397
487,16.7940,2.49857,1.04083,2.46731,0.063333,0.74997,0.00000,2.49857,2.46731
488,16.5830,2.49863,1.04083,2.53064,0.063333,0.75000,0.00000,2.49863,2.53064
489,16.5610,2.49868,1.04083,2.59397,0.063333,0.75000,0.00000,2.49868,2.59397
490,16.9030,2.49873,1.04083,2.65731,0.063333,0.75003,0.00000,2.49873,2.65731
491,16.6660,2.49878,1.04083,2.72064,0.063333,0.74997,0.00000,2.49878,2.72064
492,18.4920,2.49878,1.04083,2.78036,0.059722,0.75000,0.00000,2.49878,2.78036
493,14.7270,2.49878,1.04083,2.83647,0.056111,0.75000,0.00000,2.49878,2.83647
494,16.7200,2.49878,1.04083,2.88897,0.052500,0.75003,0.00000,2.49878,2.88897
495,16.5630,2.49878,1.04083,2.93786,0.048889,0.74997,0.00000,2.49878,2.93786
496,16.5670,2.49878,1.04083,2.98314,0.045278,0.75000,0.00000,2.49878,2.98314
497,16.8270,2.49878,1.04083,3.02481,0.041667,0.75003,0.00000,2.49878,3.02481
498,16.6130,2.49878,1.04083,3.06286,0.038055,0.75000,0.00000,2.49878,3.06286
499,16.7260,2.49878,1.04083,3.09731,0.034444,0.74997,0.00000,2.49878,3.09731
500,16.6330,2.49878,1.04083,3.12814,0.030833,0.75000,0.00000,2.49878,3.12814
501,16.9310,2.49878,1.04083,3.15536,0.027222,0.75003,0.00000,2.49878,3.15536
502,16.1750,2.49878,1.04083,3.17897,0.023611,0.74997,0.00000,2.49878,3.17897
503,16.8790,2.49878,1.04083,3.19897,0.020000,0.75000,0.00000,2.49878,3.19897
504,18.1300,2.49880,1.04083,3.20953,0.010556,0.75006,0.00000,2.49880,3.20953
505,15.2160,2.49881,1.04083,3.21064,0.001111,0.75003,0.00000,2.49881,3.21064
506,16.8510,2.49882,1.04083,3.20925,0.001389,0.75061,0.00000,2.49882,3.20925
507,16.7520,2.49883,1.04083,3.20536,0.003889,0.75360,0.00000,2.49883,3.20536
508,16.1930,2.49884,1.04083,3.19897,0.006389,0.74997,0.00000,2.49884,3.19897
509,16.8190,2.49886,1.04083,3.19008,0.008889,0.75000,0.00000,2.49886,3.19008
510,16.7240,2.49887,1.04083,3.17869,0.011389,0.75003,0.00000,2.49887,3.17869
511,16.5700,2.49888,1.04083,3.16481,0.013889,0.74997,0.00000,2.49888,3.16481
512,16.8960,2.49889,1.04083,3.14842,0.016389,0.75000,0.00000,2.49889,3.14842
513,16.6150,2.49890,1.04083,3.12953,0.018889,0.75000,0.00000,2.49890,3.12953
514,16.6330,2.49891,1.04083,3.10814,0.021389,0.75003,0.00000,2.49891,3.10814
515,16.8530,2.49892,1.04083,3.08425,0.023889,0.74997,0.00000,2.49892,3.08425
516,18.4440,2.49894,1.04083,3.05786,0.026389,0.75003,0.00000,2.49894,3.05786
517,14.9110,2.49895,1.04083,3.02897,0.028889,0.75082,0.00000,2.49895,3.02897
518,16.4780,2.49896,1.04083,2.99758,0.031389,0.74997,0.00000,2.49896,2.99758
519,16.7330,2.49897,1.04083,2.96369,0.033889,0.75092,0.00000,2.49897,2.96369
520,16.7590,2.49898,1.04083,2.92731,0.036389,0.75003,0.00000,2.49898,2.92731
521,16.7200,2.49899,1.04083,2.88842,0.038889,0.75003,0.00000,2.49899,2.88842
522,16.6710,2.49900,1.04083,2.84703,0.041389,0.75226,0.00000,2.49900,2.84703
523,16.5060,2.49901,1.04083,2.80314,0.043889,0.74997,0.00000,2.49901,2.80314
524,16.9220,2.49902,1.04083,2.75675,0.046389,0.75003,0.00000,2.49902,2.75675
525,16.5070,2.49903,1.04083,2.70786,0.048889,0.75095,0.00000,2.49903,2.70786
526,16.7040,2.49904,1.04083,2.65647,0.051389,0.75000,0.00000,2.49904,2.65647
527,16.6850,2.49906,1.04083,2.60258,0.053889,0.75003,0.00000,2.49906,2.60258
528,18.4640,2.49907,1.04083,2.54619,0.056389,0.75027,0.00000,2.49907,2.54619
529,14.8660,2.49908,1.04083,2.48730,0.058889,0.75000,0.00000,2.49908,2.48730
530,16.6400,2.49909,1.04083,2.42592,0.061389,0.75003,0.00000,2.49909,2.42592
531,16.6390,2.49910,1.04083,2.36258,0.063333,0.74997,0.00000,2.49910,2.36258
532,16.8400,2.49911,1.04083,2.29925,0.063333,0.75000,0.00000,2.49911,2.29925
533,16.4700,2.49912,1.04083,2.23592,0.063333,0.75000,0.00000,2.49912,2.23592
534,16.8340,2.49913,1.04083,2.17258,0.063333,0.75134,0.00000,2.49913,2.17258
535,16.5640,2.49914,1.04083,2.10925,0.063333,0.75052,0.00000,2.49914,2.10925
536,16.6100,2.49915,1.04083,2.04592,0.063333,0.75003,0.00000,2.49915,2.04592
537,16.8630,2.49916,1.04083,1.98258,0.063333,0.74997,0.00000,2.49916,1.98258
538,16.5470,2.49917,1.04083,1.91925,0.063333,0.75052,0.00000,2.49917,1.91925
539,16.7840,2.49918,1.04083,1.85592,0.063333,0.75000,0.00000,2.49918,1.85592
540,18.4500,2.49919,1.04083,1.79258,0.063333,0.75183,0.00000,2.49919,1.79258
541,14.6590,2.49921,1.04083,1.72925,0.063333,0.74997,0.00000,2.49921,1.72925
542,16.6680,2.49922,1.04083,1.66592,0.063333,0.75000,0.00000,2.49922,1.66592
543,17.0100,2.49923,1.04083,1.60258,0.063333,0.75003,0.00000,2.49923,1.60258
544,16.6470,2.49924,1.04083,1.53925,0.063333,0.75000,0.00000,2.49924,1.53925
545,16.4150,2.49925,1.04083,1.47592,0.063333,0.75272,0.00000,2.49925,1.47592
546,16.7690,2.49926,1.04083,1.41258,0.063333,0.75000,0.00000,2.49926,1.41258
547,16.6850,2.49927,1.04083,1.34925,0.063333,0.74997,0.00000,2.49927,1.34925
548,16.7060,2.49928,1.04083,1.28592,0.063333,0.75003,0.00000,2.49928,1.28592
549,16.5130,2.49929,1.04083,1.22258,0.063333,0.75000,0.00000,2.49929,1.22258
550,16.6020,2.49930,1.04083,1.15925,0.063333,0.75000,0.00000,2.49930,1.15925
551,17.0990,2.49931,1.04083,1.09592,0.063333,0.74997,0.00000,2.49931,1.09592
552,20.7950,2.49932,1.04083,1.03258,0.063333,0.75009,0.00000,2.49932,1.03258
553,536.4070,2.49941,1.04083,0.52592,0.506667,0.75015,0.00000,2.49941,0.52592
554,6.4920,2.49943,1.04083,0.39925,0.126667,6.09592,0.00000,2.49943,0.39925
555,0.8370,2.49943,1.04083,0.39925,0.000000,1.16592,0.00000,2.49943,0.39925
556,19.3730,2.49944,1.04083,0.33592,0.063333,0.28564,0.00000,2.49944,0.33592
557,18.5170,2.49945,1.04083,0.27258,0.063333,0.71252,0.00000,2.49945,0.27258
558,14.7720,2.49946,1.04083,0.20925,0.063333,0.74997,0.00000,2.49946,0.20925
559,17.2420,2.49947,1.04083,0.14592,0.063333,0.75000,0.00000,2.49947,0.14592
560,16.2650,2.49948,1.04083,0.08258,0.063333,0.75003,0.00000,2.49948,0.08258
561,16.5510,2.49949,1.04083,0.01925,0.063333,0.75000,0.00000,2.49949,0.01925
562,17.1040,2.49950,1.04083,-0.04408,0.063333,0.74997,0.00000,2.49950,-0.04408
563,16.2390,2.49952,1.04083,-0.10742,0.063333,0.75000,0.00000,2.49952,-0.10742
564,16.6050,2.49953,1.04083,-0.17075,0.063333,0.75003,0.00000,2.49953,-0.17075
565,16.4670,2.49954,1.04083,-0.23408,0.063333,0.75000,0.00000,2.49954,-0.23408
566,17.2930,2.49955,1.04083,-0.29742,0.063333,0.74997,0.00000,2.49955,-0.29742
567,16.7030,2.49956,1.04083,-0.36075,0.063333,0.75003,0.00000,2.49956,-0.36075
568,16.3930,2.49957,1.04083,-0.42408,0.063333,0.75000,0.00000,2.49957,-0.42408
569,16.8490,2.49958,1.04083,-0.48742,0.063333,0.74997,0.00000,2.49958,-0.48742
570,18.3900,2.49959,1.04083,-0.55075,0.063333,0.75000,0.00000,2.49959,-0.55075
571,14.7280,2.49960,1.04083,-0.61408,0.063333,0.75003,0.00000,2.49960,-0.61408
572,16.7440,2.49961,1.04083,-0.67742,0.063333,0.75000,0.00000,2.49961,-0.67742
573,16.6670,2.49962,1.04083,-0.74075,0.063333,0.74997,0.00000,2.49962,-0.74075
574,16.7500,2.49963,1.04083,-0.80408,0.063333,0.75000,0.00000,2.49963,-0.80408
575,16.3880,2.49964,1.04083,-0.86742,0.063333,0.75000,0.00000,2.49964,-0.86742
576,16.8920,2.49965,1.04083,-0.93075,0.063333,0.75003,0.00000,2.49965,-0.93075
577,17.0730,2.49966,1.04083,-0.99408,0.063333,0.75000,0.00000,2.49966,-0.99408
578,16.1870,2.49967,1.04083,-1.05742,0.063333,0.74994,0.00000,2.49967,-1.05742
579,16.5090,2.49969,1.04083,-1.12075,0.063333,0.75006,0.00000,2.49969,-1.12075
580,16.8930,2.49970,1.04083,-1.18408,0.063333,0.75003,0.00000,2.49970,-1.18408
581,17.1080,2.49971,1.04083,-1.24742,0.063333,0.74994,0.00000,2.49971,-1.24742
582,16.0330,2.49972,1.04083,-1.31075,0.063333,0.75003,0.00000,2.49972,-1.31075
583,18.7910,2.49973,1.04083,-1.37408,0.063333,0.75000,0.00000,2.49973,-1.37408
584,533.7580,2.49975,1.04083,-1.80492,0.430833,0.74994,0.00000,2.49975,-1.80492
585,500.5520,2.49975,1.04083,-1.99075,0.185833,6.15860,0.00000,2.49975,-1.99075
586,6.0860,2.49976,1.04083,-1.98547,0.005278,5.72906,0.00000,2.49976,-1.98547
587,4.6160,2.49976,1.04083,-1.98547,0.000000,1.30045,0.00000,2.49976,-1.98547
588,19.6710,2.49976,1.04083,-1.97908,0.006389,0.34332,0.00000,2.49976,-1.97908
589,16.8030,2.49976,1.04083,-1.97019,0.008889,0.74716,0.00000,2.49976,-1.97019
590,39.5870,2.49977,1.04083,-1.95880,0.011389,0.75006,0.00000,2.49977,-1.95880
591,4.1240,2.49977,1.04083,-1.94492,0.013889,0.75003,0.00000,2.49977,-1.94492
592,7.7500,2.49977,1.04083,-1.92853,0.016389,0.84567,0.00000,2.49977,-1.92853
593,15.4880,2.49977,1.04083,-1.90964,0.018889,0.75003,0.00000,2.49977,-1.90964
594,16.1680,2.49978,1.04083,-1.88825,0.021389,0.75000,0.00000,2.49978,-1.88825
595,16.7680,2.49978,1.04083,-1.86436,0.023889,0.75000,0.00000,2.49978,-1.86436
596,16.4900,2.49978,1.04083,-1.83797,0.026389,0.74997,0.00000,2.49978,-1.83797
597,18.6100,2.49978,1.04083,-1.80908,0.028889,0.75000,0.00000,2.49978,-1.80908
598,14.9570,2.49979,1.04083,-1.77769,0.031389,0.75000,0.00000,2.49979,-1.77769
599,16.5310,2.49979,1.04083,-1.74380,0.033889,0.68750,0.00000,2.49979,-1.74380
600,16.5920,2.49979,1.04083,-1.70742,0.036389,0.72308,0.00000,2.49979,-1.70742
601,16.5390,2.49979,1.04083,-1.66853,0.038889,0.74994,0.00000,2.49979,-1.66853
602,16.9270,2.49979,1.04083,-1.62714,0.041389,0.74176,0.00000,2.49979,-1.62714
603,16.6920,2.49980,1.04083,-1.58325,0.043889,0.74997,0.00000,2.49980,-1.58325
604,16.7340,2.49980,1.04083,-1.53686,0.046389,0.75006,0.00000,2.49980,-1.53686
605,16.8570,2.49980,1.04083,-1.48797,0.048889,0.74994,0.00000,2.49980,-1.48797
606,16.4380,2.49980,1.04083,-1.43658,0.051389,0.75003,0.00000,2.49980,-1.43658
607,16.3670,2.49980,1.04083,-1.38269,0.053889,0.74994,0.00000,2.49980,-1.38269
608,16.9360,2.49981,1.04083,-1.32630,0.056389,0.75006,0.00000,2.49981,-1.32630
609,16.7020,2.49981,1.04083,-1.26742,0.058889,0.75003,0.00000,2.49981,-1.26742
610,18.7200,2.49981,1.04083,-1.20603,0.061389,0.74994,0.00000,2.49981,-1.20603
611,14.5730,2.49981,1.04083,-1.14269,0.063333,0.75000,0.00000,2.49981,-1.14269
612,16.8420,2.49982,1.04083,-1.07936,0.063333,0.75003,0.00000,2.49982,-1.07936
613,16.6400,2.49982,1.04083,-1.01603,0.063333,0.75000,0.00000,2.49982,-1.01603
614,16.5890,2.49982,1.04083,-0.95269,0.063333,0.74997,0.00000,2.49982,-0.95269
615,16.4980,2.49982,1.04083,-0.88936,0.063333,0.75000,0.00000,2.49982,-0.88936
616,16.8450,2.49982,1.04083,-0.82603,0.063333,0.75000,0.00000,2.49982,-0.82603
617,16.6740,2.49983,1.04083,-0.76269,0.063333,0.75003,0.00000,2.49983,-0.76269
618,16.6290,2.49983,1.04083,-0.69936,0.063333,0.75000,0.00000,2.49983,-0.69936
619,16.5900,2.49983,1.04083,-0.63603,0.063333,0.75000,0.00000,2.49983,-0.63603
620,16.6950,2.49983,1.04083,-0.57269,0.063333,0.75000,0.00000,2.49983,-0.57269
621,16.8290,2.49984,1.04083,-0.50936,0.063333,0.75003,0.00000,2.49984,-0.50936
622,16.5960,2.49984,1.04083,-0.44603,0.063333,0.74994,0.00000,2.49984,-0.44603
623,19.1730,2.49984,1.04083,-0.38269,0.063333,0.75003,0.00000,2.49984,-0.38269
624,14.1580,2.49984,1.04083,-0.31936,0.063333,0.75000,0.00000,2.49984,-0.31936
625,16.4740,2.49984,1.04083,-0.25603,0.063333,0.74994,0.00000,2.49984,-0.25603
626,17.1800,2.49985,1.04083,-0.19269,0.063333,0.75003,0.00000,2.49985,-0.19269
627,16.3950,2.49985,1.04083,-0.12936,0.063333,0.75006,0.00000,2.49985,-0.12936
628,17.5380,2.49985,1.04083,-0.06603,0.063333,0.74994,0.00000,2.49985,-0.06603
629,15.8130,2.49985,1.04083,-0.00269,0.063333,0.75003,0.00000,2.49985,-0.00269
630,16.5800,2.49985,1.04083,0.06064,0.063333,0.74994,0.00000,2.49985,0.06064
631,16.6240,2.49986,1.04083,0.12397,0.063333,0.75006,0.00000,2.49986,0.12397
632,16.7720,2.49986,1.04083,0.18731,0.063333,0.75000,0.00000,2.49986,0.18731
633,16.8270,2.49986,1.04083,0.25064,0.063333,0.75000,0.00000,2.49986,0.25064
634,16.6600,2.49986,1.04083,0.31397,0.063333,0.75000,0.00000,2.49986,0.31397
635,16.4810,2.49987,1.04083,0.37731,0.063333,0.75000,0.00000,2.49987,0.37731
636,18.3080,2.49987,1.04083,0.44064,0.063333,0.75000,0.00000,2.49987,0.44064
637,15.1890,2.49987,1.04083,0.50397,0.063333,0.75000,0.00000,2.49987,0.50397
638,17.0700,2.49987,1.04083,0.56731,0.063333,0.75000,0.00000,2.49987,0.56731
639,16.0670,2.49987,1.04083,0.63064,0.063333,0.75000,0.00000,2.49987,0.63064
640,16.9910,2.49988,1.04083,0.69397,0.063333,0.75000,0.00000,2.49988,0.69397
641,16.4820,2.49988,1.04083,0.75731,0.063333,0.75000,0.00000,2.49988,0.75731
642,16.7630,2.49988,1.04083,0.82064,0.063333,0.75000,0.00000,2.49988,0.82064
643,16.5770,2.49988,1.04083,0.88397,0.063333,0.75000,0.00000,2.49988,0.88397
644,16.6590,2.49988,1.04083,0.94731,0.063333,0.75000,0.00000,2.49988,0.94731
645,17.0750,2.49989,1.04083,1.01064,0.063333,0.74994,0.00000,2.49989,1.01064
646,15.9670,2.49989,1.04083,1.07397,0.063333,0.75006,0.00000,2.49989,1.07397
647,17.0610,2.49989,1.04083,1.13731,0.063333,0.75000,0.00000,2.49989,1.13731
648,16.3690,2.49989,1.04083,1.20064,0.063333,0.75000,0.00000,2.49989,1.20064
649,18.3080,2.49990,1.04083,1.26397,0.063333,0.75000,0.00000,2.49990,1.26397
650,15.0880,2.49990,1.04083,1.32731,0.063333,0.75000,0.00000,2.49990,1.32731
651,16.7410,2.49990,1.04083,1.39064,0.063333,0.75000,0.00000,2.49990,1.39064
652,16.6580,2.49990,1.04083,1.45397,0.063333,0.75000,0.00000,2.49990,1.45397
653,16.6790,2.49990,1.04083,1.51731,0.063333,0.75000,0.00000,2.49990,1.51731
654,17.9280,2.49991,1.04083,1.58064,0.063333,0.75000,0.00000,2.49991,1.58064
655,540.4320,2.49992,1.04083,2.08731,0.506666,0.75000,0.00000,2.49992,2.08731
656,6.2350,2.49993,1.04083,2.21397,0.126667,5.66150,0.00000,2.49993,2.21397
657,3.3420,2.49993,1.04083,2.27731,0.063333,1.65540,0.00000,2.49993,2.27731
658,12.9210,2.49993,1.04083,2.27731,0.000000,0.59460,0.00000,2.49993,2.27731
659,19.4330,2.49993,1.04083,2.34064,0.063333,0.37280,0.00000,2.49993,2.34064
660,16.8520,2.49994,1.04083,2.40397,0.063333,0.75000,0.00000,2.49994,2.40397
661,16.7310,2.49994,1.04083,2.46731,0.063333,0.75006,0.00000,2.49994,2.46731
662,16.4480,2.49994,1.04083,2.53064,0.063333,0.74994,0.00000,2.49994,2.53064
663,16.9030,2.49994,1.04083,2.59397,0.063333,0.75000,0.00000,2.49994,2.59397
664,16.3840,2.49994,1.04083,2.65731,0.063333,0.75000,0.00000,2.49994,2.65731
665,16.6330,2.49995,1.04083,2.72064,0.063333,0.75006,0.00000,2.49995,2.72064
666,16.7930,2.49995,1.04083,2.78036,0.059722,0.74994,0.00000,2.49995,2.78036
667,18.5210,2.49995,1.04083,2.83647,0.056111,0.75000,0.00000,2.49995,2.83647
668,15.1120,2.49995,1.04083,2.88897,0.052500,0.75000,0.00000,2.49995,2.88897
669,17.9040,2.49995,1.04083,2.93786,0.048889,0.75000,0.00000,2.49995,2.93786
670,15.6480,2.49995,1.04083,2.98314,0.045278,0.75000,0.00000,2.49995,2.98314
671,16.3470,2.49995,1.04083,3.02481,0.041667,0.75000,0.00000,2.49995,3.02481
672,16.6900,2.49995,1.04083,3.06286,0.038056,0.75006,0.00000,2.49995,3.06286
673,16.4820,2.49995,1.04083,3.09731,0.034444,0.74994,0.00000,2.49995,3.09731
674,16.8570,2.49995,1.04083,3.12814,0.030833,0.75000,0.00000,2.49995,3.12814
675,16.8200,2.49995,1.04083,3.15536,0.027222,0.75000,0.00000,2.49995,3.15536
676,16.4720,2.49995,1.04083,3.17897,0.023611,0.75006,0.00000,2.49995,3.17897
677,16.8960,2.49995,1.04083,3.19897,0.020000,0.74994,0.00000,2.49995,3.19897
678,16.3880,2.49995,1.04083,3.20953,0.010556,0.75000,0.00000,2.49995,3.20953
679,16.7800,2.49995,1.04083,3.21064,0.001111,0.75000,0.00000,2.49995,3.21064
680,18.2390,2.49995,1.04083,3.20925,0.001389,0.75006,0.00000,2.49995,3.20925
681,15.1630,2.49995,1.04083,3.20536,0.003889,0.74994,0.00000,2.49995,3.20536
682,16.7920,2.49995,1.04083,3.19897,0.006389,0.75000,0.00000,2.49995,3.19897
683,16.5360,2.49995,1.04083,3.19008,0.008889,0.75000,0.00000,2.49995,3.19008
684,16.6760,2.49995,1.04083,3.17869,0.011389,0.75000,0.00000,2.49995,3.17869
685,16.5640,2.49995,1.04083,3.16480,0.013889,0.75000,0.00000,2.49995,3.16480
686,16.7310,2.49995,1.04083,3.14842,0.016389,0.75000,0.00000,2.49995,3.14842
687,16.7960,2.49995,1.04083,3.12953,0.018889,0.75006,0.00000,2.49995,3.12953
688,16.5580,2.49995,1.04083,3.10814,0.021389,0.74994,0.00000,2.49995,3.10814
689,17.3750,2.49995,1.04083,3.08425,0.023889,0.75000,0.00000,2.49995,3.08425
690,15.8430,2.49995,1.04083,3.05786,0.026389,0.75000,0.00000,2.49995,3.05786
691,16.8900,2.49995,1.04083,3.02897,0.028889,0.75006,0.00000,2.49995,3.02897
692,16.4420,2.49995,1.04083,2.99758,0.031389,0.74994,0.00000,2.49995,2.99758
693,18.5700,2.49995,1.04083,2.96369,0.033889,0.75000,0.00000,2.49995,2.96369
694,14.8300,2.49996,1.04083,2.92730,0.036389,0.75000,0.00000,2.49996,2.92730
695,16.2940,2.49996,1.04083,2.88842,0.038889,0.75006,0.00000,2.49996,2.88842
696,17.2740,2.49996,1.04083,2.84703,0.041389,0.74994,0.00000,2.49996,2.84703
697,16.2190,2.49996,1.04083,2.80314,0.043889,0.75000,0.00000,2.49996,2.80314
698,17.2530,2.49996,1.04083,2.75675,0.046389,0.75000,0.00000,2.49996,2.75675
699,16.2550,2.49996,1.04083,2.70786,0.048889,0.75000,0.00000,2.49996,2.70786
700,16.8310,2.49996,1.04083,2.65647,0.051389,0.75000,0.00000,2.49996,2.65647
701,16.7790,2.49996,1.04083,2.60258,0.053889,0.75000,0.00000,2.49996,2.60258
702,16.5170,2.49996,1.04083,2.54619,0.056389,0.75006,0.00000,2.49996,2.54619
703,17.0810,2.49996,1.04083,2.48730,0.058889,0.74994,0.00000,2.49996,2.48730
704,16.1800,2.49996,1.04083,2.42592,0.061389,0.75000,0.00000,2.49996,2.42592
705,16.9170,2.49996,1.04083,2.36258,0.063333,0.75000,0.00000,2.49996,2.36258
706,18.3870,2.49996,1.04083,2.29925,0.063333,0.75006,0.00000,2.49996,2.29925
707,14.9190,2.49996,1.04083,2.23592,0.063333,0.74994,0.00000,2.49996,2.23592
708,16.8320,2.49996,1.04083,2.17258,0.063333,0.75000,0.00000,2.49996,2.17258
709,16.5910,2.49996,1.04083,2.10925,0.063333,0.75000,0.00000,2.49996,2.10925
710,16.8010,2.49996,1.04083,2.04592,0.063333,0.75006,0.00000,2.49996,2.04592
711,16.5050,2.49996,1.04083,1.98258,0.063333,0.74994,0.00000,2.49996,1.98258
712,16.7600,2.49996,1.04083,1.91925,0.063333,0.75000,0.00000,2.49996,1.91925
713,16.6410,2.49996,1.04083,1.85592,0.063333,0.75000,0.00000,2.49996,1.85592
714,16.9720,2.49996,1.04083,1.79258,0.063333,0.75000,0.00000,2.49996,1.79258
715,16.7610,2.49997,1.04083,1.72925,0.063333,0.75000,0.00000,2.49997,1.72925
716,16.3490,2.49997,1.04083,1.66592,0.063333,0.75000,0.00000,2.49997,1.66592
717,16.9080,2.49997,1.04083,1.60258,0.063333,0.75006,0.00000,2.49997,1.60258
718,16.8920,2.49997,1.04083,1.53925,0.063333,0.74994,0.00000,2.49997,1.53925
719,21.4510,2.49997,1.04083,1.47592,0.063333,0.75000,0.00000,2.49997,1.47592
720,11.9280,2.49997,1.04083,1.41258,0.063333,0.75000,0.00000,2.49997,1.41258
721,16.5120,2.49997,1.04083,1.34925,0.063333,0.75006,0.00000,2.49997,1.34925
722,17.1500,2.49997,1.04083,1.28592,0.063333,0.74994,0.00000,2.49997,1.28592
723,16.1840,2.49997,1.04083,1.22258,0.063333,0.75000,0.00000,2.49997,1.22258
724,17.3260,2.49997,1.04083,1.15925,0.063333,0.75000,0.00000,2.49997,1.15925
725,16.1470,2.49997,1.04083,1.09592,0.063333,0.75006,0.00000,2.49997,1.09592
726,16.6810,2.49997,1.04083,1.03258,0.063333,0.74994,0.00000,2.49997,1.03258
727,16.8540,2.49997,1.04083,0.96925,0.063333,0.75000,0.00000,2.49997,0.96925
728,16.5220,2.49997,1.04083,0.90592,0.063333,0.75000,0.00000,2.49997,0.90592
729,16.8040,2.49997,1.04083,0.84258,0.063333,0.75000,0.00000,2.49997,0.84258
730,16.4310,2.49997,1.04083,0.77925,0.063333,0.75000,0.00000,2.49997,0.77925
731,17.1170,2.49997,1.04083,0.71592,0.063333,0.75000,0.00000,2.49997,0.71592
732,21.4060,2.49997,1.04083,0.65258,0.063333,0.75006,0.00000,2.49997,0.65258
733,11.5340,2.49997,1.04083,0.58925,0.063333,0.74994,0.00000,2.49997,0.58925
734,16.6710,2.49997,1.04083,0.52592,0.063333,0.75000,0.00000,2.49997,0.52592
735,17.1670,2.49997,1.04083,0.46258,0.063333,0.75000,0.00000,2.49997,0.46258
736,16.0810,2.49998,1.04083,0.39925,0.063333,0.75006,0.00000,2.49998,0.39925
737,16.8680,2.49998,1.04083,0.33592,0.063333,0.74994,0.00000,2.49998,0.33592
738,16.8370,2.49998,1.04083,0.27258,0.063333,0.75000,0.00000,2.49998,0.27258
739,16.6370,2.49998,1.04083,0.20925,0.063333,0.75000,0.00000,2.49998,0.20925
740,16.4250,2.49998,1.04083,0.14592,0.063333,0.75006,0.00000,2.49998,0.14592
741,16.7120,2.49998,1.04083,0.08258,0.063333,0.74994,0.00000,2.49998,0.08258
742,16.9360,2.49998,1.04083,0.01925,0.063333,0.75000,0.00000,2.49998,0.01925
743,16.3760,2.49998,1.04083,-0.04408,0.063333,0.75000,0.00000,2.49998,-0.04408
744,16.7940,2.49998,1.04083,-0.10742,0.063333,0.75000,0.00000,2.49998,-0.10742
745,18.3810,2.49998,1.04083,-0.17075,0.063333,0.75000,0.00000,2.49998,-0.17075
746,14.9210,2.49998,1.04083,-0.23408,0.063333,0.75000,0.00000,2.49998,-0.23408
747,16.4990,2.49998,1.04083,-0.29742,0.063333,0.75006,0.00000,2.49998,-0.29742
748,16.9060,2.49998,1.04083,-0.36075,0.063333,0.74994,0.00000,2.49998,-0.36075
749,16.6090,2.49998,1.04083,-0.42408,0.063333,0.75000,0.00000,2.49998,-0.42408
750,16.5330,2.49998,1.04083,-0.48742,0.063333,0.75000,0.00000,2.49998,-0.48742
751,16.8370,2.49998,1.04083,-0.55075,0.063333,0.75006,0.00000,2.49998,-0.55075
752,16.6050,2.49998,1.04083,-0.61408,0.063333,0.74994,0.00000,2.49998,-0.61408
753,16.7170,2.49998,1.04083,-0.67742,0.063333,0.75000,0.00000,2.49998,-0.67742
754,17.0370,2.49998,1.04083,-0.74075,0.063333,0.75000,0.00000,2.49998,-0.74075
755,16.2380,2.49998,1.04083,-0.80408,0.063333,0.75006,0.00000,2.49998,-0.80408
756,16.9510,2.49998,1.04083,-0.86742,0.063333,0.74994,0.00000,2.49998,-0.86742
757,16.4380,2.49999,1.04083,-0.93075,0.063333,0.75000,0.00000,2.49999,-0.93075
758,21.1840,2.49999,1.04083,-0.99408,0.063333,0.75000,0.00000,2.49999,-0.99408
759,12.3610,2.49999,1.04083,-1.05742,0.063333,0.75000,0.00000,2.49999,-1.05742
760,16.4870,2.49999,1.04083,-1.12075,0.063333,0.75000,0.00000,2.49999,-1.12075
761,16.5880,2.49999,1.04083,-1.18408,0.063333,0.75000,0.00000,2.49999,-1.18408
762,16.5100,2.49999,1.04083,-1.24742,0.063333,0.75006,0.00000,2.49999,-1.24742
763,16.8740,2.49999,1.04083,-1.31075,0.063333,0.74994,0.00000,2.49999,-1.31075
764,16.3530,2.49999,1.04083,-1.37408,0.063333,0.75000,0.00000,2.49999,-1.37408
765,16.8420,2.49999,1.04083,-1.43742,0.063333,0.75000,0.00000,2.49999,-1.43742
766,16.8400,2.49999,1.04083,-1.50075,0.063333,0.75006,0.00000,2.49999,-1.50075
767,16.6660,2.49999,1.04083,-1.56047,0.059722,0.74994,0.00000,2.49999,-1.56047
768,16.8780,2.49999,1.04083,-1.61658,0.056111,0.75000,0.00000,2.49999,-1.61658
769,16.4620,2.49999,1.04083,-1.66908,0.052500,0.75000,0.00000,2.49999,-1.66908
770,16.6470,2.49999,1.04083,-1.71797,0.048889,0.75006,0.00000,2.49999,-1.71797
771,21.9600,2.49999,1.04083,-1.76325,0.045278,0.74994,0.00000,2.49999,-1.76325
772,11.4570,2.49999,1.04083,-1.80492,0.041667,0.75000,0.00000,2.49999,-1.80492
773,16.9300,2.49999,1.04083,-1.84297,0.038056,0.75000,0.00000,2.49999,-1.84297
774,16.3580,2.49999,1.04083,-1.87742,0.034444,0.75000,0.00000,2.49999,-1.87742
775,16.9890,2.49999,1.04083,-1.90825,0.030833,0.75000,0.00000,2.49999,-1.90825
776,15.9020,2.49999,1.04083,-1.93547,0.027222,0.75000,0.00000,2.49999,-1.93547
777,17.2020,2.49999,1.04083,-1.95908,0.023611,0.75006,0.00000,2.49999,-1.95908
778,16.9770,2.49999,1.04083,-1.97908,0.020000,0.74994,0.00000,2.49999,-1.97908
779,16.5830,2.49999,1.04083,-1.98964,0.010556,0.75000,0.00000,2.49999,-1.98964
780,16.7520,2.49999,1.04083,-1.99075,0.001111,0.75000,0.00000,2.49999,-1.99075
781,16.6260,2.49999,1.04083,-1.98936,0.001389,0.75006,0.00000,2.49999,-1.98936
782,16.3480,2.49999,1.04083,-1.98547,0.003889,0.74994,0.00000,2.49999,-1.98547
783,16.6540,2.49999,1.04083,-1.97908,0.006389,0.75000,0.00000,2.49999,-1.97908
784,18.6650,2.49999,1.04083,-1.97019,0.008889,0.75000,0.00000,2.49999,-1.97019
785,14.8470,2.49999,1.04083,-1.95880,0.011389,0.75006,0.00000,2.49999,-1.95880
786,16.5350,2.49999,1.04083,-1.94492,0.013889,0.74994,0.00000,2.49999,-1.94492
787,17.2700,2.49999,1.04083,-1.92853,0.016389,0.75000,0.00000,2.49999,-1.92853
788,16.4710,2.49999,1.04083,-1.90964,0.018889,0.75000,0.00000,2.49999,-1.90964
789,16.5410,2.49999,1.04083,-1.88825,0.021389,0.75000,0.00000,2.49999,-1.88825
790,16.7350,2.49999,1.04083,-1.86436,0.023889,0.75000,0.00000,2.49999,-1.86436
791,16.6190,2.49999,1.04083,-1.83797,0.026389,0.75000,0.00000,2.49999,-1.83797
792,16.6620,2.49999,1.04083,-1.80908,0.028889,0.75006,0.00000,2.49999,-1.80908
793,16.6460,2.49999,1.04083,-1.77769,0.031389,0.74994,0.00000,2.49999,-1.77769
794,16.9830,2.49999,1.04083,-1.74380,0.033889,0.75000,0.00000,2.49999,-1.74380
795,16.1090,2.49999,1.04083,-1.70742,0.036389,0.75000,0.00000,2.49999,-1.70742
796,16.8390,2.49999,1.04083,-1.66853,0.038889,0.75006,0.00000,2.49999,-1.66853
797,18.3980,2.49999,1.04083,-1.62714,0.041389,0.74994,0.00000,2.49999,-1.62714
798,14.8460,2.49999,1.04083,-1.58325,0.043889,0.75000,0.00000,2.49999,-1.58325
799,16.8810,2.49999,1.04083,-1.53686,0.046389,0.75000,0.00000,2.49999,-1.53686
800,532.8630,2.49999,1.04083,-1.07936,0.457500,0.75006,0.00000,2.49999,-1.07936
801,5.8780,2.49999,1.04083,-0.95269,0.126667,6.06372,0.00000,2.49999,-0.95269
802,12.9820,2.49999,1.04083,-0.88936,0.063333,1.06342,0.00000,2.49999,-0.88936
803,15.0340,2.49999,1.04083,-0.82603,0.063333,0.75006,0.00000,2.49999,-0.82603
804,16.6370,2.49999,1.04083,-0.76269,0.063333,0.74994,0.00000,2.49999,-0.76269
805,16.8140,2.49999,1.04083,-0.69936,0.063333,0.81146,0.00000,2.49999,-0.69936
806,17.1070,2.49999,1.04083,-0.63603,0.063333,0.75000,0.00000,2.49999,-0.63603
807,16.4490,2.49999,1.04083,-0.57269,0.063333,0.75000,0.00000,2.49999,-0.57269
808,17.3060,2.49999,1.04083,-0.50936,0.063333,0.74994,0.00000,2.49999,-0.50936
809,15.8910,2.49999,1.04083,-0.44603,0.063333,0.75000,0.00000,2.49999,-0.44603
810,17.1330,2.49999,1.04083,-0.38269,0.063333,0.74994,0.00000,2.49999,-0.38269
811,16.0220,2.49999,1.04083,-0.31936,0.063333,0.74994,0.00000,2.49999,-0.31936
812,16.7220,2.49999,1.04083,-0.25603,0.063333,0.75000,0.00000,2.49999,-0.25603
813,16.8720,2.49999,1.04083,-0.19269,0.063333,0.74994,0.00000,2.49999,-0.19269
814,18.2340,2.49999,1.04083,-0.12936,0.063333,0.75000,0.00000,2.49999,-0.12936
815,15.0040,2.49999,1.04083,-0.06603,0.063333,0.74994,0.00000,2.49999,-0.06603
816,16.5330,2.49999,1.04083,-0.00269,0.063333,0.75000,0.00000,2.49999,-0.00269
817,16.9120,2.49999,1.04083,0.06064,0.063333,0.74994,0.00000,2.49999,0.06064
818,16.4000,2.49999,1.04083,0.12397,0.063333,0.75000,0.00000,2.49999,0.12397
819,18.3680,2.49999,1.04083,0.18731,0.063333,0.74994,0.00000,2.49999,0.18731
820,15.3840,2.49999,1.04083,0.25064,0.063333,0.75000,0.00000,2.49999,0.25064
821,18.0070,2.49999,1.04083,0.31397,0.063333,0.74994,0.00000,2.49999,0.31397
822,15.6330,2.49999,1.04083,0.37731,0.063333,0.75006,0.00000,2.49999,0.37731
823,16.2350,2.49999,1.04083,0.44064,0.063333,0.74994,0.00000,2.49999,0.44064
824,17.3040,2.49999,1.04083,0.50397,0.063333,0.75000,0.00000,2.49999,0.50397
825,16.0500,2.49999,1.04083,0.56731,0.063333,0.74451,0.00000,2.49999,0.56731
826,16.8770,2.49999,1.04083,0.63064,0.063333,0.75000,0.00000,2.49999,0.63064
827,18.7240,2.49999,1.04083,0.69397,0.063333,0.75000,0.00000,2.49999,0.69397
828,14.2230,2.49999,1.04083,0.75731,0.063333,0.75000,0.00000,2.49999,0.75731
829,16.9780,2.49999,1.04083,0.82064,0.063333,0.74811,0.00000,2.49999,0.82064
830,16.7470,2.49999,1.04083,0.88397,0.063333,0.75006,0.00000,2.49999,0.88397
831,16.5750,2.49999,1.04083,0.94731,0.063333,0.74994,0.00000,2.49999,0.94731
832,16.7520,2.49999,1.04083,1.01064,0.063333,0.75000,0.00000,2.49999,1.01064
833,16.6210,2.49999,1.04083,1.07397,0.063333,0.75000,0.00000,2.49999,1.07397
834,17.0790,2.49999,1.04083,1.13731,0.063333,0.75006,0.00000,2.49999,1.13731
835,16.1370,2.49999,1.04083,1.20064,0.063333,0.74994,0.00000,2.49999,1.20064
836,16.7060,2.49999,1.04083,1.26397,0.063333,0.75000,0.00000,2.49999,1.26397
837,16.5090,2.49999,1.04083,1.32731,0.063333,0.75000,0.00000,2.49999,1.32731
838,16.7230,2.49999,1.04083,1.39064,0.063333,0.75000,0.00000,2.49999,1.39064
839,16.8690,2.49999,1.04083,1.45397,0.063333,0.75000,0.00000,2.49999,1.45397
840,21.2930,2.49999,1.04083,1.51731,0.063333,0.75000,0.00000,2.49999,1.51731
841,12.1950,2.49999,1.04083,1.58064,0.063333,0.75006,0.00000,2.49999,1.58064
842,16.4710,2.50000,1.04083,1.64397,0.063333,0.74994,0.00000,2.50000,1.64397
843,16.6610,2.50000,1.04083,1.70731,0.063333,0.75000,0.00000,2.50000,1.70731
844,16.4700,2.50000,1.04083,1.77064,0.063333,0.75000,0.00000,2.50000,1.77064
845,16.7710,2.50000,1.04083,1.83397,0.063333,0.75006,0.00000,2.50000,1.83397
846,16.7620,2.50000,1.04083,1.89731,0.063333,0.74994,0.00000,2.50000,1.89731
847,16.5930,2.50000,1.04083,1.96064,0.063333,0.75000,0.00000,2.50000,1.96064
848,17.0170,2.50000,1.04083,2.02397,0.063333,0.75000,0.00000,2.50000,2.02397
849,16.2440,2.50000,1.04083,2.08731,0.063333,0.75006,0.00000,2.50000,2.08731
850,16.6650,2.50000,1.04083,2.15064,0.063333,0.74994,0.00000,2.50000,2.15064
851,16.7870,2.50000,1.04083,2.21397,0.063333,0.75000,0.00000,2.50000,2.21397
852,16.4000,2.50000,1.04083,2.27731,0.063333,0.75000,0.00000,2.50000,2.27731
853,21.8670,2.50000,1.04083,2.34064,0.063333,0.75000,0.00000,2.50000,2.34064
854,11.5300,2.50000,1.04083,2.40397,0.063333,0.75000,0.00000,2.50000,2.40397
855,16.7760,2.50000,1.04083,2.46731,0.063333,0.75000,0.00000,2.50000,2.46731
856,17.1350,2.50000,1.04083,2.53064,0.063333,0.75006,0.00000,2.50000,2.53064
857,16.0150,2.50000,1.04083,2.59397,0.063333,0.74994,0.00000,2.50000,2.59397
858,16.7930,2.50000,1.04083,2.65731,0.063333,0.75000,0.00000,2.50000,2.65731
859,16.4960,2.50000,1.04083,2.72064,0.063333,0.75000,0.00000,2.50000,2.72064
860,16.9010,2.50000,1.04083,2.78036,0.059722,0.75006,0.00000,2.50000,2.78036
861,17.6030,2.50000,1.04083,2.83647,0.056111,0.74994,0.00000,2.50000,2.83647
862,15.7560,2.50000,1.04083,2.88897,0.052500,0.75000,0.00000,2.50000,2.88897
863,16.6230,2.50000,1.04083,2.93786,0.048889,0.75000,0.00000,2.50000,2.93786
864,16.1870,2.50000,1.04083,2.98314,0.045278,0.74707,0.00000,2.50000,2.98314
865,16.8570,2.50000,1.04083,3.02481,0.041667,0.75000,0.00000,2.50000,3.02481
866,21.5170,2.50000,1.04083,3.06286,0.038056,0.75000,0.00000,2.50000,3.06286
867,11.4210,2.50000,1.04083,3.09731,0.034444,0.75000,0.00000,2.50000,3.09731
868,17.2630,2.50000,1.04083,3.12814,0.030833,0.73889,0.00000,2.50000,3.12814
869,16.4740,2.50000,1.04083,3.15536,0.027222,0.75000,0.00000,2.50000,3.15536
870,16.6590,2.50000,1.04083,3.17897,0.023611,0.75000,0.00000,2.50000,3.17897
871,16.5070,2.50000,1.04083,3.19897,0.020000,0.74994,0.00000,2.50000,3.19897
872,16.8190,2.50000,1.04083,3.20953,0.010556,0.75006,0.00000,2.50000,3.20953
873,16.7330,2.50000,1.04083,3.21064,0.001111,0.75000,0.00000,2.50000,3.21064
874,16.9790,2.50000,1.04083,3.20925,0.001389,0.74994,0.00000,2.50000,3.20925
875,16.3200,2.50000,1.04083,3.20536,0.003889,0.75000,0.00000,2.50000,3.20536
876,16.8320,2.50000,1.04083,3.19897,0.006389,0.75006,0.00000,2.50000,3.19897
877,16.5860,2.50000,1.04083,3.19008,0.008889,0.75000,0.00000,2.50000,3.19008
878,16.9120,2.50000,1.04083,3.17869,0.011389,0.74994,0.00000,2.50000,3.17869
879,18.1220,2.50000,1.04083,3.16480,0.013889,0.75000,0.00000,2.50000,3.16480
880,15.0030,2.50000,1.04083,3.14842,0.016389,0.75006,0.00000,2.50000,3.14842
881,16.5580,2.50000,1.04083,3.12953,0.018889,0.75000,0.00000,2.50000,3.12953
882,16.8260,2.50000,1.04083,3.10814,0.021389,0.74994,0.00000,2.50000,3.10814
883,16.7900,2.50000,1.04083,3.08425,0.023889,0.75006,0.00000,2.50000,3.08425
884,16.6170,2.50000,1.04083,3.05786,0.026389,0.75000,0.00000,2.50000,3.05786
885,16.5770,2.50000,1.04083,3.02897,0.028889,0.75000,0.00000,2.50000,3.02897
886,16.5950,2.50000,1.04083,2.99758,0.031389,0.74994,0.00000,2.50000,2.99758
887,16.8890,2.50000,1.04083,2.96369,0.033889,0.75006,0.00000,2.50000,2.96369
888,16.0870,2.50000,1.04083,2.92730,0.036389,0.75000,0.00000,2.50000,2.92730
889,17.1870,2.50000,1.04083,2.88842,0.038889,0.74994,0.00000,2.50000,2.88842
890,16.9300,2.50000,1.04083,2.84703,0.041389,0.75000,0.00000,2.50000,2.84703
891,16.2510,2.50000,1.04083,2.80314,0.043889,0.75006,0.00000,2.50000,2.80314
892,18.9120,2.50000,1.04083,2.75675,0.046389,0.75000,0.00000,2.50000,2.75675
893,14.5730,2.50000,1.04083,2.70786,0.048889,0.74994,0.00000,2.50000,2.70786
894,17.0540,2.50000,1.04083,2.65647,0.051389,0.75000,0.00000,2.50000,2.65647
895,16.0900,2.50000,1.04083,2.60258,0.053889,0.75000,0.00000,2.50000,2.60258
896,17.3440,2.50000,1.04083,2.54619,0.056389,0.75000,0.00000,2.50000,2.54619
897,16.7400,2.50000,1.04083,2.48730,0.058889,0.75006,0.00000,2.50000,2.48730
898,16.0170,2.50000,1.04083,2.42592,0.061389,0.75000,0.00000,2.50000,2.42592
899,17.0710,2.50000,1.04083,2.36258,0.063333,0.75000,0.00000,2.50000,2.36258
900,16.1780,2.50000,1.04083,2.29925,0.063333,0.75000,0.00000,2.50000,2.29925
901,16.9050,2.50000,1.04083,2.23592,0.063333,0.74994,0.00000,2.50000,2.23592
902,16.4750,2.50000,1.04083,2.17258,0.063333,0.75000,0.00000,2.50000,2.17258
903,16.8910,2.50000,1.04083,2.10925,0.063333,0.75000,0.00000,2.50000,2.10925
904,17.0870,2.50000,1.04083,2.04592,0.063333,0.75006,0.00000,2.50000,2.04592
905,18.1780,2.50000,1.04083,1.98258,0.063333,0.75000,0.00000,2.50000,1.98258
906,14.8650,2.50000,1.04083,1.91925,0.063333,0.75000,0.00000,2.50000,1.91925
907,16.5760,2.50000,1.04083,1.85592,0.063333,0.75000,0.00000,2.50000,1.85592
908,16.6000,2.50000,1.04083,1.79258,0.063333,0.74994,0.00000,2.50000,1.79258
909,16.6120,2.50000,1.04083,1.72925,0.063333,0.75000,0.00000,2.50000,1.72925
910,16.7420,2.50000,1.04083,1.66592,0.063333,0.75000,0.00000,2.50000,1.66592
911,17.0000,2.50000,1.04083,1.60258,0.063333,0.75000,0.00000,2.50000,1.60258
912,16.2540,2.50000,1.04083,1.53925,0.063333,0.75006,0.00000,2.50000,1.53925
913,17.0530,2.50000,1.04083,1.47592,0.063333,0.75000,0.00000,2.50000,1.47592
914,16.3690,2.50000,1.04083,1.41258,0.063333,0.75000,0.00000,2.50000,1.41258
915,16.6750,2.50000,1.04083,1.34925,0.063333,0.75000,0.00000,2.50000,1.34925
916,16.7730,2.50000,1.04083,1.28592,0.063333,0.74994,0.00000,2.50000,1.28592
917,16.5540,2.50000,1.04083,1.22258,0.063333,0.75000,0.00000,2.50000,1.22258
918,18.9650,2.50000,1.04083,1.15925,0.063333,0.75000,0.00000,2.50000,1.15925
919,14.2130,2.50000,1.04083,1.09592,0.063333,0.75006,0.00000,2.50000,1.09592
920,16.9910,2.50000,1.04083,1.03258,0.063333,0.75000,0.00000,2.50000,1.03258
921,16.1270,2.50000,1.04083,0.96925,0.063333,0.75000,0.00000,2.50000,0.96925
922,16.7010,2.50000,1.04083,0.90592,0.063333,0.75000,0.00000,2.50000,0.90592
923,17.1680,2.50000,1.04083,0.84258,0.063333,0.74994,0.00000,2.50000,0.84258
924,16.4160,2.50000,1.04083,0.77925,0.063333,0.75000,0.00000,2.50000,0.77925
925,16.7630,2.50000,1.04083,0.71592,0.063333,0.75000,0.00000,2.50000,0.71592
926,16.6010,2.50000,1.04083,0.65258,0.063333,0.75000,0.00000,2.50000,0.65258
927,16.6430,2.50000,1.04083,0.58925,0.063333,0.75006,0.00000,2.50000,0.58925
928,16.7160,2.50000,1.04083,0.52592,0.063333,0.75000,0.00000,2.50000,0.52592
929,16.5470,2.50000,1.04083,0.46258,0.063333,0.75000,0.00000,2.50000,0.46258
930,16.7930,2.50000,1.04083,0.39925,0.063333,0.75000,0.00000,2.50000,0.39925
931,18.6600,2.50000,1.04083,0.33592,0.063333,0.74994,0.00000,2.50000,0.33592
932,14.6490,2.50000,1.04083,0.27258,0.063333,0.75000,0.00000,2.50000,0.27258
933,16.4330,2.50000,1.04083,0.20925,0.063333,0.75000,0.00000,2.50000,0.20925
934,16.7540,2.50000,1.04083,0.14592,0.063333,0.75006,0.00000,2.50000,0.14592
935,16.6980,2.50000,1.04083,0.08258,0.063333,0.75000,0.00000,2.50000,0.08258
936,16.7130,2.50000,1.04083,0.01925,0.063333,0.75000,0.00000,2.50000,0.01925
937,16.8190,2.50000,1.04083,-0.04408,0.063333,0.75000,0.00000,2.50000,-0.04408
938,16.7980,2.50000,1.04083,-0.10742,0.063333,0.74994,0.00000,2.50000,-0.10742
939,16.6800,2.50000,1.04083,-0.17075,0.063333,0.75000,0.00000,2.50000,-0.17075
940,16.4130,2.50000,1.04083,-0.23408,0.063333,0.75000,0.00000,2.50000,-0.23408
941,16.8440,2.50000,1.04083,-0.29742,0.063333,0.75000,0.00000,2.50000,-0.29742
942,16.5900,2.50000,1.04083,-0.36075,0.063333,0.75006,0.00000,2.50000,-0.36075
943,16.6400,2.50000,1.04083,-0.42408,0.063333,0.75000,0.00000,2.50000,-0.42408
944,22.0160,2.50000,1.04083,-0.48742,0.063333,0.75000,0.00000,2.50000,-0.48742
945,11.6380,2.50000,1.04083,-0.55075,0.063333,0.75000,0.00000,2.50000,-0.55075
946,17.1350,2.50000,1.04083,-0.61408,0.063333,0.74994,0.00000,2.50000,-0.61408
947,16.3370,2.50000,1.04083,-0.67742,0.063333,0.75000,0.00000,2.50000,-0.67742
948,16.3190,2.50000,1.04083,-0.74075,0.063333,0.75000,0.00000,2.50000,-0.74075
949,16.8070,2.50000,1.04083,-0.80408,0.063333,0.75006,0.00000,2.50000,-0.80408
950,16.7530,2.50000,1.04083,-0.86742,0.063333,0.75000,0.00000,2.50000,-0.86742
951,16.5940,2.50000,1.04083,-0.93075,0.063333,0.75000,0.00000,2.50000,-0.93075
952,16.8180,2.50000,1.04083,-0.99408,0.063333,0.75000,0.00000,2.50000,-0.99408
953,16.5740,2.50000,1.04083,-1.05742,0.063333,0.74994,0.00000,2.50000,-1.05742
954,16.5670,2.50000,1.04083,-1.12075,0.063333,0.75000,0.00000,2.50000,-1.12075
955,16.7120,2.50000,1.04083,-1.18408,0.063333,0.75000,0.00000,2.50000,-1.18408
956,16.8770,2.50000,1.04083,-1.24742,0.063333,0.75000,0.00000,2.50000,-1.24742
957,31.8890,2.50000,1.04083,-1.31075,0.063333,0.75006,0.00000,2.50000,-1.31075
958,3.7830,2.50000,1.04083,-1.37408,0.063333,0.75000,0.00000,2.50000,-1.37408
959,14.3150,2.50000,1.04083,-1.43742,0.063333,0.75000,0.00000,2.50000,-1.43742
960,16.4940,2.50000,1.04083,-1.50075,0.063333,0.75000,0.00000,2.50000,-1.50075
961,16.9900,2.50000,1.04083,-1.56047,0.059722,0.74994,0.00000,2.50000,-1.56047
962,16.3680,2.50000,1.04083,-1.61658,0.056111,0.75000,0.00000,2.50000,-1.61658
963,16.8520,2.50000,1.04083,-1.66908,0.052500,0.75000,0.00000,2.50000,-1.66908
964,16.5010,2.50000,1.04083,-1.71797,0.048889,0.75006,0.00000,2.50000,-1.71797
965,16.6130,2.50000,1.04083,-1.76325,0.045278,0.75000,0.00000,2.50000,-1.76325
966,16.6200,2.50000,1.04083,-1.80492,0.041667,0.75000,0.00000,2.50000,-1.80492
967,16.8630,2.50000,1.04083,-1.84297,0.038056,0.75000,0.00000,2.50000,-1.84297
968,16.6490,2.50000,1.04083,-1.87742,0.034444,0.74994,0.00000,2.50000,-1.87742
969,16.5080,2.50000,1.04083,-1.90825,0.030833,0.75000,0.00000,2.50000,-1.90825
970,20.0300,2.50000,1.04083,-1.93547,0.027222,0.75000,0.00000,2.50000,-1.93547
971,13.3740,2.50000,1.04083,-1.95908,0.023611,0.75000,0.00000,2.50000,-1.95908
972,16.5130,2.50000,1.04083,-1.97908,0.020000,0.75006,0.00000,2.50000,-1.97908
973,16.8610,2.50000,1.04083,-1.98964,0.010556,0.75000,0.00000,2.50000,-1.98964
974,16.8710,2.50000,1.04083,-1.99075,0.001111,0.75000,0.00000,2.50000,-1.99075
975,16.4490,2.50000,1.04083,-1.98936,0.001389,0.75000,0.00000,2.50000,-1.98936
976,16.6830,2.50000,1.04083,-1.98547,0.003889,0.74994,0.00000,2.50000,-1.98547
977,16.5680,2.50000,1.04083,-1.97908,0.006389,0.75000,0.00000,2.50000,-1.97908
978,16.7560,2.50000,1.04083,-1.97019,0.008889,0.75000,0.00000,2.50000,-1.97019
979,16.4800,2.50000,1.04083,-1.95880,0.011389,0.75006,0.00000,2.50000,-1.95880
980,16.8650,2.50000,1.04083,-1.94492,0.013889,0.75000,0.00000,2.50000,-1.94492
981,16.5180,2.50000,1.04083,-1.92853,0.016389,0.75000,0.00000,2.50000,-1.92853
982,16.6270,2.50000,1.04083,-1.90964,0.018889,0.75000,0.00000,2.50000,-1.90964
983,25.0040,2.50000,1.04083,-1.88825,0.021389,0.74994,0.00000,2.50000,-1.88825
984,8.3470,2.50000,1.04083,-1.86436,0.023889,0.75000,0.00000,2.50000,-1.86436
985,16.6940,2.50000,1.04083,-1.83797,0.026389,0.75000,0.00000,2.50000,-1.83797
986,16.4980,2.50000,1.04083,-1.80908,0.028889,0.75000,0.00000,2.50000,-1.80908
987,16.8420,2.50000,1.04083,-1.77769,0.031389,0.75006,0.00000,2.50000,-1.77769
988,16.8340,2.50000,1.04083,-1.74380,0.033889,0.75000,0.00000,2.50000,-1.74380
989,16.5770,2.50000,1.04083,-1.70742,0.036389,0.75000,0.00000,2.50000,-1.70742
990,16.6600,2.50000,1.04083,-1.66853,0.038889,0.75000,0.00000,2.50000,-1.66853
991,16.6030,2.50000,1.04083,-1.62714,0.041389,0.74994,0.00000,2.50000,-1.62714
992,16.7260,2.50000,1.04083,-1.58325,0.043889,0.75000,0.00000,2.50000,-1.58325
993,16.4670,2.50000,1.04083,-1.53686,0.046389,0.75000,0.00000,2.50000,-1.53686
994,16.8170,2.50000,1.04083,-1.48797,0.048889,0.75006,0.00000,2.50000,-1.48797
995,16.9010,2.50000,1.04083,-1.43658,0.051389,0.75000,0.00000,2.50000,-1.43658
996,21.2800,2.50000,1.04083,-1.38269,0.053889,0.75000,0.00000,2.50000,-1.38269
997,11.9650,2.50000,1.04083,-1.32630,0.056389,0.75000,0.00000,2.50000,-1.32630
998,16.5740,2.50000,1.04083,-1.26742,0.058889,0.74994,0.00000,2.50000,-1.26742
999,17.0610,2.50000,1.04083,-1.20603,0.061389,0.75000,0.00000,2.50000,-1.20603
1000,16.3520,2.50000,1.04083,-1.14269,0.063333,0.75000,0.00000,2.50000,-1.14269
1001,17.0070,2.50000,1.04083,-1.07936,0.063333,0.75000,0.00000,2.50000,-1.07936
1002,16.9630,2.50000,1.04083,-1.01603,0.063333,0.75006,0.00000,2.50000,-1.01603
1003,16.1750,2.50000,1.04083,-0.95269,0.063333,0.75000,0.00000,2.50000,-0.95269
1004,16.8010,2.50000,1.04083,-0.88936,0.063333,0.75000,0.00000,2.50000,-0.88936
1005,16.6670,2.50000,1.04083,-0.82603,0.063333,0.75000,0.00000,2.50000,-0.82603
1006,16.7440,2.50000,1.04083,-0.76269,0.063333,0.74994,0.00000,2.50000,-0.76269
1007,16.5530,2.50000,1.04083,-0.69936,0.063333,0.75000,0.00000,2.50000,-0.69936
1008,16.4940,2.50000,1.04083,-0.63603,0.063333,0.75000,0.00000,2.50000,-0.63603
1009,21.7420,2.50000,1.04083,-0.57269,0.063333,0.75006,0.00000,2.50000,-0.57269
1010,11.6350,2.50000,1.04083,-0.50936,0.063333,0.75000,0.00000,2.50000,-0.50936
1011,16.7660,2.50000,1.04083,-0.44603,0.063333,0.75000,0.00000,2.50000,-0.44603
1012,16.7640,2.50000,1.04083,-0.38269,0.063333,0.75000,0.00000,2.50000,-0.38269
1013,16.6120,2.50000,1.04083,-0.31936,0.063333,0.74994,0.00000,2.50000,-0.31936
1014,17.0270,2.50000,1.04083,-0.25603,0.063333,0.75000,0.00000,2.50000,-0.25603
1015,16.5470,2.50000,1.04083,-0.19269,0.063333,0.75000,0.00000,2.50000,-0.19269
1016,17.1870,2.50000,1.04083,-0.12936,0.063333,0.75000,0.00000,2.50000,-0.12936
1017,16.0670,2.50000,1.04083,-0.06603,0.063333,0.75006,0.00000,2.50000,-0.06603
1018,16.9470,2.50000,1.04083,-0.00269,0.063333,0.75000,0.00000,2.50000,-0.00269
1019,16.5380,2.50000,1.04083,0.06064,0.063333,0.75000,0.00000,2.50000,0.06064
1020,16.6210,2.50000,1.04083,0.12397,0.063333,0.75000,0.00000,2.50000,0.12397
1021,16.6580,2.50000,1.04083,0.18731,0.063333,0.74994,0.00000,2.50000,0.18731
1022,18.4940,2.50000,1.04083,0.25064,0.063333,0.75000,0.00000,2.50000,0.25064
1023,14.8450,2.50000,1.04083,0.31397,0.063333,0.75000,0.00000,2.50000,0.31397
1024,16.5370,2.50000,1.04083,0.37731,0.063333,0.75006,0.00000,2.50000,0.37731
1025,16.6490,2.50000,1.04083,0.44064,0.063333,0.75000,0.00000,2.50000,0.44064
1026,16.7600,2.50000,1.04083,0.50397,0.063333,0.75000,0.00000,2.50000,0.50397
1027,16.5850,2.50000,1.04083,0.56731,0.063333,0.75000,0.00000,2.50000,0.56731
1028,16.9660,2.50000,1.04083,0.63064,0.063333,0.74994,0.00000,2.50000,0.63064
1029,16.4100,2.50000,1.04083,0.69397,0.063333,0.75000,0.00000,2.50000,0.69397
1030,16.7540,2.50000,1.04083,0.75731,0.063333,0.75000,0.00000,2.50000,0.75731
1031,521.9930,2.50000,1.04083,1.26397,0.506666,0.75000,0.00000,2.50000,1.26397
1032,6.3610,2.50000,1.04083,1.39064,0.126667,6.38861,0.00000,2.50000,1.39064
1033,4.8270,2.50000,1.04083,1.45397,0.063333,1.07190,0.00000,2.50000,1.45397
1034,16.6670,2.50000,1.04083,1.51731,0.063333,0.75006,0.00000,2.50000,1.51731
1035,17.1210,2.50000,1.04083,1.58064,0.063333,0.75000,0.00000,2.50000,1.58064
1036,16.2450,2.50000,1.04083,1.64397,0.063333,0.80292,0.00000,2.50000,1.64397
1037,17.2310,2.50000,1.04083,1.70731,0.063333,0.75000,0.00000,2.50000,1.70731
1038,16.4730,2.50000,1.04083,1.77064,0.063333,0.75000,0.00000,2.50000,1.77064
1039,16.9300,2.50000,1.04083,1.83397,0.063333,0.74994,0.00000,2.50000,1.83397
1040,16.2790,2.50000,1.04083,1.89731,0.063333,0.74994,0.00000,2.50000,1.89731
1041,16.6770,2.50000,1.04083,1.96064,0.063333,0.75000,0.00000,2.50000,1.96064
1042,16.3630,2.50000,1.04083,2.02397,0.063333,0.74994,0.00000,2.50000,2.02397
1043,18.7110,2.50000,1.04083,2.08731,0.063333,0.75000,0.00000,2.50000,2.08731
1044,15.1350,2.50000,1.04083,2.15064,0.063333,0.75000,0.00000,2.50000,2.15064
1045,16.6200,2.50000,1.04083,2.21397,0.063333,0.74994,0.00000,2.50000,2.21397
1046,16.5020,2.50000,1.04083,2.27731,0.063333,0.74994,0.00000,2.50000,2.27731
1047,16.6930,2.50000,1.04083,2.34064,0.063333,0.75000,0.00000,2.50000,2.34064
1048,16.7110,2.50000,1.04083,2.40397,0.063333,0.75000,0.00000,2.50000,2.40397
1049,16.7150,2.50000,1.04083,2.46730,0.063333,0.75000,0.00000,2.50000,2.46730
1050,16.8120,2.50000,1.04083,2.53064,0.063333,0.74988,0.00000,2.50000,2.53064
1051,16.7870,2.50000,1.04083,2.59397,0.063333,0.75000,0.00000,2.50000,2.59397
1052,16.2750,2.50000,1.04083,2.65730,0.063333,0.75000,0.00000,2.50000,2.65730
1053,16.7140,2.50000,1.04083,2.72064,0.063333,0.75000,0.00000,2.50000,2.72064
1054,16.6130,2.50000,1.04083,2.78036,0.059722,0.74988,0.00000,2.50000,2.78036
1055,16.8910,2.50000,1.04083,2.83647,0.056111,0.75000,0.00000,2.50000,2.83647
1056,21.4680,2.50000,1.04083,2.88897,0.052500,0.75000,0.00000,2.50000,2.88897
1057,11.8740,2.50000,1.04083,2.93786,0.048889,0.74994,0.00000,2.50000,2.93786
1058,16.7840,2.50000,1.04083,2.98314,0.045278,0.75000,0.00000,2.50000,2.98314
1059,16.7010,2.50000,1.04083,3.02480,0.041667,0.74994,0.00000,2.50000,3.02480
1060,16.5090,2.50000,1.04083,3.06286,0.038056,0.74994,0.00000,2.50000,3.06286
1061,16.7610,2.50000,1.04083,3.09730,0.034444,0.75000,0.00000,2.50000,3.09730
1062,16.5050,2.50000,1.04083,3.12814,0.030833,0.75000,0.00000,2.50000,3.12814
1063,539.4270,2.50000,1.04083,3.19897,0.070833,0.74988,0.00000,2.50000,3.19897
1064,6.4990,2.50000,1.04083,3.17869,0.020278,6.37415,0.00000,2.50000,3.17869
1065,4.2050,2.50000,1.04083,3.16480,0.013889,1.07373,0.00000,2.50000,3.16480
1066,16.7290,2.50000,1.04083,3.14842,0.016389,0.75000,0.00000,2.50000,3.14842
1067,16.4460,2.50000,1.04083,3.12953,0.018889,0.75000,0.00000,2.50000,3.12953
1068,16.9650,2.50000,1.04083,3.10814,0.021389,0.80115,0.00000,2.50000,3.10814
1069,17.0850,2.50000,1.04083,3.08425,0.023889,0.75000,0.00000,2.50000,3.08425
1070,16.3090,2.50000,1.04083,3.05786,0.026389,0.75000,0.00000,2.50000,3.05786
1071,16.6890,2.50000,1.04083,3.02897,0.028889,0.74988,0.00000,2.50000,3.02897
1072,16.6080,2.50000,1.04083,2.99758,0.031389,0.75000,0.00000,2.50000,2.99758
1073,16.2570,2.50000,1.04083,2.96369,0.033889,0.75000,0.00000,2.50000,2.96369
1074,17.1420,2.50000,1.04083,2.92730,0.036389,0.74994,0.00000,2.50000,2.92730
1075,18.4390,2.50000,1.04083,2.88842,0.038889,0.74994,0.00000,2.50000,2.88842
1076,14.9280,2.50000,1.04083,2.84703,0.041389,0.75000,0.00000,2.50000,2.84703
1077,16.9180,2.50000,1.04083,2.80314,0.043889,0.75000,0.00000,2.50000,2.80314
1078,16.3440,2.50000,1.04083,2.75675,0.046389,0.74994,0.00000,2.50000,2.75675
1079,16.5800,2.50000,1.04083,2.70786,0.048889,0.75000,0.00000,2.50000,2.70786
1080,16.7130,2.50000,1.04083,2.65647,0.051389,0.74542,0.00000,2.50000,2.65647
1081,16.8190,2.50000,1.04083,2.60258,0.053889,0.75000,0.00000,2.50000,2.60258
1082,16.5020,2.50000,1.04083,2.54619,0.056389,0.75000,0.00000,2.50000,2.54619
1083,16.7870,2.50000,1.04083,2.48730,0.058889,0.75000,0.00000,2.50000,2.48730
1084,16.6920,2.50000,1.04083,2.42592,0.061389,0.75006,0.00000,2.50000,2.42592
1085,16.3880,2.50000,1.04083,2.36258,0.063333,0.75000,0.00000,2.50000,2.36258
1086,16.9280,2.50000,1.04083,2.29925,0.063333,0.74475,0.00000,2.50000,2.29925
1087,16.5870,2.50000,1.04083,2.23592,0.063333,0.75006,0.00000,2.50000,2.23592
1088,22.0610,2.50000,1.04083,2.17258,0.063333,0.75000,0.00000,2.50000,2.17258
1089,11.3240,2.50000,1.04083,2.10925,0.063333,0.75000,0.00000,2.50000,2.10925
1090,16.8450,2.50000,1.04083,2.04592,0.063333,0.75000,0.00000,2.50000,2.04592
1091,16.3100,2.50000,1.04083,1.98258,0.063333,0.74994,0.00000,2.50000,1.98258
1092,16.9940,2.50000,1.04083,1.91925,0.063333,0.75000,0.00000,2.50000,1.91925
1093,16.5880,2.50000,1.04083,1.85592,0.063333,0.75000,0.00000,2.50000,1.85592
1094,537.7170,2.50000,1.04083,1.34925,0.506666,0.75006,0.00000,2.50000,1.34925
1095,6.7720,2.50000,1.04083,1.22258,0.126667,6.40271,0.00000,2.50000,1.22258
1096,5.3560,2.50000,1.04083,1.15925,0.063333,1.10193,0.00000,2.50000,1.15925
1097,17.0380,2.50000,1.04083,1.09592,0.063333,0.70422,0.00000,2.50000,1.09592
1098,16.6040,2.50000,1.04083,1.03258,0.063333,0.75000,0.00000,2.50000,1.03258
1099,16.9470,2.50000,1.04083,0.96925,0.063333,0.81537,0.00000,2.50000,0.96925
1100,16.9500,2.50000,1.04083,0.90592,0.063333,0.75458,0.00000,2.50000,0.90592
1101,16.2610,2.50000,1.04083,0.84258,0.063333,0.75183,0.00000,2.50000,0.84258
1102,17.0980,2.50000,1.04083,0.77925,0.063333,0.74707,0.00000,2.50000,0.77925
1103,16.3130,2.50000,1.04083,0.71592,0.063333,0.75256,0.00000,2.50000,0.71592
1104,16.4330,2.50000,1.04083,0.65258,0.063333,0.75049,0.00000,2.50000,0.65258
1105,16.7560,2.50000,1.04083,0.58925,0.063333,0.74786,0.00000,2.50000,0.58925
1106,19.6550,2.50000,1.04083,0.52592,0.063333,0.75018,0.00000,2.50000,0.52592
1107,13.9030,2.50000,1.04083,0.46258,0.063333,0.75085,0.00000,2.50000,0.46258
1108,16.3290,2.50000,1.04083,0.39925,0.063333,0.74945,0.00000,2.50000,0.39925
1109,16.8830,2.50000,1.04083,0.33592,0.063333,0.74310,0.00000,2.50000,0.33592
1110,16.7750,2.50000,1.04083,0.27258,0.063333,0.75012,0.00000,2.50000,0.27258
1111,16.6450,2.50000,1.04083,0.20925,0.063333,0.74994,0.00000,2.50000,0.20925
1112,16.7230,2.50000,1.04083,0.14592,0.063333,0.75000,0.00000,2.50000,0.14592
1113,16.4610,2.50000,1.04083,0.08258,0.063333,0.75000,0.00000,2.50000,0.08258
1114,16.8700,2.50000,1.04083,0.01925,0.063333,0.75000,0.00000,2.50000,0.01925
1115,16.6300,2.50000,1.04083,-0.04408,0.063333,0.75000,0.00000,2.50000,-0.04408
1116,16.6480,2.50000,1.04083,-0.10742,0.063333,0.74994,0.00000,2.50000,-0.10742
1117,16.7870,2.50000,1.04083,-0.17075,0.063333,0.75012,0.00000,2.50000,-0.17075
1118,16.3680,2.50000,1.04083,-0.23408,0.063333,0.74994,0.00000,2.50000,-0.23408
1119,21.8750,2.50000,1.04083,-0.29742,0.063333,0.75000,0.00000,2.50000,-0.29742
1120,11.6600,2.50000,1.04083,-0.36075,0.063333,0.75000,0.00000,2.50000,-0.36075
1121,16.8980,2.50000,1.04083,-0.42408,0.063333,0.75000,0.00000,2.50000,-0.42408
1122,16.2210,2.50000,1.04083,-0.48742,0.063333,0.75000,0.00000,2.50000,-0.48742
1123,16.7710,2.50000,1.04083,-0.55075,0.063333,0.75000,0.00000,2.50000,-0.55075
1124,16.6580,2.50000,1.04083,-0.61408,0.063333,0.74994,0.00000,2.50000,-0.61408
1125,16.6940,2.50000,1.04083,-0.67742,0.063333,0.75012,0.00000,2.50000,-0.67742
1126,16.8760,2.50000,1.04083,-0.74075,0.063333,0.74994,0.00000,2.50000,-0.74075
1127,16.4780,2.50000,1.04083,-0.80408,0.063333,0.75000,0.00000,2.50000,-0.80408
1128,16.9280,2.50000,1.04083,-0.86742,0.063333,0.75000,0.00000,2.50000,-0.86742
1129,16.5370,2.50000,1.04083,-0.93075,0.063333,0.75000,0.00000,2.50000,-0.93075
1130,16.4520,2.50000,1.04083,-0.99408,0.063333,0.75000,0.00000,2.50000,-0.99408
1131,16.8580,2.50000,1.04083,-1.05742,0.063333,0.74994,0.00000,2.50000,-1.05742
1132,24.7250,2.50000,1.04083,-1.12075,0.063333,0.75012,0.00000,2.50000,-1.12075
1133,8.5710,2.50000,1.04083,-1.18408,0.063333,0.75000,0.00000,2.50000,-1.18408
1134,16.6340,2.50000,1.04083,-1.24742,0.063333,0.75000,0.00000,2.50000,-1.24742
1135,17.0520,2.50000,1.04083,-1.31075,0.063333,0.74988,0.00000,2.50000,-1.31075
1136,16.2580,2.50000,1.04083,-1.37408,0.063333,0.75000,0.00000,2.50000,-1.37408
1137,16.8740,2.50000,1.04083,-1.43742,0.063333,0.75006,0.00000,2.50000,-1.43742
1138,16.5320,2.50000,1.04083,-1.50075,0.063333,0.75000,0.00000,2.50000,-1.50075
1139,16.8160,2.50000,1.04083,-1.56047,0.059722,0.75000,0.00000,2.50000,-1.56047
1140,16.5270,2.50000,1.04083,-1.61658,0.056111,0.75012,0.00000,2.50000,-1.61658
1141,16.8230,2.50000,1.04083,-1.66908,0.052500,0.74988,0.00000,2.50000,-1.66908
1142,16.4470,2.50000,1.04083,-1.71797,0.048889,0.75000,0.00000,2.50000,-1.71797
1143,16.9290,2.50000,1.04083,-1.76325,0.045278,0.75000,0.00000,2.50000,-1.76325
1144,16.6440,2.50000,1.04083,-1.80492,0.041667,0.75006,0.00000,2.50000,-1.80492
1145,24.5380,2.50000,1.04083,-1.84297,0.038056,0.75000,0.00000,2.50000,-1.84297
1146,8.7300,2.50000,1.04083,-1.87742,0.034444,0.74988,0.00000,2.50000,-1.87742
1147,16.7010,2.50000,1.04083,-1.90825,0.030833,0.75012,0.00000,2.50000,-1.90825
1148,16.5930,2.50000,1.04083,-1.93547,0.027222,0.74988,0.00000,2.50000,-1.93547
1149,16.9480,2.50000,1.04083,-1.95908,0.023611,0.75006,0.00000,2.50000,-1.95908
1150,16.5860,2.50000,1.04083,-1.97908,0.020000,0.75000,0.00000,2.50000,-1.97908
1151,16.5990,2.50000,1.04083,-1.98964,0.010556,0.75000,0.00000,2.50000,-1.98964
1152,16.6840,2.50000,1.04083,-1.99075,0.001111,0.75000,0.00000,2.50000,-1.99075
1153,16.9670,2.50000,1.04083,-1.98936,0.001389,0.75000,0.00000,2.50000,-1.98936
1154,16.2450,2.50000,1.04083,-1.98547,0.003889,0.74994,0.00000,2.50000,-1.98547
1155,17.4230,2.50000,1.04083,-1.97908,0.006389,0.75012,0.00000,2.50000,-1.97908
1156,16.5890,2.50000,1.04083,-1.97019,0.008889,0.75000,0.00000,2.50000,-1.97019
1157,16.4340,2.50000,1.04083,-1.95881,0.011389,0.75000,0.00000,2.50000,-1.95881
1158,24.4940,2.50000,1.04083,-1.94492,0.013889,0.74988,0.00000,2.50000,-1.94492
1159,8.8520,2.50000,1.04083,-1.92853,0.016389,0.75000,0.00000,2.50000,-1.92853
1160,16.8060,2.50000,1.04083,-1.90964,0.018889,0.75006,0.00000,2.50000,-1.90964
1161,16.4810,2.50000,1.04083,-1.88825,0.021389,0.75000,0.00000,2.50000,-1.88825
1162,16.7050,2.50000,1.04083,-1.86436,0.023889,0.75012,0.00000,2.50000,-1.86436
1163,16.8060,2.50000,1.04083,-1.83797,0.026389,0.74988,0.00000,2.50000,-1.83797
1164,16.5930,2.50000,1.04083,-1.80908,0.028889,0.75000,0.00000,2.50000,-1.80908
1165,16.8270,2.50000,1.04083,-1.77769,0.031389,0.75000,0.00000,2.50000,-1.77769
1166,16.7160,2.50000,1.04083,-1.74380,0.033889,0.75000,0.00000,2.50000,-1.74380
1167,16.5390,2.50000,1.04083,-1.70742,0.036389,0.75006,0.00000,2.50000,-1.70742
1168,16.5850,2.50000,1.04083,-1.66853,0.038889,0.75000,0.00000,2.50000,-1.66853
1169,16.8020,2.50000,1.04083,-1.62714,0.041389,0.74988,0.00000,2.50000,-1.62714
1170,16.8280,2.50000,1.04083,-1.58325,0.043889,0.75012,0.00000,2.50000,-1.58325
1171,59.5110,2.50000,1.04083,-1.53686,0.046389,0.74988,0.00000,2.50000,-1.53686
1172,6.3530,2.50000,1.04083,-1.43658,0.100278,0.75006,0.00000,2.50000,-1.43658
1173,3.3900,2.50000,1.04083,-1.38269,0.053889,1.43658,0.00000,2.50000,-1.38269
1174,0.7650,2.50000,1.04083,-1.38269,0.000000,0.75006,0.00000,2.50000,-1.38269
1175,12.9560,2.50000,1.04083,-1.32630,0.056389,0.40125,0.00000,2.50000,-1.32630
1176,17.3270,2.50000,1.04083,-1.26742,0.058889,0.46765,0.00000,2.50000,-1.26742
1177,16.4550,2.50000,1.04083,-1.20603,0.061389,0.75000,0.00000,2.50000,-1.20603
1178,16.4740,2.50000,1.04083,-1.14269,0.063333,0.74988,0.00000,2.50000,-1.14269
1179,16.7310,2.50000,1.04083,-1.07936,0.063333,0.75000,0.00000,2.50000,-1.07936
1180,16.5960,2.50000,1.04083,-1.01603,0.063333,0.75012,0.00000,2.50000,-1.01603
1181,539.9260,2.50000,1.04083,-0.50936,0.506667,0.75006,0.00000,2.50000,-0.50936
1182,5.7390,2.50000,1.04083,-0.38269,0.126667,6.52594,0.00000,2.50000,-0.38269
1183,4.1440,2.50000,1.04083,-0.31936,0.063333,1.07629,0.00000,2.50000,-0.31936
1184,17.0420,2.50000,1.04083,-0.25603,0.063333,0.52875,0.00000,2.50000,-0.25603
1185,16.7310,2.50000,1.04083,-0.19269,0.063333,0.75000,0.00000,2.50000,-0.19269
1186,16.6950,2.50000,1.04083,-0.12936,0.063333,0.88495,0.00000,2.50000,-0.12936
1187,16.8660,2.50000,1.04083,-0.06603,0.063333,0.75232,0.00000,2.50000,-0.06603
1188,16.7050,2.50000,1.04083,-0.00269,0.063333,0.74457,0.00000,2.50000,-0.00269
1189,16.8800,2.50000,1.04083,0.06064,0.063333,0.75793,0.00000,2.50000,0.06064
1190,16.3980,2.50000,1.04083,0.12397,0.063333,0.74872,0.00000,2.50000,0.12397
1191,16.4200,2.50000,1.04083,0.18731,0.063333,0.75177,0.00000,2.50000,0.18731
1192,16.9870,2.50000,1.04083,0.25064,0.063333,0.74792,0.00000,2.50000,0.25064
1193,17.8980,2.50000,1.04083,0.31397,0.063333,0.75153,0.00000,2.50000,0.31397
1194,15.7010,2.50000,1.04083,0.37731,0.063333,0.73700,0.00000,2.50000,0.37731
1195,16.2480,2.50000,1.04083,0.44064,0.063333,0.75000,0.00000,2.50000,0.44064
1196,16.8280,2.50000,1.04083,0.50397,0.063333,0.75012,0.00000,2.50000,0.50397
1197,16.4310,2.50000,1.04083,0.56731,0.063333,0.75006,0.00000,2.50000,0.56731
1198,16.8680,2.50000,1.04083,0.63064,0.063333,0.75000,0.00000,2.50000,0.63064
1199,16.2760,2.50000,1.04083,0.69397,0.063333,0.74988,0.00000,2.50000,0.69397
1200,16.9190,2.50000,1.04083,0.75731,0.063333,0.75000,0.00000,2.50000,0.75731
1201,16.9910,2.50000,1.04083,0.82064,0.063333,0.75000,0.00000,2.50000,0.82064
1202,16.5200,2.50000,1.04083,0.88397,0.063333,0.75006,0.00000,2.50000,0.88397
1203,16.6240,2.50000,1.04083,0.94731,0.063333,0.75000,0.00000,2.50000,0.94731
1204,16.6640,2.50000,1.04083,1.01064,0.063333,0.75000,0.00000,2.50000,1.01064
1205,16.2260,2.50000,1.04083,1.07397,0.063333,0.75000,0.00000,2.50000,1.07397
1206,18.9640,2.50000,1.04083,1.13731,0.063333,0.75000,0.00000,2.50000,1.13731
1207,14.8500,2.50000,1.04083,1.20064,0.063333,0.74994,0.00000,2.50000,1.20064
1208,54.6520,2.50000,1.04083,1.26397,0.063333,0.75000,0.00000,2.50000,1.26397
1209,6.2930,2.50000,1.04083,1.39064,0.126667,0.75000,0.00000,2.50000,1.39064
1210,3.4170,2.50000,1.04083,1.45397,0.063333,1.37323,0.00000,2.50000,1.45397
1211,0.9020,2.50000,1.04083,1.45397,0.000000,0.75000,0.00000,2.50000,1.45397
1212,539.0240,2.50000,1.04083,1.96064,0.506666,0.20636,0.00000,2.50000,1.96064
1213,5.4390,2.50000,1.04083,2.08731,0.126667,6.48322,0.00000,2.50000,2.08731
1214,6.7750,2.50000,1.04083,2.15064,0.063333,0.95215,0.00000,2.50000,2.15064
1215,16.9080,2.50000,1.04083,2.21397,0.063333,0.60828,0.00000,2.50000,2.21397
1216,16.5540,2.50000,1.04083,2.27730,0.063333,0.75000,0.00000,2.50000,2.27730
1217,16.7830,2.50000,1.04083,2.34064,0.063333,0.90424,0.00000,2.50000,2.34064
1218,16.8350,2.50000,1.04083,2.40397,0.063333,0.75189,0.00000,2.50000,2.40397
1219,16.7720,2.50000,1.04083,2.46730,0.063333,0.75220,0.00000,2.50000,2.46730
1220,16.8840,2.50000,1.04083,2.53064,0.063333,0.74811,0.00000,2.50000,2.53064
1221,16.2490,2.50000,1.04083,2.59397,0.063333,0.75287,0.00000,2.50000,2.59397
1222,16.7830,2.50000,1.04083,2.65730,0.063333,0.74823,0.00000,2.50000,2.65730
1223,16.2350,2.50000,1.04083,2.72064,0.063333,0.75134,0.00000,2.50000,2.72064
1224,18.9710,2.50000,1.04083,2.78036,0.059722,0.73755,0.00000,2.50000,2.78036
1225,14.7140,2.50000,1.04083,2.83647,0.056111,0.76337,0.00000,2.50000,2.83647
1226,16.7430,2.50000,1.04083,2.88897,0.052500,0.74976,0.00000,2.50000,2.88897
1227,16.6250,2.50000,1.04083,2.93786,0.048889,0.75000,0.00000,2.50000,2.93786
1228,16.5270,2.50000,1.04083,2.98314,0.045278,0.74994,0.00000,2.50000,2.98314
1229,16.5310,2.50000,1.04083,3.02480,0.041667,0.74976,0.00000,2.50000,3.02480
1230,16.7170,2.50000,1.04083,3.06286,0.038056,0.74066,0.00000,2.50000,3.06286
1231,17.0810,2.50000,1.04083,3.09730,0.034444,0.75000,0.00000,2.50000,3.09730
1232,16.6520,2.50000,1.04083,3.12814,0.030833,0.75000,0.00000,2.50000,3.12814
1233,16.5940,2.50000,1.04083,3.15536,0.027222,0.74988,0.00000,2.50000,3.15536
1234,16.5590,2.50000,1.04083,3.17897,0.023611,0.75012,0.00000,2.50000,3.17897
1235,16.4480,2.50000,1.04083,3.19897,0.020000,0.75000,0.00000,2.50000,3.19897
1236,17.0090,2.50000,1.04083,3.20953,0.010556,0.75000,0.00000,2.50000,3.20953
1237,21.4780,2.50000,1.04083,3.21064,0.001111,0.75006,0.00000,2.50000,3.21064
1238,11.9810,2.50000,1.04083,3.20925,0.001389,0.74988,0.00000,2.50000,3.20925
1239,16.4710,2.50000,1.04083,3.20536,0.003889,0.75000,0.00000,2.50000,3.20536
1240,16.9140,2.50000,1.04083,3.19897,0.006389,0.75000,0.00000,2.50000,3.19897
1241,16.2300,2.50000,1.04083,3.19008,0.008889,0.75000,0.00000,2.50000,3.19008
1242,16.8990,2.50000,1.04083,3.17869,0.011389,0.75006,0.00000,2.50000,3.17869
1243,16.6450,2.50000,1.04083,3.16480,0.013889,0.75000,0.00000,2.50000,3.16480
1244,16.7000,2.50000,1.04083,3.14842,0.016389,0.75000,0.00000,2.50000,3.14842
1245,16.7500,2.50000,1.04083,3.12953,0.018889,0.74988,0.00000,2.50000,3.12953
1246,16.7170,2.50000,1.04083,3.10814,0.021389,0.75000,0.00000,2.50000,3.10814
1247,16.4810,2.50000,1.04083,3.08425,0.023889,0.75006,0.00000,2.50000,3.08425
1248,16.7760,2.50000,1.04083,3.05786,0.026389,0.75000,0.00000,2.50000,3.05786
1249,16.7880,2.50000,1.04083,3.02897,0.028889,0.75012,0.00000,2.50000,3.02897
1250,20.3000,2.50000,1.04083,2.99758,0.031389,0.75000,0.00000,2.50000,2.99758
1251,13.1280,2.50000,1.04083,2.96369,0.033889,0.74988,0.00000,2.50000,2.96369
1252,16.6970,2.50000,1.04083,2.92730,0.036389,0.75000,0.00000,2.50000,2.92730
1253,16.2410,2.50000,1.04083,2.88842,0.038889,0.75006,0.00000,2.50000,2.88842
1254,16.8810,2.50000,1.04083,2.84703,0.041389,0.75000,0.00000,2.50000,2.84703
1255,16.7530,2.50000,1.04083,2.80314,0.043889,0.75000,0.00000,2.50000,2.80314
1256,16.6320,2.50000,1.04083,2.75675,0.046389,0.75000,0.00000,2.50000,2.75675
1257,16.6880,2.50000,1.04083,2.70786,0.048889,0.75000,0.00000,2.50000,2.70786
1258,16.8100,2.50000,1.04083,2.65647,0.051389,0.75000,0.00000,2.50000,2.65647
1259,16.5290,2.50000,1.04083,2.60258,0.053889,0.75000,0.00000,2.50000,2.60258
1260,16.7440,2.50000,1.04083,2.54619,0.056389,0.75000,0.00000,2.50000,2.54619
1261,16.5270,2.50000,1.04083,2.48730,0.058889,0.75000,0.00000,2.50000,2.48730
1262,16.8150,2.50000,1.04083,2.42592,0.061389,0.75000,0.00000,2.50000,2.42592
1263,21.4440,2.50000,1.04083,2.36258,0.063333,0.74988,0.00000,2.50000,2.36258
1264,11.8130,2.50000,1.04083,2.29925,0.063333,0.75012,0.00000,2.50000,2.29925
1265,16.5600,2.50000,1.04083,2.23592,0.063333,0.75000,0.00000,2.50000,2.23592
1266,16.7860,2.50000,1.04083,2.17258,0.063333,0.75000,0.00000,2.50000,2.17258
1267,16.7530,2.50000,1.04083,2.10925,0.063333,0.75000,0.00000,2.50000,2.10925
1268,16.5710,2.50000,1.04083,2.04592,0.063333,0.75000,0.00000,2.50000,2.04592
1269,16.7350,2.50000,1.04083,1.98258,0.063333,0.75000,0.00000,2.50000,1.98258
1270,17.0120,2.50000,1.04083,1.91925,0.063333,0.74988,0.00000,2.50000,1.91925
1271,16.1850,2.50000,1.04083,1.85592,0.063333,0.75012,0.00000,2.50000,1.85592
1272,17.0290,2.50000,1.04083,1.79258,0.063333,0.75000,0.00000,2.50000,1.79258
1273,16.7310,2.50000,1.04083,1.72925,0.063333,0.75000,0.00000,2.50000,1.72925
1274,16.3850,2.50000,1.04083,1.66592,0.063333,0.75000,0.00000,2.50000,1.66592
1275,16.7750,2.50000,1.04083,1.60258,0.063333,0.75000,0.00000,2.50000,1.60258
1276,21.6650,2.50000,1.04083,1.53925,0.063333,0.75000,0.00000,2.50000,1.53925
1277,11.6280,2.50000,1.04083,1.47592,0.063333,0.75000,0.00000,2.50000,1.47592
1278,16.6290,2.50000,1.04083,1.41258,0.063333,0.74988,0.00000,2.50000,1.41258
1279,516.4860,2.50000,1.04083,0.90592,0.506666,0.75012,0.00000,2.50000,0.90592
1280,5.9000,2.50000,1.04083,0.77925,0.126667,6.42004,0.00000,2.50000,0.77925
1281,16.4530,2.50000,1.04083,0.71592,0.063333,0.93005,0.00000,2.50000,0.71592
1282,11.0210,2.50000,1.04083,0.65258,0.063333,0.75000,0.00000,2.50000,0.65258
1283,16.8730,2.50000,1.04083,0.58925,0.063333,0.75000,0.00000,2.50000,0.58925
1284,16.4270,2.50000,1.04083,0.52592,0.063333,0.92773,0.00000,2.50000,0.52592
1285,17.0180,2.50000,1.04083,0.46258,0.063333,0.73865,0.00000,2.50000,0.46258
1286,16.4880,2.50000,1.04083,0.39925,0.063333,0.76196,0.00000,2.50000,0.39925
1287,17.0130,2.50000,1.04083,0.33592,0.063333,0.75085,0.00000,2.50000,0.33592
1288,15.9460,2.50000,1.04083,0.27258,0.063333,0.74780,0.00000,2.50000,0.27258
1289,16.8340,2.50000,1.04083,0.20925,0.063333,0.73315,0.00000,2.50000,0.20925
1290,16.3640,2.50000,1.04083,0.14592,0.063333,0.75830,0.00000,2.50000,0.14592
1291,16.9750,2.50000,1.04083,0.08258,0.063333,0.73633,0.00000,2.50000,0.08258
1292,16.9060,2.50000,1.04083,0.01925,0.063333,0.76355,0.00000,2.50000,0.01925
1293,18.1240,2.50000,1.04083,-0.04408,0.063333,0.75000,0.00000,2.50000,-0.04408
1294,14.7450,2.50000,1.04083,-0.10742,0.063333,0.74915,0.00000,2.50000,-0.10742
1295,16.8100,2.50000,1.04083,-0.17075,0.063333,0.73962,0.00000,2.50000,-0.17075
1296,16.4270,2.50000,1.04083,-0.23408,0.063333,0.75012,0.00000,2.50000,-0.23408
1297,16.9400,2.50000,1.04083,-0.29742,0.063333,0.74976,0.00000,2.50000,-0.29742
1298,16.7640,2.50000,1.04083,-0.36075,0.063333,0.75012,0.00000,2.50000,-0.36075
1299,17.0030,2.50000,1.04083,-0.42408,0.063333,0.75000,0.00000,2.50000,-0.42408
1300,16.0760,2.50000,1.04083,-0.48742,0.063333,0.75000,0.00000,2.50000,-0.48742
1301,17.1950,2.50000,1.04083,-0.55075,0.063333,0.74988,0.00000,2.50000,-0.55075
1302,16.4620,2.50000,1.04083,-0.61408,0.063333,0.75000,0.00000,2.50000,-0.61408
1303,16.7050,2.50000,1.04083,-0.67742,0.063333,0.75000,0.00000,2.50000,-0.67742
1304,16.6160,2.50000,1.04083,-0.74075,0.063333,0.75000,0.00000,2.50000,-0.74075
1305,16.6140,2.50000,1.04083,-0.80408,0.063333,0.75012,0.00000,2.50000,-0.80408
1306,21.6850,2.50000,1.04083,-0.86742,0.063333,0.75000,0.00000,2.50000,-0.86742
1307,11.7100,2.50000,1.04083,-0.93075,0.063333,0.75000,0.00000,2.50000,-0.93075
1308,16.7600,2.50000,1.04083,-0.99408,0.063333,0.74988,0.00000,2.50000,-0.99408
1309,16.6080,2.50000,1.04083,-1.05742,0.063333,0.75000,0.00000,2.50000,-1.05742
1310,16.8490,2.50000,1.04083,-1.12075,0.063333,0.75000,0.00000,2.50000,-1.12075
1311,16.3990,2.50000,1.04083,-1.18408,0.063333,0.75000,0.00000,2.50000,-1.18408
1312,16.3560,2.50000,1.04083,-1.24742,0.063333,0.75000,0.00000,2.50000,-1.24742
1313,17.2270,2.50000,1.04083,-1.31075,0.063333,0.75012,0.00000,2.50000,-1.31075
1314,16.5810,2.50000,1.04083,-1.37408,0.063333,0.75000,0.00000,2.50000,-1.37408
1315,16.6650,2.50000,1.04083,-1.43742,0.063333,0.75000,0.00000,2.50000,-1.43742
1316,16.7850,2.50000,1.04083,-1.50075,0.063333,0.74988,0.00000,2.50000,-1.50075
1317,16.4300,2.50000,1.04083,-1.56047,0.059722,0.75000,0.00000,2.50000,-1.56047
1318,16.9760,2.50000,1.04083,-1.61658,0.056111,0.75000,0.00000,2.50000,-1.61658
1319,21.2540,2.50000,1.04083,-1.66908,0.052500,0.75000,0.00000,2.50000,-1.66908
1320,11.9780,2.50000,1.04083,-1.71797,0.048889,0.75012,0.00000,2.50000,-1.71797
1321,16.6010,2.50000,1.04083,-1.76325,0.045278,0.75000,0.00000,2.50000,-1.76325
1322,16.4480,2.50000,1.04083,-1.80492,0.041667,0.75000,0.00000,2.50000,-1.80492
1323,16.7820,2.50000,1.04083,-1.84297,0.038056,0.74988,0.00000,2.50000,-1.84297
1324,17.3080,2.50000,1.04083,-1.87742,0.034444,0.75000,0.00000,2.50000,-1.87742
1325,16.1960,2.50000,1.04083,-1.90825,0.030833,0.75000,0.00000,2.50000,-1.90825
1326,16.6360,2.50000,1.04083,-1.93547,0.027222,0.75000,0.00000,2.50000,-1.93547
1327,16.9080,2.50000,1.04083,-1.95908,0.023611,0.75000,0.00000,2.50000,-1.95908
1328,16.4810,2.50000,1.04083,-1.97908,0.020000,0.75012,0.00000,2.50000,-1.97908
1329,16.4890,2.50000,1.04083,-1.98964,0.010556,0.75000,0.00000,2.50000,-1.98964
1330,16.7930,2.50000,1.04083,-1.99075,0.001111,0.75000,0.00000,2.50000,-1.99075
1331,16.7480,2.50000,1.04083,-1.98936,0.001389,0.74988,0.00000,2.50000,-1.98936
1332,21.4000,2.50000,1.04083,-1.98547,0.003889,0.75000,0.00000,2.50000,-1.98547
1333,11.9660,2.50000,1.04083,-1.97908,0.006389,0.75000,0.00000,2.50000,-1.97908
1334,16.7510,2.50000,1.04083,-1.97019,0.008889,0.75000,0.00000,2.50000,-1.97019
1335,16.5670,2.50000,1.04083,-1.95881,0.011389,0.75012,0.00000,2.50000,-1.95881
1336,16.5600,2.50000,1.04083,-1.94492,0.013889,0.75000,0.00000,2.50000,-1.94492
1337,16.7060,2.50000,1.04083,-1.92853,0.016389,0.75000,0.00000,2.50000,-1.92853
1338,16.8220,2.50000,1.04083,-1.90964,0.018889,0.74988,0.00000,2.50000,-1.90964
1339,16.5860,2.50000,1.04083,-1.88825,0.021389,0.75000,0.00000,2.50000,-1.88825
1340,16.5380,2.50000,1.04083,-1.86436,0.023889,0.75000,0.00000,2.50000,-1.86436
1341,16.9200,2.50000,1.04083,-1.83797,0.026389,0.75000,0.00000,2.50000,-1.83797
1342,16.5460,2.50000,1.04083,-1.80908,0.028889,0.75000,0.00000,2.50000,-1.80908
1343,16.5630,2.50000,1.04083,-1.77769,0.031389,0.75012,0.00000,2.50000,-1.77769
1344,16.9000,2.50000,1.04083,-1.74381,0.033889,0.75000,0.00000,2.50000,-1.74381
1345,22.1040,2.50000,1.04083,-1.70742,0.036389,0.75000,0.00000,2.50000,-1.70742
1346,11.1310,2.50000,1.04083,-1.66853,0.038889,0.74988,0.00000,2.50000,-1.66853
1347,16.6760,2.50000,1.04083,-1.62714,0.041389,0.75000,0.00000,2.50000,-1.62714
1348,16.7920,2.50000,1.04083,-1.58325,0.043889,0.75000,0.00000,2.50000,-1.58325
1349,16.5280,2.50000,1.04083,-1.53686,0.046389,0.75000,0.00000,2.50000,-1.53686
1350,16.8280,2.50000,1.04083,-1.48797,0.048889,0.75012,0.00000,2.50000,-1.48797
1351,16.3940,2.50000,1.04083,-1.43658,0.051389,0.75000,0.00000,2.50000,-1.43658
1352,16.8210,2.50000,1.04083,-1.38269,0.053889,0.75000,0.00000,2.50000,-1.38269
1353,16.5320,2.50000,1.04083,-1.32631,0.056389,0.74988,0.00000,2.50000,-1.32631
1354,16.7860,2.50000,1.04083,-1.26742,0.058889,0.75000,0.00000,2.50000,-1.26742
1355,16.9470,2.50000,1.04083,-1.20603,0.061389,0.75000,0.00000,2.50000,-1.20603
1356,16.4280,2.50000,1.04083,-1.14269,0.063333,0.75000,0.00000,2.50000,-1.14269
1357,16.6400,2.50000,1.04083,-1.07936,0.063333,0.75000,0.00000,2.50000,-1.07936
1358,21.5540,2.50000,1.04083,-1.01603,0.063333,0.75012,0.00000,2.50000,-1.01603
1359,11.8320,2.50000,1.04083,-0.95269,0.063333,0.75000,0.00000,2.50000,-0.95269
1360,16.5580,2.50000,1.04083,-0.88936,0.063333,0.75000,0.00000,2.50000,-0.88936
1361,17.0400,2.50000,1.04083,-0.82603,0.063333,0.74988,0.00000,2.50000,-0.82603
1362,16.5480,2.50000,1.04083,-0.76269,0.063333,0.75000,0.00000,2.50000,-0.76269
1363,16.5480,2.50000,1.04083,-0.69936,0.063333,0.75000,0.00000,2.50000,-0.69936
1364,16.6490,2.50000,1.04083,-0.63603,0.063333,0.75000,0.00000,2.50000,-0.63603
1365,16.7420,2.50000,1.04083,-0.57269,0.063333,0.75012,0.00000,2.50000,-0.57269
1366,16.7210,2.50000,1.04083,-0.50936,0.063333,0.75000,0.00000,2.50000,-0.50936
1367,16.6020,2.50000,1.04083,-0.44603,0.063333,0.75000,0.00000,2.50000,-0.44603
1368,16.6140,2.50000,1.04083,-0.38269,0.063333,0.74988,0.00000,2.50000,-0.38269
1369,16.8600,2.50000,1.04083,-0.31936,0.063333,0.75000,0.00000,2.50000,-0.31936
1370,16.4310,2.50000,1.04083,-0.25603,0.063333,0.75000,0.00000,2.50000,-0.25603
1371,21.5590,2.50000,1.04083,-0.19269,0.063333,0.75000,0.00000,2.50000,-0.19269
1372,11.8850,2.50000,1.04083,-0.12936,0.063333,0.75000,0.00000,2.50000,-0.12936
1373,16.6880,2.50000,1.04083,-0.06603,0.063333,0.75012,0.00000,2.50000,-0.06603
1374,16.7060,2.50000,1.04083,-0.00269,0.063333,0.75000,0.00000,2.50000,-0.00269
1375,16.5330,2.50000,1.04083,0.06064,0.063333,0.75000,0.00000,2.50000,0.06064
1376,17.0000,2.50000,1.04083,0.12397,0.063333,0.74988,0.00000,2.50000,0.12397
1377,16.4920,2.50000,1.04083,0.18731,0.063333,0.75000,0.00000,2.50000,0.18731
1378,16.6370,2.50000,1.04083,0.25064,0.063333,0.75000,0.00000,2.50000,0.25064
1379,16.7800,2.50000,1.04083,0.31397,0.063333,0.75000,0.00000,2.50000,0.31397
1380,16.5440,2.50000,1.04083,0.37731,0.063333,0.75012,0.00000,2.50000,0.37731
1381,16.6230,2.50000,1.04083,0.44064,0.063333,0.75000,0.00000,2.50000,0.44064
1382,16.3930,2.50000,1.04083,0.50397,0.063333,0.75000,0.00000,2.50000,0.50397
1383,17.1540,2.50000,1.04083,0.56731,0.063333,0.74988,0.00000,2.50000,0.56731
1384,18.4050,2.50000,1.04083,0.63064,0.063333,0.75000,0.00000,2.50000,0.63064
1385,14.9850,2.50000,1.04083,0.69397,0.063333,0.75000,0.00000,2.50000,0.69397
1386,16.6330,2.50000,1.04083,0.75731,0.063333,0.75000,0.00000,2.50000,0.75731
1387,16.2500,2.50000,1.04083,0.82064,0.063333,0.75000,0.00000,2.50000,0.82064
1388,16.9620,2.50000,1.04083,0.88397,0.063333,0.75012,0.00000,2.50000,0.88397
1389,16.6560,2.50000,1.04083,0.94731,0.063333,0.75000,0.00000,2.50000,0.94731
1390,16.8300,2.50000,1.04083,1.01064,0.063333,0.75000,0.00000,2.50000,1.01064
1391,16.5420,2.50000,1.04083,1.07397,0.063333,0.74988,0.00000,2.50000,1.07397
1392,16.6460,2.50000,1.04083,1.13731,0.063333,0.75000,0.00000,2.50000,1.13731
1393,16.4390,2.50000,1.04083,1.20064,0.063333,0.75000,0.00000,2.50000,1.20064
1394,16.7440,2.50000,1.04083,1.26397,0.063333,0.75000,0.00000,2.50000,1.26397
1395,16.8080,2.50000,1.04083,1.32731,0.063333,0.75012,0.00000,2.50000,1.32731
1396,16.8030,2.50000,1.04083,1.39064,0.063333,0.75000,0.00000,2.50000,1.39064
1397,22.5450,2.50000,1.04083,1.45397,0.063333,0.75000,0.00000,2.50000,1.45397
1398,10.5510,2.50000,1.04083,1.51731,0.063333,0.74988,0.00000,2.50000,1.51731
1399,16.5770,2.50000,1.04083,1.58064,0.063333,0.75000,0.00000,2.50000,1.58064
1400,16.6110,2.50000,1.04083,1.64397,0.063333,0.75000,0.00000,2.50000,1.64397
1401,17.0690,2.50000,1.04083,1.70731,0.063333,0.75000,0.00000,2.50000,1.70731
1402,16.5630,2.50000,1.04083,1.77064,0.063333,0.75000,0.00000,2.50000,1.77064
1403,17.2200,2.50000,1.04083,1.83397,0.063333,0.75012,0.00000,2.50000,1.83397
1404,16.3640,2.50000,1.04083,1.89731,0.063333,0.75000,0.00000,2.50000,1.89731
1405,16.4800,2.50000,1.04083,1.96064,0.063333,0.75000,0.00000,2.50000,1.96064
1406,16.4010,2.50000,1.04083,2.02397,0.063333,0.74988,0.00000,2.50000,2.02397
1407,16.8760,2.50000,1.04083,2.08730,0.063333,0.75000,0.00000,2.50000,2.08730
1408,16.7990,2.50000,1.04083,2.15064,0.063333,0.75000,0.00000,2.50000,2.15064
1409,16.7650,2.50000,1.04083,2.21397,0.063333,0.75000,0.00000,2.50000,2.21397
1410,21.3780,2.50000,1.04083,2.27730,0.063333,0.75012,0.00000,2.50000,2.27730
1411,11.7610,2.50000,1.04083,2.34064,0.063333,0.75000,0.00000,2.50000,2.34064
1412,16.7140,2.50000,1.04083,2.40397,0.063333,0.75000,0.00000,2.50000,2.40397
1413,16.6440,2.50000,1.04083,2.46730,0.063333,0.74988,0.00000,2.50000,2.46730
1414,16.6700,2.50000,1.04083,2.53064,0.063333,0.75000,0.00000,2.50000,2.53064
1415,16.8250,2.50000,1.04083,2.59397,0.063333,0.75000,0.00000,2.50000,2.59397
1416,16.5460,2.50000,1.04083,2.65730,0.063333,0.75000,0.00000,2.50000,2.65730
1417,16.8560,2.50000,1.04083,2.72064,0.063333,0.75000,0.00000,2.50000,2.72064
1418,16.5560,2.50000,1.04083,2.78036,0.059722,0.75012,0.00000,2.50000,2.78036
1419,16.5220,2.50000,1.04083,2.83647,0.056111,0.75000,0.00000,2.50000,2.83647
1420,16.7830,2.50000,1.04083,2.88897,0.052500,0.75000,0.00000,2.50000,2.88897
1421,16.9330,2.50000,1.04083,2.93786,0.048889,0.74988,0.00000,2.50000,2.93786
1422,16.5760,2.50000,1.04083,2.98314,0.045278,0.75000,0.00000,2.50000,2.98314
1423,21.4380,2.50000,1.04083,3.02480,0.041667,0.75000,0.00000,2.50000,3.02480
1424,11.8890,2.50000,1.04083,3.06286,0.038056,0.75000,0.00000,2.50000,3.06286
1425,16.5830,2.50000,1.04083,3.09730,0.034444,0.75012,0.00000,2.50000,3.09730
1426,16.6130,2.50000,1.04083,3.12814,0.030833,0.75000,0.00000,2.50000,3.12814
1427,16.8370,2.50000,1.04083,3.15536,0.027222,0.75000,0.00000,2.50000,3.15536
1428,16.5950,2.50000,1.04083,3.17897,0.023611,0.74988,0.00000,2.50000,3.17897
1429,16.5600,2.50000,1.04083,3.19897,0.020000,0.75000,0.00000,2.50000,3.19897
1430,16.6740,2.50000,1.04083,3.20953,0.010556,0.75000,0.00000,2.50000,3.20953
1431,16.5830,2.50000,1.04083,3.21064,0.001111,0.75000,0.00000,2.50000,3.21064
1432,17.0300,2.50000,1.04083,3.20925,0.001389,0.75000,0.00000,2.50000,3.20925
1433,16.5570,2.50000,1.04083,3.20536,0.003889,0.75012,0.00000,2.50000,3.20536
1434,16.6530,2.50000,1.04083,3.19897,0.006389,0.75000,0.00000,2.50000,3.19897
1435,16.5950,2.50000,1.04083,3.19008,0.008889,0.75000,0.00000,2.50000,3.19008
1436,20.3330,2.50000,1.04083,3.17869,0.011389,0.74988,0.00000,2.50000,3.17869
1437,12.9920,2.50000,1.04083,3.16480,0.013889,0.75000,0.00000,2.50000,3.16480
1438,16.7450,2.50000,1.04083,3.14842,0.016389,0.75000,0.00000,2.50000,3.14842
1439,16.8930,2.50000,1.04083,3.12953,0.018889,0.75000,0.00000,2.50000,3.12953
1440,16.3820,2.50000,1.04083,3.10814,0.021389,0.75012,0.00000,2.50000,3.10814
1441,16.8320,2.50000,1.04083,3.08425,0.023889,0.75000,0.00000,2.50000,3.08425
1442,16.5910,2.50000,1.04083,3.05786,0.026389,0.75000,0.00000,2.50000,3.05786
1443,16.6600,2.50000,1.04083,3.02897,0.028889,0.74988,0.00000,2.50000,3.02897
1444,16.7390,2.50000,1.04083,2.99758,0.031389,0.75000,0.00000,2.50000,2.99758
1445,17.0350,2.50000,1.04083,2.96369,0.033889,0.75000,0.00000,2.50000,2.96369
1446,16.2280,2.50000,1.04083,2.92730,0.036389,0.75000,0.00000,2.50000,2.92730
1447,16.7030,2.50000,1.04083,2.88841,0.038889,0.75000,0.00000,2.50000,2.88841
1448,16.7040,2.50000,1.04083,2.84703,0.041389,0.75012,0.00000,2.50000,2.84703
1449,21.6440,2.50000,1.04083,2.80314,0.043889,0.75000,0.00000,2.50000,2.80314
1450,11.5830,2.50000,1.04083,2.75675,0.046389,0.75000,0.00000,2.50000,2.75675
1451,16.6980,2.50000,1.04083,2.70786,0.048889,0.74988,0.00000,2.50000,2.70786
1452,16.4100,2.50000,1.04083,2.65647,0.051389,0.75000,0.00000,2.50000,2.65647
1453,516.2440,2.50000,1.04083,2.17258,0.483889,0.75000,0.00000,2.50000,2.17258
1454,10.4890,2.50000,1.04083,2.04592,0.126667,6.41919,0.00000,2.50000,2.04592
1455,7.0310,2.50000,1.04083,1.98258,0.063333,0.92383,0.00000,2.50000,1.98258
1456,16.5880,2.50000,1.04083,1.91925,0.063333,0.75000,0.00000,2.50000,1.91925
1457,16.5950,2.50000,1.04083,1.85592,0.063333,0.75000,0.00000,2.50000,1.85592
1458,16.9750,2.50000,1.04083,1.79258,0.063333,0.93750,0.00000,2.50000,1.79258
1459,16.6830,2.50000,1.04083,1.72925,0.063333,0.76343,0.00000,2.50000,1.72925
1460,16.7060,2.50000,1.04083,1.66592,0.063333,0.75000,0.00000,2.50000,1.66592
1461,17.0300,2.50000,1.04083,1.60258,0.063333,0.75000,0.00000,2.50000,1.60258
1462,16.2880,2.50000,1.04083,1.53925,0.063333,0.75195,0.00000,2.50000,1.53925
1463,16.5290,2.50000,1.04083,1.47592,0.063333,0.75049,0.00000,2.50000,1.47592
1464,16.8460,2.50000,1.04083,1.41258,0.063333,0.74939,0.00000,2.50000,1.41258
1465,16.3490,2.50000,1.04083,1.34925,0.063333,0.74939,0.00000,2.50000,1.34925
1466,19.0470,2.50000,1.04083,1.28592,0.063333,0.73950,0.00000,2.50000,1.28592
1467,14.5980,2.50000,1.04083,1.22258,0.063333,0.75000,0.00000,2.50000,1.22258
1468,16.4540,2.50000,1.04083,1.15925,0.063333,0.75000,0.00000,2.50000,1.15925
1469,16.5940,2.50000,1.04083,1.09592,0.063333,0.74988,0.00000,2.50000,1.09592
1470,16.9790,2.50000,1.04083,1.03258,0.063333,0.75000,0.00000,2.50000,1.03258
1471,16.6270,2.50000,1.04083,0.96925,0.063333,0.75000,0.00000,2.50000,0.96925
1472,16.4560,2.50000,1.04083,0.90592,0.063333,0.75012,0.00000,2.50000,0.90592
1473,16.9720,2.50000,1.04083,0.84258,0.063333,0.75000,0.00000,2.50000,0.84258
1474,16.5690,2.50000,1.04083,0.77925,0.063333,0.75000,0.00000,2.50000,0.77925
1475,16.8360,2.50000,1.04083,0.71592,0.063333,0.75000,0.00000,2.50000,0.71592
1476,16.6170,2.50000,1.04083,0.65258,0.063333,0.74988,0.00000,2.50000,0.65258
1477,16.5250,2.50000,1.04083,0.58925,0.063333,0.75000,0.00000,2.50000,0.58925
1478,16.8340,2.50000,1.04083,0.52592,0.063333,0.75000,0.00000,2.50000,0.52592
1479,21.2440,2.50000,1.04083,0.46258,0.063333,0.75000,0.00000,2.50000,0.46258
1480,12.1050,2.50000,1.04083,0.39925,0.063333,0.75012,0.00000,2.50000,0.39925
1481,16.5260,2.50000,1.04083,0.33592,0.063333,0.75000,0.00000,2.50000,0.33592
1482,16.8100,2.50000,1.04083,0.27258,0.063333,0.75000,0.00000,2.50000,0.27258
1483,16.5550,2.50000,1.04083,0.20925,0.063333,0.75000,0.00000,2.50000,0.20925
1484,16.7620,2.50000,1.04083,0.14592,0.063333,0.74988,0.00000,2.50000,0.14592
1485,16.6230,2.50000,1.04083,0.08258,0.063333,0.75000,0.00000,2.50000,0.08258
1486,16.7580,2.50000,1.04083,0.01925,0.063333,0.75000,0.00000,2.50000,0.01925
1487,16.7140,2.50000,1.04083,-0.04408,0.063333,0.75012,0.00000,2.50000,-0.04408
1488,16.4240,2.50000,1.04083,-0.10742,0.063333,0.75000,0.00000,2.50000,-0.10742
1489,16.8710,2.50000,1.04083,-0.17075,0.063333,0.75000,0.00000,2.50000,-0.17075
1490,16.7010,2.50000,1.04083,-0.23408,0.063333,0.75000,0.00000,2.50000,-0.23408
1491,16.6050,2.50000,1.04083,-0.29742,0.063333,0.74988,0.00000,2.50000,-0.29742
1492,21.6300,2.50000,1.04083,-0.36075,0.063333,0.75000,0.00000,2.50000,-0.36075
1493,11.6500,2.50000,1.04083,-0.42408,0.063333,0.75000,0.00000,2.50000,-0.42408
1494,16.8910,2.50000,1.04083,-0.48742,0.063333,0.75000,0.00000,2.50000,-0.48742
1495,16.4340,2.50000,1.04083,-0.55075,0.063333,0.75012,0.00000,2.50000,-0.55075
1496,16.7680,2.50000,1.04083,-0.61408,0.063333,0.75000,0.00000,2.50000,-0.61408
1497,16.6090,2.50000,1.04083,-0.67742,0.063333,0.75000,0.00000,2.50000,-0.67742
1498,16.8520,2.50000,1.04083,-0.74075,0.063333,0.75000,0.00000,2.50000,-0.74075
1499,16.5540,2.50000,1.04083,-0.80408,0.063333,0.74988,0.00000,2.50000,-0.80408
1500,16.7000,2.50000,1.04083,-0.86742,0.063333,0.75000,0.00000,2.50000,-0.86742
1501,16.7810,2.50000,1.04083,-0.93075,0.063333,0.75000,0.00000,2.50000,-0.93075
1502,16.4680,2.50000,1.04083,-0.99408,0.063333,0.75012,0.00000,2.50000,-0.99408
1503,16.8330,2.50000,1.04083,-1.05742,0.063333,0.75000,0.00000,2.50000,-1.05742
1504,16.5070,2.50000,1.04083,-1.12075,0.063333,0.75000,0.00000,2.50000,-1.12075
1505,21.6970,2.50000,1.04083,-1.18408,0.063333,0.75000,0.00000,2.50000,-1.18408
1506,11.7650,2.50000,1.04083,-1.24742,0.063333,0.74988,0.00000,2.50000,-1.24742
1507,16.7300,2.50000,1.04083,-1.31075,0.063333,0.75000,0.00000,2.50000,-1.31075
1508,16.7120,2.50000,1.04083,-1.37408,0.063333,0.75000,0.00000,2.50000,-1.37408
1509,16.5120,2.50000,1.04083,-1.43742,0.063333,0.75000,0.00000,2.50000,-1.43742
1510,16.6580,2.50000,1.04083,-1.50075,0.063333,0.75012,0.00000,2.50000,-1.50075
1511,17.0690,2.50000,1.04083,-1.56047,0.059722,0.75000,0.00000,2.50000,-1.56047
1512,16.6890,2.50000,1.04083,-1.61658,0.056111,0.75000,0.00000,2.50000,-1.61658
1513,16.5430,2.50000,1.04083,-1.66908,0.052500,0.75000,0.00000,2.50000,-1.66908
1514,16.7080,2.50000,1.04083,-1.71797,0.048889,0.74988,0.00000,2.50000,-1.71797
1515,16.9380,2.50000,1.04083,-1.76325,0.045278,0.75000,0.00000,2.50000,-1.76325
1516,16.2240,2.50000,1.04083,-1.80492,0.041667,0.75000,0.00000,2.50000,-1.80492
1517,16.7100,2.50000,1.04083,-1.84297,0.038056,0.75012,0.00000,2.50000,-1.84297
1518,21.1880,2.50000,1.04083,-1.87742,0.034444,0.75000,0.00000,2.50000,-1.87742
1519,12.1190,2.50000,1.04083,-1.90825,0.030833,0.75000,0.00000,2.50000,-1.90825
1520,16.7610,2.50000,1.04083,-1.93547,0.027222,0.75000,0.00000,2.50000,-1.93547
1521,16.8200,2.50000,1.04083,-1.95908,0.023611,0.74988,0.00000,2.50000,-1.95908
1522,16.9590,2.50000,1.04083,-1.97908,0.020000,0.75000,0.00000,2.50000,-1.97908
1523,16.2440,2.50000,1.04083,-1.98964,0.010556,0.75000,0.00000,2.50000,-1.98964
1524,16.6210,2.50000,1.04083,-1.99075,0.001111,0.75000,0.00000,2.50000,-1.99075
1525,16.7130,2.50000,1.04083,-1.98936,0.001389,0.75012,0.00000,2.50000,-1.98936
1526,16.5500,2.50000,1.04083,-1.98547,0.003889,0.75000,0.00000,2.50000,-1.98547
1527,16.6950,2.50000,1.04083,-1.97908,0.006389,0.75000,0.00000,2.50000,-1.97908
1528,16.6320,2.50000,1.04083,-1.97019,0.008889,0.75000,0.00000,2.50000,-1.97019
1529,16.8460,2.50000,1.04083,-1.95881,0.011389,0.74988,0.00000,2.50000,-1.95881
1530,16.6590,2.50000,1.04083,-1.94492,0.013889,0.75000,0.00000,2.50000,-1.94492
1531,21.4070,2.50000,1.04083,-1.92853,0.016389,0.75000,0.00000,2.50000,-1.92853
1532,11.7460,2.50000,1.04083,-1.90964,0.018889,0.75012,0.00000,2.50000,-1.90964
1533,16.6790,2.50000,1.04083,-1.88825,0.021389,0.75000,0.00000,2.50000,-1.88825
1534,16.7730,2.50000,1.04083,-1.86436,0.023889,0.75000,0.00000,2.50000,-1.86436
1535,16.5680,2.50000,1.04083,-1.83797,0.026389,0.75000,0.00000,2.50000,-1.83797
1536,16.8500,2.50000,1.04083,-1.80908,0.028889,0.74988,0.00000,2.50000,-1.80908
1537,18.0240,2.50000,1.04083,-1.77769,0.031389,0.75000,0.00000,2.50000,-1.77769
1538,15.3890,2.50000,1.04083,-1.74381,0.033889,0.75000,0.00000,2.50000,-1.74381
1539,16.6120,2.50000,1.04083,-1.70742,0.036389,0.75000,0.00000,2.50000,-1.70742
1540,16.6240,2.50000,1.04083,-1.66853,0.038889,0.75012,0.00000,2.50000,-1.66853
1541,16.6040,2.50000,1.04083,-1.62714,0.041389,0.75000,0.00000,2.50000,-1.62714
1542,16.6300,2.50000,1.04083,-1.58325,0.043889,0.75000,0.00000,2.50000,-1.58325
1543,16.5300,2.50000,1.04083,-1.53686,0.046389,0.75000,0.00000,2.50000,-1.53686
1544,518.4830,2.50000,1.04083,-1.07936,0.457500,0.74988,0.00000,2.50000,-1.07936
1545,5.6290,2.50000,1.04083,-0.95269,0.126667,6.40662,0.00000,2.50000,-0.95269
1546,9.1770,2.50000,1.04083,-0.88936,0.063333,0.90186,0.00000,2.50000,-0.88936
1547,17.0120,2.50000,1.04083,-0.82603,0.063333,0.75000,0.00000,2.50000,-0.82603
1548,16.6550,2.50000,1.04083,-0.76269,0.063333,0.75000,0.00000,2.50000,-0.76269
1549,16.7650,2.50000,1.04083,-0.69936,0.063333,0.93750,0.00000,2.50000,-0.69936
1550,17.0450,2.50000,1.04083,-0.63603,0.063333,0.78552,0.00000,2.50000,-0.63603
1551,16.3300,2.50000,1.04083,-0.57269,0.063333,0.75000,0.00000,2.50000,-0.57269
1552,17.1360,2.50000,1.04083,-0.50936,0.063333,0.74988,0.00000,2.50000,-0.50936
1553,16.7350,2.50000,1.04083,-0.44603,0.063333,0.75000,0.00000,2.50000,-0.44603
1554,16.3670,2.50000,1.04083,-0.38269,0.063333,0.75000,0.00000,2.50000,-0.38269
1555,16.6220,2.50000,1.04083,-0.31936,0.063333,0.75000,0.00000,2.50000,-0.31936
1556,18.7490,2.50000,1.04083,-0.25603,0.063333,0.74988,0.00000,2.50000,-0.25603
1557,14.7460,2.50000,1.04083,-0.19269,0.063333,0.75000,0.00000,2.50000,-0.19269
1558,16.4380,2.50000,1.04083,-0.12936,0.063333,0.75000,0.00000,2.50000,-0.12936
1559,16.6480,2.50000,1.04083,-0.06603,0.063333,0.75000,0.00000,2.50000,-0.06603
1560,16.7620,2.50000,1.04083,-0.00269,0.063333,0.75000,0.00000,2.50000,-0.00269
1561,16.3430,2.50000,1.04083,0.06064,0.063333,0.74988,0.00000,2.50000,0.06064
1562,16.9910,2.50000,1.04083,0.12397,0.063333,0.75000,0.00000,2.50000,0.12397
1563,16.4860,2.50000,1.04083,0.18731,0.063333,0.75000,0.00000,2.50000,0.18731
1564,16.9150,2.50000,1.04083,0.25064,0.063333,0.74988,0.00000,2.50000,0.25064
1565,16.4660,2.50000,1.04083,0.31397,0.063333,0.75000,0.00000,2.50000,0.31397
1566,16.7170,2.50000,1.04083,0.37731,0.063333,0.75000,0.00000,2.50000,0.37731
1567,16.6480,2.50000,1.04083,0.44064,0.063333,0.74988,0.00000,2.50000,0.44064
1568,16.6970,2.50000,1.04083,0.50397,0.063333,0.75000,0.00000,2.50000,0.50397
1569,21.6980,2.50000,1.04083,0.56731,0.063333,0.75000,0.00000,2.50000,0.56731
1570,11.7660,2.50000,1.04083,0.63064,0.063333,0.74988,0.00000,2.50000,0.63064
1571,16.7370,2.50000,1.04083,0.69397,0.063333,0.75000,0.00000,2.50000,0.69397
1572,16.4500,2.50000,1.04083,0.75731,0.063333,0.75000,0.00000,2.50000,0.75731
1573,16.4890,2.50000,1.04083,0.82064,0.063333,0.75000,0.00000,2.50000,0.82064
1574,16.9600,2.50000,1.04083,0.88397,0.063333,0.75000,0.00000,2.50000,0.88397
1575,16.4720,2.50000,1.04083,0.94731,0.063333,0.74988,0.00000,2.50000,0.94731
1576,16.7340,2.50000,1.04083,1.01064,0.063333,0.75000,0.00000,2.50000,1.01064
1577,16.7170,2.50000,1.04083,1.07397,0.063333,0.75000,0.00000,2.50000,1.07397
1578,16.8040,2.50000,1.04083,1.13731,0.063333,0.75000,0.00000,2.50000,1.13731
1579,16.4500,2.50000,1.04083,1.20064,0.063333,0.74988,0.00000,2.50000,1.20064
1580,16.7620,2.50000,1.04083,1.26397,0.063333,0.75000,0.00000,2.50000,1.26397
1581,16.7120,2.50000,1.04083,1.32731,0.063333,0.75000,0.00000,2.50000,1.32731
1582,21.4140,2.50000,1.04083,1.39064,0.063333,0.75000,0.00000,2.50000,1.39064
1583,11.8820,2.50000,1.04083,1.45397,0.063333,0.75000,0.00000,2.50000,1.45397
1584,16.8050,2.50000,1.04083,1.51731,0.063333,0.74988,0.00000,2.50000,1.51731
1585,16.7190,2.50000,1.04083,1.58064,0.063333,0.75000,0.00000,2.50000,1.58064
1586,16.4320,2.50000,1.04083,1.64397,0.063333,0.75000,0.00000,2.50000,1.64397
1587,16.7600,2.50000,1.04083,1.70730,0.063333,0.75000,0.00000,2.50000,1.70730
1588,16.3970,2.50000,1.04083,1.77064,0.063333,0.75000,0.00000,2.50000,1.77064
1589,16.9880,2.50000,1.04083,1.83397,0.063333,0.74988,0.00000,2.50000,1.83397
1590,16.6350,2.50000,1.04083,1.89730,0.063333,0.75000,0.00000,2.50000,1.89730
1591,16.6850,2.50000,1.04083,1.96064,0.063333,0.75000,0.00000,2.50000,1.96064
1592,17.1040,2.50000,1.04083,2.02397,0.063333,0.75000,0.00000,2.50000,2.02397
1593,16.2940,2.50000,1.04083,2.08730,0.063333,0.75000,0.00000,2.50000,2.08730
1594,16.4960,2.50000,1.04083,2.15064,0.063333,0.75000,0.00000,2.50000,2.15064
1595,21.7170,2.50000,1.04083,2.21397,0.063333,0.75000,0.00000,2.50000,2.21397
1596,11.8280,2.50000,1.04083,2.27730,0.063333,0.75000,0.00000,2.50000,2.27730
1597,16.6710,2.50000,1.04083,2.34064,0.063333,0.75000,0.00000,2.50000,2.34064
1598,16.6800,2.50000,1.04083,2.40397,0.063333,0.75000,0.00000,2.50000,2.40397
1599,17.0000,2.50000,1.04083,2.46730,0.063333,0.75000,0.00000,2.50000,2.46730
1600,16.1070,2.50000,1.04083,2.53064,0.063333,0.75000,0.00000,2.50000,2.53064
1601,17.0120,2.50000,1.04083,2.59397,0.063333,0.75000,0.00000,2.50000,2.59397
1602,16.5690,2.50000,1.04083,2.65730,0.063333,0.75000,0.00000,2.50000,2.65730
1603,17.6730,2.50000,1.04083,2.72064,0.063333,0.75000,0.00000,2.50000,2.72064
1604,16.8150,2.50000,1.04083,2.78036,0.059722,0.75000,0.00000,2.50000,2.78036
1605,16.1430,2.50000,1.04083,2.83647,0.056111,0.75000,0.00000,2.50000,2.83647
1606,16.5320,2.50000,1.04083,2.88897,0.052500,0.75000,0.00000,2.50000,2.88897
1607,16.7030,2.50000,1.04083,2.93786,0.048889,0.75000,0.00000,2.50000,2.93786
1608,22.1570,2.50000,1.04083,2.98314,0.045278,0.75000,0.00000,2.50000,2.98314
1609,11.2660,2.50000,1.04083,3.02480,0.041667,0.75000,0.00000,2.50000,3.02480
1610,16.6480,2.50000,1.04083,3.06286,0.038056,0.75000,0.00000,2.50000,3.06286
1611,16.6500,2.50000,1.04083,3.09730,0.034444,0.75000,0.00000,2.50000,3.09730
1612,16.3910,2.50000,1.04083,3.12814,0.030833,0.75000,0.00000,2.50000,3.12814
1613,17.3470,2.50000,1.04083,3.15536,0.027222,0.75000,0.00000,2.50000,3.15536
1614,16.3340,2.50000,1.04083,3.17897,0.023611,0.75000,0.00000,2.50000,3.17897
1615,16.8470,2.50000,1.04083,3.19897,0.020000,0.75000,0.00000,2.50000,3.19897
1616,16.5370,2.50000,1.04083,3.20953,0.010556,0.75000,0.00000,2.50000,3.20953
1617,16.4550,2.50000,1.04083,3.21064,0.001111,0.75000,0.00000,2.50000,3.21064
1618,16.9790,2.50000,1.04083,3.20925,0.001389,0.75000,0.00000,2.50000,3.20925
1619,16.5460,2.50000,1.04083,3.20536,0.003889,0.75000,0.00000,2.50000,3.20536
1620,16.7870,2.50000,1.04083,3.19897,0.006389,0.75000,0.00000,2.50000,3.19897
1621,23.7660,2.50000,1.04083,3.19008,0.008889,0.75000,0.00000,2.50000,3.19008
1622,9.4390,2.50000,1.04083,3.17869,0.011389,0.75000,0.00000,2.50000,3.17869
1623,16.9860,2.50000,1.04083,3.16480,0.013889,0.75000,0.00000,2.50000,3.16480
1624,16.3900,2.50000,1.04083,3.14841,0.016389,0.75000,0.00000,2.50000,3.14841
1625,16.9260,2.50000,1.04083,3.12953,0.018889,0.75000,0.00000,2.50000,3.12953
1626,16.3910,2.50000,1.04083,3.10814,0.021389,0.75000,0.00000,2.50000,3.10814
1627,16.7850,2.50000,1.04083,3.08425,0.023889,0.75000,0.00000,2.50000,3.08425
1628,16.5990,2.50000,1.04083,3.05786,0.026389,0.75000,0.00000,2.50000,3.05786
1629,16.8810,2.50000,1.04083,3.02897,0.028889,0.75000,0.00000,2.50000,3.02897
1630,16.6470,2.50000,1.04083,2.99758,0.031389,0.75000,0.00000,2.50000,2.99758
1631,16.5790,2.50000,1.04083,2.96369,0.033889,0.75000,0.00000,2.50000,2.96369
1632,16.6710,2.50000,1.04083,2.92730,0.036389,0.75000,0.00000,2.50000,2.92730
1633,16.7300,2.50000,1.04083,2.88841,0.038889,0.75000,0.00000,2.50000,2.88841
1634,541.0290,2.50000,1.04083,2.48730,0.401111,0.75000,0.00000,2.50000,2.48730
1635,6.4610,2.50000,1.04083,2.36258,0.124722,5.77820,0.00000,2.50000,2.36258
1636,1.0540,2.50000,1.04083,2.36258,0.000000,1.50000,0.00000,2.50000,2.36258
1637,15.6560,2.50000,1.04083,2.36258,0.000000,0.03650,0.00000,2.50000,2.36258
1638,19.7200,2.50000,1.04083,2.29925,0.063333,0.62793,0.00000,2.50000,2.29925
1639,17.3890,2.50000,1.04083,2.23591,0.063333,0.75085,0.00000,2.50000,2.23591
1640,15.8050,2.50000,1.04083,2.17258,0.063333,0.50000,0.00000,2.50000,2.17258
1641,16.9970,2.50000,1.04083,2.10925,0.063333,0.62671,0.00000,2.50000,2.10925
1642,16.2610,2.50000,1.04083,2.04591,0.063333,0.75073,0.00000,2.50000,2.04591
1643,16.7640,2.50000,1.04083,1.98258,0.063333,0.75195,0.00000,2.50000,1.98258
1644,16.6140,2.50000,1.04083,1.91925,0.063333,0.75085,0.00000,2.50000,1.91925
1645,16.7470,2.50000,1.04083,1.85592,0.063333,0.74829,0.00000,2.50000,1.85592
1646,16.6670,2.50000,1.04083,1.79258,0.063333,0.75183,0.00000,2.50000,1.79258
1647,34.8610,2.50000,1.04083,1.72925,0.063333,0.74963,0.00000,2.50000,1.72925
1648,4.5140,2.50000,1.04083,1.66592,0.063333,0.74951,0.00000,2.50000,1.66592
1649,10.8010,2.50000,1.04083,1.60258,0.063333,1.00891,0.00000,2.50000,1.60258
1650,16.5910,2.50000,1.04083,1.53925,0.063333,0.75000,0.00000,2.50000,1.53925
1651,16.7550,2.50000,1.04083,1.47592,0.063333,0.75000,0.00000,2.50000,1.47592
1652,16.5140,2.50000,1.04083,1.41258,0.063333,0.75000,0.00000,2.50000,1.41258
1653,16.7140,2.50000,1.04083,1.34925,0.063333,0.75000,0.00000,2.50000,1.34925
1654,16.4100,2.50000,1.04083,1.28592,0.063333,0.75000,0.00000,2.50000,1.28592
1655,17.3880,2.50000,1.04083,1.22258,0.063333,0.75000,0.00000,2.50000,1.22258
1656,16.0250,2.50000,1.04083,1.15925,0.063333,0.75000,0.00000,2.50000,1.15925
1657,16.8110,2.50000,1.04083,1.09592,0.063333,0.75000,0.00000,2.50000,1.09592
1658,16.8450,2.50000,1.04083,1.03258,0.063333,0.75000,0.00000,2.50000,1.03258
1659,19.0740,2.50000,1.04083,0.96925,0.063333,0.75000,0.00000,2.50000,0.96925
1660,14.3100,2.50000,1.04083,0.90592,0.063333,0.75000,0.00000,2.50000,0.90592
1661,16.3760,2.50000,1.04083,0.84258,0.063333,0.75000,0.00000,2.50000,0.84258
1662,16.7640,2.50000,1.04083,0.77925,0.063333,0.75000,0.00000,2.50000,0.77925
1663,16.6350,2.50000,1.04083,0.71592,0.063333,0.75000,0.00000,2.50000,0.71592
