frame,frame_ms,eye_x,eye_y,eye_z,step_m,yaw_step_deg,visual_error_m,body_x,body_z
0,36.0490,-2.48246,2.07522,-2.48246,0.069367,0.74925,0.00000,-2.48246,-2.48246
1,18.0170,-2.45979,1.97322,-2.45979,0.106920,3.67938,0.00000,-2.45059,-2.45059
2,55.9770,-2.43639,1.86150,-2.43639,0.116523,1.69431,0.00000,-2.42039,-2.42039
3,11.7160,-2.38302,1.59620,-2.38302,0.275819,1.30569,0.00000,-2.36165,-2.36165
4,0.9820,-2.37471,1.55404,-2.37471,0.043770,2.25000,0.00000,-2.36165,-2.36165
5,0.5060,-2.37404,1.55065,-2.37404,0.003519,0.29163,0.00000,-2.36165,-2.36165
6,2.8450,-2.37047,1.53253,-2.37047,0.018810,0.02345,0.00000,-2.36165,-2.36165
7,21.1810,-2.35953,1.47697,-2.35953,0.057671,0.12533,0.00000,-2.33848,-2.33848
8,16.6630,-2.33611,1.35713,-2.33611,0.124341,0.37799,0.00000,-2.31352,-2.31352
9,15.6230,-2.31088,1.22723,-2.31088,0.134710,0.75294,0.00000,-2.28677,-2.28677
10,33.2260,-2.28413,1.09678,-2.28413,0.135823,0.75281,0.00000,-2.25822,-2.25822
11,4.8240,-2.24692,1.04085,-2.24692,0.076790,0.74524,0.00000,-2.22710,-2.22710
12,11.5770,-2.21968,1.04085,-2.21968,0.038533,0.95292,0.00000,-2.19339,-2.19339
13,16.9270,-2.18994,1.04085,-2.18994,0.042053,0.64286,0.00000,-2.15711,-2.15711
14,17.3920,-2.15355,1.04085,-2.15341,0.051559,0.65625,0.00000,-2.11968,-2.11824
15,18.2920,-2.11617,1.04085,-2.11435,0.054071,0.74992,0.00000,-2.08230,-2.07682
16,14.0800,-2.07884,1.04085,-2.07275,0.055890,0.74920,0.00000,-2.04496,-2.03285
17,16.8200,-2.04143,1.04085,-2.02845,0.057984,0.74889,0.00000,-2.00764,-1.98637
18,16.6950,-2.00409,1.04085,-1.98170,0.059824,0.75155,0.00000,-1.97035,-1.93737
19,16.5730,-1.96680,1.04085,-1.93250,0.061740,0.75037,0.00000,-1.93306,-1.88618
20,17.6210,-1.92950,1.04085,-1.88130,0.063351,0.75000,0.00000,-1.89577,-1.83499
21,15.7990,-1.89218,1.04085,-1.83006,0.063380,0.75021,0.00000,-1.85848,-1.78379
22,26.5720,-1.85482,1.04085,-1.77877,0.063460,0.75055,0.00000,-1.82119,-1.73260
23,6.5210,-1.81753,1.04085,-1.72758,0.063333,0.75150,0.00000,-1.78391,-1.68141
24,16.8040,-1.78023,1.04085,-1.67636,0.063366,0.75000,0.00000,-1.74662,-1.63021
25,16.6090,-1.74291,1.04085,-1.62512,0.063384,0.75039,0.00000,-1.70933,-1.57902
26,16.9960,-1.70556,1.04085,-1.57384,0.063441,0.75060,0.00000,-1.67204,-1.52783
27,18.6910,-1.66827,1.04085,-1.52265,0.063333,0.75128,0.00000,-1.63475,-1.47664
28,14.8900,-1.63098,1.04085,-1.47146,0.063333,0.75000,0.00000,-1.59747,-1.42544
29,16.1560,-1.59369,1.04085,-1.42026,0.063334,0.75000,0.00000,-1.56018,-1.37425
30,16.7640,-1.55639,1.04085,-1.36905,0.063361,0.75000,0.00000,-1.52289,-1.32306
31,18.4790,-1.51807,1.04085,-1.31644,0.065079,0.75033,0.00000,-1.48560,-1.27186
32,15.7350,-1.48073,1.04085,-1.26517,0.063437,0.77067,0.00000,-1.44831,-1.22067
33,16.3120,-1.44343,1.04085,-1.21396,0.063354,0.75123,0.00000,-1.41103,-1.16948
34,16.6560,-1.40610,1.04085,-1.16271,0.063399,0.75024,0.00000,-1.37374,-1.11828
35,16.5510,-1.36877,1.04085,-1.11147,0.063395,0.75078,0.00000,-1.33645,-1.06709
36,16.7140,-1.33147,1.04085,-1.06025,0.063365,0.75073,0.00000,-1.29916,-1.01590
37,16.8760,-1.29418,1.04085,-1.00906,0.063334,0.75037,0.00000,-1.26187,-0.96471
38,16.7510,-1.25688,1.04085,-0.95785,0.063354,0.75002,0.00000,-1.22459,-0.91351
39,18.7180,-1.21956,1.04085,-0.90661,0.063388,0.75024,0.00000,-1.18730,-0.86232
40,14.3580,-1.18222,1.04085,-0.85535,0.063422,0.75065,0.00000,-1.15001,-0.81113
41,16.7050,-1.14488,1.04085,-0.80408,0.063418,0.75105,0.00000,-1.11272,-0.75993
42,16.7330,-1.10759,1.04085,-0.75289,0.063333,0.75101,0.00000,-1.07544,-0.70874
43,16.5840,-1.07028,1.04085,-0.70166,0.063378,0.75000,0.00000,-1.03815,-0.65755
44,17.0200,-1.03299,1.04085,-0.65047,0.063333,0.75053,0.00000,-1.00086,-0.60636
45,16.3200,-0.99569,1.04085,-0.59926,0.063355,0.75000,0.00000,-0.96357,-0.55516
46,16.6590,-0.95838,1.04085,-0.54804,0.063369,0.75025,0.00000,-0.92628,-0.50397
47,16.6830,-0.92103,1.04085,-0.49676,0.063441,0.75042,0.00000,-0.88900,-0.45278
48,16.7610,-0.88371,1.04085,-0.44553,0.063380,0.75127,0.00000,-0.85171,-0.40158
49,16.7640,-0.84643,1.04085,-0.39433,0.063333,0.75056,0.00000,-0.81442,-0.35039
50,17.2250,-0.80903,1.04085,-0.34299,0.063518,0.75000,0.00000,-0.77713,-0.29920
51,18.5490,-0.77174,1.04085,-0.29180,0.063333,0.75219,0.00000,-0.73984,-0.24800
52,14.2960,-0.73434,1.04085,-0.24045,0.063522,0.75000,0.00000,-0.70256,-0.19681
53,16.5100,-0.69705,1.04085,-0.18926,0.063333,0.75224,0.00000,-0.66527,-0.14562
54,16.7340,-0.65977,1.04085,-0.13807,0.063333,0.75000,0.00000,-0.62798,-0.09443
55,16.8040,-0.62248,1.04085,-0.08687,0.063333,0.75000,0.00000,-0.59069,-0.04323
56,16.9650,-0.58514,1.04085,-0.03562,0.063411,0.75000,0.00000,-0.55340,0.00796
57,16.3750,-0.54786,1.04085,0.01557,0.063333,0.75091,0.00000,-0.51612,0.05915
58,16.9010,-0.51036,1.04085,0.06706,0.063689,0.75000,0.00000,-0.47883,0.11035
59,16.4940,-0.47307,1.04085,0.11825,0.063333,0.75421,0.00000,-0.44154,0.16154
60,16.6730,-0.43578,1.04085,0.16944,0.063333,0.75000,0.00000,-0.40425,0.21273
61,16.6540,-0.39850,1.04085,0.22063,0.063333,0.75000,0.00000,-0.36696,0.26392
62,17.9950,-0.36119,1.04085,0.27186,0.063369,0.75000,0.00000,-0.32968,0.31512
63,17.4510,-0.32385,1.04085,0.32311,0.063411,0.75042,0.00000,-0.29239,0.36631
64,15.3570,-0.28657,1.04085,0.37430,0.063333,0.75092,0.00000,-0.25510,0.41750
65,16.1840,-0.24923,1.04085,0.42556,0.063416,0.75000,0.00000,-0.21781,0.46870
66,16.5090,-0.21194,1.04085,0.47676,0.063333,0.75098,0.00000,-0.18052,0.51989
67,16.7260,-0.17462,1.04085,0.52799,0.063385,0.75000,0.00000,-0.14324,0.57108
68,19.4160,-0.13097,1.04085,0.58792,0.074142,0.75061,0.00000,-0.10595,0.62228
69,14.2500,-0.09368,1.04085,0.63911,0.063333,0.87799,0.00000,-0.06866,0.67347
70,16.6460,-0.05639,1.04085,0.69031,0.063333,0.75000,0.00000,-0.03137,0.72466
71,16.6470,-0.01911,1.04085,0.74150,0.063333,0.75000,0.00000,0.00592,0.77585
72,16.6770,0.01818,1.04085,0.79269,0.063333,0.75000,0.00000,0.04320,0.82705
73,16.0640,0.05547,1.04085,0.84389,0.063333,0.75001,0.00000,0.08049,0.87824
74,19.4350,0.09276,1.04085,0.89508,0.063333,0.75000,0.00000,0.11778,0.92943
75,17.0110,0.13005,1.04085,0.94627,0.063333,0.75000,0.00000,0.15507,0.98063
76,14.2280,0.16733,1.04085,0.99746,0.063333,0.75000,0.00000,0.19236,1.03182
77,17.2590,0.20462,1.04085,1.04866,0.063333,0.75000,0.00000,0.22964,1.08301
78,16.6300,0.24191,1.04085,1.09985,0.063334,0.75000,0.00000,0.26693,1.13420
79,16.3610,0.27920,1.04085,1.15104,0.063334,0.75000,0.00000,0.30422,1.18540
80,16.4360,0.31648,1.04085,1.20224,0.063333,0.75000,0.00000,0.34151,1.23659
81,16.9170,0.35377,1.04085,1.25343,0.063333,0.75001,0.00000,0.37880,1.28778
82,16.5840,0.39106,1.04085,1.30462,0.063334,0.75000,0.00000,0.41608,1.33898
83,17.2460,0.42835,1.04085,1.35582,0.063333,0.75000,0.00000,0.45337,1.39017
84,16.0260,0.46564,1.04085,1.40701,0.063333,0.75000,0.00000,0.49066,1.44136
85,16.1390,0.50293,1.04085,1.45820,0.063333,0.74999,0.00000,0.52795,1.49256
86,16.9330,0.54021,1.04085,1.50939,0.063333,0.75000,0.00000,0.56524,1.54375
87,16.8030,0.57750,1.04085,1.56059,0.063333,0.75000,0.00000,0.60252,1.59494
88,18.9240,0.61479,1.04085,1.61178,0.063333,0.75001,0.00000,0.63981,1.64613
89,14.7150,0.65208,1.04085,1.66297,0.063334,0.75000,0.00000,0.67710,1.69733
90,16.4580,0.68936,1.04085,1.71417,0.063333,0.75000,0.00000,0.71439,1.74852
91,16.4160,0.72665,1.04085,1.76536,0.063334,0.75000,0.00000,0.75168,1.79971
92,16.8150,0.76394,1.04085,1.81655,0.063333,0.74999,0.00000,0.78896,1.85091
93,16.6380,0.80123,1.04085,1.86775,0.063334,0.75000,0.00000,0.82625,1.90210
94,16.6290,0.83852,1.04085,1.91894,0.063333,0.75000,0.00000,0.86354,1.95329
95,16.7570,0.87581,1.04085,1.97013,0.063333,0.75000,0.00000,0.90083,2.00449
96,16.9040,0.91309,1.04085,2.02132,0.063333,0.75001,0.00000,0.93812,2.05568
97,16.3760,0.95038,1.04085,2.07252,0.063334,0.75000,0.00000,0.97540,2.10687
98,16.9430,0.98767,1.04085,2.12371,0.063334,0.75000,0.00000,1.01269,2.15806
99,16.5910,1.02496,1.04085,2.17490,0.063333,0.75000,0.00000,1.04998,2.20926
100,16.4020,1.06225,1.04085,2.22610,0.063333,0.74999,0.00000,1.08727,2.26045
101,19.1170,1.09953,1.04085,2.27729,0.063333,0.75000,0.00000,1.12456,2.31164
102,14.5240,1.13682,1.04085,2.32848,0.063334,0.75000,0.00000,1.16184,2.36284
103,16.8620,1.17411,1.04085,2.37968,0.063333,0.75001,0.00000,1.19913,2.41403
104,16.4040,1.21140,1.04085,2.43087,0.063333,0.75000,0.00000,1.23642,2.46522
105,16.7020,1.24868,1.04085,2.48206,0.063333,0.75000,0.00000,1.27371,2.51642
106,16.4540,1.28597,1.04085,2.53325,0.063334,0.75000,0.00000,1.31100,2.56761
107,16.9480,1.32326,1.04085,2.58445,0.063334,0.74999,0.00000,1.34828,2.61880
108,16.6850,1.36055,1.04085,2.63564,0.063333,0.75000,0.00000,1.38557,2.66999
109,16.4420,1.39784,1.04085,2.68683,0.063333,0.75000,0.00000,1.42286,2.72119
110,17.1890,1.43512,1.04085,2.73803,0.063333,0.75000,0.00000,1.46015,2.77238
111,16.3810,1.47241,1.04085,2.78922,0.063333,0.75001,0.00000,1.49744,2.82357
112,16.5080,1.50970,1.04085,2.84041,0.063333,0.75000,0.00000,1.53472,2.87477
113,16.9970,1.54699,1.04085,2.89161,0.063333,0.75000,0.00000,1.57201,2.92596
114,18.9540,1.58428,1.04085,2.94280,0.063333,0.75000,0.00000,1.60930,2.97715
115,14.5830,1.62157,1.04085,2.99399,0.063334,0.74999,0.00000,1.64659,3.02835
116,16.4840,1.65767,1.04085,3.04400,0.061675,0.75000,0.00000,1.68027,3.07593
117,17.1250,1.69015,1.04085,3.09039,0.056638,0.75000,0.00000,1.71033,3.11990
118,16.2720,1.71903,1.04085,3.13317,0.051617,0.75000,0.00000,1.73679,3.16026
119,16.4670,1.74430,1.04085,3.17234,0.046613,0.75000,0.00000,1.75963,3.19701
120,16.8550,1.76595,1.04085,3.20791,0.041636,0.75000,0.00000,1.77886,3.23014
121,17.3760,1.78400,1.04085,3.23986,0.036693,0.75000,0.00000,1.79448,3.25967
122,15.9720,1.79843,1.04085,3.26819,0.031803,0.75001,0.00000,1.80649,3.28558
123,16.7360,1.80926,1.04085,3.29292,0.026991,0.75000,0.00000,1.81489,3.30789
124,16.8320,1.81647,1.04085,3.31404,0.022314,0.75000,0.00000,1.81968,3.32658
125,16.4370,1.82191,1.04085,3.32962,0.016508,0.75000,0.00000,1.82645,3.33583
126,16.7500,1.82865,1.04085,3.33577,0.009124,0.75000,0.00000,1.83315,3.33563
127,21.5690,1.83533,1.04085,3.33277,0.007315,0.75000,0.00000,1.83978,3.32692
128,11.7020,1.84194,1.04085,3.32290,0.011877,0.75000,0.00000,1.84635,3.31470
129,16.7470,1.84849,1.04085,3.30968,0.014754,0.75000,0.00000,1.85287,3.29945
130,17.1790,1.85500,1.04085,3.29351,0.017430,0.74999,0.00000,1.85934,3.28139
131,16.1450,1.86146,1.04085,3.27457,0.020018,0.75000,0.00000,1.86577,3.26063
132,16.7100,1.86787,1.04085,3.25294,0.022560,0.75001,0.00000,1.87215,3.23723
133,16.2470,1.87424,1.04085,3.22868,0.025077,0.74999,0.00000,1.87850,3.21124
134,17.0090,1.88057,1.04085,3.20184,0.027576,0.75000,0.00000,1.88480,3.18267
135,16.6480,1.88686,1.04085,3.17244,0.030068,0.75000,0.00000,1.89107,3.15156
136,16.6390,1.89312,1.04085,3.14050,0.032553,0.75000,0.00000,1.89731,3.11792
137,16.9160,1.89935,1.04085,3.10602,0.035034,0.75001,0.00000,1.90352,3.08175
138,16.8360,1.90555,1.04085,3.06902,0.037516,0.75000,0.00000,1.90970,3.04306
139,16.4690,1.91173,1.04085,3.02950,0.039995,0.75000,0.00000,1.91586,3.00185
140,18.0970,1.91788,1.04085,2.98748,0.042474,0.75000,0.00000,1.92199,2.95814
141,15.1600,1.92400,1.04085,2.94294,0.044956,0.75000,0.00000,1.92811,2.91193
142,16.6380,1.93011,1.04085,2.89590,0.047437,0.75000,0.00000,1.93421,2.86320
143,16.4120,1.93621,1.04085,2.84635,0.049919,0.75000,0.00000,1.94029,2.81198
144,16.7890,1.94229,1.04085,2.79431,0.052401,0.75000,0.00000,1.94636,2.75825
145,16.7840,1.94836,1.04085,2.73976,0.054886,0.74999,0.00000,1.95242,2.70202
146,17.9860,1.95442,1.04085,2.68266,0.057417,0.75000,0.00000,1.95848,2.64330
147,15.2260,1.96047,1.04085,2.62311,0.059859,0.75060,0.00000,1.96453,2.58207
148,16.8340,1.96652,1.04085,2.56128,0.062122,0.75000,0.00000,1.97057,2.51902
149,16.8450,1.97257,1.04085,2.49824,0.063333,0.74999,0.00000,1.97662,2.45598
150,16.7120,1.97862,1.04085,2.43520,0.063333,0.74999,0.00000,1.98267,2.39294
151,16.8010,1.98466,1.04085,2.37215,0.063333,0.75002,0.00000,1.98872,2.32989
152,18.6960,1.99071,1.04085,2.30911,0.063333,0.74999,0.00000,1.99476,2.26685
153,14.7560,1.99676,1.04085,2.24606,0.063334,0.75000,0.00000,2.00081,2.20381
154,16.4230,2.00281,1.04085,2.18302,0.063333,0.75001,0.00000,2.00686,2.14076
155,16.7230,2.00885,1.04085,2.11998,0.063334,0.74999,0.00000,2.01291,2.07772
156,16.5060,2.01490,1.04085,2.05693,0.063333,0.75000,0.00000,2.01896,2.01467
157,17.6470,2.02095,1.04085,1.99389,0.063333,0.75001,0.00000,2.02500,1.95163
158,16.9410,2.02700,1.04085,1.93084,0.063334,0.74999,0.00000,2.03105,1.88859
159,16.3580,2.03304,1.04085,1.86780,0.063333,0.75002,0.00000,2.03710,1.82554
160,16.7850,2.03909,1.04085,1.80476,0.063333,0.74999,0.00000,2.04315,1.76250
161,16.2400,2.04514,1.04085,1.74171,0.063334,0.74999,0.00000,2.04919,1.69945
162,16.7600,2.05119,1.04085,1.67867,0.063333,0.75002,0.00000,2.05524,1.63641
163,17.1470,2.05724,1.04085,1.61562,0.063333,0.74998,0.00000,2.06129,1.57337
164,16.7760,2.06328,1.04085,1.55258,0.063333,0.75002,0.00000,2.06734,1.51032
165,21.4890,2.06933,1.04085,1.48954,0.063334,0.74999,0.00000,2.07339,1.44728
166,12.1970,2.07538,1.04085,1.42649,0.063333,0.75000,0.00000,2.07943,1.38423
167,16.0430,2.08143,1.04085,1.36345,0.063333,0.75000,0.00000,2.08548,1.32119
168,16.7990,2.08747,1.04085,1.30040,0.063333,0.75000,0.00000,2.09153,1.25815
169,16.3770,2.09352,1.04085,1.23736,0.063333,0.75000,0.00000,2.09758,1.19510
170,17.5150,2.09967,1.04085,1.17328,0.064370,0.75000,0.00000,2.10362,1.13206
171,16.6450,2.10572,1.04085,1.11024,0.063333,0.76228,0.00000,2.10967,1.06901
172,16.2850,2.11176,1.04085,1.04720,0.063334,0.75000,0.00000,2.11572,1.00597
173,16.6370,2.11781,1.04085,0.98415,0.063333,0.75002,0.00000,2.12177,0.94293
174,16.7840,2.12386,1.04085,0.92111,0.063333,0.75000,0.00000,2.12781,0.87988
175,16.8940,2.12993,1.04085,0.85781,0.063590,0.74998,0.00000,2.13386,0.81684
176,16.8190,2.13598,1.04085,0.79476,0.063333,0.75305,0.00000,2.13991,0.75379
177,18.4690,2.14203,1.04085,0.73172,0.063333,0.75000,0.00000,2.14596,0.69075
178,14.4880,2.14808,1.04085,0.66868,0.063333,0.75000,0.00000,2.15201,0.62771
179,16.8290,2.15412,1.04085,0.60563,0.063333,0.75000,0.00000,2.15805,0.56466
180,16.7920,2.16017,1.04085,0.54259,0.063333,0.75000,0.00000,2.16410,0.50162
181,16.3840,2.16622,1.04085,0.47954,0.063333,0.75000,0.00000,2.17015,0.43858
182,16.9120,2.17234,1.04085,0.41575,0.064083,0.75000,0.00000,2.17620,0.37553
183,16.5660,2.17839,1.04085,0.35271,0.063333,0.75888,0.00000,2.18224,0.31249
184,16.8030,2.18443,1.04085,0.28967,0.063333,0.75000,0.00000,2.18829,0.24944
185,16.5900,2.19048,1.04085,0.22662,0.063333,0.75000,0.00000,2.19434,0.18640
186,16.7650,2.19653,1.04085,0.16358,0.063333,0.75000,0.00000,2.20039,0.12336
187,16.6580,2.20258,1.04085,0.10053,0.063333,0.75000,0.00000,2.20643,0.06031
188,16.5140,2.20862,1.04085,0.03749,0.063333,0.75000,0.00000,2.21248,-0.00273
189,18.8950,2.21468,1.04085,-0.02565,0.063433,0.75000,0.00000,2.21853,-0.06578
190,14.5090,2.22073,1.04085,-0.08875,0.063388,0.75119,0.00000,2.22458,-0.12882
191,16.5620,2.22678,1.04085,-0.15179,0.063333,0.75064,0.00000,2.23062,-0.19186
192,16.9990,2.23283,1.04085,-0.21486,0.063359,0.75000,0.00000,2.23667,-0.25491
193,16.7350,2.23888,1.04085,-0.27791,0.063333,0.75029,0.00000,2.24272,-0.31795
194,17.4910,2.24531,1.04085,-0.34491,0.067311,0.75000,0.00000,2.24877,-0.38100
195,15.7340,2.25135,1.04085,-0.40795,0.063333,0.79710,0.00000,2.25481,-0.44404
196,17.0460,2.25740,1.04085,-0.47100,0.063333,0.75000,0.00000,2.26086,-0.50708
197,16.5450,2.26345,1.04085,-0.53404,0.063333,0.75000,0.00000,2.26691,-0.57013
198,16.4880,2.26950,1.04085,-0.59709,0.063333,0.75000,0.00000,2.27296,-0.63317
199,16.8920,2.27554,1.04085,-0.66013,0.063333,0.75000,0.00000,2.27901,-0.69622
200,16.5150,2.28159,1.04085,-0.72317,0.063333,0.75000,0.00000,2.28505,-0.75926
201,18.5560,2.28764,1.04085,-0.78622,0.063333,0.75000,0.00000,2.29110,-0.82230
202,15.1390,2.29369,1.04085,-0.84926,0.063333,0.75000,0.00000,2.29715,-0.88535
203,16.3430,2.29973,1.04085,-0.91231,0.063333,0.75000,0.00000,2.30320,-0.94839
204,16.9710,2.30578,1.04085,-0.97535,0.063334,0.75000,0.00000,2.30924,-1.01144
205,16.6780,2.31183,1.04085,-1.03839,0.063333,0.75000,0.00000,2.31529,-1.07448
206,16.8710,2.31788,1.04085,-1.10144,0.063333,0.75000,0.00000,2.32134,-1.13752
207,16.5020,2.32392,1.04085,-1.16448,0.063334,0.75000,0.00000,2.32739,-1.20057
208,16.4900,2.32997,1.04085,-1.22753,0.063333,0.75000,0.00000,2.33343,-1.26361
209,17.2890,2.33602,1.04085,-1.29057,0.063333,0.75000,0.00000,2.33948,-1.32666
210,16.4280,2.34207,1.04085,-1.35361,0.063334,0.75000,0.00000,2.34553,-1.38970
211,16.7710,2.34811,1.04085,-1.41666,0.063333,0.75000,0.00000,2.35158,-1.45274
212,16.5600,2.35416,1.04085,-1.47970,0.063334,0.75000,0.00000,2.35762,-1.51579
213,16.6880,2.35867,1.04085,-1.54120,0.061664,0.75000,0.00000,2.36006,-1.57522
214,21.6060,2.36006,1.04085,-1.59909,0.057905,0.75000,0.00000,2.36006,-1.63104
215,11.5980,2.36006,1.04085,-1.65337,0.054278,0.75000,0.00000,2.36006,-1.68325
216,17.0960,2.36006,1.04085,-1.70403,0.050667,0.75000,0.00000,2.36006,-1.73185
217,16.3120,2.36006,1.04085,-1.75109,0.047055,0.75000,0.00000,2.36006,-1.77684
218,16.7800,2.36006,1.04085,-1.79453,0.043444,0.75000,0.00000,2.36006,-1.81822
219,16.9800,2.36006,1.04085,-1.83437,0.039833,0.75000,0.00000,2.36006,-1.85598
220,16.1170,2.36006,1.04085,-1.87059,0.036222,0.75000,0.00000,2.36006,-1.89014
221,16.8520,2.36006,1.04085,-1.90320,0.032610,0.75000,0.00000,2.36006,-1.92068
222,16.3930,2.36006,1.04085,-1.93220,0.029000,0.75000,0.00000,2.36006,-1.94762
223,16.7420,2.36006,1.04085,-1.95759,0.025389,0.75000,0.00000,2.36006,-1.97094
224,16.3740,2.36006,1.04085,-1.97937,0.021777,0.75000,0.00000,2.36006,-1.99065
225,16.8530,2.36067,1.04085,-1.99504,0.015685,0.75000,0.00000,2.36149,-2.00091
226,16.8340,2.36210,1.04085,-2.00126,0.006387,0.75000,0.00000,2.36291,-2.00174
227,18.4950,2.36351,1.04085,-2.00102,0.001431,0.75000,0.00000,2.36431,-2.00006
228,15.9900,2.36490,1.04085,-1.99827,0.003080,0.75000,0.00000,2.36569,-1.99588
229,15.3160,2.36628,1.04085,-1.99302,0.005426,0.75000,0.00000,2.36706,-1.98920
230,17.1410,2.36764,1.04085,-1.98523,0.007916,0.75000,0.00000,2.36842,-1.97991
231,16.2510,2.36900,1.04085,-1.97484,0.010472,0.75000,0.00000,2.36977,-1.96806
232,16.5440,2.37034,1.04085,-1.96192,0.012996,0.75000,0.00000,2.37111,-1.95369
233,16.6100,2.37168,1.04085,-1.94646,0.015510,0.75000,0.00000,2.37244,-1.93680
234,17.1290,2.37300,1.04085,-1.92850,0.018015,0.75000,0.00000,2.37375,-1.91739
235,16.2520,2.37431,1.04085,-1.90802,0.020519,0.75000,0.00000,2.37506,-1.89548
236,16.6080,2.37561,1.04085,-1.88504,0.023021,0.75000,0.00000,2.37636,-1.87106
237,16.9310,2.37691,1.04085,-1.85955,0.025520,0.75000,0.00000,2.37765,-1.84414
238,16.5970,2.37819,1.04085,-1.83156,0.028021,0.74998,0.00000,2.37893,-1.81472
239,16.4990,2.37947,1.04085,-1.80107,0.030520,0.75002,0.00000,2.38020,-1.78279
240,18.6370,2.38074,1.04085,-1.76807,0.033020,0.75002,0.00000,2.38147,-1.74836
241,14.7760,2.38201,1.04085,-1.73257,0.035518,0.74998,0.00000,2.38273,-1.71144
242,16.6860,2.38327,1.04085,-1.69458,0.038019,0.75002,0.00000,2.38399,-1.67201
243,16.6240,2.38452,1.04085,-1.65408,0.040517,0.74998,0.00000,2.38524,-1.63008
244,17.0040,2.38577,1.04085,-1.61108,0.043017,0.75002,0.00000,2.38649,-1.58565
245,16.4230,2.38702,1.04085,-1.56558,0.045516,0.74998,0.00000,2.38773,-1.53872
246,16.6530,2.38826,1.04085,-1.51758,0.048015,0.75000,0.00000,2.38897,-1.48929
247,16.7150,2.38949,1.04085,-1.46708,0.050514,0.75000,0.00000,2.39020,-1.43736
248,16.5410,2.39073,1.04085,-1.41408,0.053014,0.75000,0.00000,2.39144,-1.38293
249,16.7770,2.39196,1.04085,-1.35859,0.055513,0.75000,0.00000,2.39267,-1.32600
250,16.5810,2.39319,1.04085,-1.30059,0.058012,0.75000,0.00000,2.39390,-1.26657
251,16.8950,2.39442,1.04085,-1.24009,0.060512,0.75000,0.00000,2.39513,-1.20464
252,16.6480,2.39565,1.04085,-1.17756,0.062537,0.75000,0.00000,2.39635,-1.14132
253,21.3470,2.39688,1.04085,-1.11424,0.063334,0.74998,0.00000,2.39758,-1.07800
254,11.9370,2.39811,1.04085,-1.05092,0.063334,0.75002,0.00000,2.39881,-1.01468
255,16.5580,2.39934,1.04085,-0.98760,0.063333,0.75002,0.00000,2.40004,-0.95135
256,16.6930,2.40057,1.04085,-0.92428,0.063334,0.74998,0.00000,2.40127,-0.88803
257,17.0700,2.40180,1.04085,-0.86096,0.063333,0.75002,0.00000,2.40250,-0.82471
258,16.7520,2.40302,1.04085,-0.79763,0.063333,0.74998,0.00000,2.40373,-0.76139
259,16.4380,2.40425,1.04085,-0.73431,0.063333,0.75002,0.00000,2.40496,-0.69807
260,16.6110,2.40548,1.04085,-0.67099,0.063333,0.74998,0.00000,2.40619,-0.63475
261,16.4790,2.40671,1.04085,-0.60767,0.063333,0.75000,0.00000,2.40741,-0.57143
262,16.7040,2.40794,1.04085,-0.54435,0.063333,0.75000,0.00000,2.40864,-0.50810
263,16.6750,2.40917,1.04085,-0.48103,0.063333,0.75000,0.00000,2.40987,-0.44478
264,16.7610,2.41040,1.04085,-0.41771,0.063333,0.75000,0.00000,2.41110,-0.38146
265,16.7860,2.41163,1.04085,-0.35438,0.063333,0.75000,0.00000,2.41233,-0.31814
266,20.5360,2.41286,1.04085,-0.29106,0.063333,0.75000,0.00000,2.41356,-0.25482
267,12.6480,2.41408,1.04085,-0.22774,0.063333,0.75000,0.00000,2.41479,-0.19150
268,16.6290,2.41531,1.04085,-0.16442,0.063333,0.74998,0.00000,2.41602,-0.12818
269,16.8550,2.41654,1.04085,-0.10110,0.063333,0.75002,0.00000,2.41724,-0.06485
270,17.1210,2.41777,1.04085,-0.03778,0.063333,0.75002,0.00000,2.41847,-0.00153
271,16.3840,2.41900,1.04085,0.02554,0.063333,0.74998,0.00000,2.41970,0.06179
272,16.8360,2.42023,1.04085,0.08887,0.063333,0.75002,0.00000,2.42093,0.12511
273,16.3610,2.42146,1.04085,0.15219,0.063333,0.74998,0.00000,2.42216,0.18843
274,16.8340,2.42268,1.04085,0.21551,0.063333,0.75002,0.00000,2.42339,0.25175
275,16.7740,2.42391,1.04085,0.27883,0.063334,0.74998,0.00000,2.42462,0.31507
276,16.5590,2.42514,1.04085,0.34215,0.063333,0.75000,0.00000,2.42585,0.37840
277,16.4780,2.42637,1.04085,0.40547,0.063333,0.75000,0.00000,2.42707,0.44172
278,17.2800,2.42760,1.04085,0.46879,0.063333,0.75000,0.00000,2.42830,0.50504
279,18.0280,2.42883,1.04085,0.53212,0.063333,0.75000,0.00000,2.42953,0.56836
280,14.6590,2.43006,1.04085,0.59544,0.063333,0.75000,0.00000,2.43076,0.63168
281,16.8890,2.43129,1.04085,0.65876,0.063333,0.75000,0.00000,2.43199,0.69500
282,16.7420,2.43251,1.04085,0.72208,0.063333,0.75000,0.00000,2.43322,0.75832
283,16.9430,2.43374,1.04085,0.78540,0.063333,0.74998,0.00000,2.43445,0.82165
284,16.5510,2.43497,1.04085,0.84872,0.063333,0.75002,0.00000,2.43568,0.88497
285,16.6380,2.43620,1.04085,0.91204,0.063334,0.75002,0.00000,2.43690,0.94829
286,16.8820,2.43743,1.04085,0.97537,0.063333,0.74998,0.00000,2.43813,1.01161
287,16.5340,2.43866,1.04085,1.03869,0.063334,0.75002,0.00000,2.43936,1.07493
288,16.9770,2.43989,1.04085,1.10201,0.063333,0.74998,0.00000,2.44059,1.13825
289,16.4660,2.44112,1.04085,1.16533,0.063334,0.75002,0.00000,2.44182,1.20157
290,16.7730,2.44234,1.04085,1.22865,0.063333,0.74998,0.00000,2.44305,1.26490
291,16.4730,2.44357,1.04085,1.29197,0.063334,0.75000,0.00000,2.44428,1.32822
292,21.4820,2.44480,1.04085,1.35529,0.063333,0.75000,0.00000,2.44550,1.39154
293,11.8720,2.44603,1.04085,1.41862,0.063333,0.75000,0.00000,2.44673,1.45486
294,16.9220,2.44726,1.04085,1.48194,0.063333,0.75000,0.00000,2.44796,1.51818
295,16.6050,2.44849,1.04085,1.54526,0.063334,0.75000,0.00000,2.44919,1.58150
296,16.8570,2.44972,1.04085,1.60858,0.063333,0.75000,0.00000,2.45042,1.64482
297,16.7730,2.45094,1.04085,1.67190,0.063334,0.75000,0.00000,2.45165,1.70814
298,16.3900,2.45217,1.04085,1.73522,0.063333,0.74998,0.00000,2.45288,1.77147
299,16.7130,2.45340,1.04085,1.79854,0.063333,0.75002,0.00000,2.45411,1.83479
300,16.7310,2.45463,1.04085,1.86186,0.063333,0.75003,0.00000,2.45533,1.89811
301,16.7050,2.45586,1.04085,1.92519,0.063333,0.74998,0.00000,2.45656,1.96143
302,16.4930,2.45709,1.04085,1.98851,0.063334,0.75000,0.00000,2.45779,2.02475
303,16.6000,2.45832,1.04085,2.05183,0.063334,0.74998,0.00000,2.45902,2.08807
304,16.8630,2.45955,1.04085,2.11515,0.063333,0.75002,0.00000,2.46025,2.15139
305,21.4190,2.46077,1.04085,2.17847,0.063333,0.74997,0.00000,2.46148,2.21472
306,11.9010,2.46200,1.04085,2.24179,0.063333,0.75002,0.00000,2.46271,2.27804
307,16.5970,2.46323,1.04085,2.30511,0.063334,0.75002,0.00000,2.46393,2.34136
308,16.7010,2.46446,1.04085,2.36843,0.063333,0.74998,0.00000,2.46516,2.40468
309,16.7520,2.46569,1.04085,2.43176,0.063333,0.75000,0.00000,2.46639,2.46800
310,16.4640,2.46692,1.04085,2.49508,0.063333,0.75002,0.00000,2.46762,2.53132
311,16.9110,2.46815,1.04085,2.55840,0.063334,0.74998,0.00000,2.46885,2.59464
312,16.7190,2.46938,1.04085,2.62172,0.063333,0.75000,0.00000,2.47008,2.65796
313,16.5290,2.47060,1.04085,2.68504,0.063333,0.74998,0.00000,2.47131,2.72129
314,16.8470,2.47131,1.04085,2.74682,0.061783,0.75002,0.00000,2.47131,2.78100
315,16.5550,2.47131,1.04085,2.80499,0.058165,0.75000,0.00000,2.47131,2.83710
316,16.5400,2.47131,1.04085,2.85954,0.054555,0.75002,0.00000,2.47131,2.88958
317,16.9120,2.47131,1.04085,2.91048,0.050944,0.75002,0.00000,2.47131,2.93846
318,18.8520,2.47131,1.04085,2.95782,0.047333,0.74997,0.00000,2.47131,2.98373
319,14.6300,2.47131,1.04085,3.00154,0.043722,0.75002,0.00000,2.47131,3.02538
320,16.4200,2.47131,1.04085,3.04165,0.040111,0.74998,0.00000,2.47131,3.06343
321,16.8920,2.47131,1.04085,3.07815,0.036500,0.75000,0.00000,2.47131,3.09786
322,16.6460,2.47131,1.04085,3.11104,0.032888,0.74998,0.00000,2.47131,3.12868
323,16.6090,2.47131,1.04085,3.14031,0.029277,0.75002,0.00000,2.47131,3.15589
324,16.5290,2.47131,1.04085,3.16598,0.025666,0.75000,0.00000,2.47131,3.17949
325,16.7940,2.47131,1.04085,3.18804,0.022056,0.74998,0.00000,2.47131,3.19948
326,16.4660,2.47143,1.04085,3.20399,0.015950,0.75002,0.00000,2.47160,3.21002
327,16.6390,2.47172,1.04085,3.21049,0.006511,0.75002,0.00000,2.47189,3.21112
328,16.8310,2.47201,1.04085,3.21052,0.000290,0.74997,0.00000,2.47218,3.20972
329,17.0330,2.47230,1.04085,3.20805,0.002486,0.75002,0.00000,2.47246,3.20582
330,16.8000,2.47258,1.04085,3.20308,0.004979,0.75002,0.00000,2.47274,3.19942
331,21.3130,2.47286,1.04085,3.19561,0.007477,0.74997,0.00000,2.47302,3.19051
332,11.6070,2.47314,1.04085,3.18563,0.009981,0.75005,0.00000,2.47330,3.17910
333,16.5540,2.47341,1.04085,3.17315,0.012481,0.74998,0.00000,2.47357,3.16519
334,17.4340,2.47369,1.04085,3.15817,0.014983,0.75000,0.00000,2.47384,3.14878
335,16.8460,2.47396,1.04085,3.14069,0.017483,0.74998,0.00000,2.47411,3.12987
336,16.3740,2.47422,1.04085,3.12071,0.019981,0.75002,0.00000,2.47438,3.10846
337,16.5880,2.47449,1.04085,3.09823,0.022483,0.74997,0.00000,2.47464,3.08455
338,16.7730,2.47476,1.04085,3.07325,0.024982,0.75003,0.00000,2.47491,3.05813
339,16.7630,2.47502,1.04085,3.04577,0.027483,0.74997,0.00000,2.47517,3.02922
340,16.2560,2.47528,1.04085,3.01579,0.029982,0.75003,0.00000,2.47543,2.99781
341,16.6440,2.47554,1.04085,2.98331,0.032483,0.74997,0.00000,2.47569,2.96390
342,17.3880,2.47580,1.04085,2.94833,0.034983,0.75003,0.00000,2.47595,2.92748
343,16.2510,2.47606,1.04085,2.91085,0.037481,0.74997,0.00000,2.47621,2.88857
344,18.3000,2.47631,1.04085,2.87086,0.039983,0.75003,0.00000,2.47646,2.84716
345,14.7490,2.47657,1.04085,2.82838,0.042482,0.75000,0.00000,2.47672,2.80325
346,16.8350,2.47682,1.04085,2.78340,0.044983,0.74997,0.00000,2.47697,2.75683
347,16.5230,2.47708,1.04085,2.73592,0.047482,0.75003,0.00000,2.47722,2.70792
348,16.8840,2.47733,1.04085,2.68594,0.049982,0.74997,0.00000,2.47748,2.65651
349,16.8630,2.47758,1.04085,2.63345,0.052483,0.75003,0.00000,2.47773,2.60260
350,16.5680,2.47784,1.04085,2.57847,0.054982,0.74997,0.00000,2.47798,2.54618
351,16.6820,2.47809,1.04085,2.52099,0.057482,0.75003,0.00000,2.47823,2.48727
352,16.8920,2.47834,1.04085,2.46101,0.059984,0.74997,0.00000,2.47848,2.42586
353,16.0950,2.47859,1.04085,2.39877,0.062234,0.75003,0.00000,2.47873,2.36252
354,16.9800,2.47884,1.04085,2.33544,0.063333,0.74997,0.00000,2.47899,2.29919
355,16.7760,2.47909,1.04085,2.27211,0.063333,0.75003,0.00000,2.47924,2.23586
356,16.7060,2.47934,1.04085,2.20878,0.063334,0.74997,0.00000,2.47949,2.17253
357,21.9080,2.47959,1.04085,2.14544,0.063333,0.75003,0.00000,2.47974,2.10919
358,11.2740,2.47985,1.04085,2.08211,0.063333,0.74997,0.00000,2.47999,2.04586
359,16.2800,2.48010,1.04085,2.01878,0.063333,0.75003,0.00000,2.48024,1.98253
360,16.8310,2.48035,1.04085,1.95545,0.063333,0.75000,0.00000,2.48049,1.91920
361,16.8210,2.48060,1.04085,1.89211,0.063334,0.74997,0.00000,2.48074,1.85586
362,16.3740,2.48085,1.04085,1.82878,0.063333,0.75003,0.00000,2.48099,1.79253
363,16.6730,2.48110,1.04085,1.76545,0.063333,0.74997,0.00000,2.48124,1.72920
364,17.0730,2.48135,1.04085,1.70211,0.063334,0.75003,0.00000,2.48150,1.66586
365,15.9360,2.48160,1.04085,1.63878,0.063333,0.74997,0.00000,2.48175,1.60253
366,17.0760,2.48185,1.04085,1.57545,0.063334,0.75003,0.00000,2.48200,1.53920
367,16.6600,2.48211,1.04085,1.51212,0.063333,0.74997,0.00000,2.48225,1.47587
368,16.6380,2.48236,1.04085,1.44878,0.063333,0.75003,0.00000,2.48250,1.41253
369,16.5200,2.48261,1.04085,1.38545,0.063334,0.74997,0.00000,2.48275,1.34920
370,21.6330,2.48286,1.04085,1.32212,0.063333,0.75003,0.00000,2.48300,1.28587
371,11.6970,2.48311,1.04085,1.25878,0.063334,0.74997,0.00000,2.48325,1.22253
372,16.7980,2.48336,1.04085,1.19545,0.063333,0.75003,0.00000,2.48350,1.15920
373,16.7910,2.48361,1.04085,1.13212,0.063333,0.74997,0.00000,2.48376,1.09587
374,16.5430,2.48386,1.04085,1.06879,0.063334,0.75003,0.00000,2.48401,1.03254
375,16.5690,2.48411,1.04085,1.00545,0.063333,0.75000,0.00000,2.48426,0.96920
376,16.6530,2.48437,1.04085,0.94212,0.063334,0.74997,0.00000,2.48451,0.90587
377,16.7170,2.48462,1.04085,0.87879,0.063333,0.75003,0.00000,2.48476,0.84254
378,17.2270,2.48487,1.04085,0.81546,0.063333,0.74997,0.00000,2.48501,0.77920
379,16.2920,2.48512,1.04085,0.75212,0.063333,0.75003,0.00000,2.48526,0.71587
380,16.6850,2.48537,1.04085,0.68879,0.063333,0.74997,0.00000,2.48551,0.65254
381,16.5400,2.48562,1.04085,0.62546,0.063334,0.75003,0.00000,2.48577,0.58921
382,16.7720,2.48587,1.04085,0.56212,0.063333,0.74997,0.00000,2.48602,0.52587
383,21.7990,2.48612,1.04085,0.49879,0.063333,0.75003,0.00000,2.48627,0.46254
384,11.7260,2.48638,1.04085,0.43546,0.063333,0.74997,0.00000,2.48652,0.39921
385,16.5750,2.48663,1.04085,0.37213,0.063333,0.75003,0.00000,2.48677,0.33587
386,16.5800,2.48688,1.04085,0.30879,0.063333,0.74997,0.00000,2.48702,0.27254
387,16.6020,2.48713,1.04085,0.24546,0.063333,0.75003,0.00000,2.48727,0.20921
388,16.6650,2.48738,1.04085,0.18213,0.063333,0.74997,0.00000,2.48752,0.14588
389,16.8900,2.48763,1.04085,0.11879,0.063333,0.75003,0.00000,2.48777,0.08254
390,16.8850,2.48788,1.04085,0.05546,0.063333,0.75000,0.00000,2.48803,0.01921
391,16.4340,2.48813,1.04085,-0.00787,0.063333,0.74997,0.00000,2.48828,-0.04412
392,16.5790,2.48838,1.04085,-0.07120,0.063333,0.75003,0.00000,2.48853,-0.10746
393,16.9890,2.48864,1.04085,-0.13454,0.063333,0.74997,0.00000,2.48878,-0.17079
394,16.5010,2.48889,1.04085,-0.19787,0.063333,0.75003,0.00000,2.48903,-0.23412
395,16.5550,2.48914,1.04085,-0.26120,0.063333,0.74997,0.00000,2.48928,-0.29745
396,18.2460,2.48939,1.04085,-0.32454,0.063333,0.75003,0.00000,2.48953,-0.36079
397,15.2850,2.48964,1.04085,-0.38787,0.063333,0.74997,0.00000,2.48978,-0.42412
398,16.7520,2.48989,1.04085,-0.45120,0.063333,0.75003,0.00000,2.49004,-0.48745
399,16.4640,2.49014,1.04085,-0.51453,0.063334,0.74997,0.00000,2.49029,-0.55079
400,16.2470,2.49039,1.04085,-0.57787,0.063333,0.75003,0.00000,2.49054,-0.61412
401,16.8920,2.49065,1.04085,-0.64120,0.063333,0.74997,0.00000,2.49079,-0.67745
402,16.7410,2.49090,1.04085,-0.70453,0.063333,0.75003,0.00000,2.49104,-0.74078
403,16.8570,2.49115,1.04085,-0.76787,0.063334,0.74997,0.00000,2.49129,-0.80412
404,16.8380,2.49140,1.04085,-0.83120,0.063333,0.75003,0.00000,2.49154,-0.86745
405,16.8600,2.49165,1.04085,-0.89453,0.063333,0.75000,0.00000,2.49179,-0.93078
406,16.1510,2.49190,1.04085,-0.95786,0.063333,0.74997,0.00000,2.49204,-0.99411
407,16.8400,2.49215,1.04085,-1.02120,0.063333,0.75003,0.00000,2.49230,-1.05745
408,16.5070,2.49240,1.04085,-1.08453,0.063334,0.74997,0.00000,2.49255,-1.12078
409,21.6330,2.49265,1.04085,-1.14786,0.063333,0.75003,0.00000,2.49280,-1.18411
410,11.9730,2.49291,1.04085,-1.21120,0.063333,0.74997,0.00000,2.49305,-1.24745
411,16.5440,2.49316,1.04085,-1.27453,0.063333,0.75003,0.00000,2.49330,-1.31078
412,16.6750,2.49341,1.04085,-1.33786,0.063333,0.74997,0.00000,2.49355,-1.37411
413,16.7060,2.49366,1.04085,-1.40119,0.063334,0.75003,0.00000,2.49380,-1.43744
414,16.3180,2.49391,1.04085,-1.46453,0.063333,0.74997,0.00000,2.49405,-1.50078
415,16.8630,2.49405,1.04085,-1.52632,0.061789,0.75003,0.00000,2.49405,-1.56050
416,16.6370,2.49405,1.04085,-1.58449,0.058178,0.74997,0.00000,2.49405,-1.61661
417,16.5250,2.49405,1.04085,-1.63906,0.054567,0.75003,0.00000,2.49405,-1.66911
418,16.6910,2.49405,1.04085,-1.69001,0.050955,0.74997,0.00000,2.49405,-1.71800
419,16.8810,2.49405,1.04085,-1.73736,0.047344,0.75003,0.00000,2.49405,-1.76327
420,16.4920,2.49405,1.04085,-1.78109,0.043733,0.75000,0.00000,2.49405,-1.80494
421,16.7780,2.49405,1.04085,-1.82121,0.040122,0.74997,0.00000,2.49405,-1.84300
422,18.1350,2.49405,1.04085,-1.85773,0.036511,0.75003,0.00000,2.49405,-1.87744
423,15.2070,2.49405,1.04085,-1.89062,0.032900,0.74997,0.00000,2.49405,-1.90827
424,16.6500,2.49405,1.04085,-1.91991,0.029289,0.75003,0.00000,2.49405,-1.93549
425,16.6490,2.49405,1.04085,-1.94559,0.025677,0.74997,0.00000,2.49405,-1.95911
426,16.4710,2.49405,1.04085,-1.96766,0.022066,0.75003,0.00000,2.49405,-1.97910
427,16.5930,2.49408,1.04085,-1.98362,0.015961,0.74997,0.00000,2.49412,-1.98966
428,16.7870,2.49414,1.04085,-1.99013,0.006517,0.75003,0.00000,2.49418,-1.99077
429,17.0550,2.49420,1.04085,-1.99018,0.000073,0.74997,0.00000,2.49424,-1.98938
430,16.5110,2.49426,1.04085,-1.98772,0.002460,0.75003,0.00000,2.49429,-1.98549
431,16.5720,2.49432,1.04085,-1.98276,0.004958,0.74997,0.00000,2.49435,-1.97910
432,16.9450,2.49438,1.04085,-1.97530,0.007459,0.75003,0.00000,2.49441,-1.97021
433,16.8470,2.49443,1.04085,-1.96534,0.009959,0.74997,0.00000,2.49447,-1.95882
434,16.3240,2.49449,1.04085,-1.95288,0.012459,0.75003,0.00000,2.49452,-1.94493
435,62.6280,2.49455,1.04085,-1.93792,0.014959,0.75000,0.00000,2.49458,-1.92854
436,8.4710,2.49474,1.04085,-1.86664,0.071282,0.74997,0.00000,2.49475,-1.86437
437,5.5630,2.49480,1.04085,-1.83798,0.028659,2.60806,0.00000,2.49486,-1.80909
438,3.0580,2.49488,1.04085,-1.79638,0.041601,0.82123,0.00000,2.49491,-1.77770
439,2.7880,2.49493,1.04085,-1.76398,0.032401,1.05371,0.00000,2.49497,-1.74381
440,16.9570,2.49499,1.04085,-1.72908,0.034901,0.74997,0.00000,2.49502,-1.70742
441,16.7130,2.49504,1.04085,-1.69168,0.037400,0.74997,0.00000,2.49507,-1.66853
442,16.6230,2.49509,1.04085,-1.65178,0.039900,0.74997,0.00000,2.49513,-1.62714
443,16.8080,2.49515,1.04085,-1.60938,0.042401,0.74997,0.00000,2.49518,-1.58325
444,16.3310,2.49520,1.04085,-1.56448,0.044900,0.74997,0.00000,2.49523,-1.53686
445,18.7280,2.49525,1.04085,-1.51708,0.047400,0.74997,0.00000,2.49528,-1.48797
446,14.8060,2.49531,1.04085,-1.46718,0.049899,0.74997,0.00000,2.49534,-1.43658
447,16.7310,2.49536,1.04085,-1.41478,0.052400,0.75000,0.00000,2.49539,-1.38269
448,16.6040,2.49541,1.04085,-1.35988,0.054899,0.74994,0.00000,2.49544,-1.32630
449,16.9570,2.49546,1.04085,-1.30248,0.057399,0.74997,0.00000,2.49549,-1.26741
450,16.7730,2.49551,1.04085,-1.24259,0.059899,0.74997,0.00000,2.49555,-1.20602
451,16.7100,2.49557,1.04085,-1.18041,0.062173,0.74997,0.00000,2.49560,-1.14269
452,16.3670,2.49562,1.04085,-1.11708,0.063331,0.74997,0.00000,2.49565,-1.07936
453,16.6950,2.49567,1.04085,-1.05375,0.063331,0.74997,0.00000,2.49570,-1.01603
454,16.6670,2.49572,1.04085,-0.99042,0.063331,0.75000,0.00000,2.49575,-0.95269
455,16.6030,2.49578,1.04085,-0.92709,0.063331,0.74997,0.00000,2.49581,-0.88936
456,16.8310,2.49583,1.04085,-0.86376,0.063331,0.74997,0.00000,2.49586,-0.82603
457,16.9690,2.49588,1.04085,-0.80043,0.063331,0.74994,0.00000,2.49591,-0.76269
458,21.0820,2.49593,1.04085,-0.73710,0.063331,0.74997,0.00000,2.49596,-0.69936
459,11.8420,2.49598,1.04085,-0.67377,0.063331,0.74997,0.00000,2.49602,-0.63603
460,16.5790,2.49604,1.04085,-0.61043,0.063331,0.74997,0.00000,2.49607,-0.57269
461,18.2250,2.49609,1.04085,-0.54710,0.063331,0.75000,0.00000,2.49612,-0.50936
462,15.6430,2.49614,1.04085,-0.48377,0.063331,0.74997,0.00000,2.49617,-0.44603
463,16.5740,2.49619,1.04085,-0.42044,0.063331,0.74997,0.00000,2.49622,-0.38269
464,16.6770,2.49625,1.04085,-0.35711,0.063331,0.74997,0.00000,2.49628,-0.31936
465,16.6700,2.49630,1.04085,-0.29378,0.063331,0.74997,0.00000,2.49633,-0.25603
466,16.2350,2.49635,1.04085,-0.23045,0.063331,0.74994,0.00000,2.49638,-0.19269
467,16.7480,2.49640,1.04085,-0.16712,0.063331,0.74997,0.00000,2.49643,-0.12936
468,17.2040,2.49645,1.04085,-0.10379,0.063331,0.74997,0.00000,2.49649,-0.06603
469,16.3950,2.49651,1.04085,-0.04046,0.063331,0.75000,0.00000,2.49654,-0.00269
470,16.7270,2.49656,1.04085,0.02287,0.063331,0.74997,0.00000,2.49659,0.06064
471,21.5690,2.49661,1.04085,0.08620,0.063331,0.74994,0.00000,2.49664,0.12397
472,11.7420,2.49666,1.04085,0.14953,0.063331,0.75000,0.00000,2.49669,0.18731
473,16.6130,2.49671,1.04085,0.21287,0.063331,0.74997,0.00000,2.49675,0.25064
474,16.5200,2.49677,1.04085,0.27620,0.063331,0.74997,0.00000,2.49680,0.31397
475,16.6280,2.49682,1.04085,0.33953,0.063331,0.74997,0.00000,2.49685,0.37731
476,16.7530,2.49687,1.04085,0.40286,0.063331,0.74994,0.00000,2.49690,0.44064
477,16.7950,2.49692,1.04085,0.46619,0.063331,0.75000,0.00000,2.49696,0.50397
478,16.9650,2.49698,1.04085,0.52952,0.063331,0.74994,0.00000,2.49701,0.56731
479,16.4020,2.49703,1.04085,0.59285,0.063330,0.75000,0.00000,2.49706,0.63064
480,16.4230,2.49708,1.04085,0.65618,0.063331,0.75000,0.00000,2.49711,0.69397
481,16.9930,2.49713,1.04085,0.71951,0.063331,0.74994,0.00000,2.49716,0.75731
482,17.0880,2.49719,1.04085,0.78284,0.063331,0.74997,0.00000,2.49722,0.82064
483,16.1610,2.49724,1.04085,0.84617,0.063331,0.74997,0.00000,2.49727,0.88397
484,18.4700,2.49729,1.04085,0.90950,0.063331,0.74997,0.00000,2.49732,0.94731
485,15.0070,2.49734,1.04085,0.97283,0.063331,0.74994,0.00000,2.49737,1.01064
486,16.4170,2.49739,1.04085,1.03617,0.063331,0.75000,0.00000,2.49743,1.07397
487,16.6010,2.49745,1.04085,1.09950,0.063331,0.75000,0.00000,2.49748,1.13731
488,17.2780,2.49750,1.04085,1.16283,0.063331,0.74994,0.00000,2.49753,1.20064
489,16.4420,2.49755,1.04085,1.22616,0.063330,0.74997,0.00000,2.49758,1.26397
490,16.8050,2.49760,1.04085,1.28949,0.063331,0.74997,0.00000,2.49763,1.32731
491,16.8630,2.49766,1.04085,1.35282,0.063331,0.74997,0.00000,2.49769,1.39064
492,16.6680,2.49771,1.04085,1.41615,0.063330,0.74997,0.00000,2.49774,1.45397
493,16.2560,2.49776,1.04085,1.47948,0.063331,0.74997,0.00000,2.49779,1.51731
494,16.5510,2.49781,1.04085,1.54281,0.063331,0.74994,0.00000,2.49784,1.58064
495,16.6380,2.49786,1.04085,1.60614,0.063331,0.75000,0.00000,2.49790,1.64397
496,16.5270,2.49792,1.04085,1.66947,0.063331,0.75000,0.00000,2.49795,1.70731
497,21.5920,2.49797,1.04085,1.73280,0.063331,0.74994,0.00000,2.49800,1.77064
498,11.9570,2.49802,1.04085,1.79613,0.063331,0.75000,0.00000,2.49805,1.83397
499,531.9770,2.49846,1.04085,2.33439,0.538260,0.74994,0.00000,2.49847,2.34064
500,5.7790,2.49853,1.04085,2.40793,0.073537,6.37411,0.00000,2.49857,2.46731
501,12.2520,2.49857,1.04085,2.46731,0.059375,0.87085,0.00000,2.49863,2.53064
502,21.5890,2.49863,1.04085,2.53064,0.063333,0.70312,0.00000,2.49868,2.59397
503,11.9950,2.49869,1.04085,2.60981,0.079167,0.75003,0.00000,2.49873,2.65731
504,16.6850,2.49875,1.04085,2.68565,0.075845,0.93747,0.00000,2.49878,2.72064
505,17.1430,2.49878,1.04085,2.74753,0.061880,0.89819,0.00000,2.49878,2.78036
506,16.0660,2.49878,1.04085,2.80545,0.057922,0.75204,0.00000,2.49878,2.83647
507,16.7040,2.49878,1.04084,2.85914,0.053682,0.74768,0.00000,2.49878,2.88897
508,16.7190,2.49878,1.04083,2.91095,0.051813,0.73834,0.00000,2.49878,2.93786
509,16.6130,2.49878,1.04083,2.95820,0.047256,0.76340,0.00000,2.49878,2.98314
510,16.4120,2.49878,1.04083,3.00118,0.042974,0.74982,0.00000,2.49878,3.02481
511,17.2920,2.49878,1.04083,3.04200,0.040820,0.73773,0.00000,2.49878,3.06286
512,16.5510,2.49878,1.04083,3.07840,0.036406,0.76407,0.00000,2.49878,3.09731
513,16.3290,2.49878,1.04083,3.11098,0.032578,0.74966,0.00000,2.49878,3.12814
514,19.0110,2.49878,1.04083,3.14021,0.029232,0.74423,0.00000,2.49878,3.15536
515,14.9390,2.49878,1.04083,3.16583,0.025620,0.74997,0.00000,2.49878,3.17897
516,16.5730,2.49878,1.04083,3.18784,0.022009,0.75003,0.00000,2.49878,3.19897
517,16.4760,2.49879,1.04083,3.20366,0.015811,0.75000,0.00000,2.49880,3.20953
518,16.6930,2.49880,1.04083,3.21002,0.006367,0.75000,0.00000,2.49881,3.21064
519,16.6370,2.49881,1.04083,3.21002,0.000013,0.74997,0.00000,2.49882,3.20925
520,16.4900,2.49882,1.04083,3.20753,0.002498,0.75003,0.00000,2.49883,3.20536
521,16.8860,2.49884,1.04083,3.20253,0.004998,0.75000,0.00000,2.49884,3.19897
522,16.9280,2.49885,1.04083,3.19503,0.007498,0.75000,0.00000,2.49886,3.19008
523,16.9620,2.49886,1.04083,3.18503,0.009998,0.74997,0.00000,2.49887,3.17869
524,16.8040,2.49887,1.04083,3.17253,0.012498,0.75003,0.00000,2.49888,3.16481
525,16.6000,2.49889,1.04083,3.15754,0.014997,0.75000,0.00000,2.49889,3.14842
526,16.3440,2.49890,1.04083,3.14004,0.017498,0.75000,0.00000,2.49890,3.12953
527,18.5150,2.49891,1.04083,3.12004,0.019998,0.74997,0.00000,2.49891,3.10814
528,14.5440,2.49892,1.04083,3.09754,0.022498,0.75003,0.00000,2.49892,3.08425
529,16.8510,2.49893,1.04083,3.07255,0.024998,0.75000,0.00000,2.49894,3.05786
530,16.7110,2.49894,1.04083,3.04505,0.027498,0.74997,0.00000,2.49895,3.02897
531,16.9780,2.49895,1.04083,3.01505,0.029997,0.75003,0.00000,2.49896,2.99758
532,16.6820,2.49896,1.04083,2.98255,0.032498,0.75000,0.00000,2.49897,2.96369
533,16.2140,2.49897,1.04083,2.94755,0.034998,0.75000,0.00000,2.49898,2.92731
534,16.9300,2.49899,1.04083,2.91006,0.037498,0.74997,0.00000,2.49899,2.88842
535,16.7210,2.49900,1.04083,2.87006,0.039998,0.75003,0.00000,2.49900,2.84703
536,16.8460,2.49901,1.04083,2.82756,0.042498,0.75000,0.00000,2.49901,2.80314
537,16.5950,2.49902,1.04083,2.78256,0.044998,0.75000,0.00000,2.49902,2.75675
538,16.3490,2.49903,1.04083,2.73507,0.047498,0.74997,0.00000,2.49903,2.70786
539,17.0710,2.49904,1.04083,2.68507,0.049998,0.75003,0.00000,2.49905,2.65647
540,17.8910,2.49905,1.04083,2.63257,0.052498,0.75000,0.00000,2.49906,2.60258
541,15.0610,2.49906,1.04083,2.57757,0.054997,0.75000,0.00000,2.49907,2.54619
542,16.4550,2.49907,1.04083,2.52008,0.057498,0.74997,0.00000,2.49908,2.48731
543,16.7260,2.49908,1.04083,2.46008,0.059999,0.75003,0.00000,2.49909,2.42592
544,16.6850,2.49909,1.04083,2.39783,0.062252,0.75000,0.00000,2.49910,2.36258
545,16.6330,2.49910,1.04083,2.33449,0.063333,0.74997,0.00000,2.49911,2.29925
546,16.9410,2.49911,1.04083,2.27116,0.063334,0.75003,0.00000,2.49912,2.23592
547,16.3730,2.49913,1.04083,2.20783,0.063332,0.75000,0.00000,2.49913,2.17258
548,16.7130,2.49914,1.04083,2.14449,0.063335,0.75000,0.00000,2.49914,2.10925
549,16.6390,2.49915,1.04083,2.08116,0.063333,0.74997,0.00000,2.49915,2.04592
550,16.4510,2.49916,1.04083,2.01783,0.063333,0.75003,0.00000,2.49916,1.98258
551,16.8380,2.49917,1.04083,1.95449,0.063334,0.75000,0.00000,2.49917,1.91925
552,16.7250,2.49918,1.04083,1.89116,0.063333,0.75000,0.00000,2.49918,1.85592
553,22.5800,2.49919,1.04083,1.82783,0.063333,0.74997,0.00000,2.49920,1.79258
554,11.0580,2.49920,1.04083,1.76449,0.063334,0.75003,0.00000,2.49921,1.72925
555,16.6400,2.49921,1.04083,1.70116,0.063333,0.75000,0.00000,2.49922,1.66592
556,16.3060,2.49922,1.04083,1.63783,0.063333,0.75000,0.00000,2.49923,1.60258
557,17.2430,2.49923,1.04083,1.57449,0.063333,0.74997,0.00000,2.49924,1.53925
558,16.2020,2.49924,1.04083,1.51116,0.063334,0.75003,0.00000,2.49925,1.47592
559,16.7280,2.49925,1.04083,1.44783,0.063333,0.75000,0.00000,2.49926,1.41258
560,16.8360,2.49926,1.04083,1.38449,0.063333,0.74997,0.00000,2.49927,1.34925
561,16.4880,2.49928,1.04083,1.32116,0.063333,0.75003,0.00000,2.49928,1.28592
562,16.5380,2.49929,1.04083,1.25783,0.063334,0.75000,0.00000,2.49929,1.22258
563,16.9090,2.49930,1.04083,1.19449,0.063333,0.75000,0.00000,2.49930,1.15925
564,16.4700,2.49931,1.04083,1.13116,0.063333,0.74997,0.00000,2.49931,1.09592
565,17.0490,2.49932,1.04083,1.06783,0.063333,0.75003,0.00000,2.49932,1.03258
566,21.3040,2.49933,1.04083,1.00449,0.063333,0.75000,0.00000,2.49933,0.96925
567,11.9400,2.49934,1.04083,0.94116,0.063333,0.75000,0.00000,2.49935,0.90592
568,16.4160,2.49935,1.04083,0.87783,0.063333,0.74997,0.00000,2.49936,0.84258
569,16.6600,2.49936,1.04083,0.81449,0.063334,0.75003,0.00000,2.49937,0.77925
570,16.8210,2.49937,1.04083,0.75116,0.063333,0.75000,0.00000,2.49938,0.71592
571,538.7470,2.49946,1.04083,0.21107,0.540087,0.75000,0.00000,2.49946,0.20925
572,5.2480,2.49947,1.04083,0.14592,0.065156,6.39575,0.00000,2.49948,0.08258
573,5.9570,2.49948,1.04083,0.08258,0.063333,0.77158,0.00000,2.49949,0.01925
574,17.6380,2.49950,1.04083,0.01925,0.063333,0.75003,0.00000,2.49950,-0.04408
575,16.3750,2.49951,1.04083,-0.05992,0.079167,0.74997,0.00000,2.49952,-0.10742
576,16.7810,2.49952,1.04083,-0.13592,0.076000,0.93750,0.00000,2.49953,-0.17075
577,16.8150,2.49953,1.04083,-0.20058,0.064662,0.90002,0.00000,2.49954,-0.23408
578,16.3090,2.49954,1.04083,-0.26391,0.063331,0.76575,0.00000,2.49955,-0.29742
579,16.6070,2.49955,1.04083,-0.32724,0.063331,0.74994,0.00000,2.49956,-0.36075
580,16.6230,2.49956,1.04083,-0.39057,0.063331,0.74997,0.00000,2.49957,-0.42408
581,16.8070,2.49957,1.04083,-0.45390,0.063331,0.74997,0.00000,2.49958,-0.48742
582,16.2540,2.49958,1.04083,-0.51723,0.063331,0.74997,0.00000,2.49959,-0.55075
583,18.5640,2.49959,1.04083,-0.58056,0.063331,0.75000,0.00000,2.49960,-0.61408
584,15.2570,2.49961,1.04083,-0.64389,0.063331,0.74994,0.00000,2.49961,-0.67742
585,16.4130,2.49962,1.04083,-0.70722,0.063331,0.75000,0.00000,2.49962,-0.74075
586,16.7510,2.49963,1.04083,-0.77056,0.063331,0.74997,0.00000,2.49963,-0.80408
587,16.6950,2.49964,1.04083,-0.83389,0.063331,0.74994,0.00000,2.49964,-0.86742
588,16.6740,2.49965,1.04083,-0.89722,0.063331,0.74997,0.00000,2.49965,-0.93075
589,16.5510,2.49966,1.04083,-0.96055,0.063331,0.74994,0.00000,2.49966,-0.99408
590,16.9640,2.49967,1.04083,-1.02388,0.063331,0.75003,0.00000,2.49967,-1.05742
591,16.7020,2.49968,1.04083,-1.08721,0.063331,0.74994,0.00000,2.49969,-1.12075
592,16.2040,2.49969,1.04083,-1.15054,0.063330,0.75003,0.00000,2.49970,-1.18408
593,16.7050,2.49970,1.04083,-1.21387,0.063331,0.74988,0.00000,2.49971,-1.24742
594,16.7440,2.49971,1.04083,-1.27720,0.063331,0.75003,0.00000,2.49972,-1.31075
595,16.7610,2.49972,1.04083,-1.34053,0.063331,0.74994,0.00000,2.49973,-1.37408
596,21.5990,2.49973,1.04083,-1.40386,0.063330,0.75000,0.00000,2.49974,-1.43742
597,11.6700,2.49974,1.04083,-1.46719,0.063330,0.74997,0.00000,2.49975,-1.50075
598,16.8390,2.49975,1.04083,-1.52883,0.061633,0.74994,0.00000,2.49975,-1.56047
599,16.3980,2.49975,1.04083,-1.58685,0.058022,0.75003,0.00000,2.49975,-1.61658
600,16.9420,2.49975,1.04083,-1.64126,0.054411,0.74988,0.00000,2.49975,-1.66908
601,16.5050,2.49975,1.04083,-1.69206,0.050801,0.75003,0.00000,2.49975,-1.71797
602,539.5210,2.49975,1.04083,-1.97846,0.286397,0.74994,0.00000,2.49975,-1.97908
603,27.9660,2.49975,1.04083,-1.98964,0.011180,6.37411,0.00000,2.49975,-1.99075
604,6.0140,2.49976,1.04083,-1.98936,0.000278,0.77338,0.00000,2.49976,-1.98547
605,6.8730,2.49976,1.04083,-1.98547,0.003889,1.50003,0.00000,2.49976,-1.97908
606,3.5170,2.49976,1.04083,-1.97492,0.010554,0.75000,0.00000,2.49976,-1.97019
607,17.1270,2.49977,1.04083,-1.96486,0.010060,1.10141,0.00000,2.49977,-1.95880
608,16.4280,2.49977,1.04083,-1.95230,0.012560,0.74997,0.00000,2.49977,-1.94492
609,16.1450,2.49977,1.04083,-1.93724,0.015059,0.74994,0.00000,2.49977,-1.92853
610,16.7210,2.49977,1.04083,-1.91968,0.017560,0.75003,0.00000,2.49977,-1.90964
611,16.5890,2.49977,1.04083,-1.89962,0.020059,0.74994,0.00000,2.49978,-1.88825
612,16.2330,2.49978,1.04083,-1.87706,0.022559,0.75000,0.00000,2.49978,-1.86436
613,18.7650,2.49978,1.04083,-1.85200,0.025059,0.74997,0.00000,2.49978,-1.83797
614,15.1190,2.49978,1.04083,-1.82444,0.027558,0.74994,0.00000,2.49978,-1.80908
615,16.5080,2.49978,1.04083,-1.79438,0.030058,0.74997,0.00000,2.49979,-1.77769
616,16.5700,2.49979,1.04083,-1.76183,0.032558,0.74994,0.00000,2.49979,-1.74380
617,16.8280,2.49979,1.04083,-1.72677,0.035058,0.75003,0.00000,2.49979,-1.70742
618,16.6480,2.49979,1.04083,-1.68921,0.037558,0.74994,0.00000,2.49979,-1.66853
619,16.6540,2.49979,1.04083,-1.64915,0.040058,0.75003,0.00000,2.49979,-1.62714
620,16.6310,2.49980,1.04083,-1.60660,0.042557,0.74988,0.00000,2.49980,-1.58325
621,16.8960,2.49980,1.04083,-1.56154,0.045057,0.75003,0.00000,2.49980,-1.53686
622,16.4530,2.49980,1.04083,-1.51398,0.047557,0.74994,0.00000,2.49980,-1.48797
623,16.6310,2.49980,1.04083,-1.46393,0.050056,0.74997,0.00000,2.49980,-1.43658
624,16.7520,2.49980,1.04083,-1.41137,0.052557,0.75000,0.00000,2.49980,-1.38269
625,16.7420,2.49981,1.04083,-1.35631,0.055056,0.74994,0.00000,2.49981,-1.32630
626,21.6820,2.49981,1.04083,-1.29876,0.057557,0.75003,0.00000,2.49981,-1.26742
627,11.8710,2.49981,1.04083,-1.23870,0.060056,0.74991,0.00000,2.49981,-1.20603
628,16.6720,2.49981,1.04083,-1.17640,0.062298,0.75000,0.00000,2.49981,-1.14269
629,16.3020,2.49981,1.04083,-1.11331,0.063096,0.74994,0.00000,2.49982,-1.07936
630,16.7280,2.49982,1.04083,-1.04997,0.063333,0.74722,0.00000,2.49982,-1.01603
631,16.6810,2.49982,1.04083,-0.98664,0.063333,0.75003,0.00000,2.49982,-0.95269
632,16.6380,2.49982,1.04083,-0.92331,0.063333,0.75000,0.00000,2.49982,-0.88936
633,16.6710,2.49982,1.04083,-0.85997,0.063334,0.75000,0.00000,2.49982,-0.82603
634,16.6830,2.49983,1.04083,-0.79664,0.063333,0.74997,0.00000,2.49983,-0.76269
635,16.9200,2.49983,1.04083,-0.73331,0.063333,0.75000,0.00000,2.49983,-0.69936
636,16.4110,2.49983,1.04083,-0.66997,0.063333,0.75000,0.00000,2.49983,-0.63603
637,16.7160,2.49983,1.04083,-0.60664,0.063334,0.75003,0.00000,2.49983,-0.57269
638,16.7250,2.49983,1.04083,-0.54331,0.063333,0.74994,0.00000,2.49984,-0.50936
639,20.3240,2.49984,1.04083,-0.47997,0.063333,0.75003,0.00000,2.49984,-0.44603
640,12.9470,2.49984,1.04083,-0.41664,0.063333,0.75006,0.00000,2.49984,-0.38269
641,16.5920,2.49984,1.04083,-0.35331,0.063333,0.75000,0.00000,2.49984,-0.31936
642,17.1500,2.49984,1.04083,-0.28997,0.063333,0.74994,0.00000,2.49984,-0.25603
643,16.4200,2.49984,1.04083,-0.22664,0.063333,0.75003,0.00000,2.49985,-0.19269
644,16.6920,2.49985,1.04083,-0.16331,0.063333,0.75000,0.00000,2.49985,-0.12936
645,16.5810,2.49985,1.04083,-0.09997,0.063333,0.75000,0.00000,2.49985,-0.06603
646,17.0910,2.49985,1.04083,-0.03664,0.063333,0.74997,0.00000,2.49985,-0.00269
647,16.6030,2.49985,1.04083,0.02669,0.063333,0.75000,0.00000,2.49985,0.06064
648,16.2350,2.49986,1.04083,0.09003,0.063333,0.75003,0.00000,2.49986,0.12397
649,16.9980,2.49986,1.04083,0.15336,0.063333,0.74997,0.00000,2.49986,0.18731
650,16.3710,2.49986,1.04083,0.21669,0.063333,0.75000,0.00000,2.49986,0.25064
651,17.1310,2.49986,1.04083,0.28003,0.063333,0.75006,0.00000,2.49986,0.31397
652,17.9820,2.49986,1.04083,0.34336,0.063333,0.74994,0.00000,2.49987,0.37731
653,14.9130,2.49987,1.04083,0.40669,0.063333,0.75000,0.00000,2.49987,0.44064
654,16.6100,2.49987,1.04083,0.46966,0.062966,0.75000,0.00000,2.49987,0.50397
655,16.6020,2.49987,1.04083,0.53299,0.063333,0.74567,0.00000,2.49987,0.56731
656,16.9750,2.49987,1.04083,0.59633,0.063334,0.75000,0.00000,2.49987,0.63064
657,16.3870,2.49987,1.04083,0.65966,0.063333,0.75000,0.00000,2.49988,0.69397
658,16.6280,2.49988,1.04083,0.72299,0.063333,0.75000,0.00000,2.49988,0.75731
659,17.1940,2.49988,1.04083,0.78633,0.063333,0.75000,0.00000,2.49988,0.82064
660,16.5970,2.49988,1.04083,0.84966,0.063334,0.75000,0.00000,2.49988,0.88397
661,16.7200,2.49988,1.04083,0.91299,0.063333,0.75000,0.00000,2.49988,0.94731
662,16.3070,2.49989,1.04083,0.97633,0.063333,0.75000,0.00000,2.49989,1.01064
663,16.8500,2.49989,1.04083,1.03966,0.063333,0.75000,0.00000,2.49989,1.07397
664,16.6650,2.49989,1.04083,1.10299,0.063333,0.75000,0.00000,2.49989,1.13731
665,20.8380,2.49989,1.04083,1.16633,0.063333,0.75000,0.00000,2.49989,1.20064
666,12.7880,2.49989,1.04083,1.22966,0.063334,0.75000,0.00000,2.49990,1.26397
667,16.6800,2.49990,1.04083,1.29299,0.063333,0.75000,0.00000,2.49990,1.32731
668,16.7000,2.49990,1.04083,1.35633,0.063333,0.75000,0.00000,2.49990,1.39064
669,16.8340,2.49990,1.04083,1.41966,0.063333,0.75000,0.00000,2.49990,1.45397
670,16.7400,2.49990,1.04083,1.48299,0.063333,0.75000,0.00000,2.49990,1.51731
671,16.7420,2.49991,1.04083,1.54633,0.063333,0.75000,0.00000,2.49991,1.58064
672,16.2970,2.49991,1.04083,1.60966,0.063333,0.75000,0.00000,2.49991,1.64397
673,16.8710,2.49991,1.04083,1.67299,0.063334,0.75000,0.00000,2.49991,1.70731
674,537.0750,2.49993,1.04083,2.15064,0.477646,0.75000,0.00000,2.49993,2.21397
675,3.0250,2.49993,1.04083,2.24131,0.090668,5.65637,0.00000,2.49993,2.27731
676,9.6470,2.49993,1.04083,2.27731,0.035999,1.07367,0.00000,2.49993,2.34064
677,17.3180,2.49993,1.04083,2.34064,0.063334,0.42627,0.00000,2.49994,2.40397
678,15.9120,2.49994,1.04083,2.40397,0.063333,0.75006,0.00000,2.49994,2.46731
679,16.7830,2.49994,1.04083,2.46731,0.063334,0.75000,0.00000,2.49994,2.53064
680,16.9580,2.49994,1.04083,2.53076,0.063454,0.75000,0.00000,2.49994,2.59397
681,16.5460,2.49994,1.04083,2.59409,0.063333,0.75140,0.00000,2.49994,2.65731
682,17.1530,2.49994,1.04083,2.65762,0.063530,0.75000,0.00000,2.49995,2.72064
683,16.0840,2.49995,1.04083,2.72094,0.063314,0.75238,0.00000,2.49995,2.78036
684,16.6640,2.49995,1.04083,2.78064,0.059704,0.74994,0.00000,2.49995,2.83647
685,16.7140,2.49995,1.04083,2.83674,0.056093,0.75000,0.00000,2.49995,2.88897
686,18.5860,2.49995,1.04083,2.88922,0.052482,0.75006,0.00000,2.49995,2.93786
687,14.6120,2.49995,1.04083,2.93809,0.048871,0.74994,0.00000,2.49995,2.98314
688,16.7200,2.49995,1.04083,2.98335,0.045260,0.75000,0.00000,2.49995,3.02481
689,16.7820,2.49995,1.04083,3.02500,0.041649,0.75000,0.00000,2.49995,3.06286
690,17.2930,2.49995,1.04083,3.06318,0.038179,0.75006,0.00000,2.49995,3.09731
691,16.3940,2.49995,1.04083,3.09759,0.034411,0.75305,0.00000,2.49995,3.12814
692,16.7250,2.49995,1.04083,3.12839,0.030800,0.75000,0.00000,2.49995,3.15536
693,16.2260,2.49995,1.04083,3.15558,0.027189,0.75000,0.00000,2.49995,3.17897
694,16.5920,2.49995,1.04083,3.17915,0.023578,0.75000,0.00000,2.49995,3.19897
695,16.8000,2.49995,1.04083,3.19907,0.019914,0.75000,0.00000,2.49995,3.20953
696,17.1030,2.49995,1.04083,3.20954,0.010469,0.75000,0.00000,2.49995,3.21064
697,16.1420,2.49995,1.04083,3.21063,0.001088,0.75000,0.00000,2.49995,3.20925
698,18.4650,2.49995,1.04083,3.20921,0.001412,0.75000,0.00000,2.49995,3.20536
699,15.0190,2.49995,1.04083,3.20530,0.003912,0.75000,0.00000,2.49995,3.19897
700,16.5380,2.49995,1.04083,3.19889,0.006412,0.75000,0.00000,2.49995,3.19008
701,16.8400,2.49995,1.04083,3.18998,0.008911,0.75000,0.00000,2.49995,3.17869
702,16.4370,2.49995,1.04083,3.17855,0.011431,0.75000,0.00000,2.49995,3.16481
703,16.8660,2.49995,1.04083,3.16463,0.013915,0.75098,0.00000,2.49995,3.14842
704,16.7690,2.49995,1.04083,3.14818,0.016457,0.75000,0.00000,2.49995,3.12953
705,537.7770,2.49996,1.04083,2.92730,0.220872,0.75171,0.00000,2.49996,2.88842
706,3.2670,2.49996,1.04083,2.86844,0.058868,5.99048,0.00000,2.49996,2.84703
707,9.0390,2.49996,1.04083,2.84584,0.022591,1.11206,0.00000,2.49996,2.80314
708,16.3670,2.49996,1.04083,2.80258,0.043261,0.40808,0.00000,2.49996,2.75675
709,16.7550,2.49996,1.04083,2.75614,0.046443,0.73883,0.00000,2.49996,2.70786
710,16.5940,2.49996,1.04083,2.70711,0.049032,0.75037,0.00000,2.49996,2.65647
711,17.3910,2.49996,1.04083,2.65498,0.052128,0.75159,0.00000,2.49996,2.60258
712,16.8230,2.49996,1.04083,2.60065,0.054335,0.75983,0.00000,2.49996,2.54619
713,16.5870,2.49996,1.04083,2.54417,0.056474,0.75500,0.00000,2.49996,2.48730
714,16.2540,2.49996,1.04083,2.48520,0.058975,0.75000,0.00000,2.49996,2.42592
715,16.3530,2.49996,1.04083,2.42374,0.061456,0.75000,0.00000,2.49996,2.36258
716,16.8410,2.49996,1.04083,2.36041,0.063333,0.75000,0.00000,2.49996,2.29925
717,18.9310,2.49996,1.04083,2.29707,0.063334,0.75000,0.00000,2.49996,2.23592
718,14.8280,2.49996,1.04083,2.23369,0.063386,0.75000,0.00000,2.49996,2.17258
719,16.4690,2.49996,1.04083,2.17035,0.063334,0.75061,0.00000,2.49996,2.10925
720,17.3590,2.49996,1.04083,2.10642,0.063929,0.75000,0.00000,2.49996,2.04592
721,16.0570,2.49996,1.04083,2.04309,0.063333,0.75702,0.00000,2.49996,1.98258
722,16.4350,2.49996,1.04083,1.97976,0.063333,0.75006,0.00000,2.49996,1.91925
723,17.1240,2.49996,1.04083,1.91643,0.063333,0.75000,0.00000,2.49996,1.85592
724,17.3940,2.49996,1.04083,1.85188,0.064543,0.75000,0.00000,2.49996,1.79258
725,16.6660,2.49996,1.04083,1.78841,0.063472,0.76428,0.00000,2.49997,1.72925
726,16.6900,2.49997,1.04083,1.72470,0.063710,0.75165,0.00000,2.49997,1.66592
727,16.5390,2.49997,1.04083,1.66137,0.063333,0.75446,0.00000,2.49997,1.60258
728,16.5740,2.49997,1.04083,1.59803,0.063333,0.75000,0.00000,2.49997,1.53925
729,18.6010,2.49997,1.04083,1.53470,0.063337,0.75006,0.00000,2.49997,1.47592
730,14.7270,2.49997,1.04083,1.47136,0.063333,0.75000,0.00000,2.49997,1.41258
731,16.9000,2.49997,1.04083,1.40790,0.063465,0.75000,0.00000,2.49997,1.34925
732,17.0280,2.49997,1.04083,1.34425,0.063646,0.75159,0.00000,2.49997,1.28592
733,16.3470,2.49997,1.04083,1.28092,0.063333,0.75366,0.00000,2.49997,1.22258
734,16.7460,2.49997,1.04083,1.21759,0.063333,0.75006,0.00000,2.49997,1.15925
735,16.8470,2.49997,1.04083,1.15409,0.063497,0.74994,0.00000,2.49997,1.09592
736,16.6010,2.49997,1.04083,1.09050,0.063593,0.75195,0.00000,2.49997,1.03258
737,16.6380,2.49997,1.04083,1.02716,0.063333,0.75305,0.00000,2.49997,0.96925
738,16.7470,2.49997,1.04083,0.96375,0.063412,0.75006,0.00000,2.49997,0.90592
739,16.6230,2.49997,1.04083,0.90034,0.063415,0.75085,0.00000,2.49997,0.84258
740,16.9210,2.49997,1.04083,0.83676,0.063574,0.75098,0.00000,2.49997,0.77925
741,21.6180,2.49997,1.04083,0.77343,0.063334,0.75287,0.00000,2.49997,0.71592
742,11.5550,2.49997,1.04083,0.71010,0.063333,0.75000,0.00000,2.49997,0.65258
743,16.4890,2.49997,1.04083,0.64676,0.063334,0.75000,0.00000,2.49997,0.58925
744,16.8990,2.49997,1.04083,0.58343,0.063333,0.75000,0.00000,2.49997,0.52592
745,16.6500,2.49997,1.04083,0.52010,0.063334,0.75000,0.00000,2.49997,0.46258
746,16.6010,2.49997,1.04083,0.45676,0.063333,0.75000,0.00000,2.49998,0.39925
747,16.9070,2.49998,1.04083,0.39343,0.063333,0.75000,0.00000,2.49998,0.33592
748,16.6570,2.49998,1.04083,0.33010,0.063333,0.75000,0.00000,2.49998,0.27258
749,16.4970,2.49998,1.04083,0.26676,0.063333,0.75000,0.00000,2.49998,0.20925
750,16.7060,2.49998,1.04083,0.20338,0.063380,0.75000,0.00000,2.49998,0.14592
751,16.7260,2.49998,1.04083,0.14005,0.063333,0.75055,0.00000,2.49998,0.08258
752,537.7370,2.49998,1.04083,-0.36075,0.500798,0.75006,0.00000,2.49998,-0.42408
753,5.7040,2.49998,1.04083,-0.48742,0.126667,5.93042,0.00000,2.49998,-0.55075
754,3.7580,2.49998,1.04083,-0.49399,0.006573,1.50006,0.00000,2.49998,-0.55075
755,18.9340,2.49998,1.04083,-0.55693,0.062939,0.07782,0.00000,2.49998,-0.61408
756,16.7210,2.49998,1.04083,-0.62026,0.063333,0.74530,0.00000,2.49998,-0.67742
757,16.7670,2.49998,1.04083,-0.68359,0.063333,0.75000,0.00000,2.49998,-0.74075
758,16.7860,2.49998,1.04083,-0.74693,0.063333,0.75006,0.00000,2.49998,-0.80408
759,16.5060,2.49998,1.04083,-0.81026,0.063333,0.74994,0.00000,2.49998,-0.86742
760,17.0290,2.49998,1.04083,-0.87359,0.063333,0.75000,0.00000,2.49999,-0.93075
761,16.3080,2.49999,1.04083,-0.93693,0.063333,0.75006,0.00000,2.49999,-0.99408
762,16.4160,2.49999,1.04083,-1.00026,0.063333,0.75000,0.00000,2.49999,-1.05742
763,16.9990,2.49999,1.04083,-1.06359,0.063333,0.74994,0.00000,2.49999,-1.12075
764,18.3190,2.49999,1.04083,-1.12693,0.063334,0.75000,0.00000,2.49999,-1.18408
765,15.1860,2.49999,1.04083,-1.19026,0.063333,0.75006,0.00000,2.49999,-1.24742
766,16.4510,2.49999,1.04083,-1.25359,0.063333,0.75000,0.00000,2.49999,-1.31075
767,16.7330,2.49999,1.04083,-1.31693,0.063333,0.74994,0.00000,2.49999,-1.37408
768,16.8070,2.49999,1.04083,-1.38006,0.063130,0.75000,0.00000,2.49999,-1.43742
769,16.6370,2.49999,1.04083,-1.44339,0.063333,0.74762,0.00000,2.49999,-1.50075
770,16.4030,2.49999,1.04083,-1.50638,0.062992,0.75000,0.00000,2.49999,-1.56047
771,16.9910,2.49999,1.04083,-1.56576,0.059382,0.75000,0.00000,2.49999,-1.61658
772,16.6590,2.49999,1.04083,-1.62154,0.055771,0.75000,0.00000,2.49999,-1.66908
773,16.4420,2.49999,1.04083,-1.67369,0.052159,0.75000,0.00000,2.49999,-1.71797
774,17.2300,2.49999,1.04083,-1.72224,0.048548,0.75000,0.00000,2.49999,-1.76325
775,16.4400,2.49999,1.04083,-1.76718,0.044937,0.75000,0.00000,2.49999,-1.80492
776,16.4970,2.49999,1.04083,-1.80851,0.041326,0.75000,0.00000,2.49999,-1.84297
777,21.8290,2.49999,1.04083,-1.84622,0.037715,0.75000,0.00000,2.49999,-1.87742
778,11.6830,2.49999,1.04083,-1.88032,0.034104,0.75000,0.00000,2.49999,-1.90825
779,16.6180,2.49999,1.04083,-1.91082,0.030493,0.75000,0.00000,2.49999,-1.93547
780,16.2520,2.49999,1.04083,-1.93770,0.026882,0.75000,0.00000,2.49999,-1.95908
781,16.8730,2.49999,1.04083,-1.96097,0.023271,0.75000,0.00000,2.49999,-1.97908
782,16.8230,2.49999,1.04083,-1.98008,0.019109,0.75000,0.00000,2.49999,-1.98964
783,520.3440,2.49999,1.04083,-1.92853,0.051551,0.75000,0.00000,2.49999,-1.92853
784,7.8380,2.49999,1.04083,-1.88825,0.040278,6.67926,0.00000,2.49999,-1.86436
785,2.8780,2.49999,1.04083,-1.88519,0.003060,1.49994,0.00000,2.49999,-1.86436
786,18.9830,2.49999,1.04083,-1.86106,0.024134,0.09613,0.00000,2.49999,-1.83797
787,16.7140,2.49999,1.04083,-1.83457,0.026488,0.74780,0.00000,2.49999,-1.80908
788,16.7040,2.49999,1.04083,-1.80538,0.029184,0.74445,0.00000,2.49999,-1.77769
789,16.7920,2.49999,1.04083,-1.77370,0.031683,0.75000,0.00000,2.49999,-1.74380
790,16.6110,2.49999,1.04083,-1.73952,0.034184,0.75000,0.00000,2.49999,-1.70742
791,16.8790,2.49999,1.04083,-1.70283,0.036683,0.75000,0.00000,2.49999,-1.66853
792,16.4990,2.49999,1.04083,-1.66365,0.039183,0.75000,0.00000,2.49999,-1.62714
793,16.6590,2.49999,1.04083,-1.62197,0.041683,0.75000,0.00000,2.49999,-1.58325
794,16.5810,2.49999,1.04083,-1.57778,0.044184,0.75000,0.00000,2.49999,-1.53686
795,18.4520,2.49999,1.04083,-1.53110,0.046683,0.75000,0.00000,2.49999,-1.48797
796,15.2530,2.49999,1.04083,-1.48192,0.049183,0.75000,0.00000,2.49999,-1.43658
797,16.4940,2.49999,1.04083,-1.43023,0.051683,0.75000,0.00000,2.49999,-1.38269
798,16.5860,2.49999,1.04083,-1.37605,0.054183,0.75000,0.00000,2.49999,-1.32630
799,16.7170,2.49999,1.04083,-1.31937,0.056684,0.75006,0.00000,2.49999,-1.26742
800,16.5220,2.49999,1.04083,-1.26018,0.059183,0.74994,0.00000,2.49999,-1.20603
801,17.0040,2.49999,1.04083,-1.19857,0.061618,0.75000,0.00000,2.49999,-1.14269
802,16.6800,2.49999,1.04083,-1.13523,0.063333,0.75000,0.00000,2.49999,-1.07936
803,16.8260,2.49999,1.04083,-1.07190,0.063333,0.75000,0.00000,2.49999,-1.01603
804,16.3210,2.49999,1.04083,-1.00857,0.063333,0.75000,0.00000,2.49999,-0.95269
805,16.6050,2.49999,1.04083,-0.94523,0.063333,0.75000,0.00000,2.49999,-0.88936
806,16.7430,2.49999,1.04083,-0.88190,0.063333,0.75000,0.00000,2.49999,-0.82603
807,16.5810,2.49999,1.04083,-0.81857,0.063333,0.75000,0.00000,2.49999,-0.76269
808,21.9130,2.49999,1.04083,-0.75523,0.063333,0.75000,0.00000,2.49999,-0.69936
809,11.5930,2.49999,1.04083,-0.69190,0.063333,0.75000,0.00000,2.49999,-0.63603
810,16.8940,2.49999,1.04083,-0.62857,0.063333,0.75000,0.00000,2.49999,-0.57269
811,16.7120,2.49999,1.04083,-0.56523,0.063333,0.75000,0.00000,2.49999,-0.50936
812,16.2520,2.49999,1.04083,-0.50190,0.063333,0.75000,0.00000,2.49999,-0.44603
813,16.7720,2.49999,1.04083,-0.43857,0.063333,0.75000,0.00000,2.49999,-0.38269
814,538.2670,2.49999,1.04083,0.06064,0.499206,0.75006,0.00000,2.49999,0.12397
815,5.5270,2.49999,1.04083,0.18731,0.126667,5.91162,0.00000,2.49999,0.25064
816,4.0170,2.49999,1.04083,0.19731,0.010005,1.49994,0.00000,2.49999,0.25064
817,19.1470,2.49999,1.04083,0.26054,0.063232,0.11853,0.00000,2.49999,0.31397
818,16.4800,2.49999,1.04083,0.32388,0.063333,0.74878,0.00000,2.49999,0.37731
819,16.8250,2.49999,1.04083,0.38721,0.063333,0.75000,0.00000,2.49999,0.44064
820,16.7520,2.49999,1.04083,0.45054,0.063333,0.75000,0.00000,2.49999,0.50397
821,16.5760,2.49999,1.04083,0.51388,0.063333,0.75000,0.00000,2.49999,0.56731
822,16.7740,2.49999,1.04083,0.57721,0.063333,0.75000,0.00000,2.49999,0.63064
823,16.5600,2.49999,1.04083,0.64054,0.063333,0.75000,0.00000,2.49999,0.69397
824,16.7020,2.49999,1.04083,0.70388,0.063333,0.75000,0.00000,2.49999,0.75731
825,16.6580,2.49999,1.04083,0.76721,0.063333,0.75006,0.00000,2.49999,0.82064
826,18.5800,2.49999,1.04083,0.83054,0.063334,0.74994,0.00000,2.49999,0.88397
827,15.0820,2.49999,1.04083,0.89388,0.063333,0.75000,0.00000,2.49999,0.94731
828,16.2840,2.49999,1.04083,0.95721,0.063333,0.75000,0.00000,2.49999,1.01064
829,16.7800,2.49999,1.04083,1.02054,0.063334,0.75006,0.00000,2.49999,1.07397
830,16.4940,2.49999,1.04083,1.08388,0.063333,0.74994,0.00000,2.49999,1.13731
831,16.8480,2.49999,1.04083,1.14721,0.063334,0.75000,0.00000,2.49999,1.20064
832,16.7350,2.49999,1.04083,1.21054,0.063333,0.75000,0.00000,2.49999,1.26397
833,16.6490,2.49999,1.04083,1.27388,0.063334,0.75000,0.00000,2.49999,1.32731
834,16.7980,2.49999,1.04083,1.33721,0.063333,0.75000,0.00000,2.49999,1.39064
835,16.5800,2.50000,1.04083,1.40054,0.063334,0.75000,0.00000,2.49999,1.45397
836,16.9260,2.49999,1.04083,1.46388,0.063333,0.75000,0.00000,2.49999,1.51731
837,16.4080,2.50000,1.04083,1.52721,0.063333,0.75000,0.00000,2.49999,1.58064
838,16.7790,2.49999,1.04083,1.59054,0.063333,0.75000,0.00000,2.50000,1.64397
839,20.1480,2.50000,1.04083,1.65388,0.063333,0.75000,0.00000,2.50000,1.70731
840,13.0480,2.50000,1.04083,1.71721,0.063333,0.75006,0.00000,2.50000,1.77064
841,16.8340,2.50000,1.04083,1.78054,0.063333,0.74994,0.00000,2.50000,1.83397
842,16.3890,2.50000,1.04083,1.84388,0.063333,0.75000,0.00000,2.50000,1.89731
843,16.7740,2.50000,1.04083,1.90721,0.063333,0.75000,0.00000,2.50000,1.96064
844,16.7790,2.50000,1.04083,1.97054,0.063333,0.75006,0.00000,2.50000,2.02397
845,527.7160,2.50000,1.04083,2.50257,0.532028,0.74994,0.00000,2.50000,2.53064
846,6.0690,2.50000,1.04083,2.59679,0.094221,6.30035,0.00000,2.50000,2.65731
847,0.8010,2.50000,1.04083,2.61905,0.022257,1.11578,0.00000,2.50000,2.65731
848,15.7280,2.50000,1.04083,2.66804,0.048993,0.26355,0.00000,2.50000,2.72064
849,16.3280,2.50000,1.04083,2.73076,0.062721,0.58014,0.00000,2.50000,2.78036
850,16.6010,2.50000,1.04083,2.78987,0.059110,0.75006,0.00000,2.50000,2.83647
851,16.7040,2.50000,1.04083,2.84537,0.055499,0.75000,0.00000,2.50000,2.88897
852,16.6180,2.50000,1.04083,2.89726,0.051888,0.75000,0.00000,2.50000,2.93786
853,16.4460,2.50000,1.04083,2.94554,0.048276,0.75000,0.00000,2.50000,2.98314
854,16.8500,2.50000,1.04083,2.99020,0.044666,0.75000,0.00000,2.50000,3.02481
855,16.3770,2.50000,1.04083,3.03126,0.041054,0.75000,0.00000,2.50000,3.06286
856,16.7140,2.50000,1.04083,3.06870,0.037444,0.75000,0.00000,2.50000,3.09731
857,16.8810,2.50000,1.04083,3.10253,0.033831,0.75000,0.00000,2.50000,3.12814
858,18.3980,2.50000,1.04083,3.13237,0.029836,0.75000,0.00000,2.50000,3.15536
859,14.9870,2.50000,1.04083,3.15903,0.026661,0.73938,0.00000,2.50000,3.17897
860,16.5550,2.50000,1.04083,3.18208,0.023050,0.75000,0.00000,2.50000,3.19897
861,16.4730,2.50000,1.04083,3.20060,0.018524,0.75000,0.00000,2.50000,3.20953
862,16.4680,2.50000,1.04083,3.20968,0.009080,0.74939,0.00000,2.50000,3.21064
863,17.0670,2.50000,1.04083,3.21044,0.000760,0.73932,0.00000,2.50000,3.20925
864,16.6130,2.50000,1.04083,3.20870,0.001740,0.75006,0.00000,2.50000,3.20536
865,16.6640,2.50000,1.04083,3.20446,0.004240,0.74994,0.00000,2.50000,3.19897
866,16.7920,2.50000,1.04083,3.19772,0.006740,0.75000,0.00000,2.50000,3.19008
867,16.6060,2.50000,1.04083,3.18849,0.009239,0.75000,0.00000,2.50000,3.17869
868,16.2800,2.50000,1.04083,3.17674,0.011741,0.75000,0.00000,2.50000,3.16480
869,17.0950,2.50000,1.04083,3.16250,0.014240,0.75000,0.00000,2.50000,3.14842
870,16.8800,2.50000,1.04083,3.14576,0.016740,0.75000,0.00000,2.50000,3.12953
871,18.0780,2.50000,1.04083,3.12653,0.019239,0.75000,0.00000,2.50000,3.10814
872,14.8800,2.50000,1.04083,3.10479,0.021740,0.75000,0.00000,2.50000,3.08425
873,16.7410,2.50000,1.04083,3.08055,0.024240,0.75000,0.00000,2.50000,3.05786
874,16.7590,2.50000,1.04083,3.05381,0.026740,0.75000,0.00000,2.50000,3.02897
875,16.7270,2.50000,1.04083,3.02457,0.029240,0.75000,0.00000,2.50000,2.99758
876,16.5660,2.50000,1.04083,2.99283,0.031739,0.75000,0.00000,2.50000,2.96369
877,16.7000,2.50000,1.04083,2.95859,0.034240,0.75000,0.00000,2.50000,2.92730
878,16.7460,2.50000,1.04083,2.92185,0.036739,0.75000,0.00000,2.50000,2.88842
879,16.5660,2.50000,1.04083,2.88261,0.039241,0.75006,0.00000,2.50000,2.84703
880,16.7100,2.50000,1.04083,2.84087,0.041740,0.74994,0.00000,2.50000,2.80314
881,16.6730,2.50000,1.04083,2.79663,0.044240,0.75000,0.00000,2.50000,2.75675
882,16.6640,2.50000,1.04083,2.74989,0.046740,0.75000,0.00000,2.50000,2.70786
883,16.6550,2.50000,1.04083,2.70065,0.049240,0.75000,0.00000,2.50000,2.65647
884,21.6190,2.50000,1.04083,2.64891,0.051740,0.75000,0.00000,2.50000,2.60258
885,11.6370,2.50000,1.04083,2.59467,0.054240,0.75000,0.00000,2.50000,2.54619
886,16.7520,2.50000,1.04083,2.53793,0.056739,0.75000,0.00000,2.50000,2.48730
887,16.8010,2.50000,1.04083,2.47869,0.059240,0.75000,0.00000,2.50000,2.42592
888,16.7860,2.50000,1.04083,2.41703,0.061662,0.75000,0.00000,2.50000,2.36258
889,16.4850,2.50000,1.04083,2.35369,0.063333,0.75006,0.00000,2.50000,2.29925
890,16.5870,2.50000,1.04083,2.29036,0.063333,0.75000,0.00000,2.50000,2.23592
891,16.7370,2.50000,1.04083,2.22703,0.063334,0.74994,0.00000,2.50000,2.17258
892,16.4820,2.50000,1.04083,2.16369,0.063333,0.75000,0.00000,2.50000,2.10925
893,16.7960,2.50000,1.04083,2.10036,0.063333,0.75000,0.00000,2.50000,2.04592
894,16.8350,2.50000,1.04083,2.03703,0.063333,0.75000,0.00000,2.50000,1.98258
895,16.5240,2.50000,1.04083,1.97369,0.063334,0.75000,0.00000,2.50000,1.91925
896,16.8300,2.50000,1.04083,1.91036,0.063333,0.75006,0.00000,2.50000,1.85592
897,22.0010,2.50000,1.04083,1.84703,0.063333,0.75000,0.00000,2.50000,1.79258
898,11.1580,2.50000,1.04083,1.78369,0.063333,0.74994,0.00000,2.50000,1.72925
899,16.7400,2.50000,1.04083,1.72036,0.063334,0.75000,0.00000,2.50000,1.66592
900,16.6380,2.50000,1.04083,1.65703,0.063333,0.75000,0.00000,2.50000,1.60258
901,16.9900,2.50000,1.04083,1.59369,0.063333,0.75000,0.00000,2.50000,1.53925
902,16.9260,2.50000,1.04083,1.53036,0.063333,0.75000,0.00000,2.50000,1.47592
903,16.4140,2.50000,1.04083,1.46703,0.063333,0.75000,0.00000,2.50000,1.41258
904,16.4330,2.50000,1.04083,1.40370,0.063333,0.75006,0.00000,2.50000,1.34925
905,17.1850,2.50000,1.04083,1.34036,0.063333,0.75000,0.00000,2.50000,1.28592
906,16.7990,2.50000,1.04083,1.27703,0.063334,0.74994,0.00000,2.50000,1.22258
907,16.6860,2.50000,1.04083,1.21370,0.063333,0.75000,0.00000,2.50000,1.15925
908,16.7120,2.50000,1.04083,1.15036,0.063333,0.75000,0.00000,2.50000,1.09592
909,16.7230,2.50000,1.04083,1.08703,0.063333,0.75000,0.00000,2.50000,1.03258
910,21.1600,2.50000,1.04083,1.02370,0.063334,0.75000,0.00000,2.50000,0.96925
911,11.9430,2.50000,1.04083,0.96036,0.063333,0.75006,0.00000,2.50000,0.90592
912,16.3430,2.50000,1.04083,0.89703,0.063333,0.75000,0.00000,2.50000,0.84258
913,17.0370,2.50000,1.04083,0.83370,0.063333,0.74994,0.00000,2.50000,0.77925
914,16.6280,2.50000,1.04083,0.77036,0.063333,0.75000,0.00000,2.50000,0.71592
915,17.0990,2.50000,1.04083,0.70703,0.063334,0.75000,0.00000,2.50000,0.65258
916,16.2550,2.50000,1.04083,0.64370,0.063333,0.75000,0.00000,2.50000,0.58925
917,16.4870,2.50000,1.04083,0.58036,0.063333,0.75000,0.00000,2.50000,0.52592
918,16.9750,2.50000,1.04083,0.51703,0.063333,0.75000,0.00000,2.50000,0.46258
919,16.7350,2.50000,1.04083,0.45370,0.063333,0.75006,0.00000,2.50000,0.39925
920,16.7080,2.50000,1.04083,0.39036,0.063333,0.75000,0.00000,2.50000,0.33592
921,16.5590,2.50000,1.04083,0.32703,0.063333,0.74994,0.00000,2.50000,0.27258
922,16.8070,2.50000,1.04083,0.26370,0.063333,0.75000,0.00000,2.50000,0.20925
923,21.4190,2.50000,1.04083,0.20036,0.063333,0.75000,0.00000,2.50000,0.14592
924,11.8020,2.50000,1.04083,0.13703,0.063333,0.75000,0.00000,2.50000,0.08258
925,16.5540,2.50000,1.04083,0.07370,0.063333,0.75000,0.00000,2.50000,0.01925
926,16.6820,2.50000,1.04083,0.01036,0.063333,0.75006,0.00000,2.50000,-0.04408
927,16.8770,2.50000,1.04083,-0.05297,0.063333,0.75000,0.00000,2.50000,-0.10742
928,16.5680,2.50000,1.04083,-0.11630,0.063333,0.74994,0.00000,2.50000,-0.17075
929,17.0600,2.50000,1.04083,-0.17964,0.063333,0.75000,0.00000,2.50000,-0.23408
930,16.2380,2.50000,1.04083,-0.24297,0.063333,0.75000,0.00000,2.50000,-0.29742
931,16.6730,2.50000,1.04083,-0.30630,0.063333,0.75000,0.00000,2.50000,-0.36075
932,16.4690,2.50000,1.04083,-0.36964,0.063333,0.75000,0.00000,2.50000,-0.42408
933,17.0350,2.50000,1.04083,-0.43297,0.063333,0.75000,0.00000,2.50000,-0.48742
934,520.3580,2.50000,1.04083,-0.99408,0.561112,0.75006,0.00000,2.50000,-0.99408
935,7.3150,2.50000,1.04083,-1.12075,0.126667,6.64465,0.00000,2.50000,-1.18408
936,2.8500,2.50000,1.04083,-1.13380,0.013054,1.50006,0.00000,2.50000,-1.18408
937,19.5540,2.50000,1.04083,-1.19716,0.063361,0.15460,0.00000,2.50000,-1.24742
938,16.7890,2.50000,1.04083,-1.26074,0.063570,0.75031,0.00000,2.50000,-1.31075
939,16.6360,2.50000,1.04083,-1.32407,0.063333,0.75281,0.00000,2.50000,-1.37408
940,16.7670,2.50000,1.04083,-1.38740,0.063333,0.75000,0.00000,2.50000,-1.43742
941,16.7730,2.50000,1.04083,-1.45073,0.063333,0.75000,0.00000,2.50000,-1.50075
942,16.5320,2.50000,1.04083,-1.51331,0.062574,0.75000,0.00000,2.50000,-1.56047
943,16.7390,2.50000,1.04083,-1.57227,0.058963,0.75000,0.00000,2.50000,-1.61658
944,16.4920,2.50000,1.04083,-1.62762,0.055352,0.74994,0.00000,2.50000,-1.66908
945,16.6620,2.50000,1.04083,-1.67936,0.051741,0.75000,0.00000,2.50000,-1.71797
946,18.5540,2.50000,1.04083,-1.72749,0.048129,0.75006,0.00000,2.50000,-1.76325
947,15.1810,2.50000,1.04083,-1.77201,0.044519,0.75000,0.00000,2.50000,-1.80492
948,16.3770,2.50000,1.04083,-1.81292,0.040907,0.75000,0.00000,2.50000,-1.84297
949,16.6310,2.50000,1.04083,-1.85021,0.037296,0.75000,0.00000,2.50000,-1.87742
950,16.5980,2.50000,1.04083,-1.88390,0.033685,0.75000,0.00000,2.50000,-1.90825
951,16.6800,2.50000,1.04083,-1.91397,0.030074,0.74994,0.00000,2.50000,-1.93547
952,16.7040,2.50000,1.04083,-1.94044,0.026462,0.75000,0.00000,2.50000,-1.95908
953,16.6650,2.50000,1.04083,-1.96329,0.022852,0.75012,0.00000,2.50000,-1.97908
954,16.8480,2.50000,1.04083,-1.98130,0.018014,0.74994,0.00000,2.50000,-1.98964
955,16.2620,2.50000,1.04083,-1.98987,0.008564,0.75000,0.00000,2.50000,-1.99075
956,16.9620,2.50000,1.04083,-1.99046,0.000598,0.74622,0.00000,2.50000,-1.98936
957,16.5690,2.50000,1.04083,-1.98856,0.001902,0.75000,0.00000,2.50000,-1.98547
958,16.7580,2.50000,1.04083,-1.98416,0.004402,0.75000,0.00000,2.50000,-1.97908
959,21.4560,2.50000,1.04083,-1.97726,0.006902,0.75006,0.00000,2.50000,-1.97019
960,11.8560,2.50000,1.04083,-1.96786,0.009402,0.75000,0.00000,2.50000,-1.95880
961,16.9670,2.50000,1.04083,-1.95595,0.011902,0.75000,0.00000,2.50000,-1.94492
962,16.4980,2.50000,1.04083,-1.94155,0.014402,0.74994,0.00000,2.50000,-1.92853
963,16.5810,2.50000,1.04083,-1.92465,0.016902,0.75000,0.00000,2.50000,-1.90964
964,16.5790,2.50000,1.04083,-1.90525,0.019403,0.75000,0.00000,2.50000,-1.88825
965,16.8120,2.50000,1.04083,-1.88334,0.021902,0.75000,0.00000,2.50000,-1.86436
966,16.6550,2.50000,1.04083,-1.85894,0.024402,0.75006,0.00000,2.50000,-1.83797
967,16.5180,2.50000,1.04083,-1.83204,0.026902,0.75000,0.00000,2.50000,-1.80908
968,17.0290,2.50000,1.04083,-1.80264,0.029402,0.75000,0.00000,2.50000,-1.77769
969,16.6070,2.50000,1.04083,-1.77074,0.031902,0.74994,0.00000,2.50000,-1.74380
970,16.3040,2.50000,1.04083,-1.73633,0.034402,0.75000,0.00000,2.50000,-1.70742
971,16.3780,2.50000,1.04083,-1.69943,0.036902,0.75000,0.00000,2.50000,-1.66853
972,18.3840,2.50000,1.04083,-1.66003,0.039402,0.75000,0.00000,2.50000,-1.62714
973,14.9030,2.50000,1.04083,-1.61813,0.041902,0.75000,0.00000,2.50000,-1.58325
974,16.6340,2.50000,1.04083,-1.57373,0.044402,0.75006,0.00000,2.50000,-1.53686
975,16.9310,2.50000,1.04083,-1.52682,0.046903,0.75000,0.00000,2.50000,-1.48797
976,16.5260,2.50000,1.04083,-1.47742,0.049402,0.75000,0.00000,2.50000,-1.43658
977,16.7430,2.50000,1.04083,-1.42552,0.051902,0.74994,0.00000,2.50000,-1.38269
978,16.5660,2.50000,1.04083,-1.37112,0.054402,0.75000,0.00000,2.50000,-1.32630
979,16.6460,2.50000,1.04083,-1.31421,0.056902,0.75000,0.00000,2.50000,-1.26742
980,16.8360,2.50000,1.04083,-1.25481,0.059402,0.75000,0.00000,2.50000,-1.20603
981,16.6620,2.50000,1.04083,-1.19302,0.061788,0.75006,0.00000,2.50000,-1.14269
982,16.8000,2.50000,1.04083,-1.12969,0.063333,0.75000,0.00000,2.50000,-1.07936
983,16.3790,2.50000,1.04083,-1.06636,0.063333,0.75000,0.00000,2.50000,-1.01603
984,16.8930,2.50000,1.04083,-1.00302,0.063333,0.74994,0.00000,2.50000,-0.95269
985,21.4230,2.50000,1.04083,-0.93969,0.063333,0.75000,0.00000,2.50000,-0.88936
986,11.7370,2.50000,1.04083,-0.87636,0.063333,0.75000,0.00000,2.50000,-0.82603
987,16.7450,2.50000,1.04083,-0.81302,0.063333,0.75000,0.00000,2.50000,-0.76269
988,17.0740,2.50000,1.04083,-0.74969,0.063333,0.75000,0.00000,2.50000,-0.69936
989,16.5810,2.50000,1.04083,-0.68636,0.063333,0.75006,0.00000,2.50000,-0.63603
990,16.1240,2.50000,1.04083,-0.62302,0.063334,0.75000,0.00000,2.50000,-0.57269
991,16.8910,2.50000,1.04083,-0.55969,0.063333,0.75000,0.00000,2.50000,-0.50936
992,16.7470,2.50000,1.04083,-0.49636,0.063333,0.74994,0.00000,2.50000,-0.44603
993,17.3040,2.50000,1.04083,-0.43302,0.063333,0.75000,0.00000,2.50000,-0.38269
994,16.1450,2.50000,1.04083,-0.36969,0.063333,0.75000,0.00000,2.50000,-0.31936
995,16.5610,2.50000,1.04083,-0.30636,0.063333,0.75000,0.00000,2.50000,-0.25603
996,16.7840,2.50000,1.04083,-0.24302,0.063333,0.75006,0.00000,2.50000,-0.19269
997,16.8630,2.50000,1.04083,-0.17969,0.063333,0.75000,0.00000,2.50000,-0.12936
998,17.8530,2.50000,1.04083,-0.11636,0.063333,0.75000,0.00000,2.50000,-0.06603
999,15.3600,2.50000,1.04083,-0.05302,0.063333,0.74994,0.00000,2.50000,-0.00269
1000,16.7290,2.50000,1.04083,0.01031,0.063333,0.75000,0.00000,2.50000,0.06064
1001,16.7040,2.50000,1.04083,0.07364,0.063333,0.75000,0.00000,2.50000,0.12397
1002,16.0490,2.50000,1.04083,0.13698,0.063333,0.75000,0.00000,2.50000,0.18731
1003,17.2670,2.50000,1.04083,0.20031,0.063333,0.75000,0.00000,2.50000,0.25064
1004,16.3400,2.50000,1.04083,0.26364,0.063333,0.75006,0.00000,2.50000,0.31397
1005,16.6090,2.50000,1.04083,0.32698,0.063333,0.75000,0.00000,2.50000,0.37731
1006,16.9150,2.50000,1.04083,0.39031,0.063333,0.75000,0.00000,2.50000,0.44064
1007,16.5010,2.50000,1.04083,0.45364,0.063333,0.74994,0.00000,2.50000,0.50397
1008,16.4720,2.50000,1.04083,0.51698,0.063333,0.75000,0.00000,2.50000,0.56731
1009,16.8350,2.50000,1.04083,0.58031,0.063333,0.75000,0.00000,2.50000,0.63064
1010,16.8850,2.50000,1.04083,0.64364,0.063334,0.75000,0.00000,2.50000,0.69397
1011,21.6080,2.50000,1.04083,0.70698,0.063333,0.75006,0.00000,2.50000,0.75731
1012,11.5960,2.50000,1.04083,0.77031,0.063333,0.75000,0.00000,2.50000,0.82064
1013,16.8040,2.50000,1.04083,0.83364,0.063333,0.75000,0.00000,2.50000,0.88397
1014,16.2460,2.50000,1.04083,0.89698,0.063333,0.74994,0.00000,2.50000,0.94731
1015,17.1350,2.50000,1.04083,0.96031,0.063334,0.75000,0.00000,2.50000,1.01064
1016,16.4890,2.50000,1.04083,1.02364,0.063333,0.75000,0.00000,2.50000,1.07397
1017,16.9360,2.50000,1.04083,1.08698,0.063334,0.75000,0.00000,2.50000,1.13731
1018,16.8570,2.50000,1.04083,1.15031,0.063333,0.75000,0.00000,2.50000,1.20064
1019,16.2380,2.50000,1.04083,1.21364,0.063333,0.75006,0.00000,2.50000,1.26397
1020,16.5090,2.50000,1.04083,1.27698,0.063334,0.75000,0.00000,2.50000,1.32731
1021,16.9310,2.50000,1.04083,1.34031,0.063333,0.75000,0.00000,2.50000,1.39064
1022,16.4320,2.50000,1.04083,1.40364,0.063333,0.74994,0.00000,2.50000,1.45397
1023,16.8640,2.50000,1.04083,1.46698,0.063333,0.75000,0.00000,2.50000,1.51731
1024,21.6930,2.50000,1.04083,1.53031,0.063334,0.75000,0.00000,2.50000,1.58064
1025,528.0980,2.50000,1.04083,2.08731,0.556997,0.75000,0.00000,2.50000,2.08731
1026,5.0490,2.50000,1.04083,2.16558,0.078278,6.59607,0.00000,2.50000,2.21397
1027,12.1220,2.50000,1.04083,2.22891,0.063332,0.92700,0.00000,2.50000,2.27731
1028,21.5010,2.50000,1.04083,2.29225,0.063331,0.74994,0.00000,2.50000,2.34064
1029,11.8360,2.50000,1.04083,2.37141,0.079167,0.74994,0.00000,2.50000,2.40397
1030,16.6450,2.50000,1.04083,2.44741,0.076000,0.93750,0.00000,2.50000,2.46731
1031,16.9020,2.50000,1.04083,2.51390,0.066492,0.90002,0.00000,2.50000,2.53064
1032,16.4260,2.50000,1.04083,2.57724,0.063331,0.78741,0.00000,2.50000,2.59397
1033,17.1880,2.50000,1.04083,2.64057,0.063331,0.75000,0.00000,2.50000,2.65731
1034,16.2040,2.50000,1.04083,2.70390,0.063331,0.74988,0.00000,2.50000,2.72064
1035,16.6430,2.50000,1.04083,2.76457,0.060674,0.75000,0.00000,2.50000,2.78036
1036,16.8330,2.50000,1.04083,2.82163,0.057064,0.75000,0.00000,2.50000,2.83647
1037,16.3770,2.50000,1.04083,2.87509,0.053452,0.75000,0.00000,2.50000,2.88897
1038,16.8130,2.50000,1.04083,2.92493,0.049842,0.75000,0.00000,2.50000,2.93786
1039,16.6290,2.50000,1.04083,2.97116,0.046231,0.74988,0.00000,2.50000,2.98314
1040,18.4280,2.50000,1.04083,3.01378,0.042620,0.75000,0.00000,2.50000,3.02481
1041,15.1080,2.50000,1.04083,3.05279,0.039010,0.75000,0.00000,2.50000,3.06286
1042,16.4450,2.50000,1.04083,3.08819,0.035399,0.75000,0.00000,2.50000,3.09731
1043,16.8100,2.50000,1.04083,3.11998,0.031788,0.74988,0.00000,2.50000,3.12814
1044,16.2210,2.50000,1.04083,3.14815,0.028177,0.75000,0.00000,2.50000,3.15536
1045,17.2700,2.50000,1.04083,3.17272,0.024566,0.75000,0.00000,2.50000,3.17897
1046,16.6620,2.50000,1.04083,3.19368,0.020955,0.74994,0.00000,2.50000,3.19897
1047,16.5880,2.50000,1.04083,3.20673,0.013056,0.75000,0.00000,2.50000,3.20953
1048,16.6720,2.50000,1.04083,3.21034,0.003613,0.74994,0.00000,2.50000,3.21064
1049,16.4320,2.50000,1.04083,3.20962,0.000727,0.74994,0.00000,2.50000,3.20925
1050,16.5140,2.50000,1.04083,3.20639,0.003226,0.75000,0.00000,2.50000,3.20536
1051,16.9550,2.50000,1.04083,3.20066,0.005726,0.75000,0.00000,2.50000,3.19897
1052,16.6830,2.50000,1.04083,3.19244,0.008226,0.74988,0.00000,2.50000,3.19008
1053,18.3360,2.50000,1.04083,3.18171,0.010726,0.75000,0.00000,2.50000,3.17869
1054,14.9580,2.50000,1.04083,3.16849,0.013225,0.75000,0.00000,2.50000,3.16480
1055,533.5800,2.50000,1.04083,2.99758,0.170906,0.75000,0.00000,2.50000,2.96369
1056,2.8580,2.50000,1.04083,2.95519,0.042388,5.44885,0.00000,2.50000,2.92730
1057,13.8470,2.50000,1.04083,2.91822,0.036971,0.92517,0.00000,2.50000,2.88842
1058,16.4930,2.50000,1.04083,2.87875,0.039472,0.75000,0.00000,2.50000,2.84703
1059,21.6200,2.50000,1.04083,2.83678,0.041973,0.74988,0.00000,2.50000,2.80314
1060,11.9260,2.50000,1.04083,2.79231,0.044472,0.75012,0.00000,2.50000,2.75675
1061,16.7220,2.50000,1.04083,2.74533,0.046973,0.74994,0.00000,2.50000,2.70786
1062,16.2430,2.50000,1.04083,2.69586,0.049473,0.75000,0.00000,2.50000,2.65647
1063,16.9970,2.50000,1.04083,2.64389,0.051973,0.75000,0.00000,2.50000,2.60258
1064,16.8510,2.50000,1.04083,2.58942,0.054473,0.75000,0.00000,2.50000,2.54619
1065,16.3360,2.50000,1.04083,2.53244,0.056973,0.75000,0.00000,2.50000,2.48730
1066,18.4240,2.50000,1.04083,2.47297,0.059472,0.75000,0.00000,2.50000,2.42592
1067,15.1430,2.50000,1.04083,2.41113,0.061843,0.74994,0.00000,2.50000,2.36258
1068,16.9220,2.50000,1.04083,2.34779,0.063334,0.75012,0.00000,2.50000,2.29925
1069,16.3580,2.50000,1.04083,2.28446,0.063333,0.74994,0.00000,2.50000,2.23592
1070,16.8290,2.50000,1.04083,2.22113,0.063333,0.75000,0.00000,2.50000,2.17258
1071,16.5380,2.50000,1.04083,2.15779,0.063333,0.75000,0.00000,2.50000,2.10925
1072,21.4130,2.50000,1.04083,2.09446,0.063333,0.75000,0.00000,2.50000,2.04592
1073,11.8860,2.50000,1.04083,2.03113,0.063333,0.75000,0.00000,2.50000,1.98258
1074,16.6900,2.50000,1.04083,1.96779,0.063333,0.74994,0.00000,2.50000,1.91925
1075,17.0090,2.50000,1.04083,1.90446,0.063333,0.75012,0.00000,2.50000,1.85592
1076,16.9030,2.50000,1.04083,1.84113,0.063333,0.74994,0.00000,2.50000,1.79258
1077,16.0740,2.50000,1.04083,1.77779,0.063333,0.75000,0.00000,2.50000,1.72925
1078,16.8850,2.50000,1.04083,1.71446,0.063334,0.75000,0.00000,2.50000,1.66592
1079,16.4510,2.50000,1.04083,1.65113,0.063333,0.75000,0.00000,2.50000,1.60258
1080,16.7720,2.50000,1.04083,1.58774,0.063384,0.75000,0.00000,2.50000,1.53925
1081,16.7740,2.50000,1.04083,1.52431,0.063433,0.75055,0.00000,2.50000,1.47592
1082,16.5090,2.50000,1.04083,1.46098,0.063334,0.75122,0.00000,2.50000,1.41258
1083,16.6860,2.50000,1.04083,1.39761,0.063366,0.75000,0.00000,2.50000,1.34925
1084,18.2010,2.50000,1.04083,1.33428,0.063333,0.75043,0.00000,2.50000,1.28592
1085,15.2740,2.50000,1.04083,1.27089,0.063393,0.74994,0.00000,2.50000,1.22258
1086,535.8910,2.50000,1.04083,0.77925,0.491635,0.75079,0.00000,2.50000,0.71592
1087,5.0660,2.50000,1.04083,0.65258,0.126667,5.82196,0.00000,2.50000,0.58925
1088,6.8980,2.50000,1.04083,0.63638,0.016206,1.50000,0.00000,2.50000,0.58925
1089,23.8480,2.50000,1.04083,0.57341,0.062970,0.19189,0.00000,2.50000,0.52592
1090,11.9360,2.50000,1.04083,0.51007,0.063333,0.74573,0.00000,2.50000,0.46258
1091,16.6370,2.50000,1.04083,0.44674,0.063333,0.74994,0.00000,2.50000,0.39925
1092,16.7930,2.50000,1.04083,0.38341,0.063333,0.75000,0.00000,2.50000,0.33592
1093,16.6020,2.50000,1.04083,0.32007,0.063333,0.75000,0.00000,2.50000,0.27258
1094,16.6750,2.50000,1.04083,0.25674,0.063333,0.75000,0.00000,2.50000,0.20925
1095,16.5140,2.50000,1.04083,0.19341,0.063333,0.75006,0.00000,2.50000,0.14592
1096,17.0700,2.50000,1.04083,0.13007,0.063333,0.75000,0.00000,2.50000,0.08258
1097,16.3500,2.50000,1.04083,0.06674,0.063333,0.75000,0.00000,2.50000,0.01925
1098,16.8650,2.50000,1.04083,0.00341,0.063333,0.75000,0.00000,2.50000,-0.04408
1099,16.7460,2.50000,1.04083,-0.05993,0.063333,0.74994,0.00000,2.50000,-0.10742
1100,16.6610,2.50000,1.04083,-0.12326,0.063333,0.75000,0.00000,2.50000,-0.17075
1101,16.6670,2.50000,1.04083,-0.18659,0.063333,0.75000,0.00000,2.50000,-0.23408
1102,24.0580,2.50000,1.04083,-0.24993,0.063333,0.75000,0.00000,2.50000,-0.29742
1103,9.0770,2.50000,1.04083,-0.31326,0.063333,0.75006,0.00000,2.50000,-0.36075
1104,16.7290,2.50000,1.04083,-0.37659,0.063333,0.75000,0.00000,2.50000,-0.42408
1105,16.7970,2.50000,1.04083,-0.43993,0.063333,0.75000,0.00000,2.50000,-0.48742
1106,16.5990,2.50000,1.04083,-0.50326,0.063334,0.74994,0.00000,2.50000,-0.55075
1107,16.4730,2.50000,1.04083,-0.56659,0.063333,0.75000,0.00000,2.50000,-0.61408
1108,16.7630,2.50000,1.04083,-0.62993,0.063334,0.75000,0.00000,2.50000,-0.67742
1109,16.5960,2.50000,1.04083,-0.69326,0.063333,0.75000,0.00000,2.50000,-0.74075
1110,16.8540,2.50000,1.04083,-0.75659,0.063334,0.75006,0.00000,2.50000,-0.80408
1111,16.4520,2.50000,1.04083,-0.81993,0.063333,0.75000,0.00000,2.50000,-0.86742
1112,16.7560,2.50000,1.04083,-0.88326,0.063334,0.75000,0.00000,2.50000,-0.93075
1113,16.9010,2.50000,1.04083,-0.94659,0.063333,0.75000,0.00000,2.50000,-0.99408
1114,16.3900,2.50000,1.04083,-1.00993,0.063333,0.74994,0.00000,2.50000,-1.05742
1115,23.5260,2.50000,1.04083,-1.07326,0.063333,0.75000,0.00000,2.50000,-1.12075
1116,9.9010,2.50000,1.04083,-1.13659,0.063333,0.75000,0.00000,2.50000,-1.18408
1117,520.6230,2.50000,1.04083,-1.64400,0.507406,0.75000,0.00000,2.50000,-1.66908
1118,5.0000,2.50000,1.04083,-1.71797,0.073974,6.20410,0.00000,2.50000,-1.76325
1119,5.6030,2.50000,1.04083,-1.73081,0.012838,1.10834,0.00000,2.50000,-1.76325
1120,27.0600,2.50000,1.04083,-1.77500,0.044195,0.21271,0.00000,2.50000,-1.80492
1121,8.7780,2.50000,1.04083,-1.81565,0.040648,0.74878,0.00000,2.50000,-1.84297
1122,16.7520,2.50000,1.04083,-1.85269,0.037037,0.75000,0.00000,2.50000,-1.87742
1123,16.7510,2.50000,1.04083,-1.88611,0.033426,0.75012,0.00000,2.50000,-1.90825
1124,16.6660,2.50000,1.04083,-1.91593,0.029814,0.75006,0.00000,2.50000,-1.93547
1125,16.5370,2.50000,1.04083,-1.94213,0.026204,0.75000,0.00000,2.50000,-1.95908
1126,16.6840,2.50000,1.04083,-1.96473,0.022592,0.74988,0.00000,2.50000,-1.97908
1127,16.6970,2.50000,1.04083,-1.98206,0.017336,0.75000,0.00000,2.50000,-1.98964
1128,16.6100,2.50000,1.04083,-1.98995,0.007891,0.75000,0.00000,2.50000,-1.99075
1129,16.9010,2.50000,1.04083,-1.99036,0.000406,0.75000,0.00000,2.50000,-1.98936
1130,16.9950,2.50000,1.04083,-1.98826,0.002094,0.75006,0.00000,2.50000,-1.98547
1131,16.7350,2.50000,1.04083,-1.98367,0.004594,0.75000,0.00000,2.50000,-1.97908
1132,16.6470,2.50000,1.04083,-1.97658,0.007095,0.75000,0.00000,2.50000,-1.97019
1133,18.1110,2.50000,1.04083,-1.96698,0.009594,0.74988,0.00000,2.50000,-1.95880
1134,15.1140,2.50000,1.04083,-1.95489,0.012094,0.75000,0.00000,2.50000,-1.94492
1135,16.9190,2.50000,1.04083,-1.94029,0.014594,0.75006,0.00000,2.50000,-1.92853
1136,16.5440,2.50000,1.04083,-1.92320,0.017094,0.75000,0.00000,2.50000,-1.90964
1137,16.5000,2.50000,1.04083,-1.90360,0.019594,0.75000,0.00000,2.50000,-1.88825
1138,16.9090,2.50000,1.04083,-1.88151,0.022094,0.75012,0.00000,2.50000,-1.86436
1139,16.5710,2.50000,1.04083,-1.85692,0.024594,0.74988,0.00000,2.50000,-1.83797
1140,16.6940,2.50000,1.04083,-1.82982,0.027094,0.75000,0.00000,2.50000,-1.80908
1141,16.8030,2.50000,1.04083,-1.80023,0.029594,0.75006,0.00000,2.50000,-1.77769
1142,16.5820,2.50000,1.04083,-1.76813,0.032094,0.75000,0.00000,2.50000,-1.74380
1143,16.6310,2.50000,1.04083,-1.73354,0.034595,0.75000,0.00000,2.50000,-1.70742
1144,16.8180,2.50000,1.04083,-1.69644,0.037094,0.74988,0.00000,2.50000,-1.66853
1145,16.6730,2.50000,1.04083,-1.65685,0.039594,0.75012,0.00000,2.50000,-1.62714
1146,21.2940,2.50000,1.04083,-1.61476,0.042094,0.75000,0.00000,2.50000,-1.58325
1147,11.9990,2.50000,1.04083,-1.57016,0.044594,0.75000,0.00000,2.50000,-1.53686
1148,16.6940,2.50000,1.04083,-1.52307,0.047094,0.74994,0.00000,2.50000,-1.48797
1149,16.6990,2.50000,1.04083,-1.47347,0.049594,0.75000,0.00000,2.50000,-1.43658
1150,16.5870,2.50000,1.04083,-1.42138,0.052094,0.75000,0.00000,2.50000,-1.38269
1151,16.6620,2.50000,1.04083,-1.36679,0.054594,0.75000,0.00000,2.50000,-1.32630
1152,16.9250,2.50000,1.04083,-1.30969,0.057094,0.75000,0.00000,2.50000,-1.26742
1153,16.5900,2.50000,1.04083,-1.25010,0.059594,0.75006,0.00000,2.50000,-1.20603
1154,16.5690,2.50000,1.04083,-1.18816,0.061937,0.75000,0.00000,2.50000,-1.14269
1155,16.5540,2.50000,1.04083,-1.12483,0.063333,0.75000,0.00000,2.50000,-1.07936
1156,16.7720,2.50000,1.04083,-1.06149,0.063333,0.74988,0.00000,2.50000,-1.01603
1157,17.0420,2.50000,1.04083,-0.99816,0.063334,0.75000,0.00000,2.50000,-0.95269
1158,16.7720,2.50000,1.04083,-0.93483,0.063334,0.75006,0.00000,2.50000,-0.88936
1159,21.4520,2.50000,1.04083,-0.87149,0.063333,0.75000,0.00000,2.50000,-0.82603
1160,12.0410,2.50000,1.04083,-0.80816,0.063333,0.75012,0.00000,2.50000,-0.76269
1161,16.7560,2.50000,1.04083,-0.74483,0.063334,0.75000,0.00000,2.50000,-0.69936
1162,571.5140,2.50000,1.04083,-0.25603,0.488799,0.74988,0.00000,2.50000,-0.19269
1163,16.1770,2.50000,1.04083,-0.00269,0.253333,5.78839,0.00000,2.50000,0.06064
1164,3.7340,2.50000,1.04083,0.06064,0.063333,3.00006,0.00000,2.50000,0.12397
1165,1.2620,2.50000,1.04083,0.06632,0.005680,0.74988,0.00000,2.50000,0.12397
1166,4.0800,2.50000,1.04083,0.08197,0.015648,0.06732,0.00000,2.50000,0.12397
1167,19.9160,2.50000,1.04083,0.12397,0.042005,0.18536,0.00000,2.50000,0.18731
1168,13.9830,2.50000,1.04083,0.17821,0.054232,0.49731,0.00000,2.50000,0.18731
1169,19.0780,2.50000,1.04083,0.24156,0.063354,0.64240,0.00000,2.50000,0.25064
1170,16.5190,2.50000,1.04083,0.30489,0.063327,0.75024,0.00000,2.50000,0.31397
1171,16.4730,2.50000,1.04083,0.36803,0.063148,0.74976,0.00000,2.50000,0.37731
1172,16.7350,2.50000,1.04083,0.43159,0.063555,0.74792,0.00000,2.50000,0.44064
1173,17.0340,2.50000,1.04083,0.49526,0.063669,0.75256,0.00000,2.50000,0.50397
1174,16.5190,2.50000,1.04083,0.55832,0.063061,0.75403,0.00000,2.50000,0.56731
1175,16.7110,2.50000,1.04083,0.62183,0.063509,0.74677,0.00000,2.50000,0.63064
1176,16.3900,2.50000,1.04083,0.68506,0.063232,0.75208,0.00000,2.50000,0.69397
1177,16.5110,2.50000,1.04083,0.74759,0.062529,0.74878,0.00000,2.50000,0.75731
1178,18.9100,2.50000,1.04083,0.81189,0.064300,0.74054,0.00000,2.50000,0.82064
1179,14.5520,2.50000,1.04083,0.87508,0.063190,0.76147,0.00000,2.50000,0.88397
1180,16.9430,2.50000,1.04083,0.93855,0.063472,0.74823,0.00000,2.50000,0.94731
1181,16.5090,2.50000,1.04083,1.00188,0.063333,0.75165,0.00000,2.50000,1.01064
1182,16.7870,2.50000,1.04083,1.06540,0.063511,0.74994,0.00000,2.50000,1.07397
1183,16.2670,2.50000,1.04083,1.12873,0.063333,0.75220,0.00000,2.50000,1.13731
1184,16.9320,2.50000,1.04083,1.19206,0.063334,0.75000,0.00000,2.50000,1.20064
1185,16.9720,2.50000,1.04083,1.25544,0.063379,0.75000,0.00000,2.50000,1.26397
1186,16.7190,2.50000,1.04083,1.31877,0.063333,0.75055,0.00000,2.50000,1.32731
1187,16.3300,2.50000,1.04083,1.38220,0.063423,0.75000,0.00000,2.50000,1.39064
1188,16.7550,2.50000,1.04083,1.44553,0.063333,0.75098,0.00000,2.50000,1.45397
1189,16.4980,2.50000,1.04083,1.50886,0.063333,0.75006,0.00000,2.50000,1.51731
1190,18.4320,2.50000,1.04083,1.57225,0.063383,0.75000,0.00000,2.50000,1.58064
1191,15.1400,2.50000,1.04083,1.63558,0.063333,0.75067,0.00000,2.50000,1.64397
1192,532.2280,2.50000,1.04083,2.08731,0.451726,0.75000,0.00000,2.50000,2.15064
1193,5.0970,2.50000,1.04083,2.21397,0.126667,5.34930,0.00000,2.50000,2.27731
1194,10.5210,2.50000,1.04083,2.23818,0.024206,1.50000,0.00000,2.50000,2.27731
1195,19.2980,2.50000,1.04083,2.30143,0.063251,0.28662,0.00000,2.50000,2.34064
1196,20.8450,2.50000,1.04083,2.36476,0.063333,0.74902,0.00000,2.50000,2.40397
1197,12.4240,2.50000,1.04083,2.42810,0.063334,0.75006,0.00000,2.50000,2.46730
1198,16.5930,2.50000,1.04083,2.49143,0.063333,0.75000,0.00000,2.50000,2.53064
1199,16.2650,2.50000,1.04083,2.55476,0.063333,0.75000,0.00000,2.50000,2.59397
1200,17.1540,2.50000,1.04083,2.61810,0.063333,0.74988,0.00000,2.50000,2.65730
1201,17.0800,2.50000,1.04083,2.68143,0.063333,0.75000,0.00000,2.50000,2.72064
1202,16.0660,2.50000,1.04083,2.74339,0.061958,0.75006,0.00000,2.50000,2.78036
1203,16.5840,2.50000,1.04083,2.80173,0.058347,0.75000,0.00000,2.50000,2.83647
1204,16.8210,2.50000,1.04083,2.85647,0.054736,0.75000,0.00000,2.50000,2.88897
1205,16.7910,2.50000,1.04083,2.90759,0.051124,0.75012,0.00000,2.50000,2.93786
1206,16.3460,2.50000,1.04083,2.95511,0.047513,0.75000,0.00000,2.50000,2.98314
1207,16.8730,2.50000,1.04083,2.99901,0.043903,0.74988,0.00000,2.50000,3.02480
1208,16.5500,2.50000,1.04083,3.03930,0.040291,0.75000,0.00000,2.50000,3.06286
1209,21.3870,2.50000,1.04083,3.07598,0.036681,0.75006,0.00000,2.50000,3.09730
1210,12.0290,2.50000,1.04083,3.10905,0.033068,0.75000,0.00000,2.50000,3.12814
1211,16.7040,2.50000,1.04083,3.13851,0.029457,0.75000,0.00000,2.50000,3.15536
1212,16.8430,2.50000,1.04083,3.16435,0.025847,0.75000,0.00000,2.50000,3.17897
1213,16.5860,2.50000,1.04083,3.18659,0.022235,0.75000,0.00000,2.50000,3.19897
1214,16.4980,2.50000,1.04083,3.20299,0.016402,0.75000,0.00000,2.50000,3.20953
1215,16.7460,2.50000,1.04083,3.20995,0.006959,0.74994,0.00000,2.50000,3.21064
1216,16.6240,2.50000,1.04083,3.21011,0.000159,0.75000,0.00000,2.50000,3.20925
1217,16.7820,2.50000,1.04083,3.20777,0.002341,0.74988,0.00000,2.50000,3.20536
1218,16.5930,2.50000,1.04083,3.20293,0.004841,0.75000,0.00000,2.50000,3.19897
1219,16.8620,2.50000,1.04083,3.19559,0.007341,0.75006,0.00000,2.50000,3.19008
1220,16.4910,2.50000,1.04083,3.18576,0.009830,0.75000,0.00000,2.50000,3.17869
1221,16.8380,2.50000,1.04083,3.17342,0.012340,0.74933,0.00000,2.50000,3.16480
1222,18.2350,2.50000,1.04083,3.15858,0.014838,0.75000,0.00000,2.50000,3.14842
1223,528.4300,2.50000,1.04083,2.96369,0.194886,0.75000,0.00000,2.50000,2.92730
1224,3.3530,2.50000,1.04083,2.91142,0.052269,5.71509,0.00000,2.50000,2.88842
1225,17.2820,2.50000,1.04083,2.87112,0.040307,1.05621,0.00000,2.50000,2.84703
1226,16.1820,2.50000,1.04083,2.82941,0.041708,0.75726,0.00000,2.50000,2.80314
1227,18.5180,2.50000,1.04083,2.78404,0.045365,0.73761,0.00000,2.50000,2.75675
1228,14.9160,2.50000,1.04083,2.73648,0.047565,0.75769,0.00000,2.50000,2.70786
1229,16.7290,2.50000,1.04083,2.68655,0.049926,0.75220,0.00000,2.50000,2.65647
1230,16.6170,2.50000,1.04083,2.63413,0.052425,0.74988,0.00000,2.50000,2.60258
1231,17.3150,2.50000,1.04083,2.57890,0.055227,0.75012,0.00000,2.50000,2.54619
1232,16.0660,2.50000,1.04083,2.52146,0.057439,0.75391,0.00000,2.50000,2.48730
1233,16.6360,2.50000,1.04083,2.46152,0.059939,0.75012,0.00000,2.50000,2.42592
1234,16.8350,2.50000,1.04083,2.39932,0.062205,0.75000,0.00000,2.50000,2.36258
1235,16.7910,2.50000,1.04083,2.33598,0.063333,0.75000,0.00000,2.50000,2.29925
1236,16.0160,2.50000,1.04083,2.27265,0.063333,0.75000,0.00000,2.50000,2.23592
1237,17.1280,2.50000,1.04083,2.20932,0.063333,0.75000,0.00000,2.50000,2.17258
1238,16.6290,2.50000,1.04083,2.14598,0.063333,0.74988,0.00000,2.50000,2.10925
1239,18.1910,2.50000,1.04083,2.08265,0.063333,0.75000,0.00000,2.50000,2.04592
1240,15.2590,2.50000,1.04083,2.01932,0.063333,0.75000,0.00000,2.50000,1.98258
1241,17.1830,2.50000,1.04083,1.95568,0.063634,0.75012,0.00000,2.50000,1.91925
1242,16.5000,2.50000,1.04083,1.89234,0.063343,0.75354,0.00000,2.50000,1.85592
1243,16.8690,2.50000,1.04083,1.82887,0.063468,0.75012,0.00000,2.50000,1.79258
1244,16.3110,2.50000,1.04083,1.76554,0.063333,0.75146,0.00000,2.50000,1.72925
1245,16.3590,2.50000,1.04083,1.70221,0.063333,0.75000,0.00000,2.50000,1.66592
1246,16.6100,2.50000,1.04083,1.63887,0.063333,0.75012,0.00000,2.50000,1.60258
1247,16.8420,2.50000,1.04083,1.57554,0.063333,0.75000,0.00000,2.50000,1.53925
1248,16.6040,2.50000,1.04083,1.51221,0.063333,0.75000,0.00000,2.50000,1.47592
1249,16.6160,2.50000,1.04083,1.44887,0.063333,0.75000,0.00000,2.50000,1.41258
1250,16.6740,2.50000,1.04083,1.38554,0.063333,0.75000,0.00000,2.50000,1.34925
1251,18.4680,2.50000,1.04083,1.32221,0.063334,0.74988,0.00000,2.50000,1.28592
1252,15.0450,2.50000,1.04083,1.25887,0.063333,0.75000,0.00000,2.50000,1.22258
1253,16.6150,2.50000,1.04083,1.19554,0.063333,0.75012,0.00000,2.50000,1.15925
1254,16.7640,2.50000,1.04083,1.13221,0.063333,0.75000,0.00000,2.50000,1.09592
1255,16.4340,2.50000,1.04083,1.06887,0.063333,0.75000,0.00000,2.50000,1.03258
1256,16.8020,2.50000,1.04083,1.00554,0.063333,0.75000,0.00000,2.50000,0.96925
1257,16.5480,2.50000,1.04083,0.94221,0.063334,0.75000,0.00000,2.50000,0.90592
1258,16.8080,2.50000,1.04083,0.87887,0.063333,0.75000,0.00000,2.50000,0.84258
1259,16.4410,2.50000,1.04083,0.81554,0.063333,0.74988,0.00000,2.50000,0.77925
1260,16.4670,2.50000,1.04083,0.75221,0.063333,0.75000,0.00000,2.50000,0.71592
1261,16.8390,2.50000,1.04083,0.68887,0.063333,0.75012,0.00000,2.50000,0.65258
1262,17.1160,2.50000,1.04083,0.62554,0.063334,0.75000,0.00000,2.50000,0.58925
1263,16.2990,2.50000,1.04083,0.56221,0.063333,0.75000,0.00000,2.50000,0.52592
1264,21.6860,2.50000,1.04083,0.49887,0.063333,0.75000,0.00000,2.50000,0.46258
1265,11.5530,2.50000,1.04083,0.43554,0.063333,0.75000,0.00000,2.50000,0.39925
1266,16.8280,2.50000,1.04083,0.37221,0.063333,0.74988,0.00000,2.50000,0.33592
1267,16.9140,2.50000,1.04083,0.30887,0.063333,0.75000,0.00000,2.50000,0.27258
1268,16.7200,2.50000,1.04083,0.24554,0.063333,0.75012,0.00000,2.50000,0.20925
1269,16.5680,2.50000,1.04083,0.18221,0.063333,0.75000,0.00000,2.50000,0.14592
1270,16.4420,2.50000,1.04083,0.11887,0.063333,0.75000,0.00000,2.50000,0.08258
1271,16.6390,2.50000,1.04083,0.05554,0.063333,0.75000,0.00000,2.50000,0.01925
1272,16.9840,2.50000,1.04083,-0.00779,0.063333,0.75000,0.00000,2.50000,-0.04408
1273,16.7150,2.50000,1.04083,-0.07113,0.063333,0.75000,0.00000,2.50000,-0.10742
1274,16.4590,2.50000,1.04083,-0.13446,0.063333,0.74988,0.00000,2.50000,-0.17075
1275,16.9620,2.50000,1.04083,-0.19779,0.063333,0.75000,0.00000,2.50000,-0.23408
1276,16.3660,2.50000,1.04083,-0.26113,0.063333,0.75012,0.00000,2.50000,-0.29742
1277,18.3520,2.50000,1.04083,-0.32446,0.063333,0.75000,0.00000,2.50000,-0.36075
1278,14.9990,2.50000,1.04083,-0.38779,0.063333,0.75000,0.00000,2.50000,-0.42408
1279,16.8250,2.50000,1.04083,-0.45113,0.063333,0.75000,0.00000,2.50000,-0.48742
1280,16.6820,2.50000,1.04083,-0.51446,0.063334,0.75000,0.00000,2.50000,-0.55075
1281,16.5680,2.50000,1.04083,-0.57779,0.063333,0.74988,0.00000,2.50000,-0.61408
1282,16.7250,2.50000,1.04083,-0.64113,0.063333,0.75000,0.00000,2.50000,-0.67742
1283,16.4210,2.50000,1.04083,-0.70446,0.063333,0.75012,0.00000,2.50000,-0.74075
1284,17.3220,2.50000,1.04083,-0.76779,0.063333,0.75000,0.00000,2.50000,-0.80408
1285,16.3400,2.50000,1.04083,-0.83113,0.063334,0.75000,0.00000,2.50000,-0.86742
1286,16.5750,2.50000,1.04083,-0.89446,0.063333,0.75000,0.00000,2.50000,-0.93075
1287,16.6860,2.50000,1.04083,-0.95779,0.063333,0.75000,0.00000,2.50000,-0.99408
1288,16.7510,2.50000,1.04083,-1.02113,0.063333,0.75000,0.00000,2.50000,-1.05742
1289,16.5350,2.50000,1.04083,-1.08446,0.063333,0.74988,0.00000,2.50000,-1.12075
1290,22.4030,2.50000,1.04083,-1.14779,0.063333,0.75000,0.00000,2.50000,-1.18408
1291,11.0720,2.50000,1.04083,-1.21113,0.063333,0.75012,0.00000,2.50000,-1.24742
1292,16.5290,2.50000,1.04083,-1.27446,0.063333,0.75000,0.00000,2.50000,-1.31075
1293,16.5920,2.50000,1.04083,-1.33779,0.063333,0.75000,0.00000,2.50000,-1.37408
1294,16.6340,2.50000,1.04083,-1.40112,0.063333,0.75000,0.00000,2.50000,-1.43742
1295,535.2730,2.50000,1.04083,-1.80492,0.403791,0.75000,0.00000,2.50000,-1.84297
1296,10.4070,2.50000,1.04083,-1.87742,0.072500,5.67969,0.00000,2.50000,-1.90825
1297,1.8570,2.50000,1.04083,-1.89055,0.013137,1.50000,0.00000,2.50000,-1.90825
1298,19.3800,2.50000,1.04083,-1.91975,0.029196,0.31958,0.00000,2.50000,-1.93547
1299,16.6520,2.50000,1.04083,-1.94545,0.025697,0.74731,0.00000,2.50000,-1.95908
1300,16.7690,2.50000,1.04083,-1.96753,0.022085,0.75000,0.00000,2.50000,-1.97908
1301,17.0020,2.50000,1.04083,-1.98354,0.016010,0.75000,0.00000,2.50000,-1.98964
1302,16.3710,2.50000,1.04083,-1.99011,0.006566,0.75000,0.00000,2.50000,-1.99075
1303,16.9060,2.50000,1.04083,-1.99016,0.000055,0.74988,0.00000,2.50000,-1.98936
1304,16.4780,2.50000,1.04083,-1.98772,0.002445,0.75012,0.00000,2.50000,-1.98547
1305,16.5960,2.50000,1.04083,-1.98277,0.004945,0.75000,0.00000,2.50000,-1.97908
1306,16.5850,2.50000,1.04083,-1.97533,0.007445,0.75000,0.00000,2.50000,-1.97019
1307,16.4380,2.50000,1.04083,-1.96538,0.009945,0.75000,0.00000,2.50000,-1.95881
1308,16.6110,2.50000,1.04083,-1.95294,0.012445,0.75000,0.00000,2.50000,-1.94492
1309,21.3210,2.50000,1.04083,-1.93799,0.014945,0.75000,0.00000,2.50000,-1.92853
1310,12.5190,2.50000,1.04083,-1.92055,0.017445,0.75000,0.00000,2.50000,-1.90964
1311,16.7480,2.50000,1.04083,-1.90060,0.019945,0.75000,0.00000,2.50000,-1.88825
1312,16.7740,2.50000,1.04083,-1.87816,0.022445,0.75000,0.00000,2.50000,-1.86436
1313,16.3700,2.50000,1.04083,-1.85321,0.024945,0.75000,0.00000,2.50000,-1.83797
1314,16.9340,2.50000,1.04083,-1.82577,0.027445,0.75000,0.00000,2.50000,-1.80908
1315,16.5630,2.50000,1.04083,-1.79582,0.029945,0.75000,0.00000,2.50000,-1.77769
1316,16.7520,2.50000,1.04083,-1.76338,0.032445,0.75000,0.00000,2.50000,-1.74380
1317,16.5590,2.50000,1.04083,-1.72843,0.034945,0.75000,0.00000,2.50000,-1.70742
1318,16.6140,2.50000,1.04083,-1.69099,0.037445,0.74988,0.00000,2.50000,-1.66853
1319,16.7040,2.50000,1.04083,-1.65104,0.039945,0.75012,0.00000,2.50000,-1.62714
1320,16.9660,2.50000,1.04083,-1.60860,0.042445,0.75000,0.00000,2.50000,-1.58325
1321,16.2770,2.50000,1.04083,-1.56365,0.044945,0.75000,0.00000,2.50000,-1.53686
1322,22.1130,2.50000,1.04083,-1.51621,0.047445,0.75000,0.00000,2.50000,-1.48797
1323,11.3180,2.50000,1.04083,-1.46626,0.049945,0.75000,0.00000,2.50000,-1.43658
1324,16.8180,2.50000,1.04083,-1.41382,0.052445,0.75000,0.00000,2.50000,-1.38269
1325,16.7030,2.50000,1.04083,-1.35887,0.054945,0.75000,0.00000,2.50000,-1.32630
1326,16.8300,2.50000,1.04083,-1.30143,0.057445,0.75000,0.00000,2.50000,-1.26742
1327,16.3200,2.50000,1.04083,-1.24148,0.059945,0.75000,0.00000,2.50000,-1.20603
1328,16.6700,2.50000,1.04083,-1.17927,0.062210,0.75000,0.00000,2.50000,-1.14269
1329,17.0540,2.50000,1.04083,-1.11594,0.063333,0.75000,0.00000,2.50000,-1.07936
1330,16.3850,2.50000,1.04083,-1.05261,0.063334,0.75000,0.00000,2.50000,-1.01603
1331,16.7990,2.50000,1.04083,-0.98927,0.063333,0.75000,0.00000,2.50000,-0.95269
1332,16.5700,2.50000,1.04083,-0.92594,0.063333,0.75000,0.00000,2.50000,-0.88936
1333,16.6360,2.50000,1.04083,-0.86261,0.063333,0.74988,0.00000,2.50000,-0.82603
1334,16.7360,2.50000,1.04083,-0.79927,0.063333,0.75012,0.00000,2.50000,-0.76269
1335,18.3120,2.50000,1.04083,-0.73594,0.063333,0.75000,0.00000,2.50000,-0.69936
1336,15.0970,2.50000,1.04083,-0.67261,0.063334,0.75000,0.00000,2.50000,-0.63603
1337,16.5130,2.50000,1.04083,-0.60927,0.063333,0.75000,0.00000,2.50000,-0.57269
1338,16.6100,2.50000,1.04083,-0.54594,0.063333,0.75000,0.00000,2.50000,-0.50936
1339,16.5050,2.50000,1.04083,-0.48261,0.063333,0.75000,0.00000,2.50000,-0.44603
1340,16.6600,2.50000,1.04083,-0.41927,0.063333,0.75000,0.00000,2.50000,-0.38269
1341,16.9160,2.50000,1.04083,-0.35594,0.063333,0.75000,0.00000,2.50000,-0.31936
1342,16.7770,2.50000,1.04083,-0.29261,0.063333,0.75000,0.00000,2.50000,-0.25603
1343,16.8070,2.50000,1.04083,-0.22927,0.063333,0.75000,0.00000,2.50000,-0.19269
1344,16.5060,2.50000,1.04083,-0.16594,0.063333,0.75000,0.00000,2.50000,-0.12936
1345,16.7240,2.50000,1.04083,-0.10261,0.063333,0.75000,0.00000,2.50000,-0.06603
1346,16.2850,2.50000,1.04083,-0.03927,0.063333,0.75000,0.00000,2.50000,-0.00269
1347,16.8320,2.50000,1.04083,0.02406,0.063333,0.75000,0.00000,2.50000,0.06064
1348,21.2050,2.50000,1.04083,0.08739,0.063333,0.74988,0.00000,2.50000,0.12397
1349,11.8620,2.50000,1.04083,0.15073,0.063333,0.75012,0.00000,2.50000,0.18731
1350,16.7490,2.50000,1.04083,0.21406,0.063333,0.75000,0.00000,2.50000,0.25064
1351,16.4370,2.50000,1.04083,0.27739,0.063333,0.75000,0.00000,2.50000,0.31397
1352,16.4300,2.50000,1.04083,0.34073,0.063333,0.75000,0.00000,2.50000,0.37731
1353,17.4900,2.50000,1.04083,0.40406,0.063333,0.75000,0.00000,2.50000,0.44064
1354,16.6400,2.50000,1.04083,0.46739,0.063333,0.75000,0.00000,2.50000,0.50397
1355,16.4160,2.50000,1.04083,0.53073,0.063333,0.75000,0.00000,2.50000,0.56731
1356,16.6140,2.50000,1.04083,0.59406,0.063333,0.75000,0.00000,2.50000,0.63064
1357,16.6750,2.50000,1.04083,0.65739,0.063334,0.75000,0.00000,2.50000,0.69397
1358,16.5060,2.50000,1.04083,0.72073,0.063333,0.75000,0.00000,2.50000,0.75731
1359,16.9830,2.50000,1.04083,0.78406,0.063333,0.75000,0.00000,2.50000,0.82064
1360,16.6960,2.50000,1.04083,0.84739,0.063333,0.75000,0.00000,2.50000,0.88397
1361,21.1910,2.50000,1.04083,0.91073,0.063333,0.75000,0.00000,2.50000,0.94731
1362,11.9050,2.50000,1.04083,0.97406,0.063333,0.75000,0.00000,2.50000,1.01064
1363,17.0350,2.50000,1.04083,1.03739,0.063333,0.74988,0.00000,2.50000,1.07397
1364,16.1980,2.50000,1.04083,1.10073,0.063333,0.75012,0.00000,2.50000,1.13731
1365,16.7800,2.50000,1.04083,1.16406,0.063333,0.75000,0.00000,2.50000,1.20064
1366,16.6750,2.50000,1.04083,1.22739,0.063333,0.75000,0.00000,2.50000,1.26397
1367,16.6550,2.50000,1.04083,1.29073,0.063333,0.75000,0.00000,2.50000,1.32731
1368,16.6110,2.50000,1.04083,1.35406,0.063333,0.75000,0.00000,2.50000,1.39064
1369,16.6230,2.50000,1.04083,1.41739,0.063333,0.75000,0.00000,2.50000,1.45397
1370,16.6250,2.50000,1.04083,1.48073,0.063333,0.75000,0.00000,2.50000,1.51731
1371,16.9950,2.50000,1.04083,1.54406,0.063333,0.75000,0.00000,2.50000,1.58064
1372,16.6370,2.50000,1.04083,1.60739,0.063333,0.75000,0.00000,2.50000,1.64397
1373,16.6180,2.50000,1.04083,1.67073,0.063334,0.75000,0.00000,2.50000,1.70731
1374,21.6960,2.50000,1.04083,1.73406,0.063333,0.75000,0.00000,2.50000,1.77064
1375,11.5900,2.50000,1.04083,1.79739,0.063333,0.75000,0.00000,2.50000,1.83397
1376,16.8390,2.50000,1.04083,1.86073,0.063333,0.75000,0.00000,2.50000,1.89731
1377,16.5210,2.50000,1.04083,1.92406,0.063333,0.75000,0.00000,2.50000,1.96064
1378,16.8720,2.50000,1.04083,1.98739,0.063333,0.74988,0.00000,2.50000,2.02397
1379,16.3810,2.50000,1.04083,2.05073,0.063334,0.75012,0.00000,2.50000,2.08731
1380,16.7180,2.50000,1.04083,2.11406,0.063333,0.75000,0.00000,2.50000,2.15064
1381,16.7240,2.50000,1.04083,2.17739,0.063333,0.75000,0.00000,2.50000,2.21397
1382,16.6750,2.50000,1.04083,2.24073,0.063333,0.75000,0.00000,2.50000,2.27730
1383,16.7270,2.50000,1.04083,2.30406,0.063333,0.75000,0.00000,2.50000,2.34064
1384,16.6690,2.50000,1.04083,2.36739,0.063333,0.75000,0.00000,2.50000,2.40397
1385,16.7990,2.50000,1.04083,2.43073,0.063333,0.75000,0.00000,2.50000,2.46730
1386,16.3830,2.50000,1.04083,2.49406,0.063333,0.75000,0.00000,2.50000,2.53064
1387,21.5450,2.50000,1.04083,2.55739,0.063333,0.75000,0.00000,2.50000,2.59397
1388,12.0130,2.50000,1.04083,2.62073,0.063333,0.75000,0.00000,2.50000,2.65730
1389,16.5760,2.50000,1.04083,2.68406,0.063333,0.75000,0.00000,2.50000,2.72064
1390,16.6620,2.50000,1.04083,2.74587,0.061808,0.75000,0.00000,2.50000,2.78036
1391,16.6820,2.50000,1.04083,2.80406,0.058196,0.75000,0.00000,2.50000,2.83647
1392,17.1730,2.50000,1.04083,2.85865,0.054586,0.75000,0.00000,2.50000,2.88897
1393,16.0790,2.50000,1.04083,2.90962,0.050974,0.74988,0.00000,2.50000,2.93786
1394,16.6830,2.50000,1.04083,2.95699,0.047364,0.75012,0.00000,2.50000,2.98314
1395,16.5850,2.50000,1.04083,3.00074,0.043752,0.75000,0.00000,2.50000,3.02480
1396,16.8400,2.50000,1.04083,3.04088,0.040141,0.75000,0.00000,2.50000,3.06286
1397,16.8460,2.50000,1.04083,3.07741,0.036530,0.75000,0.00000,2.50000,3.09730
1398,16.4940,2.50000,1.04083,3.11033,0.032919,0.75000,0.00000,2.50000,3.12814
1399,16.8930,2.50000,1.04083,3.13964,0.029307,0.75000,0.00000,2.50000,3.15536
1400,18.0640,2.50000,1.04083,3.16533,0.025697,0.75000,0.00000,2.50000,3.17897
1401,15.0500,2.50000,1.04083,3.18742,0.022085,0.75000,0.00000,2.50000,3.19897
1402,17.1690,2.50000,1.04083,3.20343,0.016011,0.75000,0.00000,2.50000,3.20953
1403,16.4180,2.50000,1.04083,3.21000,0.006566,0.75000,0.00000,2.50000,3.21064
1404,16.4890,2.50000,1.04083,3.21005,0.000055,0.75000,0.00000,2.50000,3.20925
1405,16.6540,2.50000,1.04083,3.20761,0.002445,0.75000,0.00000,2.50000,3.20536
1406,16.6140,2.50000,1.04083,3.20266,0.004945,0.75000,0.00000,2.50000,3.19897
1407,16.6860,2.50000,1.04083,3.19522,0.007445,0.75000,0.00000,2.50000,3.19008
1408,16.6340,2.50000,1.04083,3.18527,0.009944,0.74988,0.00000,2.50000,3.17869
1409,16.9800,2.50000,1.04083,3.17283,0.012446,0.75012,0.00000,2.50000,3.16480
1410,16.5930,2.50000,1.04083,3.15788,0.014945,0.75000,0.00000,2.50000,3.14842
1411,16.5870,2.50000,1.04083,3.14044,0.017446,0.75000,0.00000,2.50000,3.12953
1412,16.4540,2.50000,1.04083,3.12049,0.019945,0.75000,0.00000,2.50000,3.10814
1413,21.0860,2.50000,1.04083,3.09805,0.022445,0.75000,0.00000,2.50000,3.08425
1414,12.8700,2.50000,1.04083,3.07310,0.024944,0.75000,0.00000,2.50000,3.05786
1415,16.3160,2.50000,1.04083,3.04566,0.027445,0.75000,0.00000,2.50000,3.02897
1416,16.4020,2.50000,1.04083,3.01571,0.029945,0.75000,0.00000,2.50000,2.99758
1417,16.8740,2.50000,1.04083,2.98327,0.032445,0.75000,0.00000,2.50000,2.96369
1418,16.2530,2.50000,1.04083,2.94832,0.034945,0.75000,0.00000,2.50000,2.92730
1419,17.0110,2.50000,1.04083,2.91088,0.037445,0.75000,0.00000,2.50000,2.88842
1420,16.9590,2.50000,1.04083,2.87093,0.039945,0.75000,0.00000,2.50000,2.84703
1421,16.5790,2.50000,1.04083,2.82849,0.042445,0.75000,0.00000,2.50000,2.80314
1422,16.6170,2.50000,1.04083,2.78354,0.044945,0.75000,0.00000,2.50000,2.75675
1423,514.9060,2.50000,1.04083,2.29925,0.484292,0.74988,0.00000,2.50000,2.29925
1424,7.3400,2.50000,1.04083,2.14407,0.155175,6.43323,0.00000,2.50000,2.10925
1425,2.8860,2.50000,1.04083,2.08074,0.063331,1.83765,0.00000,2.50000,2.04592
1426,8.2080,2.50000,1.04083,2.01741,0.063331,0.75000,0.00000,2.50000,1.98258
1427,17.1620,2.50000,1.04083,1.95408,0.063331,0.75000,0.00000,2.50000,1.91925
1428,16.5510,2.50000,1.04083,1.89075,0.063333,0.74988,0.00000,2.50000,1.85592
1429,16.4270,2.50000,1.04083,1.82741,0.063333,0.75000,0.00000,2.50000,1.79258
1430,16.7760,2.50000,1.04083,1.76408,0.063333,0.75012,0.00000,2.50000,1.72925
1431,16.6350,2.50000,1.04083,1.70075,0.063333,0.74988,0.00000,2.50000,1.66592
1432,16.6080,2.50000,1.04083,1.63741,0.063333,0.75000,0.00000,2.50000,1.60258
1433,16.6020,2.50000,1.04083,1.57408,0.063333,0.75000,0.00000,2.50000,1.53925
1434,18.7320,2.50000,1.04083,1.51075,0.063333,0.75000,0.00000,2.50000,1.47592
1435,14.9000,2.50000,1.04083,1.44741,0.063333,0.75000,0.00000,2.50000,1.41258
1436,16.5010,2.50000,1.04083,1.38408,0.063334,0.75000,0.00000,2.50000,1.34925
1437,16.7830,2.50000,1.04083,1.32075,0.063333,0.75012,0.00000,2.50000,1.28592
1438,16.7230,2.50000,1.04083,1.25741,0.063333,0.74988,0.00000,2.50000,1.22258
1439,16.5620,2.50000,1.04083,1.19408,0.063333,0.75000,0.00000,2.50000,1.15925
1440,16.5400,2.50000,1.04083,1.13075,0.063333,0.75000,0.00000,2.50000,1.09592
1441,16.6870,2.50000,1.04083,1.06741,0.063333,0.75000,0.00000,2.50000,1.03258
1442,16.8900,2.50000,1.04083,1.00408,0.063334,0.75000,0.00000,2.50000,0.96925
1443,16.6310,2.50000,1.04083,0.94075,0.063333,0.75000,0.00000,2.50000,0.90592
1444,16.5130,2.50000,1.04083,0.87742,0.063333,0.75000,0.00000,2.50000,0.84258
1445,16.9600,2.50000,1.04083,0.81408,0.063333,0.75012,0.00000,2.50000,0.77925
1446,17.1780,2.50000,1.04083,0.75075,0.063333,0.74988,0.00000,2.50000,0.71592
1447,21.2200,2.50000,1.04083,0.68742,0.063333,0.75000,0.00000,2.50000,0.65258
1448,11.4370,2.50000,1.04083,0.62408,0.063333,0.75000,0.00000,2.50000,0.58925
1449,17.0020,2.50000,1.04083,0.56075,0.063333,0.75000,0.00000,2.50000,0.52592
1450,16.1830,2.50000,1.04083,0.49742,0.063333,0.75000,0.00000,2.50000,0.46258
1451,16.8100,2.50000,1.04083,0.43408,0.063333,0.75000,0.00000,2.50000,0.39925
1452,16.6310,2.50000,1.04083,0.37075,0.063333,0.75012,0.00000,2.50000,0.33592
1453,16.6060,2.50000,1.04083,0.30742,0.063333,0.74988,0.00000,2.50000,0.27258
1454,16.7600,2.50000,1.04083,0.24408,0.063333,0.75000,0.00000,2.50000,0.20925
1455,16.6380,2.50000,1.04083,0.18075,0.063333,0.75000,0.00000,2.50000,0.14592
1456,16.7980,2.50000,1.04083,0.11742,0.063333,0.75000,0.00000,2.50000,0.08258
1457,16.5350,2.50000,1.04083,0.05408,0.063333,0.75000,0.00000,2.50000,0.01925
1458,16.9410,2.50000,1.04083,-0.00925,0.063333,0.75000,0.00000,2.50000,-0.04408
1459,16.9370,2.50000,1.04083,-0.07258,0.063333,0.75000,0.00000,2.50000,-0.10742
1460,20.8990,2.50000,1.04083,-0.13592,0.063333,0.75012,0.00000,2.50000,-0.17075
1461,11.8910,2.50000,1.04083,-0.19925,0.063333,0.74988,0.00000,2.50000,-0.23408
1462,16.5410,2.50000,1.04083,-0.26258,0.063333,0.75000,0.00000,2.50000,-0.29742
1463,17.3000,2.50000,1.04083,-0.32592,0.063333,0.75000,0.00000,2.50000,-0.36075
1464,16.3090,2.50000,1.04083,-0.38925,0.063333,0.75000,0.00000,2.50000,-0.42408
1465,16.7530,2.50000,1.04083,-0.45258,0.063333,0.75000,0.00000,2.50000,-0.48742
1466,16.5750,2.50000,1.04083,-0.51592,0.063333,0.75000,0.00000,2.50000,-0.55075
1467,16.5940,2.50000,1.04083,-0.57925,0.063333,0.75012,0.00000,2.50000,-0.61408
1468,16.5080,2.50000,1.04083,-0.64258,0.063333,0.74988,0.00000,2.50000,-0.67742
1469,16.8950,2.50000,1.04083,-0.70592,0.063333,0.75000,0.00000,2.50000,-0.74075
1470,16.9750,2.50000,1.04083,-0.76925,0.063333,0.75000,0.00000,2.50000,-0.80408
1471,16.1140,2.50000,1.04083,-0.83258,0.063333,0.75000,0.00000,2.50000,-0.86742
1472,16.9200,2.50000,1.04083,-0.89592,0.063333,0.75000,0.00000,2.50000,-0.93075
1473,18.3620,2.50000,1.04083,-0.95925,0.063333,0.75000,0.00000,2.50000,-0.99408
1474,14.8760,2.50000,1.04083,-1.02258,0.063333,0.75000,0.00000,2.50000,-1.05742
1475,17.1150,2.50000,1.04083,-1.08621,0.063630,0.75012,0.00000,2.50000,-1.12075
1476,16.7070,2.50000,1.04083,-1.14955,0.063333,0.75342,0.00000,2.50000,-1.18408
1477,16.3550,2.50000,1.04083,-1.21288,0.063333,0.75000,0.00000,2.50000,-1.24742
1478,16.3240,2.50000,1.04083,-1.27621,0.063333,0.75000,0.00000,2.50000,-1.31075
1479,17.0320,2.50000,1.04083,-1.33955,0.063333,0.75000,0.00000,2.50000,-1.37408
1480,16.7080,2.50000,1.04083,-1.40288,0.063333,0.75000,0.00000,2.50000,-1.43742
1481,17.1820,2.50000,1.04083,-1.46664,0.063759,0.75000,0.00000,2.50000,-1.50075
1482,17.0170,2.50000,1.04083,-1.52847,0.061826,0.75500,0.00000,2.50000,-1.56047
1483,16.4240,2.50000,1.04083,-1.58651,0.058046,0.75208,0.00000,2.50000,-1.61658
1484,16.4080,2.50000,1.04083,-1.64095,0.054435,0.75000,0.00000,2.50000,-1.66908
1485,18.6580,2.50000,1.04083,-1.69177,0.050824,0.75000,0.00000,2.50000,-1.71797
1486,14.8100,2.50000,1.04083,-1.73900,0.047225,0.75000,0.00000,2.50000,-1.76325
1487,16.6200,2.50000,1.04083,-1.78260,0.043601,0.75012,0.00000,2.50000,-1.80492
1488,16.9770,2.50000,1.04083,-1.82259,0.039990,0.75000,0.00000,2.50000,-1.84297
1489,16.2970,2.50000,1.04083,-1.85897,0.036378,0.75012,0.00000,2.50000,-1.87742
1490,16.6990,2.50000,1.04083,-1.89173,0.032768,0.74988,0.00000,2.50000,-1.90825
1491,16.8930,2.50000,1.04083,-1.92095,0.029218,0.75000,0.00000,2.50000,-1.93547
1492,16.3790,2.50000,1.04083,-1.94649,0.025538,0.75171,0.00000,2.50000,-1.95908
1493,16.4200,2.50000,1.04083,-1.96842,0.021926,0.75000,0.00000,2.50000,-1.97908
1494,17.2340,2.50000,1.04083,-1.98402,0.015609,0.75000,0.00000,2.50000,-1.98964
1495,16.1480,2.50000,1.04083,-1.99016,0.006135,0.75110,0.00000,2.50000,-1.99075
1496,16.7690,2.50000,1.04083,-1.99010,0.000059,0.75000,0.00000,2.50000,-1.98936
1497,18.3870,2.50000,1.04083,-1.98754,0.002559,0.75012,0.00000,2.50000,-1.98547
1498,14.9800,2.50000,1.04083,-1.98248,0.005059,0.75000,0.00000,2.50000,-1.97908
1499,16.3510,2.50000,1.04083,-1.97492,0.007559,0.74988,0.00000,2.50000,-1.97019
1500,16.6380,2.50000,1.04083,-1.96486,0.010059,0.75000,0.00000,2.50000,-1.95881
1501,17.0190,2.50000,1.04083,-1.95230,0.012560,0.75000,0.00000,2.50000,-1.94492
1502,16.4250,2.50000,1.04083,-1.93723,0.015077,0.75000,0.00000,2.50000,-1.92853
1503,16.6270,2.50000,1.04083,-1.91966,0.017562,0.75085,0.00000,2.50000,-1.90964
1504,16.6960,2.50000,1.04083,-1.89960,0.020062,0.75000,0.00000,2.50000,-1.88825
1505,17.2350,2.50000,1.04083,-1.87702,0.022585,0.75000,0.00000,2.50000,-1.86436
1506,16.9220,2.50000,1.04083,-1.85182,0.025193,0.75073,0.00000,2.50000,-1.83797
1507,16.3100,2.50000,1.04083,-1.82425,0.027577,0.75366,0.00000,2.50000,-1.80908
1508,16.4200,2.50000,1.04083,-1.79417,0.030077,0.75000,0.00000,2.50000,-1.77769
1509,18.5380,2.50000,1.04083,-1.76159,0.032576,0.75000,0.00000,2.50000,-1.74381
1510,14.8830,2.50000,1.04083,-1.72652,0.035076,0.75000,0.00000,2.50000,-1.70742
1511,16.4380,2.50000,1.04083,-1.68894,0.037577,0.75000,0.00000,2.50000,-1.66853
1512,16.7940,2.50000,1.04083,-1.64887,0.040076,0.75000,0.00000,2.50000,-1.62714
1513,16.6280,2.50000,1.04083,-1.60629,0.042577,0.75000,0.00000,2.50000,-1.58325
1514,16.7360,2.50000,1.04083,-1.56121,0.045077,0.75000,0.00000,2.50000,-1.53686
1515,16.6910,2.50000,1.04083,-1.51364,0.047577,0.75000,0.00000,2.50000,-1.48797
1516,16.5960,2.50000,1.04083,-1.46356,0.050076,0.75000,0.00000,2.50000,-1.43658
1517,16.6530,2.50000,1.04083,-1.41098,0.052577,0.75000,0.00000,2.50000,-1.38269
1518,16.6820,2.50000,1.04083,-1.35591,0.055076,0.75000,0.00000,2.50000,-1.32631
1519,16.6350,2.50000,1.04083,-1.29833,0.057577,0.75000,0.00000,2.50000,-1.26742
1520,16.6070,2.50000,1.04083,-1.23825,0.060077,0.75000,0.00000,2.50000,-1.20603
1521,16.7450,2.50000,1.04083,-1.17594,0.062313,0.75000,0.00000,2.50000,-1.14269
1522,22.0530,2.50000,1.04083,-1.11261,0.063333,0.75000,0.00000,2.50000,-1.07936
1523,11.3310,2.50000,1.04083,-1.04927,0.063333,0.75000,0.00000,2.50000,-1.01603
1524,16.5690,2.50000,1.04083,-0.98594,0.063333,0.75000,0.00000,2.50000,-0.95269
1525,16.9000,2.50000,1.04083,-0.92261,0.063333,0.75000,0.00000,2.50000,-0.88936
1526,16.7760,2.50000,1.04083,-0.85927,0.063333,0.75000,0.00000,2.50000,-0.82603
1527,16.5740,2.50000,1.04083,-0.79594,0.063333,0.75000,0.00000,2.50000,-0.76269
1528,16.6740,2.50000,1.04083,-0.73261,0.063333,0.75000,0.00000,2.50000,-0.69936
1529,16.5200,2.50000,1.04083,-0.66927,0.063333,0.75000,0.00000,2.50000,-0.63603
1530,16.7850,2.50000,1.04083,-0.60594,0.063334,0.75000,0.00000,2.50000,-0.57269
1531,16.5190,2.50000,1.04083,-0.54261,0.063333,0.75000,0.00000,2.50000,-0.50936
1532,16.7170,2.50000,1.04083,-0.47927,0.063333,0.75000,0.00000,2.50000,-0.44603
1533,16.4830,2.50000,1.04083,-0.41594,0.063333,0.75000,0.00000,2.50000,-0.38269
1534,16.8120,2.50000,1.04083,-0.35261,0.063333,0.75000,0.00000,2.50000,-0.31936
1535,21.5650,2.50000,1.04083,-0.28927,0.063333,0.75000,0.00000,2.50000,-0.25603
1536,11.8730,2.50000,1.04083,-0.22594,0.063333,0.75000,0.00000,2.50000,-0.19269
1537,16.9460,2.50000,1.04083,-0.16261,0.063333,0.75000,0.00000,2.50000,-0.12936
1538,16.4590,2.50000,1.04083,-0.09927,0.063333,0.75000,0.00000,2.50000,-0.06603
1539,16.5270,2.50000,1.04083,-0.03594,0.063333,0.75000,0.00000,2.50000,-0.00269
1540,16.6920,2.50000,1.04083,0.02739,0.063333,0.75000,0.00000,2.50000,0.06064
1541,16.7600,2.50000,1.04083,0.09073,0.063333,0.75000,0.00000,2.50000,0.12397
1542,16.8700,2.50000,1.04083,0.15406,0.063333,0.75000,0.00000,2.50000,0.18731
1543,16.3490,2.50000,1.04083,0.21739,0.063333,0.75000,0.00000,2.50000,0.25064
1544,16.8120,2.50000,1.04083,0.28073,0.063333,0.75000,0.00000,2.50000,0.31397
1545,16.6070,2.50000,1.04083,0.34406,0.063333,0.75000,0.00000,2.50000,0.37731
1546,16.6890,2.50000,1.04083,0.40739,0.063333,0.75000,0.00000,2.50000,0.44064
1547,16.7110,2.50000,1.04083,0.47073,0.063333,0.75000,0.00000,2.50000,0.50397
1548,18.4690,2.50000,1.04083,0.53406,0.063333,0.75000,0.00000,2.50000,0.56731
1549,14.9360,2.50000,1.04083,0.59739,0.063333,0.75000,0.00000,2.50000,0.63064
1550,16.6080,2.50000,1.04083,0.66073,0.063333,0.75000,0.00000,2.50000,0.69397
1551,16.7710,2.50000,1.04083,0.72406,0.063333,0.75000,0.00000,2.50000,0.75731
1552,16.4000,2.50000,1.04083,0.78739,0.063333,0.75000,0.00000,2.50000,0.82064
1553,16.8780,2.50000,1.04083,0.85073,0.063333,0.75000,0.00000,2.50000,0.88397
1554,16.6070,2.50000,1.04083,0.91406,0.063333,0.75000,0.00000,2.50000,0.94731
1555,16.7410,2.50000,1.04083,0.97739,0.063334,0.75000,0.00000,2.50000,1.01064
1556,17.3240,2.50000,1.04083,1.04073,0.063333,0.75000,0.00000,2.50000,1.07397
1557,16.1860,2.50000,1.04083,1.10406,0.063333,0.75000,0.00000,2.50000,1.13731
1558,16.6570,2.50000,1.04083,1.16739,0.063333,0.75000,0.00000,2.50000,1.20064
1559,16.3900,2.50000,1.04083,1.23073,0.063333,0.75000,0.00000,2.50000,1.26397
1560,16.5260,2.50000,1.04083,1.29406,0.063333,0.75000,0.00000,2.50000,1.32731
1561,21.7030,2.50000,1.04083,1.35739,0.063333,0.75000,0.00000,2.50000,1.39064
1562,11.8920,2.50000,1.04083,1.42073,0.063333,0.75000,0.00000,2.50000,1.45397
1563,16.8210,2.50000,1.04083,1.48406,0.063333,0.75000,0.00000,2.50000,1.51731
1564,16.5570,2.50000,1.04083,1.54739,0.063334,0.75000,0.00000,2.50000,1.58064
1565,16.4470,2.50000,1.04083,1.61073,0.063333,0.75000,0.00000,2.50000,1.64397
1566,17.1350,2.50000,1.04083,1.67406,0.063333,0.75000,0.00000,2.50000,1.70731
1567,16.7770,2.50000,1.04083,1.73739,0.063333,0.75000,0.00000,2.50000,1.77064
1568,16.7030,2.50000,1.04083,1.80073,0.063333,0.75000,0.00000,2.50000,1.83397
1569,16.9790,2.50000,1.04083,1.86406,0.063333,0.75000,0.00000,2.50000,1.89731
1570,16.8440,2.50000,1.04083,1.92739,0.063333,0.75000,0.00000,2.50000,1.96064
1571,16.1790,2.50000,1.04083,1.99073,0.063333,0.75000,0.00000,2.50000,2.02397
1572,16.8020,2.50000,1.04083,2.05406,0.063334,0.75000,0.00000,2.50000,2.08730
1573,16.6310,2.50000,1.04083,2.11739,0.063333,0.75000,0.00000,2.50000,2.15064
1574,18.6280,2.50000,1.04083,2.18073,0.063333,0.75000,0.00000,2.50000,2.21397
1575,15.0420,2.50000,1.04083,2.24406,0.063333,0.75000,0.00000,2.50000,2.27730
1576,16.5890,2.50000,1.04083,2.30739,0.063333,0.75000,0.00000,2.50000,2.34064
1577,16.5490,2.50000,1.04083,2.37073,0.063333,0.75000,0.00000,2.50000,2.40397
1578,16.5720,2.50000,1.04083,2.43406,0.063333,0.75000,0.00000,2.50000,2.46730
1579,16.8070,2.50000,1.04083,2.49739,0.063333,0.75000,0.00000,2.50000,2.53064
1580,16.7220,2.50000,1.04083,2.56072,0.063333,0.75000,0.00000,2.50000,2.59397
1581,16.6630,2.50000,1.04083,2.62406,0.063333,0.75000,0.00000,2.50000,2.65730
1582,17.1640,2.50000,1.04083,2.68739,0.063333,0.75000,0.00000,2.50000,2.72064
1583,16.2410,2.50000,1.04083,2.74901,0.061618,0.75000,0.00000,2.50000,2.78036
1584,17.1170,2.50000,1.04083,2.80702,0.058007,0.75000,0.00000,2.50000,2.83647
1585,16.5300,2.50000,1.04083,2.86141,0.054396,0.75000,0.00000,2.50000,2.88897
1586,16.7460,2.50000,1.04083,2.91220,0.050784,0.75000,0.00000,2.50000,2.93786
1587,21.5130,2.50000,1.04083,2.95937,0.047174,0.75000,0.00000,2.50000,2.98314
1588,11.6920,2.50000,1.04083,3.00293,0.043562,0.75000,0.00000,2.50000,3.02480
1589,16.8120,2.50000,1.04083,3.04288,0.039951,0.75000,0.00000,2.50000,3.06286
1590,16.4970,2.50000,1.04083,3.07922,0.036340,0.75000,0.00000,2.50000,3.09730
1591,17.2010,2.50000,1.04083,3.11195,0.032730,0.75000,0.00000,2.50000,3.12814
1592,16.4860,2.50000,1.04083,3.14107,0.029117,0.75000,0.00000,2.50000,3.15536
1593,16.7330,2.50000,1.04083,3.16658,0.025507,0.75000,0.00000,2.50000,3.17897
1594,16.6310,2.50000,1.04083,3.18847,0.021895,0.75000,0.00000,2.50000,3.19897
1595,16.6570,2.50000,1.04083,3.20398,0.015512,0.75000,0.00000,2.50000,3.20953
1596,16.3610,2.50000,1.04083,3.21005,0.006070,0.75000,0.00000,2.50000,3.21064
1597,16.9120,2.50000,1.04083,3.20998,0.000077,0.75000,0.00000,2.50000,3.20925
1598,16.7460,2.50000,1.04083,3.20740,0.002577,0.75000,0.00000,2.50000,3.20536
1599,16.6400,2.50000,1.04083,3.20233,0.005076,0.75000,0.00000,2.50000,3.19897
1600,21.4300,2.50000,1.04083,3.19475,0.007577,0.75000,0.00000,2.50000,3.19008
1601,11.4400,2.50000,1.04083,3.18467,0.010077,0.75000,0.00000,2.50000,3.17869
1602,16.4530,2.50000,1.04083,3.17209,0.012577,0.75000,0.00000,2.50000,3.16480
1603,16.7860,2.50000,1.04083,3.15702,0.015076,0.75000,0.00000,2.50000,3.14842
1604,16.9690,2.50000,1.04083,3.13944,0.017576,0.75000,0.00000,2.50000,3.12953
1605,16.5480,2.50000,1.04083,3.11936,0.020077,0.75000,0.00000,2.50000,3.10814
1606,16.5200,2.50000,1.04083,3.09679,0.022577,0.75000,0.00000,2.50000,3.08425
1607,16.6850,2.50000,1.04083,3.07171,0.025077,0.75000,0.00000,2.50000,3.05786
1608,16.6910,2.50000,1.04083,3.04414,0.027576,0.75000,0.00000,2.50000,3.02897
1609,16.6510,2.50000,1.04083,3.01406,0.030077,0.75000,0.00000,2.50000,2.99758
1610,16.6020,2.50000,1.04083,2.98148,0.032577,0.75000,0.00000,2.50000,2.96369
1611,16.7300,2.50000,1.04083,2.94640,0.035077,0.75000,0.00000,2.50000,2.92730
1612,16.7480,2.50000,1.04083,2.90883,0.037576,0.75000,0.00000,2.50000,2.88841
1613,21.3920,2.50000,1.04083,2.86875,0.040076,0.75000,0.00000,2.50000,2.84703
1614,11.8870,2.50000,1.04083,2.82618,0.042577,0.75000,0.00000,2.50000,2.80314
1615,16.8840,2.50000,1.04083,2.78110,0.045077,0.75000,0.00000,2.50000,2.75675
1616,17.0420,2.50000,1.04083,2.73352,0.047576,0.75000,0.00000,2.50000,2.70786
1617,16.3030,2.50000,1.04083,2.68345,0.050077,0.75000,0.00000,2.50000,2.65647
1618,16.7600,2.50000,1.04083,2.63087,0.052577,0.75000,0.00000,2.50000,2.60258
1619,16.6040,2.50000,1.04083,2.57579,0.055076,0.75000,0.00000,2.50000,2.54619
1620,16.5110,2.50000,1.04083,2.51822,0.057577,0.75000,0.00000,2.50000,2.48730
1621,16.6860,2.50000,1.04083,2.45814,0.060077,0.75000,0.00000,2.50000,2.42591
1622,16.6140,2.50000,1.04083,2.39583,0.062313,0.75000,0.00000,2.50000,2.36258
1623,16.5410,2.50000,1.04083,2.33249,0.063333,0.75000,0.00000,2.50000,2.29925
1624,16.7560,2.50000,1.04083,2.26916,0.063333,0.75000,0.00000,2.50000,2.23591
1625,16.8730,2.50000,1.04083,2.20583,0.063333,0.75000,0.00000,2.50000,2.17258
1626,21.8810,2.50000,1.04083,2.14249,0.063333,0.75000,0.00000,2.50000,2.10925
1627,11.7770,2.50000,1.04083,2.07916,0.063333,0.75000,0.00000,2.50000,2.04592
1628,16.4610,2.50000,1.04083,2.01583,0.063333,0.75000,0.00000,2.50000,1.98258
1629,28.8290,2.50000,1.04083,1.95249,0.063333,0.75000,0.00000,2.50000,1.91925
1630,4.4790,2.50000,1.04083,1.88916,0.063333,0.75000,0.00000,2.50000,1.85592
1631,17.9860,2.50000,1.04083,1.82583,0.063333,0.75000,0.00000,2.50000,1.79258
1632,15.6360,2.50000,1.04083,1.76249,0.063333,0.75000,0.00000,2.50000,1.72925
1633,16.8160,2.50000,1.04083,1.69916,0.063333,0.75000,0.00000,2.50000,1.66592
1634,16.1130,2.50000,1.04083,1.63583,0.063333,0.75000,0.00000,2.50000,1.60258
1635,16.7420,2.50000,1.04083,1.57250,0.063333,0.75000,0.00000,2.50000,1.53925
1636,16.3880,2.50000,1.04083,1.50916,0.063333,0.75000,0.00000,2.50000,1.47592
1637,17.0610,2.50000,1.04083,1.44583,0.063333,0.75000,0.00000,2.50000,1.41258
1638,16.7690,2.50000,1.04083,1.38250,0.063333,0.75000,0.00000,2.50000,1.34925
1639,18.0680,2.50000,1.04083,1.31916,0.063333,0.75000,0.00000,2.50000,1.28592
1640,15.0910,2.50000,1.04083,1.25583,0.063333,0.75000,0.00000,2.50000,1.22258
1641,16.5100,2.50000,1.04083,1.19250,0.063334,0.75000,0.00000,2.50000,1.15925
1642,16.5130,2.50000,1.04083,1.12916,0.063333,0.75000,0.00000,2.50000,1.09592
1643,16.9210,2.50000,1.04083,1.06583,0.063333,0.75000,0.00000,2.50000,1.03258
1644,16.3150,2.50000,1.04083,1.00250,0.063334,0.75000,0.00000,2.50000,0.96925
1645,16.5940,2.50000,1.04083,0.93916,0.063333,0.75000,0.00000,2.50000,0.90592
1646,17.0230,2.50000,1.04083,0.87583,0.063333,0.75000,0.00000,2.50000,0.84258
1647,16.8000,2.50000,1.04083,0.81250,0.063333,0.75000,0.00000,2.50000,0.77925
1648,16.2630,2.50000,1.04083,0.74916,0.063333,0.75000,0.00000,2.50000,0.71592
