frame,frame_ms,eye_x,eye_y,eye_z,step_m,yaw_step_deg,visual_error_m,body_x,body_z
0,36.0740,-2.47556,2.04522,-2.47556,0.100886,0.75155,0.00000,-2.47363,-2.47363
1,6.4070,-2.45859,1.96756,-2.45859,0.081284,4.27983,0.00000,-2.45059,-2.45059
2,3.1020,-2.45059,1.92993,-2.45059,0.039295,1.18143,0.00000,-2.43639,-2.43639
3,0.6930,-2.45027,1.92836,-2.45027,0.001630,0.48305,0.00000,-2.43639,-2.43639
4,0.4120,-2.45022,1.92815,-2.45022,0.000221,0.01714,0.00000,-2.43639,-2.43639
5,13.1270,-2.43639,1.86150,-2.43639,0.069467,0.00233,0.00000,-2.42039,-2.42039
6,14.2840,-2.42839,1.82228,-2.42839,0.040814,0.73053,0.00000,-2.42039,-2.42039
7,58.9960,-2.41917,1.77701,-2.41917,0.047108,0.37500,0.00000,-2.40260,-2.40260
8,8.1100,-2.36887,1.52443,-2.36887,0.262410,0.42634,0.00000,-2.36165,-2.36165
9,3.4710,-2.34631,1.40938,-2.34631,0.119392,1.94512,0.00000,-2.33848,-2.33848
10,3.0570,-2.32994,1.32540,-2.32994,0.087106,0.75000,0.00000,-2.31352,-2.31352
11,12.2520,-2.31178,1.23193,-2.31178,0.096936,0.51012,0.00000,-2.28677,-2.28677
12,31.9790,-2.28492,1.09848,-2.28492,0.138752,0.54207,0.00000,-2.25822,-2.25822
13,3.9620,-2.25620,1.04085,-2.25620,0.070502,0.75000,0.00000,-2.22710,-2.22710
14,14.1380,-2.22491,1.04085,-2.22491,0.044253,0.75000,0.00000,-2.19339,-2.19339
15,16.9450,-2.19104,1.04085,-2.19104,0.047901,0.75000,0.00000,-2.15711,-2.15711
16,16.6200,-2.15468,1.04085,-2.15459,0.051484,0.75000,0.00000,-2.11968,-2.11824
17,24.8100,-2.11726,1.04085,-2.11556,0.054075,0.75000,0.00000,-2.08230,-2.07682
18,8.6030,-2.07988,1.04085,-2.07396,0.055921,0.75000,0.00000,-2.04496,-2.03285
19,18.5630,-2.04254,1.04085,-2.02983,0.057808,0.75000,0.00000,-2.00764,-1.98637
20,520.1940,-1.71199,1.04085,-1.58268,0.556064,0.75000,0.00000,-1.70933,-1.57902
21,5.0530,-1.66768,1.04085,-1.52184,0.075263,6.64778,0.00000,-1.63475,-1.47664
22,5.7340,-1.63475,1.04085,-1.47664,0.055927,0.89127,0.00000,-1.59747,-1.42544
23,16.9760,-1.59747,1.04085,-1.42544,0.063333,0.66230,0.00000,-1.56018,-1.37425
24,22.2210,-1.55689,1.04085,-1.36973,0.068925,0.75000,0.00000,-1.52289,-1.32306
25,12.7750,-1.51958,1.04085,-1.31851,0.063361,0.81621,0.00000,-1.48560,-1.27186
26,15.6990,-1.48225,1.04085,-1.26726,0.063407,0.75033,0.00000,-1.44831,-1.22067
27,16.1480,-1.44500,1.04085,-1.21612,0.063270,0.75087,0.00000,-1.41103,-1.16948
28,16.8290,-1.40825,1.04084,-1.16562,0.062461,0.74925,0.04575,-1.40799,-1.16243
29,16.6960,-1.37711,1.04076,-1.12238,0.053280,0.75038,0.03745,-1.37069,-1.11125
30,16.3900,-1.34477,1.04069,-1.07758,0.055253,0.74871,0.03067,-1.33338,-1.06006
31,16.8210,-1.31145,1.04063,-1.03151,0.056860,0.75101,0.02511,-1.29608,-1.00888
32,16.9120,-1.27759,1.04058,-0.98477,0.057720,0.75262,0.02056,-1.25878,-0.95770
33,16.3260,-1.24303,1.04054,-0.93712,0.058859,0.74808,0.01683,-1.22148,-0.90651
34,17.1940,-1.20798,1.04051,-0.88883,0.059670,0.75000,0.01378,-1.18418,-0.85533
35,16.1590,-1.17251,1.04049,-0.84002,0.060334,0.75000,0.01128,-1.14688,-0.80415
36,18.9150,-1.13677,1.04047,-0.79089,0.060755,0.75000,0.01541,-1.11273,-0.75995
37,14.6570,-1.10128,1.04054,-0.74253,0.059985,0.75000,0.01262,-1.07544,-0.70876
38,16.3910,-1.06546,1.04059,-0.69366,0.060592,0.75000,0.01033,-1.03815,-0.65756
39,17.6560,-1.02937,1.04064,-0.64437,0.061089,0.75000,0.00846,-1.00087,-0.60637
40,16.4140,-0.99307,1.04067,-0.59474,0.061496,0.75000,0.00692,-0.96358,-0.55518
41,16.3190,-0.95659,1.04070,-0.54482,0.061829,0.75000,0.00567,-0.92629,-0.50399
42,16.5690,-0.91996,1.04072,-0.49467,0.062102,0.75000,0.00464,-0.88900,-0.45279
43,16.8820,-0.88321,1.04074,-0.44433,0.062325,0.75000,0.00380,-0.85171,-0.40160
44,16.5420,-0.84636,1.04076,-0.39384,0.062508,0.75000,0.00311,-0.81443,-0.35041
45,16.6110,-0.80944,1.04077,-0.34322,0.062657,0.75000,0.00255,-0.77714,-0.29921
46,17.0110,-0.77245,1.04078,-0.29249,0.062780,0.75000,0.00209,-0.73985,-0.24802
47,16.1250,-0.73540,1.04079,-0.24168,0.062880,0.75000,0.00171,-0.70256,-0.19683
48,17.1920,-0.69831,1.04080,-0.19080,0.062962,0.75000,0.00140,-0.66527,-0.14563
49,21.4890,-0.66119,1.04081,-0.13987,0.063030,0.75000,0.00114,-0.62799,-0.09444
50,11.5780,-0.62464,1.04081,-0.08972,0.062052,0.75000,0.05279,-0.62799,-0.09444
51,16.4290,-0.59411,1.04081,-0.04783,0.051836,0.75000,0.04322,-0.59070,-0.04325
52,16.6140,-0.56235,1.04082,-0.00425,0.053921,0.75000,0.03538,-0.55341,0.00794
53,17.3340,-0.52960,1.04082,0.04071,0.055627,0.75000,0.02897,-0.51612,0.05914
54,16.0310,-0.49602,1.04082,0.08680,0.057024,0.75000,0.02372,-0.47884,0.11033
55,16.7740,-0.46177,1.04082,0.13381,0.058167,0.75000,0.01942,-0.44155,0.16152
56,16.6980,-0.42696,1.04083,0.18158,0.059104,0.75000,0.01590,-0.40426,0.21272
57,16.6470,-0.39171,1.04083,0.22997,0.059871,0.75000,0.01302,-0.36697,0.26391
58,17.1560,-0.35609,1.04083,0.27887,0.060498,0.75000,0.01066,-0.32968,0.31510
59,16.5400,-0.32017,1.04083,0.32819,0.061012,0.75000,0.00873,-0.29240,0.36630
60,17.1650,-0.28400,1.04083,0.37784,0.061433,0.75000,0.00714,-0.25511,0.41749
61,17.1490,-0.24762,1.04083,0.42778,0.061777,0.75000,0.00585,-0.21782,0.46868
62,22.3070,-0.21108,1.04083,0.47794,0.062059,0.75000,0.00479,-0.18053,0.51987
63,10.3600,-0.17441,1.04083,0.52829,0.062290,0.75000,0.00392,-0.14324,0.57107
64,16.6280,-0.13762,1.04083,0.57879,0.062479,0.75000,0.00321,-0.10596,0.62226
65,16.5590,-0.10075,1.04083,0.62942,0.062634,0.75000,0.00263,-0.06867,0.67345
66,16.6580,-0.06379,1.04083,0.68015,0.062761,0.75001,0.00215,-0.03138,0.72465
67,16.8600,-0.02678,1.04083,0.73096,0.062865,0.75000,0.00176,0.00591,0.77584
68,17.0330,0.01028,1.04083,0.78185,0.062950,0.75000,0.00144,0.04320,0.82703
69,16.3690,0.04738,1.04083,0.83278,0.063019,0.74999,0.00118,0.08048,0.87822
70,16.3790,0.08447,1.04083,0.88370,0.062989,0.75000,0.00000,0.11777,0.92942
71,16.7010,0.12113,1.04083,0.93402,0.062259,0.75000,0.00000,0.15506,0.98061
72,16.8410,0.15841,1.04083,0.98522,0.063333,0.75000,0.00000,0.19235,1.03180
73,16.6130,0.19570,1.04083,1.03641,0.063333,0.75000,0.00000,0.22964,1.08300
74,16.7090,0.23299,1.04083,1.08760,0.063333,0.75000,0.00000,0.26692,1.13419
75,18.3480,0.27028,1.04083,1.13879,0.063333,0.75000,0.00000,0.30421,1.18538
76,14.9560,0.30757,1.04083,1.18999,0.063333,0.75000,0.00000,0.34150,1.23658
77,17.1220,0.34485,1.04083,1.24118,0.063333,0.75000,0.00000,0.37879,1.28777
78,16.6170,0.38214,1.04083,1.29237,0.063334,0.75000,0.00000,0.41608,1.33896
79,16.5740,0.41943,1.04083,1.34357,0.063333,0.75000,0.00000,0.45336,1.39015
80,16.3720,0.45672,1.04083,1.39476,0.063334,0.75000,0.00000,0.49065,1.44135
81,16.7520,0.49401,1.04083,1.44595,0.063333,0.75000,0.00000,0.52794,1.49254
82,16.5150,0.53129,1.04083,1.49715,0.063333,0.75000,0.00000,0.56523,1.54373
83,16.7520,0.56858,1.04083,1.54834,0.063333,0.75000,0.00000,0.60252,1.59493
84,17.0140,0.60587,1.04083,1.59953,0.063333,0.75000,0.00000,0.63980,1.64612
85,16.3220,0.64316,1.04083,1.65072,0.063333,0.75000,0.00000,0.67709,1.69731
86,17.1750,0.68045,1.04083,1.70192,0.063333,0.75000,0.00000,0.71438,1.74851
87,16.1760,0.71773,1.04083,1.75311,0.063333,0.75000,0.00000,0.75167,1.79970
88,21.0530,0.75441,1.04083,1.80347,0.062301,0.75000,0.05185,0.75167,1.79970
89,12.4740,0.78505,1.04083,1.84553,0.052040,0.75000,0.04245,0.78896,1.85089
90,16.6060,0.81690,1.04083,1.88925,0.054088,0.75000,0.03476,0.82624,1.90208
91,16.5430,0.84973,1.04083,1.93433,0.055763,0.75000,0.02846,0.86353,1.95328
92,16.9010,0.88337,1.04083,1.98051,0.057136,0.75000,0.02330,0.90082,2.00447
93,16.4340,0.91767,1.04083,2.02760,0.058259,0.75000,0.01908,0.93811,2.05566
94,17.1660,0.95251,1.04083,2.07544,0.059178,0.75000,0.01562,0.97540,2.10686
95,16.7060,0.98779,1.04083,2.12388,0.059932,0.75000,0.01279,1.01268,2.15805
96,16.6530,1.02344,1.04083,2.17282,0.060548,0.75000,0.01047,1.04997,2.20924
97,16.4220,1.05939,1.04083,2.22217,0.061053,0.75000,0.00857,1.08726,2.26044
98,17.1290,1.09558,1.04083,2.27186,0.061467,0.75000,0.00702,1.12455,2.31163
99,16.2290,1.13196,1.04083,2.32181,0.061805,0.75000,0.00575,1.16183,2.36282
100,17.0150,1.16852,1.04083,2.37199,0.062082,0.75000,0.00470,1.19912,2.41401
101,21.3800,1.20520,1.04083,2.42236,0.062308,0.75000,0.00385,1.23641,2.46521
102,12.1950,1.24199,1.04083,2.47287,0.062495,0.75000,0.00315,1.27370,2.51640
103,16.2890,1.27888,1.04083,2.52351,0.062648,0.75000,0.00258,1.31099,2.56759
104,17.0850,1.31584,1.04083,2.57425,0.062770,0.75000,0.00211,1.34827,2.61879
105,16.2170,1.35285,1.04083,2.62507,0.062873,0.75000,0.00173,1.38556,2.66998
106,17.2030,1.38992,1.04083,2.67596,0.062956,0.75000,0.00142,1.42285,2.72117
107,16.0620,1.42702,1.04083,2.72690,0.063025,0.75000,0.00116,1.46014,2.77237
108,17.1350,1.46411,1.04083,2.77782,0.062995,0.75000,0.00000,1.49743,2.82356
109,16.8940,1.50078,1.04083,2.82816,0.062278,0.75000,0.00000,1.53471,2.87475
110,16.1510,1.53807,1.04083,2.87936,0.063333,0.75000,0.00000,1.57200,2.92594
111,16.3540,1.57536,1.04083,2.93055,0.063333,0.74999,0.00000,1.60929,2.97714
112,17.8020,1.61264,1.04083,2.98174,0.063334,0.75000,0.00000,1.64658,3.02833
113,16.4780,1.64961,1.04083,3.03261,0.062880,0.75000,0.00000,1.68026,3.07591
114,20.8900,1.68235,1.04083,3.07903,0.056808,0.75002,0.05185,1.67303,3.06869
115,12.2920,1.70544,1.04083,3.11355,0.041530,0.74999,0.04245,1.69949,3.10905
116,16.6980,1.72613,1.04083,3.14611,0.038577,0.75000,0.03476,1.72233,3.14580
117,16.3090,1.74419,1.04083,3.17641,0.035278,0.75000,0.02846,1.74156,3.17894
118,16.6950,1.75945,1.04083,3.20422,0.031715,0.75000,0.02330,1.75718,3.20846
119,16.7380,1.77176,1.04083,3.22932,0.027955,0.75000,0.01908,1.76919,3.23438
120,16.9100,1.78100,1.04083,3.25155,0.024077,0.75000,0.01562,1.77759,3.25668
121,16.9390,1.78707,1.04083,3.27078,0.020165,0.75000,0.01279,1.78238,3.27537
122,16.7880,1.79043,1.04083,3.28637,0.015951,0.75000,0.01047,1.78958,3.28462
123,16.6240,1.79628,1.04083,3.29293,0.008784,0.75000,0.00857,1.79669,3.28443
124,15.8880,1.80229,1.04083,3.29046,0.006496,0.75000,0.00702,1.80374,3.27575
125,17.2300,1.80843,1.04083,3.28022,0.011936,0.75000,0.00575,1.81072,3.26347
126,16.3010,1.81467,1.04083,3.26666,0.014935,0.74999,0.00470,1.81765,3.24812
127,21.7790,1.82099,1.04083,3.25022,0.017608,0.75000,0.00385,1.82452,3.22993
128,12.5480,1.82737,1.04083,3.23111,0.020149,0.75000,0.00315,1.83135,3.20901
129,16.3980,1.83379,1.04083,3.20940,0.022637,0.75002,0.00258,1.83813,3.18545
130,17.2570,1.84023,1.04083,3.18515,0.025094,0.74999,0.00211,1.84487,3.15928
131,15.8050,1.84670,1.04083,3.15838,0.027541,0.75000,0.00173,1.85157,3.13054
132,17.2160,1.85260,1.04083,3.12827,0.030685,0.75000,0.05327,1.82138,3.04806
133,16.3520,1.85287,1.04083,3.08737,0.040896,0.75000,0.04361,1.82844,3.01423
134,16.5750,1.85433,1.04083,3.04563,0.041763,0.75000,0.03571,1.83547,2.97786
135,16.7200,1.85678,1.04083,3.00276,0.042946,0.75000,0.02924,1.84247,2.93898
136,16.8200,1.86003,1.04083,2.95850,0.044378,0.75000,0.02394,1.84944,2.89758
137,16.8760,1.86392,1.04083,2.91266,0.046007,0.75000,0.01960,1.85638,2.85366
138,16.7910,1.86835,1.04083,2.86507,0.047793,0.75000,0.01604,1.86330,2.80724
139,16.2680,1.87321,1.04083,2.81560,0.049708,0.75000,0.01314,1.87020,2.75832
140,21.7960,1.87843,1.04083,2.76414,0.051729,0.75000,0.01075,1.87709,2.70689
141,11.5970,1.88394,1.04083,2.71059,0.053830,0.74999,0.00881,1.88396,2.65296
142,16.9390,1.88968,1.04083,2.65488,0.056000,0.75000,0.00721,1.89082,2.59652
143,16.0920,1.89561,1.04083,2.59696,0.058229,0.75001,0.00590,1.89768,2.53759
144,16.8380,1.90171,1.04083,2.53676,0.060506,0.75001,0.00483,1.90452,2.47616
145,16.3130,1.90794,1.04083,2.47434,0.062732,0.74999,0.00396,1.91137,2.41320
146,16.8490,1.91428,1.04083,2.41068,0.063972,0.75000,0.00324,1.91822,2.35023
147,16.2840,1.92071,1.04083,2.34715,0.063859,0.74999,0.00265,1.92506,2.28727
148,17.3460,1.92722,1.04083,2.28372,0.063761,0.75002,0.00217,1.93191,2.22431
149,16.4750,1.93378,1.04083,2.22037,0.063684,0.74999,0.00178,1.93876,2.16135
150,16.9270,1.94040,1.04083,2.15710,0.063621,0.74999,0.00146,1.94560,2.09838
151,16.3610,1.94706,1.04083,2.09388,0.063568,0.75002,0.00119,1.95245,2.03542
152,17.0830,1.95364,1.04083,2.03174,0.062486,0.74999,0.05149,1.95210,2.03581
153,18.0330,1.95908,1.04083,1.97990,0.052122,0.75000,0.04215,1.95895,1.97285
154,14.7560,1.96478,1.04083,1.92605,0.054155,0.75001,0.03451,1.96580,1.90989
155,16.8180,1.97068,1.04083,1.87054,0.055818,0.74999,0.02826,1.97266,1.84693
156,535.7770,2.02694,1.04083,1.34892,0.524653,0.75000,0.00570,2.02746,1.34323
157,5.9520,2.03548,1.04083,1.27027,0.079103,6.54466,0.00382,2.04116,1.21731
158,14.9810,2.04164,1.04083,1.21351,0.057094,0.95261,0.00313,2.04801,1.15435
159,11.8320,2.04840,1.04083,1.15124,0.062640,0.68527,0.00256,2.05486,1.09138
160,16.8420,2.05688,1.04083,1.07321,0.078484,0.75000,0.00210,2.06171,1.02842
161,16.6160,2.06427,1.04083,1.00523,0.068387,0.93750,0.00172,2.06856,0.96546
162,16.7690,2.07107,1.04083,0.94263,0.062966,0.81549,0.00141,2.07541,0.90250
163,16.3910,2.07408,1.04083,0.91444,0.028352,0.74988,0.46798,2.01960,1.40627
164,16.3670,2.07024,1.04083,0.94826,0.034035,0.74706,0.38315,2.02646,1.34331
165,17.1550,2.06833,1.04083,0.96456,0.016415,0.75046,0.31370,2.03333,1.28035
166,16.5970,2.06804,1.04083,0.96626,0.001720,0.75618,0.25683,2.04019,1.21739
167,16.4780,2.06905,1.04083,0.95618,0.010126,0.76122,0.21028,2.04706,1.15443
168,17.4550,2.07114,1.04083,0.93640,0.019889,0.74895,0.17216,2.05392,1.09147
169,16.1230,2.07408,1.04083,0.90895,0.027612,0.75330,0.14095,2.06079,1.02851
170,18.4850,2.07768,1.04083,0.87545,0.033691,0.74785,0.11540,2.06765,0.96555
171,14.8860,2.08192,1.04083,0.83629,0.039381,0.74097,0.09448,2.07452,0.90259
172,16.8760,2.08662,1.04083,0.79283,0.043723,0.75000,0.07736,2.08138,0.83963
173,16.8140,2.09172,1.04083,0.74582,0.047278,0.75000,0.06333,2.08824,0.77667
174,16.8380,2.09714,1.04083,0.69593,0.050188,0.75000,0.05185,2.09511,0.71371
175,16.3560,2.10282,1.04083,0.64367,0.052571,0.75000,0.04245,2.10197,0.65075
176,16.7350,2.10872,1.04083,0.58946,0.054522,0.75002,0.03476,2.10884,0.58779
177,16.4230,2.11479,1.04083,0.53367,0.056119,0.75000,0.02846,2.11570,0.52483
178,17.3140,2.11972,1.04083,0.48840,0.045540,0.75000,0.17886,2.10202,0.65075
179,16.0960,2.12256,1.04083,0.46234,0.026211,0.75000,0.14644,2.10888,0.58779
180,16.7960,2.12613,1.04083,0.42960,0.032940,0.75000,0.11989,2.11574,0.52483
181,16.5670,2.13030,1.04083,0.39137,0.038449,0.75000,0.09816,2.12261,0.46187
182,16.5690,2.13495,1.04083,0.34867,0.042960,0.75000,0.08037,2.12947,0.39891
183,21.4720,2.14001,1.04083,0.30229,0.046653,0.75000,0.06580,2.13634,0.33595
184,12.3720,2.14539,1.04083,0.25290,0.049677,0.74998,0.05387,2.14320,0.27299
185,16.7470,2.15104,1.04083,0.20106,0.052152,0.75000,0.04411,2.15006,0.21003
186,16.2920,2.15691,1.04083,0.14720,0.054179,0.75000,0.03611,2.15693,0.14707
187,16.9040,2.15739,1.04083,0.14290,0.004331,0.75000,0.70365,2.07472,0.90261
188,16.3860,2.14845,1.04083,0.22512,0.082711,0.75000,0.57610,2.08158,0.83965
189,16.9070,2.14238,1.04083,0.28103,0.056238,0.75000,0.47167,2.08844,0.77669
190,16.7360,2.13865,1.04083,0.31539,0.034564,0.75000,0.38617,2.09530,0.71373
191,16.5680,2.13684,1.04083,0.33211,0.016818,0.75002,0.31617,2.10216,0.65077
192,16.8000,2.13660,1.04083,0.33439,0.002289,0.75000,0.25886,2.10903,0.58781
193,16.5430,2.13765,1.04083,0.32484,0.009607,0.75000,0.21194,2.11589,0.52485
194,16.9520,2.13975,1.04083,0.30561,0.019346,0.75000,0.17352,2.12275,0.46189
195,16.4620,2.14271,1.04083,0.27845,0.027319,0.75000,0.14207,2.12961,0.39893
196,20.7200,2.14638,1.04083,0.24480,0.033847,0.75000,0.11631,2.13647,0.33597
197,13.2540,2.14849,1.04083,0.22554,0.019382,0.75000,0.35449,2.10901,0.58781
198,16.0580,2.14738,1.04083,0.23572,0.010242,0.75000,0.29024,2.11587,0.52485
199,16.5350,2.14771,1.04083,0.23264,0.003094,0.74998,0.23762,2.12273,0.46189
200,16.7170,2.14923,1.04083,0.21871,0.014014,0.75000,0.19455,2.12959,0.39893
201,16.5070,2.15172,1.04083,0.19589,0.022954,0.75000,0.15928,2.13645,0.33597
202,17.0810,2.15500,1.04083,0.16580,0.030274,0.75000,0.13041,2.14331,0.27301
203,17.2240,2.15893,1.04083,0.12974,0.036266,0.75000,0.10677,2.15018,0.21004
204,16.2470,2.16339,1.04083,0.08881,0.041173,0.75000,0.08742,2.15704,0.14708
205,17.3630,2.16828,1.04083,0.04389,0.045190,0.75000,0.07157,2.16390,0.08412
206,15.9830,2.17353,1.04083,-0.00430,0.048479,0.75002,0.05860,2.17076,0.02116
207,16.8440,2.17736,1.04083,-0.03942,0.035323,0.75000,0.25539,2.15017,0.21004
208,16.4110,2.17848,1.04083,-0.04969,0.010327,0.75000,0.20909,2.15703,0.14708
209,18.5980,2.18064,1.04083,-0.06950,0.019935,0.75000,0.17119,2.16389,0.08412
210,14.9240,2.18365,1.04083,-0.09714,0.027802,0.75000,0.14016,2.17075,0.02116
211,16.4750,2.18736,1.04083,-0.13118,0.034243,0.75000,0.11475,2.17761,-0.04180
212,16.7540,2.19164,1.04083,-0.17047,0.039516,0.75000,0.09395,2.18447,-0.10476
213,17.0080,2.19639,1.04083,-0.21404,0.043834,0.75000,0.07692,2.19134,-0.16772
214,16.5790,2.20152,1.04083,-0.26113,0.047368,0.74998,0.06298,2.19820,-0.23068
215,16.3710,2.20696,1.04083,-0.31110,0.050262,0.75000,0.05156,2.20506,-0.29364
216,16.8010,2.21266,1.04083,-0.36342,0.052632,0.75000,0.04222,2.21192,-0.35660
217,17.4220,2.21858,1.04083,-0.41767,0.054572,0.75000,0.03456,2.21878,-0.41956
218,16.1180,2.22466,1.04083,-0.47350,0.056160,0.75000,0.02830,2.22564,-0.48252
219,16.5420,2.23089,1.04083,-0.53062,0.057460,0.75000,0.02317,2.23250,-0.54548
220,16.8430,2.23723,1.04083,-0.58880,0.058525,0.75000,0.01897,2.23937,-0.60844
221,539.5220,2.29423,1.04083,-1.11187,0.526162,0.75002,0.00383,2.29426,-1.11213
222,8.0030,2.30826,1.04083,-1.24060,0.129496,6.44205,0.00210,2.31484,-1.30101
223,0.6550,2.30866,1.04083,-1.24426,0.003685,1.54910,0.00210,2.31484,-1.30101
224,15.8200,2.31457,1.04083,-1.29853,0.054587,0.04398,0.00210,2.31484,-1.30101
225,19.5610,2.32140,1.04083,-1.36120,0.063045,0.65120,0.00172,2.32170,-1.36397
226,16.5310,2.32595,1.04083,-1.40297,0.042009,0.75119,0.00141,2.32856,-1.42693
227,16.5240,2.33166,1.04083,-1.45538,0.052726,0.50000,0.00115,2.33543,-1.48989
228,17.3370,2.33835,1.04083,-1.51669,0.061666,0.62718,0.00000,2.34229,-1.55285
229,16.6440,2.34370,1.04083,-1.57856,0.062109,0.73764,0.00000,2.34554,-1.61220
230,16.2780,2.34554,1.04083,-1.63638,0.057845,0.76373,0.00000,2.34554,-1.66794
231,16.4470,2.34554,1.04083,-1.69069,0.054307,0.75043,0.00000,2.34554,-1.72007
232,17.4580,2.34554,1.04083,-1.74122,0.050529,0.75195,0.00000,2.34554,-1.76858
233,15.6940,2.34554,1.04083,-1.78811,0.046894,0.74965,0.00000,2.34554,-1.81349
234,19.8790,2.34554,1.04083,-1.83170,0.043586,0.74922,0.00000,2.34554,-1.85478
235,13.9210,2.34554,1.04083,-1.87125,0.039555,0.75456,0.00000,2.34554,-1.89246
236,16.7150,2.34554,1.04083,-1.90745,0.036199,0.74709,0.00000,2.34554,-1.92654
237,16.4970,2.34554,1.04083,-1.93993,0.032483,0.75208,0.00000,2.34554,-1.95700
238,16.7330,2.32967,1.04083,-1.82323,0.117782,0.75000,1.50374,2.14657,-0.15799
239,16.9960,2.29639,1.04083,-1.54312,0.282080,0.75002,1.23115,2.14657,-0.18123
240,16.5860,2.26923,1.04083,-1.31554,0.229191,0.75237,1.00798,2.14657,-0.20085
241,16.2610,2.24924,1.04083,-1.12694,0.189653,0.75002,0.82527,2.15164,-0.21104
242,16.8560,2.23607,1.04083,-0.96589,0.161593,0.74998,0.67567,2.15662,-0.21178
243,16.7910,2.22612,1.04083,-0.82875,0.137502,0.75002,0.55319,2.16154,-0.21001
244,16.7040,2.21880,1.04083,-0.71387,0.115104,0.74998,0.45292,2.16638,-0.20575
245,16.2520,2.21363,1.04083,-0.61595,0.098060,0.75018,0.37082,2.17116,-0.19701
246,18.5580,2.21020,1.04083,-0.53077,0.085251,0.74998,0.30360,2.17589,-0.18515
247,14.8160,2.20820,1.04083,-0.45621,0.074591,0.75002,0.24857,2.18056,-0.17047
248,17.6270,2.20737,1.04083,-0.38971,0.066500,0.74998,0.20351,2.18517,-0.15310
249,16.6520,2.20748,1.04083,-0.33001,0.059700,0.75371,0.16662,2.18974,-0.13310
250,15.7420,2.20835,1.04083,-0.27517,0.054851,0.75000,0.13642,2.19427,-0.11053
251,17.3030,2.20985,1.04083,-0.22386,0.051328,0.75000,0.11169,2.19875,-0.08540
252,531.2560,2.23436,1.04083,0.16397,0.388603,0.75000,0.02255,2.23339,0.20643
253,6.6050,2.23984,1.04083,0.23912,0.075347,6.11456,0.01512,2.24181,0.30445
254,1.0760,2.24139,1.04083,0.26075,0.021692,1.09520,0.01512,2.24181,0.30445
255,8.6890,2.24340,1.04083,0.28872,0.028039,0.30281,0.01512,2.24181,0.30445
256,19.0860,2.24722,1.04083,0.34325,0.054662,0.39140,0.01238,2.24600,0.35721
257,18.7040,2.24984,1.04083,0.38152,0.038359,0.73738,0.01013,2.25018,0.41248
258,15.1260,2.25322,1.04083,0.43168,0.050275,0.50000,0.00830,2.25434,0.47024
259,16.2700,2.25714,1.04083,0.49135,0.059804,0.64091,0.00679,2.25851,0.53051
260,32.2810,2.26122,1.04083,0.55512,0.063899,0.73808,0.00556,2.26267,0.59327
261,4.2050,2.26584,1.04083,0.62849,0.073514,0.76112,0.00455,2.26682,0.65647
262,14.9990,2.26939,1.04083,0.68457,0.056194,0.85837,0.00373,2.27098,0.71967
263,15.3680,2.27340,1.04083,0.74748,0.063030,0.65627,0.00305,2.27514,0.78286
264,17.0730,2.27750,1.04083,0.81140,0.064056,0.73781,0.00250,2.27930,0.84606
265,16.3130,2.28157,1.04083,0.87448,0.063207,0.75136,0.00205,2.28346,0.90926
266,21.8710,2.28576,1.04083,0.93931,0.064972,0.74269,0.00167,2.28762,0.97245
267,11.4150,2.28988,1.04083,1.00284,0.063665,0.76450,0.00137,2.29178,1.03565
268,17.0830,2.28010,1.04083,1.05711,0.055142,0.75002,0.13588,2.13264,1.08139
269,16.3750,2.25981,1.04083,1.10355,0.050677,0.74998,0.11125,2.14005,1.12869
270,16.6040,2.24482,1.04083,1.15244,0.051133,0.75000,0.09108,2.14742,1.17849
271,16.5310,2.23386,1.04083,1.20376,0.052480,0.75018,0.07457,2.15476,1.23080
272,17.2880,2.22617,1.04083,1.25773,0.054514,0.75002,0.06105,2.16208,1.28561
273,16.1000,2.22121,1.04083,1.31398,0.056470,0.75258,0.04999,2.16937,1.34292
274,17.0630,2.21845,1.04083,1.37270,0.058785,0.75000,0.04093,2.17665,1.40272
275,16.6560,2.21750,1.04083,1.43395,0.061255,0.75002,0.03351,2.18392,1.46503
276,16.4610,2.21804,1.04083,1.49666,0.062713,0.75064,0.02743,2.19120,1.52795
277,16.7790,2.21936,1.04083,1.55382,0.057178,0.74998,0.05761,2.19409,1.52769
278,18.6270,2.22135,1.04083,1.60649,0.052708,0.75000,0.04717,2.20129,1.59062
279,15.2370,2.22430,1.04083,1.66129,0.054874,0.75110,0.03862,2.20849,1.65354
280,16.6120,2.22801,1.04083,1.71741,0.056243,0.75450,0.03162,2.21570,1.71646
281,16.5310,2.23236,1.04083,1.77467,0.057427,0.75151,0.02588,2.22290,1.77938
282,16.5870,2.23722,1.04083,1.83296,0.058490,0.74998,0.02119,2.23010,1.84230
283,16.7000,2.24250,1.04083,1.89209,0.059364,0.75000,0.01735,2.23731,1.90523
284,16.9140,2.24814,1.04083,1.95190,0.060081,0.75002,0.01421,2.24451,1.96815
285,16.4060,2.25405,1.04083,2.01228,0.060669,0.75000,0.01163,2.25171,2.03107
286,16.8220,2.26020,1.04083,2.07313,0.061162,0.74998,0.00952,2.25892,2.09399
287,16.5920,2.26655,1.04083,2.13435,0.061545,0.75015,0.00780,2.26612,2.15692
288,16.8910,2.27305,1.04083,2.19594,0.061928,0.75000,0.00638,2.27332,2.21984
289,16.6350,2.27969,1.04083,2.25787,0.062288,0.75070,0.00523,2.28053,2.28276
290,18.3310,2.28642,1.04083,2.31986,0.062352,0.75183,0.00428,2.28773,2.34568
291,14.8670,2.29324,1.04083,2.38202,0.062531,0.75002,0.00350,2.29493,2.40861
292,16.6930,2.30013,1.04083,2.44433,0.062698,0.75002,0.00287,2.30213,2.47153
293,16.7680,2.30707,1.04083,2.50674,0.062793,0.75024,0.00235,2.30934,2.53445
294,16.7010,2.31406,1.04083,2.56924,0.062893,0.75002,0.00192,2.31654,2.59737
295,16.6020,2.32110,1.04083,2.63191,0.063060,0.75002,0.00157,2.32374,2.66030
296,17.0550,2.32817,1.04083,2.69463,0.063121,0.75101,0.00129,2.33095,2.72322
297,16.1990,2.33336,1.04083,2.75543,0.061016,0.75102,0.00106,2.33454,2.78253
298,16.7750,2.33476,1.04083,2.81225,0.056837,0.74998,0.00000,2.33454,2.83823
299,16.6050,2.33454,1.04083,2.86560,0.053356,0.75002,0.00000,2.33454,2.89032
300,16.8660,2.33454,1.04083,2.91584,0.050233,0.74998,0.00000,2.33454,2.93880
301,16.6880,2.33454,1.04083,2.96256,0.046718,0.75066,0.00000,2.33454,2.98366
302,18.1080,2.33454,1.04083,3.00551,0.042955,0.75237,0.00000,2.33454,3.02492
303,15.0980,2.33454,1.04083,3.04485,0.039344,0.75000,0.00000,2.33454,3.06256
304,16.6590,2.33454,1.04083,3.08059,0.035733,0.74998,0.00000,2.33454,3.09660
305,16.7450,2.33454,1.04083,3.11271,0.032121,0.75002,0.00000,2.33454,3.12702
306,16.5920,2.33454,1.04083,3.14122,0.028510,0.74998,0.00000,2.33454,3.15383
307,16.4120,2.33454,1.04083,3.16612,0.024900,0.75000,0.00000,2.33454,3.17703
308,16.7650,2.33454,1.04083,3.18740,0.021287,0.75000,0.00000,2.33454,3.19662
309,16.6270,2.33543,1.04083,3.20199,0.014616,0.75000,0.00000,2.33623,3.20677
310,16.2720,2.33711,1.04083,3.20714,0.005412,0.75000,0.00000,2.33790,3.20747
311,17.0820,2.33877,1.04083,3.20651,0.001774,0.75000,0.00000,2.33955,3.20567
312,16.7700,2.34042,1.04083,3.20339,0.003531,0.75000,0.00000,2.34119,3.20137
313,16.8400,2.34205,1.04083,3.19775,0.005869,0.75000,0.00000,2.34281,3.19457
314,18.0320,2.34366,1.04083,3.18954,0.008366,0.75159,0.00000,2.34442,3.18512
315,15.0840,2.34526,1.04083,3.17872,0.010936,0.74997,0.00000,2.34601,3.17309
316,16.6560,2.34685,1.04083,3.16535,0.013465,0.75003,0.00000,2.34759,3.15853
317,16.8460,2.34842,1.04083,3.14945,0.015980,0.75000,0.00000,2.34916,3.14145
318,16.7190,2.34998,1.04083,3.13103,0.018489,0.75000,0.00000,2.35071,3.12185
319,16.5560,2.35153,1.04083,3.11009,0.021000,0.75000,0.00000,2.35226,3.09974
320,16.5140,2.35307,1.04083,3.08664,0.023496,0.75027,0.00000,2.35379,3.07512
321,16.7560,2.35460,1.04083,3.06069,0.025996,0.74997,0.00000,2.35531,3.04799
322,16.2420,2.35612,1.04083,3.03223,0.028496,0.75003,0.00000,2.35683,3.01837
323,16.4450,2.35763,1.04083,3.00127,0.030995,0.74997,0.00000,2.35833,2.98624
324,16.8620,2.35913,1.04083,2.96781,0.033495,0.75003,0.00000,2.35983,2.95161
325,17.0830,2.36063,1.04083,2.93185,0.035993,0.74997,0.00000,2.36132,2.91447
326,18.0560,2.36211,1.04083,2.89339,0.038491,0.75003,0.00000,2.36281,2.87484
327,15.0060,2.36359,1.04083,2.85242,0.040992,0.74997,0.00000,2.36429,2.83270
328,16.9400,2.36507,1.04083,2.80893,0.043520,0.75003,0.00000,2.36576,2.78807
329,16.2870,2.36654,1.04083,2.76296,0.045991,0.75052,0.00000,2.36723,2.74093
330,16.9510,2.36801,1.04083,2.71436,0.048626,0.75000,0.00000,2.36869,2.69130
331,16.8430,2.36948,1.04083,2.66338,0.050994,0.75208,0.00000,2.37015,2.63916
332,16.4770,2.37093,1.04083,2.60990,0.053501,0.75000,0.00000,2.37161,2.58453
333,16.4540,2.37239,1.04083,2.55393,0.055992,0.75006,0.00000,2.37307,2.52739
334,16.9670,2.37385,1.04083,2.49545,0.058494,0.75000,0.00000,2.37452,2.46776
335,16.7020,2.37530,1.04083,2.43448,0.060991,0.75000,0.00000,2.37597,2.40562
336,16.6810,2.37675,1.04083,2.37166,0.062839,0.75000,0.00000,2.37743,2.34230
337,16.5990,2.37821,1.04083,2.30834,0.063333,0.75064,0.00000,2.37888,2.27899
338,18.5590,2.37966,1.04083,2.24502,0.063333,0.75000,0.00000,2.38033,2.21567
339,15.4110,2.38112,1.04083,2.18127,0.063770,0.75000,0.00000,2.38179,2.15235
340,16.6700,2.38258,1.04083,2.11793,0.063357,0.75519,0.00000,2.38324,2.08904
341,16.2540,2.38403,1.04083,2.05461,0.063333,0.75027,0.00000,2.38469,2.02572
342,16.8740,2.38548,1.04083,1.99130,0.063333,0.75000,0.00000,2.38614,1.96240
343,16.4780,2.38693,1.04083,1.92798,0.063333,0.75000,0.00000,2.38760,1.89909
344,16.8700,2.38839,1.04083,1.86466,0.063333,0.75000,0.00000,2.38905,1.83577
345,16.6750,2.38984,1.04083,1.80132,0.063362,0.75000,0.00000,2.39050,1.77245
346,17.1050,2.39130,1.04083,1.73773,0.063605,0.75037,0.00000,2.39195,1.70914
347,16.2020,2.39275,1.04083,1.67441,0.063333,0.75320,0.00000,2.39341,1.64582
348,16.6970,2.39420,1.04083,1.61110,0.063334,0.74997,0.00000,2.39486,1.58250
349,16.7170,2.39566,1.04083,1.54778,0.063333,0.75003,0.00000,2.39631,1.51919
350,538.7710,2.40790,1.04083,1.01419,0.533733,0.74997,0.00000,2.40793,1.01265
351,9.3340,2.41084,1.04083,0.88602,0.128200,6.32053,0.00000,2.41229,0.82270
352,1.0180,2.41109,1.04083,0.87529,0.010735,1.51819,0.00000,2.41229,0.82270
353,17.7520,2.41238,1.04083,0.81901,0.056293,0.12711,0.00000,2.41374,0.75939
354,16.5010,2.41383,1.04083,0.75574,0.063281,0.66663,0.00000,2.41520,0.69607
355,16.8990,2.41528,1.04083,0.69243,0.063334,0.74939,0.00000,2.41665,0.63275
356,16.7130,2.41673,1.04083,0.62911,0.063333,0.75000,0.00000,2.41810,0.56944
357,16.7030,2.41818,1.04083,0.56579,0.063333,0.75000,0.00000,2.41955,0.50612
358,16.7810,2.41964,1.04083,0.50248,0.063333,0.75000,0.00000,2.42101,0.44280
359,16.5060,2.42109,1.04083,0.43916,0.063333,0.75000,0.00000,2.42246,0.37949
360,16.6370,2.42254,1.04083,0.37584,0.063334,0.75000,0.00000,2.42391,0.31617
361,16.5190,2.42400,1.04083,0.31253,0.063333,0.75000,0.00000,2.42537,0.25285
362,18.7730,2.42545,1.04083,0.24921,0.063333,0.75000,0.00000,2.42682,0.18954
363,14.9480,2.42690,1.04083,0.18589,0.063333,0.75000,0.00000,2.42827,0.12622
364,16.5160,2.42835,1.04083,0.12258,0.063333,0.75000,0.00000,2.42972,0.06290
365,16.6870,2.42981,1.04083,0.05926,0.063333,0.75000,0.00000,2.43118,-0.00041
366,16.6750,2.43126,1.04083,-0.00406,0.063333,0.75000,0.00000,2.43263,-0.06373
367,16.7730,2.43271,1.04083,-0.06737,0.063333,0.75000,0.00000,2.43408,-0.12705
368,16.9270,2.43417,1.04083,-0.13069,0.063333,0.75000,0.00000,2.43553,-0.19036
369,16.3780,2.43562,1.04083,-0.19401,0.063333,0.75003,0.00000,2.43699,-0.25368
370,16.8290,2.43707,1.04083,-0.25732,0.063333,0.74997,0.00000,2.43844,-0.31700
371,16.5260,2.43852,1.04083,-0.32064,0.063333,0.75000,0.00000,2.43989,-0.38031
372,16.6430,2.43998,1.04083,-0.38396,0.063333,0.75000,0.00000,2.44135,-0.44363
373,16.7430,2.44143,1.04083,-0.44727,0.063333,0.75000,0.00000,2.44280,-0.50695
374,16.8890,2.44288,1.04083,-0.51059,0.063333,0.75000,0.00000,2.44425,-0.57026
375,18.1050,2.44433,1.04083,-0.57391,0.063333,0.75000,0.00000,2.44570,-0.63358
376,15.0440,2.44579,1.04083,-0.63722,0.063333,0.75000,0.00000,2.44716,-0.69690
377,16.7300,2.44724,1.04083,-0.70054,0.063333,0.75000,0.00000,2.44861,-0.76021
378,16.4120,2.44869,1.04083,-0.76386,0.063333,0.75000,0.00000,2.45006,-0.82353
379,16.8570,2.45014,1.04083,-0.82717,0.063333,0.75000,0.00000,2.45151,-0.88685
380,16.6380,2.45160,1.04083,-0.89049,0.063334,0.75000,0.00000,2.45297,-0.95017
381,16.6990,2.45305,1.04083,-0.95381,0.063333,0.75000,0.00000,2.45442,-1.01348
382,16.8640,2.45450,1.04083,-1.01712,0.063333,0.75000,0.00000,2.45587,-1.07680
383,16.3030,2.45596,1.04083,-1.08044,0.063334,0.75000,0.00000,2.45732,-1.14012
384,16.8370,2.45741,1.04083,-1.14376,0.063333,0.75003,0.00000,2.45878,-1.20343
385,16.5530,2.45886,1.04083,-1.20707,0.063333,0.74997,0.00000,2.46023,-1.26675
386,16.4750,2.46031,1.04083,-1.27039,0.063333,0.75000,0.00000,2.46168,-1.33007
387,17.1320,2.46177,1.04083,-1.33371,0.063333,0.75000,0.00000,2.46314,-1.39338
388,18.4630,2.46322,1.04083,-1.39702,0.063334,0.75000,0.00000,2.46459,-1.45670
389,14.5100,2.46467,1.04083,-1.46034,0.063333,0.75000,0.00000,2.46604,-1.52002
390,16.5660,2.46604,1.04083,-1.52345,0.063123,0.75000,0.00000,2.46604,-1.57972
391,16.9420,2.46604,1.04083,-1.58295,0.059498,0.75000,0.00000,2.46604,-1.63582
392,16.3380,2.46604,1.04083,-1.63883,0.055887,0.75000,0.00000,2.46604,-1.68830
393,16.8220,2.46604,1.04083,-1.69111,0.052276,0.75000,0.00000,2.46604,-1.73717
394,16.6740,2.46604,1.04083,-1.73977,0.048665,0.75000,0.00000,2.46604,-1.78243
395,16.4590,2.46604,1.04083,-1.78483,0.045053,0.75000,0.00000,2.46604,-1.82408
396,16.9080,2.46604,1.04083,-1.82627,0.041442,0.75000,0.00000,2.46604,-1.86212
397,16.3350,2.46604,1.04083,-1.86383,0.037555,0.75000,0.00000,2.46604,-1.89655
398,16.8590,2.46604,1.04083,-1.89804,0.034218,0.74399,0.00000,2.46604,-1.92737
399,16.4920,2.46604,1.04083,-1.92868,0.030642,0.74924,0.00000,2.46604,-1.95457
400,16.5700,2.46604,1.04083,-1.95572,0.027030,0.75003,0.00000,2.46604,-1.97817
401,21.6860,2.46604,1.04083,-1.97913,0.023419,0.74997,0.00000,2.46604,-1.99815
402,11.6880,2.46606,1.04083,-1.99866,0.019525,0.75003,0.00000,2.46639,-2.00869
403,16.6900,2.46641,1.04083,-2.00874,0.010087,0.74997,0.00000,2.46673,-2.00978
404,16.7490,2.46675,1.04083,-2.00971,0.001031,0.75003,0.00000,2.46707,-2.00838
405,16.7550,2.46709,1.04083,-2.00819,0.001564,0.74997,0.00000,2.46741,-2.00447
406,16.3430,2.46742,1.04083,-2.00416,0.004041,0.75003,0.00000,2.46774,-1.99807
407,16.8220,2.46776,1.04083,-1.99763,0.006535,0.75000,0.00000,2.46807,-1.98915
408,16.8700,2.46808,1.04083,-1.98860,0.009041,0.74997,0.00000,2.46840,-1.97774
409,16.5790,2.46841,1.04083,-1.97706,0.011543,0.75003,0.00000,2.46872,-1.96382
410,16.5690,2.46874,1.04083,-1.96302,0.014043,0.74997,0.00000,2.46904,-1.94740
411,16.6150,2.46906,1.04083,-1.94648,0.016544,0.75003,0.00000,2.46936,-1.92848
412,16.8120,2.46938,1.04083,-1.92744,0.019044,0.74997,0.00000,2.46968,-1.90706
413,16.7100,2.46969,1.04083,-1.90590,0.021545,0.75003,0.00000,2.46999,-1.88313
414,18.5500,2.47001,1.04083,-1.88185,0.024044,0.74997,0.00000,2.47030,-1.85671
415,14.7310,2.47032,1.04083,-1.85531,0.026545,0.75003,0.00000,2.47061,-1.82779
416,16.7680,2.47063,1.04083,-1.82627,0.029044,0.74997,0.00000,2.47092,-1.79637
417,16.4940,2.47094,1.04083,-1.79472,0.031545,0.75003,0.00000,2.47123,-1.76245
418,16.9250,2.47124,1.04083,-1.76068,0.034044,0.74997,0.00000,2.47154,-1.72603
419,16.5180,2.47155,1.04083,-1.72414,0.036545,0.75003,0.00000,2.47184,-1.68710
420,16.5410,2.47185,1.04083,-1.68510,0.039044,0.74997,0.00000,2.47214,-1.64568
421,16.5360,2.47216,1.04083,-1.64355,0.041544,0.75003,0.00000,2.47244,-1.60176
422,16.7510,2.47246,1.04083,-1.59951,0.044044,0.75000,0.00000,2.47275,-1.55534
423,16.5510,2.47276,1.04083,-1.55297,0.046544,0.74997,0.00000,2.47305,-1.50642
424,16.7830,2.47306,1.04083,-1.50392,0.049045,0.75003,0.00000,2.47334,-1.45499
425,16.6580,2.47336,1.04083,-1.45238,0.051544,0.74997,0.00000,2.47364,-1.40107
426,16.9230,2.47366,1.04083,-1.39834,0.054044,0.75003,0.00000,2.47394,-1.34465
427,18.2060,2.47396,1.04083,-1.34179,0.056544,0.74997,0.00000,2.47424,-1.28573
428,15.1440,2.47425,1.04083,-1.28275,0.059043,0.75003,0.00000,2.47454,-1.22431
429,16.8210,2.47455,1.04083,-1.22123,0.061516,0.74997,0.00000,2.47483,-1.16097
430,16.6190,2.47485,1.04083,-1.15790,0.063333,0.75003,0.00000,2.47513,-1.09764
431,16.6200,2.47514,1.04083,-1.09457,0.063333,0.74997,0.00000,2.47543,-1.03431
432,16.6000,2.47544,1.04083,-1.03124,0.063334,0.75003,0.00000,2.47573,-0.97098
433,16.7290,2.47574,1.04083,-0.96790,0.063333,0.74997,0.00000,2.47602,-0.90764
434,16.6040,2.47604,1.04083,-0.90457,0.063333,0.75003,0.00000,2.47632,-0.84431
435,16.7360,2.47633,1.04083,-0.84124,0.063333,0.74997,0.00000,2.47662,-0.78098
436,16.8050,2.47663,1.04083,-0.77791,0.063333,0.75003,0.00000,2.47691,-0.71764
437,16.4920,2.47693,1.04083,-0.71457,0.063333,0.75000,0.00000,2.47721,-0.65431
438,16.6650,2.47723,1.04083,-0.65124,0.063333,0.74997,0.00000,2.47751,-0.59098
439,16.6510,2.47752,1.04083,-0.58791,0.063333,0.75003,0.00000,2.47781,-0.52765
440,18.8140,2.47782,1.04083,-0.52457,0.063334,0.74997,0.00000,2.47810,-0.46431
441,14.7720,2.47812,1.04083,-0.46124,0.063333,0.75000,0.00000,2.47840,-0.40098
442,16.3350,2.47841,1.04083,-0.39791,0.063333,0.75003,0.00000,2.47870,-0.33765
443,16.7340,2.47871,1.04083,-0.33458,0.063333,0.75000,0.00000,2.47900,-0.27432
444,17.8670,2.47901,1.04083,-0.27124,0.063333,0.74997,0.00000,2.47929,-0.21098
445,15.9060,2.47931,1.04083,-0.20791,0.063333,0.75000,0.00000,2.47959,-0.14765
446,17.7210,2.47960,1.04083,-0.14458,0.063333,0.75003,0.00000,2.47989,-0.08432
447,16.9930,2.47990,1.04083,-0.08125,0.063333,0.75000,0.00000,2.48018,-0.02099
448,15.7270,2.48020,1.04083,-0.01791,0.063333,0.74997,0.00000,2.48048,0.04235
449,16.2060,2.48050,1.04083,0.04542,0.063333,0.75000,0.00000,2.48078,0.10568
450,17.8030,2.48079,1.04083,0.10875,0.063333,0.75003,0.00000,2.48108,0.16901
451,15.8870,2.48109,1.04083,0.17208,0.063333,0.75000,0.00000,2.48137,0.23234
452,17.5090,2.48139,1.04083,0.23542,0.063333,0.74997,0.00000,2.48167,0.29568
453,19.9600,2.48168,1.04083,0.29875,0.063333,0.75003,0.00000,2.48197,0.35901
454,12.0260,2.48198,1.04083,0.36208,0.063333,0.75000,0.00000,2.48227,0.42234
455,16.5610,2.48228,1.04083,0.42541,0.063333,0.74997,0.00000,2.48256,0.48568
456,16.8600,2.48258,1.04083,0.48875,0.063333,0.75000,0.00000,2.48286,0.54901
457,16.4630,2.48287,1.04083,0.55208,0.063333,0.75003,0.00000,2.48316,0.61234
458,16.7020,2.48317,1.04083,0.61541,0.063333,0.75000,0.00000,2.48346,0.67567
459,16.7180,2.48347,1.04083,0.67874,0.063333,0.74997,0.00000,2.48375,0.73901
460,16.5240,2.48377,1.04083,0.74208,0.063333,0.75000,0.00000,2.48405,0.80234
461,16.7590,2.48406,1.04083,0.80541,0.063333,0.75003,0.00000,2.48435,0.86567
462,16.4300,2.48436,1.04083,0.86874,0.063333,0.75000,0.00000,2.48464,0.92900
463,16.8210,2.48466,1.04083,0.93208,0.063333,0.74997,0.00000,2.48494,0.99234
464,16.5710,2.48496,1.04083,0.99541,0.063334,0.75000,0.00000,2.48524,1.05567
465,16.8040,2.48525,1.04083,1.05874,0.063333,0.75003,0.00000,2.48554,1.11900
466,22.1050,2.48555,1.04083,1.12207,0.063333,0.75000,0.00000,2.48583,1.18233
467,11.0720,2.48585,1.04083,1.18541,0.063334,0.74997,0.00000,2.48613,1.24567
468,17.0770,2.48614,1.04083,1.24874,0.063334,0.75003,0.00000,2.48643,1.30900
469,16.4660,2.48644,1.04083,1.31207,0.063333,0.75000,0.00000,2.48673,1.37233
470,16.4300,2.48674,1.04083,1.37540,0.063334,0.74997,0.00000,2.48702,1.43566
471,16.8850,2.48704,1.04083,1.43874,0.063334,0.75000,0.00000,2.48732,1.49900
472,16.5890,2.48733,1.04083,1.50207,0.063333,0.75003,0.00000,2.48762,1.56233
473,16.7360,2.48763,1.04083,1.56540,0.063333,0.75000,0.00000,2.48791,1.62566
474,16.6410,2.48793,1.04083,1.62873,0.063333,0.74997,0.00000,2.48821,1.68900
475,17.0490,2.48823,1.04083,1.69207,0.063334,0.75000,0.00000,2.48851,1.75233
476,15.9920,2.48852,1.04083,1.75540,0.063333,0.75003,0.00000,2.48881,1.81566
477,16.7930,2.48882,1.04083,1.81873,0.063334,0.75000,0.00000,2.48910,1.87899
478,16.9960,2.48912,1.04083,1.88207,0.063333,0.74997,0.00000,2.48940,1.94233
479,21.2990,2.48941,1.04083,1.94540,0.063334,0.75000,0.00000,2.48970,2.00566
480,11.6840,2.48971,1.04083,2.00873,0.063333,0.75003,0.00000,2.49000,2.06899
481,16.8670,2.49001,1.04083,2.07206,0.063333,0.75000,0.00000,2.49029,2.13232
482,16.6550,2.49031,1.04083,2.13540,0.063333,0.74997,0.00000,2.49059,2.19566
483,16.8120,2.49060,1.04083,2.19873,0.063333,0.75003,0.00000,2.49089,2.25899
484,16.6300,2.49090,1.04083,2.26206,0.063334,0.75000,0.00000,2.49119,2.32232
485,16.6900,2.49120,1.04083,2.32539,0.063334,0.74997,0.00000,2.49148,2.38565
486,17.7040,2.49150,1.04083,2.38873,0.063333,0.75000,0.00000,2.49178,2.44899
487,15.6390,2.49179,1.04083,2.45206,0.063334,0.75003,0.00000,2.49208,2.51232
488,16.3690,2.49209,1.04083,2.51539,0.063333,0.75000,0.00000,2.49237,2.57565
489,17.3750,2.49239,1.04083,2.57872,0.063333,0.74997,0.00000,2.49267,2.63898
490,16.5070,2.49269,1.04083,2.64206,0.063334,0.75000,0.00000,2.49297,2.70232
491,16.4810,2.49297,1.04083,2.70521,0.063159,0.75003,0.00000,2.49297,2.76204
492,21.8210,2.49297,1.04083,2.76476,0.059546,0.75000,0.00000,2.49297,2.81815
493,11.5600,2.49297,1.04083,2.82070,0.055936,0.74997,0.00000,2.49297,2.87065
494,16.1660,2.49297,1.04083,2.87302,0.052323,0.75000,0.00000,2.49297,2.91954
495,16.9070,2.49297,1.04083,2.92173,0.048713,0.75003,0.00000,2.49297,2.96481
496,17.1820,2.49297,1.04083,2.96683,0.045102,0.75000,0.00000,2.49297,3.00648
497,16.5870,2.49297,1.04083,3.00832,0.041490,0.74997,0.00000,2.49297,3.04453
498,16.9040,2.49297,1.04083,3.04620,0.037879,0.75003,0.00000,2.49297,3.07898
499,16.3960,2.49297,1.04083,3.08047,0.034269,0.75000,0.00000,2.49297,3.10981
500,16.8560,2.49297,1.04083,3.11113,0.030657,0.74997,0.00000,2.49297,3.13703
501,16.5920,2.49297,1.04083,3.13818,0.027046,0.75000,0.00000,2.49297,3.16064
502,16.4720,2.49297,1.04083,3.16161,0.023435,0.75003,0.00000,2.49297,3.18064
503,16.7970,2.49297,1.04083,3.18115,0.019541,0.75000,0.00000,2.49304,3.19120
504,16.6440,2.49304,1.04083,3.19125,0.010097,0.74997,0.00000,2.49311,3.19231
505,21.3900,2.49311,1.04083,3.19224,0.000992,0.75000,0.00000,2.49318,3.19092
506,11.9120,2.49319,1.04083,3.19073,0.001513,0.75003,0.00000,2.49325,3.18703
507,16.6800,2.49326,1.04083,3.18672,0.004011,0.75000,0.00000,2.49332,3.18064
508,16.4760,2.49332,1.04083,3.18021,0.006511,0.74997,0.00000,2.49339,3.17175
509,16.8070,2.49339,1.04083,3.17120,0.009012,0.75000,0.00000,2.49346,3.16036
510,16.9930,2.49346,1.04083,3.15968,0.011512,0.75003,0.00000,2.49353,3.14647
511,16.3440,2.49353,1.04083,3.14567,0.014011,0.75000,0.00000,2.49359,3.13008
512,16.5610,2.49359,1.04083,3.12916,0.016513,0.74997,0.00000,2.49366,3.11119
513,16.7530,2.49366,1.04083,3.11015,0.019012,0.75003,0.00000,2.49372,3.08980
514,16.7190,2.49373,1.04083,3.08864,0.021512,0.75000,0.00000,2.49379,3.06591
515,16.5090,2.49379,1.04083,3.06463,0.024011,0.74997,0.00000,2.49385,3.03952
516,16.7310,2.49386,1.04083,3.03812,0.026511,0.75000,0.00000,2.49392,3.01063
517,17.0120,2.49392,1.04083,3.00910,0.029011,0.75003,0.00000,2.49398,2.97924
518,21.1560,2.49399,1.04083,2.97759,0.031511,0.75000,0.00000,2.49405,2.94535
519,12.1340,2.49405,1.04083,2.94358,0.034012,0.74997,0.00000,2.49411,2.90896
520,16.5660,2.49411,1.04083,2.90707,0.036512,0.75000,0.00000,2.49417,2.87007
521,16.6910,2.49418,1.04083,2.86806,0.039011,0.75003,0.00000,2.49424,2.82868
522,16.7460,2.49424,1.04083,2.82655,0.041512,0.75000,0.00000,2.49430,2.78478
523,16.1680,2.49430,1.04083,2.78253,0.044012,0.74997,0.00000,2.49436,2.73839
524,16.6260,2.49436,1.04083,2.73602,0.046511,0.75000,0.00000,2.49442,2.68950
525,16.4440,2.49443,1.04083,2.68701,0.049012,0.75003,0.00000,2.49449,2.63811
526,17.1330,2.49449,1.04083,2.63550,0.051512,0.75000,0.00000,2.49455,2.58422
527,16.3030,2.49455,1.04083,2.58149,0.054011,0.74997,0.00000,2.49461,2.52783
528,16.3880,2.49461,1.04083,2.52498,0.056512,0.75003,0.00000,2.49467,2.46894
529,16.8920,2.49467,1.04083,2.46596,0.059011,0.75000,0.00000,2.49473,2.40755
530,16.7910,2.49474,1.04083,2.40448,0.061483,0.74997,0.00000,2.49479,2.34422
531,18.5720,2.49480,1.04083,2.34115,0.063334,0.75000,0.00000,2.49486,2.28089
532,14.7760,2.49486,1.04083,2.27781,0.063333,0.75003,0.00000,2.49492,2.21755
533,16.7450,2.49492,1.04083,2.21448,0.063333,0.75000,0.00000,2.49498,2.15422
534,16.6970,2.49498,1.04083,2.15115,0.063333,0.74997,0.00000,2.49504,2.09089
535,16.5390,2.49504,1.04083,2.08781,0.063333,0.75000,0.00000,2.49510,2.02755
536,16.6640,2.49511,1.04083,2.02448,0.063333,0.75003,0.00000,2.49516,1.96422
537,16.8660,2.49517,1.04083,1.96115,0.063334,0.75000,0.00000,2.49523,1.90089
538,16.7170,2.49523,1.04083,1.89781,0.063334,0.74997,0.00000,2.49529,1.83755
539,16.6720,2.49529,1.04083,1.83448,0.063333,0.75000,0.00000,2.49535,1.77422
540,16.6360,2.49535,1.04083,1.77115,0.063333,0.75003,0.00000,2.49541,1.71089
541,16.4710,2.49541,1.04083,1.70781,0.063333,0.75000,0.00000,2.49547,1.64755
542,16.7590,2.49548,1.04083,1.64448,0.063334,0.74997,0.00000,2.49554,1.58422
543,16.5310,2.49554,1.04083,1.58115,0.063333,0.75003,0.00000,2.49560,1.52089
544,18.4750,2.49560,1.04083,1.51781,0.063333,0.75000,0.00000,2.49566,1.45755
545,15.1460,2.49566,1.04083,1.45448,0.063333,0.74997,0.00000,2.49572,1.39422
546,16.4900,2.49572,1.04083,1.39115,0.063334,0.75000,0.00000,2.49578,1.33089
547,16.7350,2.49579,1.04083,1.32781,0.063333,0.75003,0.00000,2.49584,1.26755
548,17.1100,2.49585,1.04083,1.26448,0.063333,0.75000,0.00000,2.49591,1.20422
549,532.3480,2.49634,1.04083,0.76089,0.503594,0.74997,0.00000,2.49640,0.69755
550,7.8010,2.49641,1.04083,0.69259,0.068296,5.96365,0.00000,2.49646,0.63422
551,9.6640,2.49647,1.04083,0.62926,0.063331,0.80875,0.00000,2.49652,0.57089
552,16.7010,2.49653,1.04083,0.56593,0.063331,0.74997,0.00000,2.49658,0.50755
553,16.5250,2.49659,1.04083,0.50260,0.063333,0.75000,0.00000,2.49665,0.44422
554,16.8850,2.49665,1.04083,0.43926,0.063333,0.75000,0.00000,2.49671,0.38089
555,16.4270,2.49671,1.04083,0.37593,0.063333,0.74997,0.00000,2.49677,0.31755
556,16.8480,2.49678,1.04083,0.31260,0.063333,0.75000,0.00000,2.49683,0.25422
557,16.7260,2.49684,1.04083,0.24926,0.063333,0.75003,0.00000,2.49689,0.19089
558,16.6040,2.49690,1.04083,0.18593,0.063333,0.75000,0.00000,2.49696,0.12755
559,16.9030,2.49696,1.04083,0.12260,0.063333,0.74997,0.00000,2.49702,0.06422
560,16.7590,2.49702,1.04083,0.05926,0.063333,0.75000,0.00000,2.49708,0.00089
561,16.6500,2.49708,1.04083,-0.00407,0.063333,0.75003,0.00000,2.49714,-0.06245
562,16.7320,2.49715,1.04083,-0.06740,0.063333,0.75000,0.00000,2.49720,-0.12578
563,21.3650,2.49721,1.04083,-0.13074,0.063333,0.74997,0.00000,2.49726,-0.18911
564,11.5870,2.49727,1.04083,-0.19407,0.063333,0.75003,0.00000,2.49733,-0.25245
565,16.5540,2.49733,1.04083,-0.25740,0.063333,0.75000,0.00000,2.49739,-0.31578
566,16.7940,2.49739,1.04083,-0.32076,0.063359,0.74994,0.00000,2.49745,-0.37911
567,17.1540,2.49745,1.04083,-0.38411,0.063350,0.75034,0.00000,2.49751,-0.44245
568,16.6700,2.49752,1.04083,-0.44785,0.063734,0.75024,0.00000,2.49757,-0.50578
569,16.2300,2.49758,1.04083,-0.51118,0.063333,0.75470,0.00000,2.49763,-0.56911
570,16.7610,2.49764,1.04083,-0.57451,0.063333,0.75000,0.00000,2.49770,-0.63245
571,16.5590,2.49770,1.04083,-0.63785,0.063333,0.75003,0.00000,2.49776,-0.69578
572,16.9980,2.49776,1.04083,-0.70118,0.063333,0.75000,0.00000,2.49782,-0.75911
573,16.4940,2.49783,1.04083,-0.76451,0.063333,0.74997,0.00000,2.49788,-0.82245
574,17.1360,2.49789,1.04083,-0.82789,0.063383,0.75000,0.00000,2.49794,-0.88578
575,17.9140,2.49795,1.04083,-0.89123,0.063333,0.75061,0.00000,2.49800,-0.94911
576,14.8110,2.49801,1.04083,-0.95456,0.063333,0.74994,0.00000,2.49807,-1.01244
577,16.7220,2.49807,1.04083,-1.01789,0.063333,0.75009,0.00000,2.49813,-1.07578
578,17.0700,2.49813,1.04083,-1.08129,0.063392,0.74994,0.00000,2.49819,-1.13911
579,16.9840,2.49819,1.04083,-1.14495,0.063669,0.75073,0.00000,2.49825,-1.20244
580,16.6170,2.49826,1.04083,-1.20829,0.063333,0.75394,0.00000,2.49831,-1.26578
581,16.4140,2.49832,1.04083,-1.27162,0.063334,0.75000,0.00000,2.49837,-1.32911
582,16.9810,2.49838,1.04083,-1.33502,0.063394,0.75003,0.00000,2.49844,-1.39244
583,16.4990,2.49844,1.04083,-1.39835,0.063333,0.75070,0.00000,2.49850,-1.45578
584,16.8470,2.49850,1.04083,-1.46171,0.063359,0.75000,0.00000,2.49856,-1.51911
585,16.3790,2.49856,1.04083,-1.52485,0.063140,0.75031,0.00000,2.49856,-1.57883
586,16.9090,2.49856,1.04083,-1.58422,0.059375,0.75180,0.00000,2.49856,-1.63494
587,18.2690,2.49856,1.04083,-1.63999,0.055764,0.75000,0.00000,2.49856,-1.68744
588,14.9200,2.49856,1.04083,-1.69214,0.052154,0.75003,0.00000,2.49856,-1.73633
589,16.8970,2.49856,1.04083,-1.74070,0.048562,0.75000,0.00000,2.49856,-1.78161
590,16.5390,2.49856,1.04083,-1.78563,0.044930,0.75027,0.00000,2.49856,-1.82328
591,16.8060,2.49856,1.04083,-1.82698,0.041349,0.75003,0.00000,2.49856,-1.86133
592,16.7600,2.49856,1.04083,-1.86479,0.037810,0.75061,0.00000,2.49856,-1.89578
593,16.3530,2.49856,1.04083,-1.89887,0.034082,0.75229,0.00000,2.49856,-1.92661
594,16.6860,2.49856,1.04083,-1.92934,0.030471,0.75000,0.00000,2.49856,-1.95383
595,16.8110,2.49856,1.04083,-1.95620,0.026859,0.75003,0.00000,2.49856,-1.97744
596,16.5230,2.49856,1.04083,-1.97945,0.023248,0.74994,0.00000,2.49856,-1.99744
597,16.5940,2.49856,1.04083,-1.99850,0.019053,0.75003,0.00000,2.49857,-2.00800
598,17.0000,2.49858,1.04083,-2.00811,0.009609,0.75006,0.00000,2.49859,-2.00911
599,18.3160,2.49859,1.04083,-2.00897,0.000857,0.75070,0.00000,2.49860,-2.00772
600,15.2190,2.49860,1.04083,-2.00733,0.001643,0.75000,0.00000,2.49862,-2.00383
601,16.2310,2.49862,1.04083,-2.00319,0.004142,0.75003,0.00000,2.49863,-1.99744
602,16.7630,2.49863,1.04083,-1.99654,0.006642,0.75000,0.00000,2.49865,-1.98855
603,16.5970,2.49865,1.04083,-1.98740,0.009143,0.75000,0.00000,2.49866,-1.97717
604,17.2510,2.49866,1.04083,-1.97572,0.011681,0.74997,0.00000,2.49867,-1.96328
605,16.1850,2.49867,1.04083,-1.96157,0.014149,0.75214,0.00000,2.49869,-1.94689
606,16.2000,2.49869,1.04083,-1.94492,0.016650,0.75000,0.00000,2.49870,-1.92800
607,17.0120,2.49870,1.04083,-1.92577,0.019150,0.75003,0.00000,2.49871,-1.90661
608,16.7430,2.49871,1.04083,-1.90412,0.021649,0.75000,0.00000,2.49873,-1.88272
609,16.6170,2.49873,1.04083,-1.87997,0.024149,0.74997,0.00000,2.49874,-1.85633
610,16.5410,2.49874,1.04083,-1.85332,0.026650,0.75000,0.00000,2.49875,-1.82744
611,18.6350,2.49876,1.04083,-1.82417,0.029149,0.74994,0.00000,2.49877,-1.79605
612,531.0840,2.49886,1.04083,-1.50633,0.317841,0.75006,0.00000,2.49887,-1.45494
613,3.0690,2.49887,1.04083,-1.43877,0.067565,5.92184,0.00000,2.49888,-1.40105
614,13.7380,2.49888,1.04083,-1.39464,0.044129,0.97513,0.00000,2.49889,-1.34466
615,16.6660,2.49889,1.04083,-1.33800,0.056639,0.61020,0.00000,2.49891,-1.28578
616,22.2690,2.49891,1.04083,-1.27832,0.059675,0.74954,0.00000,2.49892,-1.22439
617,11.3540,2.49892,1.04083,-1.21670,0.061625,0.75613,0.00000,2.49893,-1.16105
618,16.9090,2.49893,1.04083,-1.15337,0.063333,0.75003,0.00000,2.49894,-1.09772
619,16.4690,2.49895,1.04083,-1.09003,0.063333,0.75000,0.00000,2.49896,-1.03439
620,16.5900,2.49896,1.04083,-1.02670,0.063333,0.74994,0.00000,2.49897,-0.97105
621,16.6600,2.49897,1.04083,-0.96337,0.063333,0.75009,0.00000,2.49898,-0.90772
622,16.6250,2.49898,1.04083,-0.90003,0.063333,0.75000,0.00000,2.49900,-0.84439
623,16.4670,2.49900,1.04083,-0.83670,0.063334,0.74994,0.00000,2.49901,-0.78105
624,16.8550,2.49901,1.04083,-0.77337,0.063333,0.75003,0.00000,2.49902,-0.71772
625,16.7060,2.49902,1.04083,-0.71003,0.063333,0.75000,0.00000,2.49903,-0.65439
626,16.6340,2.49903,1.04083,-0.64670,0.063334,0.75000,0.00000,2.49905,-0.59105
627,16.6100,2.49905,1.04083,-0.58337,0.063333,0.74997,0.00000,2.49906,-0.52772
628,18.5250,2.49906,1.04083,-0.51994,0.063425,0.75006,0.00000,2.49907,-0.46439
629,14.7740,2.49907,1.04083,-0.45661,0.063334,0.75104,0.00000,2.49908,-0.40105
630,16.9320,2.49909,1.04083,-0.39327,0.063333,0.75000,0.00000,2.49910,-0.33772
631,16.6850,2.49910,1.04083,-0.32994,0.063333,0.75000,0.00000,2.49911,-0.27439
632,16.6350,2.49911,1.04083,-0.26661,0.063333,0.75000,0.00000,2.49912,-0.21105
633,16.2770,2.49912,1.04083,-0.20327,0.063333,0.75000,0.00000,2.49913,-0.14772
634,17.1090,2.49914,1.04083,-0.13987,0.063402,0.75000,0.00000,2.49915,-0.08439
635,16.4330,2.49915,1.04083,-0.07654,0.063333,0.75085,0.00000,2.49916,-0.02105
636,16.6580,2.49916,1.04083,-0.01321,0.063333,0.74994,0.00000,2.49917,0.04228
637,16.8800,2.49917,1.04083,0.05013,0.063333,0.75000,0.00000,2.49918,0.10561
638,16.5480,2.49919,1.04083,0.11346,0.063333,0.75000,0.00000,2.49920,0.16895
639,16.7510,2.49920,1.04083,0.17679,0.063333,0.75006,0.00000,2.49921,0.23228
640,18.3210,2.49921,1.04083,0.24015,0.063352,0.74994,0.00000,2.49922,0.29561
641,15.0020,2.49922,1.04083,0.30348,0.063333,0.75024,0.00000,2.49924,0.35895
642,16.6420,2.49924,1.04083,0.36681,0.063333,0.75000,0.00000,2.49925,0.42228
643,533.4220,2.49934,1.04083,0.86561,0.498801,0.75000,0.00000,2.49935,0.92895
644,3.2010,2.49935,1.04083,0.95010,0.084489,5.90680,0.00000,2.49936,0.99228
645,18.3420,2.49936,1.04083,1.00020,0.050099,1.00061,0.00000,2.49937,1.05561
646,12.2320,2.49938,1.04083,1.06456,0.064357,0.59326,0.00000,2.49939,1.11895
647,16.7090,2.49939,1.04083,1.12806,0.063506,0.76215,0.00000,2.49940,1.18228
648,16.6860,2.49940,1.04083,1.19140,0.063333,0.75195,0.00000,2.49941,1.24561
649,17.2470,2.49941,1.04083,1.25482,0.063427,0.75006,0.00000,2.49942,1.30895
650,16.2570,2.49943,1.04083,1.31816,0.063333,0.75110,0.00000,2.49944,1.37228
651,16.5080,2.49944,1.04083,1.38149,0.063333,0.75000,0.00000,2.49945,1.43561
652,16.8870,2.49945,1.04083,1.44501,0.063516,0.75000,0.00000,2.49946,1.49895
653,16.5170,2.49946,1.04083,1.50834,0.063333,0.75214,0.00000,2.49948,1.56228
654,16.6060,2.49948,1.04083,1.57167,0.063333,0.75000,0.00000,2.49949,1.62561
655,16.9900,2.49949,1.04083,1.63501,0.063333,0.75000,0.00000,2.49950,1.68895
656,16.6680,2.49950,1.04083,1.69834,0.063333,0.75006,0.00000,2.49951,1.75228
657,17.8380,2.49952,1.04083,1.76167,0.063333,0.74994,0.00000,2.49953,1.81561
658,15.3020,2.49953,1.04083,1.82509,0.063413,0.75000,0.00000,2.49954,1.87895
659,16.4720,2.49954,1.04083,1.88842,0.063333,0.75098,0.00000,2.49955,1.94228
660,16.9890,2.49955,1.04083,1.95175,0.063334,0.75000,0.00000,2.49956,2.00561
661,16.7760,2.49957,1.04083,2.01514,0.063386,0.75000,0.00000,2.49958,2.06895
662,16.3140,2.49958,1.04083,2.07847,0.063333,0.75061,0.00000,2.49959,2.13228
663,16.7930,2.49959,1.04083,2.14219,0.063716,0.75000,0.00000,2.49960,2.19561
664,16.6810,2.49960,1.04083,2.20552,0.063333,0.75452,0.00000,2.49961,2.25895
665,16.6260,2.49962,1.04083,2.26885,0.063333,0.75000,0.00000,2.49963,2.32228
666,16.7720,2.49963,1.04083,2.33219,0.063333,0.75006,0.00000,2.49964,2.38561
667,16.6080,2.49964,1.04083,2.39552,0.063333,0.74994,0.00000,2.49965,2.44895
668,16.8820,2.49965,1.04083,2.45885,0.063333,0.75000,0.00000,2.49967,2.51228
669,17.9970,2.49967,1.04083,2.52219,0.063333,0.75000,0.00000,2.49968,2.57561
670,14.9340,2.49968,1.04083,2.58552,0.063333,0.75006,0.00000,2.49969,2.63895
671,16.6050,2.49969,1.04083,2.64885,0.063333,0.74994,0.00000,2.49970,2.70228
672,16.6430,2.49970,1.04083,2.71162,0.062769,0.75000,0.00000,2.49970,2.76200
673,16.6300,2.49970,1.04083,2.77078,0.059156,0.75006,0.00000,2.49970,2.81811
674,17.3100,2.49970,1.04083,2.82633,0.055546,0.75000,0.00000,2.49970,2.87061
675,16.4280,2.49970,1.04083,2.87826,0.051935,0.74994,0.00000,2.49970,2.91950
676,16.5970,2.49970,1.04083,2.92661,0.048347,0.75000,0.00000,2.49970,2.96478
677,16.6430,2.49970,1.04083,2.97132,0.044710,0.75037,0.00000,2.49970,3.00645
678,17.0460,2.49970,1.04083,3.01249,0.041169,0.75006,0.00000,2.49970,3.04450
679,16.2730,2.49970,1.04083,3.04997,0.037483,0.75134,0.00000,2.49970,3.07895
680,16.8510,2.49970,1.04083,3.08384,0.033871,0.75000,0.00000,2.49970,3.10978
681,18.0240,2.49970,1.04083,3.11410,0.030260,0.75000,0.00000,2.49970,3.13700
682,14.7950,2.49970,1.04083,3.14075,0.026649,0.75000,0.00000,2.49970,3.16061
683,16.8750,2.49970,1.04083,3.16379,0.023036,0.75000,0.00000,2.49970,3.18061
684,16.4760,2.49970,1.04083,3.18229,0.018500,0.75000,0.00000,2.49971,3.19117
685,16.8800,2.49971,1.04083,3.19134,0.009057,0.75000,0.00000,2.49971,3.19228
686,16.7270,2.49971,1.04083,3.19206,0.000712,0.75061,0.00000,2.49971,3.19089
687,16.6590,2.49971,1.04083,3.19027,0.001789,0.75000,0.00000,2.49971,3.18700
688,16.5440,2.49972,1.04083,3.18598,0.004288,0.75012,0.00000,2.49972,3.18061
689,16.4940,2.49972,1.04083,3.17919,0.006789,0.75006,0.00000,2.49972,3.17172
690,16.9550,2.49972,1.04083,3.16990,0.009288,0.75000,0.00000,2.49972,3.16033
691,16.3920,2.49972,1.04083,3.15811,0.011789,0.75000,0.00000,2.49973,3.14644
692,16.9050,2.49973,1.04083,3.14383,0.014288,0.74994,0.00000,2.49973,3.13006
693,18.1550,2.49973,1.04083,3.12704,0.016788,0.75006,0.00000,2.49973,3.11117
694,14.7220,2.49973,1.04083,3.10775,0.019288,0.75000,0.00000,2.49973,3.08978
695,17.0330,2.49974,1.04083,3.08593,0.021820,0.75000,0.00000,2.49974,3.06589
696,16.7580,2.49974,1.04083,3.06158,0.024346,0.75098,0.00000,2.49974,3.03950
697,16.8820,2.49974,1.04083,3.03471,0.026877,0.75153,0.00000,2.49974,3.01061
698,16.4800,2.49974,1.04083,3.00540,0.029304,0.75208,0.00000,2.49975,2.97922
699,17.1430,2.49975,1.04083,2.97360,0.031805,0.75000,0.00000,2.49975,2.94533
700,16.7470,2.49975,1.04083,2.93899,0.034607,0.75000,0.00000,2.49975,2.90894
701,16.4390,2.49975,1.04083,2.90217,0.036824,0.75629,0.00000,2.49975,2.87006
702,16.8240,2.49975,1.04083,2.86284,0.039325,0.75000,0.00000,2.49976,2.82867
703,16.6090,2.49976,1.04083,2.82102,0.041824,0.74994,0.00000,2.49976,2.78478
704,16.8400,2.49976,1.04083,2.77669,0.044324,0.75006,0.00000,2.49976,2.73839
705,18.2320,2.49976,1.04083,2.72987,0.046825,0.75000,0.00000,2.49976,2.68950
706,15.0940,2.49976,1.04083,2.68038,0.049485,0.75000,0.00000,2.49977,2.63811
707,16.6880,2.49977,1.04083,2.62836,0.052028,0.75232,0.00000,2.49977,2.58422
708,16.6630,2.49977,1.04083,2.57401,0.054341,0.75269,0.00000,2.49977,2.52783
709,16.7490,2.49977,1.04083,2.51707,0.056947,0.75006,0.00000,2.49977,2.46894
710,16.7200,2.49977,1.04083,2.45767,0.059395,0.75128,0.00000,2.49978,2.40756
711,16.6480,2.49978,1.04083,2.39591,0.061759,0.75061,0.00000,2.49978,2.34422
712,17.0190,2.49978,1.04083,2.33143,0.064481,0.75018,0.00000,2.49978,2.28089
713,16.4270,2.49978,1.04083,2.26810,0.063333,0.76355,0.00000,2.49978,2.21756
714,16.8900,2.49978,1.04083,2.20452,0.063579,0.75006,0.00000,2.49979,2.15422
715,16.3540,2.49979,1.04083,2.14119,0.063333,0.75287,0.00000,2.49979,2.09089
716,16.9240,2.49979,1.04083,2.07784,0.063344,0.75000,0.00000,2.49979,2.02756
717,18.0480,2.49979,1.04083,2.01451,0.063333,0.75012,0.00000,2.49980,1.96422
718,15.2540,2.49980,1.04083,1.95098,0.063529,0.75000,0.00000,2.49980,1.90089
719,16.8870,2.49980,1.04083,1.88738,0.063601,0.75232,0.00000,2.49980,1.83756
720,16.5140,2.49980,1.04083,1.82388,0.063498,0.75317,0.00000,2.49980,1.77422
721,16.7820,2.49980,1.04083,1.76055,0.063335,0.75195,0.00000,2.49981,1.71089
722,16.7920,2.49981,1.04083,1.69713,0.063414,0.75000,0.00000,2.49981,1.64756
723,16.4360,2.49981,1.04083,1.63380,0.063334,0.75098,0.00000,2.49981,1.58422
724,16.7250,2.49981,1.04083,1.57027,0.063526,0.75000,0.00000,2.49981,1.52089
725,16.5050,2.49981,1.04083,1.50694,0.063333,0.75226,0.00000,2.49982,1.45756
726,16.5230,2.49982,1.04083,1.44361,0.063334,0.75006,0.00000,2.49982,1.39422
727,16.5300,2.49982,1.04083,1.38027,0.063333,0.74994,0.00000,2.49982,1.33089
728,16.8640,2.49982,1.04083,1.31694,0.063334,0.75000,0.00000,2.49982,1.26756
729,18.0790,2.49982,1.04083,1.25361,0.063333,0.75000,0.00000,2.49983,1.20422
730,15.5140,2.49983,1.04083,1.19019,0.063414,0.75006,0.00000,2.49983,1.14089
731,16.4970,2.49983,1.04083,1.12686,0.063333,0.75092,0.00000,2.49983,1.07756
732,16.5410,2.49983,1.04083,1.06353,0.063333,0.75000,0.00000,2.49983,1.01422
733,16.7410,2.49984,1.04083,1.00019,0.063333,0.75000,0.00000,2.49984,0.95089
734,16.8110,2.49984,1.04083,0.93686,0.063334,0.75000,0.00000,2.49984,0.88756
735,16.0530,2.49984,1.04083,0.87353,0.063334,0.75000,0.00000,2.49984,0.82422
736,17.2320,2.49984,1.04083,0.81017,0.063360,0.75000,0.00000,2.49985,0.76089
737,16.4440,2.49985,1.04083,0.74683,0.063333,0.75031,0.00000,2.49985,0.69756
738,17.2630,2.49985,1.04083,0.68323,0.063606,0.75000,0.00000,2.49985,0.63422
739,16.2810,2.49985,1.04083,0.61990,0.063333,0.75323,0.00000,2.49985,0.57089
740,538.7870,2.49987,1.04083,0.12756,0.492338,0.75000,0.00000,2.49987,0.06422
741,6.5860,2.49988,1.04083,0.00089,0.126667,5.83032,0.00000,2.49988,-0.06244
742,2.4460,2.49988,1.04083,-0.01470,0.015591,1.50000,0.00000,2.49988,-0.06244
743,19.3540,2.49988,1.04083,-0.07767,0.062974,0.18463,0.00000,2.49988,-0.12578
744,16.6470,2.49988,1.04083,-0.14101,0.063333,0.74573,0.00000,2.49988,-0.18911
745,16.6520,2.49989,1.04083,-0.20434,0.063333,0.75000,0.00000,2.49989,-0.25244
746,17.1010,2.49989,1.04083,-0.26767,0.063333,0.75000,0.00000,2.49989,-0.31578
747,16.4640,2.49989,1.04083,-0.33101,0.063333,0.75000,0.00000,2.49989,-0.37911
748,16.9140,2.49989,1.04083,-0.39434,0.063333,0.75000,0.00000,2.49990,-0.44244
749,16.6390,2.49990,1.04083,-0.45767,0.063333,0.75000,0.00000,2.49990,-0.50578
750,16.3870,2.49990,1.04083,-0.52101,0.063333,0.75000,0.00000,2.49990,-0.56911
751,16.6080,2.49990,1.04083,-0.58434,0.063334,0.75000,0.00000,2.49990,-0.63244
752,18.4680,2.49990,1.04083,-0.64767,0.063333,0.75000,0.00000,2.49991,-0.69578
753,14.8700,2.49991,1.04083,-0.71042,0.062746,0.75000,0.00000,2.49991,-0.75911
754,16.8150,2.49991,1.04083,-0.77375,0.063333,0.74304,0.00000,2.49991,-0.82244
755,16.5800,2.49991,1.04083,-0.83709,0.063333,0.75000,0.00000,2.49991,-0.88578
756,16.7400,2.49991,1.04083,-0.90042,0.063333,0.75000,0.00000,2.49992,-0.94911
757,16.4580,2.49992,1.04083,-0.96375,0.063333,0.75000,0.00000,2.49992,-1.01244
758,16.8190,2.49992,1.04083,-1.02709,0.063334,0.75000,0.00000,2.49992,-1.07578
759,16.4090,2.49992,1.04083,-1.09042,0.063333,0.75000,0.00000,2.49992,-1.13911
760,16.9060,2.49992,1.04083,-1.15375,0.063334,0.75000,0.00000,2.49993,-1.20244
761,16.2750,2.49993,1.04083,-1.21709,0.063333,0.75000,0.00000,2.49993,-1.26578
762,16.4490,2.49993,1.04083,-1.28042,0.063334,0.75000,0.00000,2.49993,-1.32911
763,16.5400,2.49993,1.04083,-1.34353,0.063107,0.75000,0.00000,2.49993,-1.39244
764,16.9240,2.49994,1.04083,-1.40686,0.063333,0.74731,0.00000,2.49994,-1.45578
765,21.9770,2.49994,1.04083,-1.47019,0.063333,0.75000,0.00000,2.49994,-1.51911
766,12.0330,2.49994,1.04083,-1.53270,0.062512,0.75000,0.00000,2.49994,-1.57883
767,17.0720,2.49994,1.04083,-1.59160,0.058900,0.75000,0.00000,2.49994,-1.63494
768,16.1650,2.49994,1.04083,-1.64689,0.055289,0.75000,0.00000,2.49994,-1.68744
769,16.3840,2.49994,1.04083,-1.69857,0.051678,0.75000,0.00000,2.49994,-1.73633
770,17.0320,2.49994,1.04083,-1.74664,0.048067,0.75000,0.00000,2.49994,-1.78161
771,16.5400,2.49994,1.04083,-1.79109,0.044456,0.75000,0.00000,2.49994,-1.82328
772,16.9920,2.49994,1.04083,-1.83194,0.040844,0.75000,0.00000,2.49994,-1.86133
773,16.6130,2.49994,1.04083,-1.86917,0.037234,0.75000,0.00000,2.49994,-1.89578
774,17.0590,2.49994,1.04083,-1.90279,0.033622,0.75000,0.00000,2.49994,-1.92661
775,15.8900,2.49994,1.04083,-1.93281,0.030011,0.75000,0.00000,2.49994,-1.95383
776,16.6610,2.49994,1.04083,-1.95921,0.026400,0.75000,0.00000,2.49994,-1.97744
777,16.4020,2.49994,1.04083,-1.98200,0.022789,0.75000,0.00000,2.49994,-1.99744
778,21.9400,2.49994,1.04083,-1.99985,0.017850,0.75000,0.00000,2.49994,-2.00800
779,11.4040,2.49994,1.04083,-2.00825,0.008406,0.75000,0.00000,2.49994,-2.00911
780,16.6150,2.49994,1.04083,-2.00879,0.000542,0.75000,0.00000,2.49994,-2.00772
781,16.7970,2.49994,1.04083,-2.00684,0.001958,0.75000,0.00000,2.49994,-2.00383
782,17.0130,2.49994,1.04083,-2.00238,0.004458,0.75000,0.00000,2.49994,-1.99744
783,16.9810,2.49994,1.04083,-1.99542,0.006958,0.75000,0.00000,2.49994,-1.98855
784,16.1670,2.49994,1.04083,-1.98596,0.009458,0.75000,0.00000,2.49994,-1.97716
785,16.6850,2.49994,1.04083,-1.97400,0.011958,0.75000,0.00000,2.49994,-1.96328
786,16.5780,2.49994,1.04083,-1.95955,0.014458,0.75000,0.00000,2.49994,-1.94689
787,16.5270,2.49994,1.04083,-1.94259,0.016958,0.75000,0.00000,2.49995,-1.92800
788,17.0600,2.49995,1.04083,-1.92313,0.019458,0.75000,0.00000,2.49995,-1.90661
789,16.8510,2.49995,1.04083,-1.90117,0.021958,0.75000,0.00000,2.49995,-1.88272
790,17.6600,2.49995,1.04083,-1.87671,0.024458,0.75000,0.00000,2.49995,-1.85633
791,17.3390,2.49995,1.04083,-1.84976,0.026958,0.75000,0.00000,2.49995,-1.82744
792,15.0520,2.49995,1.04083,-1.82030,0.029458,0.75000,0.00000,2.49995,-1.79605
793,16.9590,2.49995,1.04083,-1.78834,0.031958,0.75000,0.00000,2.49995,-1.76216
794,16.3140,2.49995,1.04083,-1.75388,0.034458,0.75000,0.00000,2.49995,-1.72578
795,16.7640,2.49995,1.04083,-1.71692,0.036958,0.75000,0.00000,2.49995,-1.68689
796,16.1800,2.49995,1.04083,-1.67747,0.039458,0.75000,0.00000,2.49995,-1.64550
797,16.7370,2.49995,1.04083,-1.63551,0.041958,0.75000,0.00000,2.49995,-1.60161
798,17.0120,2.49995,1.04083,-1.59105,0.044458,0.75000,0.00000,2.49995,-1.55522
799,16.3110,2.49995,1.04083,-1.54409,0.046958,0.75000,0.00000,2.49995,-1.50633
800,16.8170,2.49995,1.04083,-1.49463,0.049458,0.75000,0.00000,2.49995,-1.45494
801,16.6360,2.49995,1.04083,-1.44268,0.051958,0.75000,0.00000,2.49995,-1.40105
802,16.5890,2.49995,1.04083,-1.38822,0.054458,0.75000,0.00000,2.49995,-1.34466
803,16.4570,2.49995,1.04083,-1.33126,0.056958,0.75000,0.00000,2.49995,-1.28578
804,21.8070,2.49995,1.04083,-1.27180,0.059458,0.75000,0.00000,2.49995,-1.22439
805,11.9030,2.49995,1.04083,-1.20997,0.061832,0.75000,0.00000,2.49995,-1.16105
806,16.5360,2.49995,1.04083,-1.14664,0.063333,0.75000,0.00000,2.49995,-1.09772
807,16.5870,2.49995,1.04083,-1.08330,0.063333,0.75000,0.00000,2.49995,-1.03439
808,16.7310,2.49995,1.04083,-1.01997,0.063333,0.75000,0.00000,2.49996,-0.97105
809,17.2410,2.49996,1.04083,-0.95664,0.063333,0.75000,0.00000,2.49996,-0.90772
810,16.1280,2.49996,1.04083,-0.89330,0.063333,0.75000,0.00000,2.49996,-0.84439
811,16.8470,2.49996,1.04083,-0.82997,0.063333,0.75000,0.00000,2.49996,-0.78105
812,16.8620,2.49996,1.04083,-0.76664,0.063333,0.75000,0.00000,2.49996,-0.71772
813,16.5340,2.49996,1.04083,-0.70330,0.063333,0.75000,0.00000,2.49996,-0.65439
814,16.9340,2.49996,1.04083,-0.63997,0.063333,0.75000,0.00000,2.49996,-0.59105
815,16.4400,2.49996,1.04083,-0.57664,0.063333,0.75000,0.00000,2.49996,-0.52772
816,17.1400,2.49996,1.04083,-0.51330,0.063333,0.75000,0.00000,2.49996,-0.46439
817,17.6320,2.49996,1.04083,-0.44997,0.063333,0.75000,0.00000,2.49996,-0.40105
818,15.0330,2.49996,1.04083,-0.38664,0.063333,0.75000,0.00000,2.49996,-0.33772
819,16.6540,2.49996,1.04083,-0.32330,0.063333,0.75000,0.00000,2.49996,-0.27439
820,16.7730,2.49996,1.04083,-0.25997,0.063333,0.75000,0.00000,2.49996,-0.21105
821,16.6250,2.49996,1.04083,-0.19664,0.063333,0.75000,0.00000,2.49996,-0.14772
822,16.4720,2.49996,1.04083,-0.13330,0.063333,0.75000,0.00000,2.49996,-0.08439
823,17.1540,2.49996,1.04083,-0.06997,0.063333,0.75000,0.00000,2.49996,-0.02105
824,16.1860,2.49996,1.04083,-0.00664,0.063333,0.75000,0.00000,2.49996,0.04228
825,16.7970,2.49996,1.04083,0.05670,0.063333,0.75000,0.00000,2.49996,0.10561
826,16.7840,2.49996,1.04083,0.12003,0.063333,0.75000,0.00000,2.49996,0.16895
827,16.6230,2.49996,1.04083,0.18336,0.063333,0.75000,0.00000,2.49996,0.23228
828,16.7250,2.49996,1.04083,0.24670,0.063333,0.75000,0.00000,2.49996,0.29561
829,16.5250,2.49996,1.04083,0.31003,0.063333,0.75000,0.00000,2.49997,0.35895
830,21.9560,2.49996,1.04083,0.37336,0.063333,0.75000,0.00000,2.49997,0.42228
831,11.3310,2.49997,1.04083,0.43670,0.063333,0.75000,0.00000,2.49997,0.48561
832,16.6340,2.49997,1.04083,0.50003,0.063333,0.75000,0.00000,2.49997,0.54895
833,16.8880,2.49997,1.04083,0.56336,0.063333,0.75000,0.00000,2.49997,0.61228
834,16.8290,2.49997,1.04083,0.62670,0.063333,0.75000,0.00000,2.49997,0.67561
835,16.7370,2.49997,1.04083,0.69003,0.063333,0.75000,0.00000,2.49997,0.73895
836,16.2270,2.49997,1.04083,0.75336,0.063333,0.75000,0.00000,2.49997,0.80228
837,560.2650,2.49997,1.04083,1.24561,0.492250,0.75000,0.00000,2.49997,1.30895
838,7.0790,2.49997,1.04083,1.38969,0.144079,5.82928,0.00000,2.49997,1.43561
839,3.4320,2.49997,1.04083,1.45302,0.063331,1.70618,0.00000,2.49997,1.49895
840,3.1380,2.49997,1.04083,1.51635,0.063331,0.75000,0.00000,2.49998,1.56228
841,10.0220,2.49998,1.04083,1.59552,0.079167,0.75000,0.00000,2.49998,1.62561
842,18.9740,2.49998,1.04083,1.67152,0.076000,0.93744,0.00000,2.49998,1.68895
843,14.2770,2.49998,1.04083,1.73801,0.066492,0.90002,0.00000,2.49998,1.75228
844,16.5530,2.49998,1.04083,1.80134,0.063331,0.78741,0.00000,2.49998,1.81561
845,16.4930,2.49998,1.04083,1.86467,0.063331,0.74994,0.00000,2.49998,1.87895
846,16.7720,2.49998,1.04083,1.92800,0.063331,0.75000,0.00000,2.49998,1.94228
847,16.6920,2.49998,1.04083,1.99134,0.063331,0.74994,0.00000,2.49998,2.00561
848,18.0080,2.49998,1.04083,2.05467,0.063331,0.75000,0.00000,2.49998,2.06895
849,14.9210,2.49998,1.04083,2.11800,0.063331,0.74994,0.00000,2.49998,2.13228
850,16.1540,2.49998,1.04083,2.18133,0.063331,0.75000,0.00000,2.49998,2.19561
851,16.9780,2.49998,1.04083,2.24466,0.063331,0.74994,0.00000,2.49998,2.25895
852,16.7990,2.49998,1.04083,2.30799,0.063331,0.75000,0.00000,2.49998,2.32228
853,16.5580,2.49998,1.04083,2.37132,0.063331,0.74994,0.00000,2.49998,2.38561
854,16.6600,2.49998,1.04083,2.43465,0.063331,0.75000,0.00000,2.49998,2.44895
855,17.4470,2.49998,1.04083,2.49798,0.063331,0.75000,0.00000,2.49998,2.51228
856,16.5210,2.49998,1.04083,2.56131,0.063331,0.74994,0.00000,2.49998,2.57561
857,16.4190,2.49999,1.04083,2.62464,0.063331,0.75000,0.00000,2.49999,2.63894
858,16.6050,2.49998,1.04083,2.68797,0.063331,0.74994,0.00000,2.49999,2.70228
859,16.5150,2.49999,1.04083,2.74851,0.060535,0.75000,0.00000,2.49999,2.76200
860,16.5210,2.49999,1.04083,2.80543,0.056925,0.74994,0.00000,2.49999,2.81811
861,18.6740,2.49999,1.04083,2.85875,0.053313,0.74994,0.00000,2.49999,2.87061
862,14.6480,2.49999,1.04083,2.90845,0.049703,0.75000,0.00000,2.49999,2.91950
863,16.5340,2.49999,1.04083,2.95454,0.046093,0.74994,0.00000,2.49999,2.96478
864,17.2270,2.49999,1.04083,2.99702,0.042481,0.75000,0.00000,2.49999,3.00644
865,16.4610,2.49999,1.04083,3.03589,0.038871,0.74994,0.00000,2.49999,3.04450
866,16.5930,2.49999,1.04083,3.07115,0.035260,0.75000,0.00000,2.49999,3.07894
867,542.0640,2.49999,1.04083,3.18700,0.115846,0.74994,0.00000,2.49999,3.18700
868,5.1940,2.49999,1.04083,3.17819,0.008812,6.16968,0.00000,2.49999,3.17172
869,2.8440,2.49999,1.04083,3.16862,0.009570,0.95441,0.00000,2.49999,3.16033
870,16.8460,2.49999,1.04083,3.15655,0.012070,0.75000,0.00000,2.49999,3.14644
871,16.6420,2.49999,1.04083,3.13788,0.018667,0.74994,0.00000,2.49999,3.13006
872,16.6060,2.49999,1.04083,3.11641,0.021473,0.93750,0.00000,2.49999,3.11117
873,16.5450,2.49999,1.04083,3.09465,0.021761,0.90002,0.00000,2.49999,3.08978
874,16.9380,2.49999,1.04083,3.07133,0.023319,0.78741,0.00000,2.49999,3.06589
875,16.7380,2.49999,1.04083,3.04551,0.025819,0.74994,0.00000,2.49999,3.03950
876,16.5990,2.49999,1.04083,3.01719,0.028319,0.75000,0.00000,2.49999,3.01061
877,16.7870,2.49999,1.04083,2.98637,0.030818,0.74994,0.00000,2.49999,2.97922
878,16.4820,2.49999,1.04083,2.95305,0.033319,0.74994,0.00000,2.49999,2.94533
879,18.0110,2.49999,1.04083,2.91724,0.035817,0.75000,0.00000,2.49999,2.90894
880,15.5070,2.49999,1.04083,2.87892,0.038318,0.75000,0.00000,2.49999,2.87006
881,16.3350,2.49999,1.04083,2.83810,0.040817,0.75000,0.00000,2.49999,2.82867
882,16.8150,2.49999,1.04083,2.79478,0.043317,0.74988,0.00000,2.49999,2.78478
883,16.7040,2.49999,1.04083,2.74897,0.045817,0.75000,0.00000,2.49999,2.73839
884,16.8700,2.49999,1.04083,2.70065,0.048317,0.75000,0.00000,2.49999,2.68950
885,16.2150,2.49999,1.04083,2.64983,0.050817,0.75000,0.00000,2.49999,2.63811
886,16.9710,2.49999,1.04083,2.59651,0.053319,0.75000,0.00000,2.49999,2.58422
887,16.9510,2.49999,1.04083,2.54070,0.055819,0.74994,0.00000,2.49999,2.52783
888,16.3970,2.49999,1.04083,2.48238,0.058319,0.75000,0.00000,2.49999,2.46894
889,16.6700,2.49999,1.04083,2.42156,0.060819,0.75000,0.00000,2.49999,2.40756
890,16.5320,2.49999,1.04083,2.35867,0.062890,0.75000,0.00000,2.49999,2.34422
891,16.4980,2.49999,1.04083,2.29534,0.063333,0.75000,0.00000,2.49999,2.28089
892,21.8760,2.49999,1.04083,2.23200,0.063333,0.74994,0.00000,2.49999,2.21756
893,11.8310,2.49999,1.04083,2.16867,0.063333,0.75000,0.00000,2.49999,2.15422
894,16.7010,2.49999,1.04083,2.10534,0.063333,0.75006,0.00000,2.49999,2.09089
895,16.8580,2.49999,1.04083,2.04200,0.063333,0.75000,0.00000,2.49999,2.02756
896,16.6280,2.49999,1.04083,1.97867,0.063333,0.75000,0.00000,2.49999,1.96422
897,16.3230,2.49999,1.04083,1.91534,0.063334,0.75000,0.00000,2.49999,1.90089
898,17.1910,2.49999,1.04083,1.85200,0.063333,0.75000,0.00000,2.49999,1.83756
899,16.4020,2.49999,1.04083,1.78867,0.063333,0.75000,0.00000,2.49999,1.77422
900,16.5780,2.49999,1.04083,1.72534,0.063333,0.74994,0.00000,2.49999,1.71089
901,17.0420,2.49999,1.04083,1.66200,0.063334,0.75012,0.00000,2.49999,1.64756
902,16.2920,2.49999,1.04083,1.59867,0.063333,0.74994,0.00000,2.49999,1.58422
903,16.3690,2.49999,1.04083,1.53534,0.063333,0.75000,0.00000,2.49999,1.52089
904,16.9820,2.49999,1.04083,1.47200,0.063333,0.75000,0.00000,2.49999,1.45756
905,20.8990,2.49999,1.04083,1.40867,0.063334,0.75000,0.00000,2.49999,1.39422
906,12.6500,2.49999,1.04083,1.34534,0.063333,0.75000,0.00000,2.49999,1.33089
907,16.5730,2.49999,1.04083,1.28200,0.063333,0.74994,0.00000,2.49999,1.26756
908,16.8400,2.49999,1.04083,1.21867,0.063333,0.75000,0.00000,2.49999,1.20422
909,17.2220,2.49999,1.04083,1.15534,0.063334,0.75006,0.00000,2.49999,1.14089
910,16.4660,2.49999,1.04083,1.09200,0.063333,0.75000,0.00000,2.49999,1.07756
911,16.7220,2.49999,1.04083,1.02867,0.063333,0.75000,0.00000,2.49999,1.01422
912,16.4880,2.49999,1.04083,0.96534,0.063333,0.75000,0.00000,2.49999,0.95089
913,16.8030,2.49999,1.04083,0.90200,0.063333,0.75000,0.00000,2.49999,0.88756
914,16.3880,2.49999,1.04083,0.83867,0.063334,0.75000,0.00000,2.49999,0.82422
915,16.9610,2.49999,1.04083,0.77534,0.063333,0.74994,0.00000,2.49999,0.76089
916,16.6910,2.49999,1.04083,0.71200,0.063334,0.75012,0.00000,2.49999,0.69756
917,16.6470,2.49999,1.04083,0.64867,0.063333,0.74994,0.00000,2.49999,0.63422
918,18.4350,2.49999,1.04083,0.58534,0.063334,0.75000,0.00000,2.49999,0.57089
919,14.9370,2.49999,1.04083,0.52200,0.063333,0.75000,0.00000,2.49999,0.50756
920,16.5920,2.49999,1.04083,0.45867,0.063334,0.75000,0.00000,2.49999,0.44422
921,16.8470,2.49999,1.04083,0.39534,0.063333,0.75000,0.00000,2.49999,0.38089
922,16.7810,2.49999,1.04083,0.33200,0.063333,0.74994,0.00000,2.49999,0.31756
923,16.4890,2.49999,1.04083,0.26867,0.063333,0.75000,0.00000,2.49999,0.25422
924,16.6990,2.49999,1.04083,0.20534,0.063333,0.75006,0.00000,2.49999,0.19089
925,16.6330,2.49999,1.04083,0.14200,0.063333,0.75000,0.00000,2.49999,0.12756
926,16.6330,2.49999,1.04083,0.07867,0.063333,0.75000,0.00000,2.49999,0.06422
927,17.0950,2.49999,1.04083,0.01534,0.063333,0.75000,0.00000,2.49999,0.00089
928,16.3700,2.49999,1.04083,-0.04800,0.063333,0.75000,0.00000,2.49999,-0.06244
929,16.9300,2.49999,1.04083,-0.11133,0.063333,0.75000,0.00000,2.49999,-0.12578
930,16.3230,2.50000,1.04083,-0.17466,0.063333,0.74994,0.00000,2.49999,-0.18911
931,21.4860,2.49999,1.04083,-0.23800,0.063333,0.75012,0.00000,2.49999,-0.25244
932,12.0800,2.50000,1.04083,-0.30133,0.063333,0.74994,0.00000,2.49999,-0.31578
933,16.5300,2.49999,1.04083,-0.36466,0.063333,0.75000,0.00000,2.49999,-0.37911
934,16.5730,2.50000,1.04083,-0.42800,0.063333,0.75000,0.00000,2.50000,-0.44244
935,16.6640,2.50000,1.04083,-0.49133,0.063333,0.75000,0.00000,2.50000,-0.50578
936,16.8790,2.50000,1.04083,-0.55466,0.063333,0.75000,0.00000,2.50000,-0.56911
937,16.5630,2.50000,1.04083,-0.61800,0.063333,0.74994,0.00000,2.50000,-0.63244
938,521.6580,2.50000,1.04083,-1.13911,0.521113,0.75000,0.00000,2.50000,-1.13911
939,9.2760,2.50000,1.04083,-1.26578,0.126667,6.17114,0.00000,2.50000,-1.32911
940,0.8860,2.50000,1.04083,-1.29131,0.025535,1.50000,0.00000,2.50000,-1.32911
941,18.3210,2.50000,1.04083,-1.35020,0.058885,0.30237,0.00000,2.50000,-1.39244
942,16.6870,2.50000,1.04083,-1.41351,0.063312,0.69727,0.00000,2.50000,-1.45578
943,16.8570,2.50000,1.04083,-1.47684,0.063333,0.74982,0.00000,2.50000,-1.51911
944,16.8860,2.50000,1.04083,-1.53897,0.062132,0.75000,0.00000,2.50000,-1.57883
945,16.5350,2.50000,1.04083,-1.59749,0.058521,0.75000,0.00000,2.50000,-1.63494
946,16.8740,2.50000,1.04083,-1.65240,0.054910,0.75000,0.00000,2.50000,-1.68744
947,16.3530,2.50000,1.04083,-1.70370,0.051299,0.75000,0.00000,2.50000,-1.73633
948,16.7300,2.50000,1.04083,-1.75139,0.047688,0.75000,0.00000,2.50000,-1.78161
949,16.5230,2.50000,1.04083,-1.79547,0.044077,0.74994,0.00000,2.50000,-1.82328
950,18.3490,2.50000,1.04083,-1.83593,0.040465,0.75000,0.00000,2.50000,-1.86133
951,15.2700,2.50000,1.04083,-1.87279,0.036855,0.75006,0.00000,2.50000,-1.89578
952,16.5550,2.50000,1.04083,-1.90603,0.033243,0.75000,0.00000,2.50000,-1.92661
953,16.6750,2.50000,1.04083,-1.93566,0.029632,0.75000,0.00000,2.50000,-1.95383
954,16.5630,2.50000,1.04083,-1.96168,0.026021,0.75000,0.00000,2.50000,-1.97744
955,16.7470,2.50000,1.04083,-1.98409,0.022410,0.75000,0.00000,2.50000,-1.99744
956,16.7390,2.50000,1.04083,-2.00095,0.016859,0.74994,0.00000,2.50000,-2.00800
957,16.4550,2.50000,1.04083,-2.00837,0.007414,0.75000,0.00000,2.50000,-2.00911
958,16.8260,2.50000,1.04083,-2.00865,0.000280,0.75006,0.00000,2.50000,-2.00772
959,16.4780,2.50000,1.04083,-2.00643,0.002220,0.75000,0.00000,2.50000,-2.00383
960,16.9060,2.50000,1.04083,-2.00171,0.004720,0.75000,0.00000,2.50000,-1.99744
961,16.5260,2.50000,1.04083,-1.99449,0.007220,0.75000,0.00000,2.50000,-1.98855
962,16.3920,2.50000,1.04083,-1.98477,0.009720,0.75000,0.00000,2.50000,-1.97717
963,18.7270,2.50000,1.04083,-1.97255,0.012220,0.75000,0.00000,2.50000,-1.96328
964,14.4850,2.50000,1.04083,-1.95782,0.014721,0.74994,0.00000,2.50000,-1.94689
965,16.7160,2.50000,1.04083,-1.94060,0.017220,0.75000,0.00000,2.50000,-1.92800
966,16.6300,2.50000,1.04083,-1.92088,0.019720,0.75006,0.00000,2.50000,-1.90661
967,16.6970,2.50000,1.04083,-1.89866,0.022220,0.75000,0.00000,2.50000,-1.88272
968,16.5450,2.50000,1.04083,-1.87394,0.024721,0.75000,0.00000,2.50000,-1.85633
969,16.5280,2.50000,1.04083,-1.84672,0.027220,0.75000,0.00000,2.50000,-1.82744
970,533.4230,2.50000,1.04083,-1.50761,0.339111,0.75000,0.00000,2.50000,-1.50633
971,8.5910,2.50000,1.04083,-1.40105,0.106558,6.48090,0.00000,2.50000,-1.34466
972,0.9150,2.50000,1.04083,-1.39742,0.003638,1.51959,0.00000,2.50000,-1.34466
973,4.9200,2.50000,1.04083,-1.38153,0.015885,0.04846,0.00000,2.50000,-1.34466
974,19.6900,2.50000,1.04083,-1.32328,0.058249,0.21130,0.00000,2.50000,-1.28578
975,13.9500,2.50000,1.04083,-1.29383,0.029449,0.76257,0.00000,2.50000,-1.28578
976,19.4990,2.50000,1.04083,-1.23287,0.060968,0.37512,0.00000,2.50000,-1.22439
977,16.7800,2.50000,1.04083,-1.16956,0.063302,0.74902,0.00000,2.50000,-1.16105
978,16.7270,2.50000,1.04083,-1.10634,0.063221,0.75281,0.00000,2.50000,-1.09772
979,16.9630,2.50000,1.04083,-1.04257,0.063779,0.74860,0.00000,2.50000,-1.03439
980,16.1010,2.50000,1.04083,-0.97955,0.063020,0.75531,0.00000,2.50000,-0.97105
981,17.5010,2.50000,1.04083,-0.91635,0.063198,0.74634,0.00000,2.50000,-0.90772
982,16.1900,2.50000,1.04083,-0.85292,0.063426,0.74835,0.00000,2.50000,-0.84439
983,16.3480,2.50000,1.04083,-0.78956,0.063357,0.75110,0.00000,2.50000,-0.78105
984,21.7160,2.50000,1.04083,-0.72620,0.063369,0.75024,0.00000,2.50000,-0.71772
985,11.8470,2.50000,1.04083,-0.66294,0.063251,0.75043,0.00000,2.50000,-0.65439
986,16.6930,2.50000,1.04083,-0.59939,0.063559,0.74902,0.00000,2.50000,-0.59105
987,16.5180,2.50000,1.04083,-0.53605,0.063334,0.75269,0.00000,2.50000,-0.52772
988,16.6250,2.50000,1.04083,-0.47272,0.063333,0.75006,0.00000,2.50000,-0.46439
989,16.6740,2.50000,1.04083,-0.40939,0.063333,0.75000,0.00000,2.50000,-0.40105
990,16.9420,2.50000,1.04083,-0.34590,0.063490,0.74994,0.00000,2.50000,-0.33772
991,16.3070,2.50000,1.04083,-0.28256,0.063333,0.75189,0.00000,2.50000,-0.27439
992,16.9920,2.50000,1.04083,-0.21923,0.063333,0.75000,0.00000,2.50000,-0.21105
993,16.5900,2.50000,1.04083,-0.15588,0.063352,0.75000,0.00000,2.50000,-0.14772
994,16.7580,2.50000,1.04083,-0.09230,0.063578,0.75024,0.00000,2.50000,-0.08439
995,16.5540,2.50000,1.04083,-0.02897,0.063333,0.75287,0.00000,2.50000,-0.02105
996,18.4730,2.50000,1.04083,0.03437,0.063333,0.75000,0.00000,2.50000,0.04228
997,14.5310,2.50000,1.04083,0.09770,0.063333,0.75000,0.00000,2.50000,0.10561
998,16.8980,2.50000,1.04083,0.16103,0.063333,0.75000,0.00000,2.50000,0.16895
999,16.6980,2.50000,1.04083,0.22437,0.063333,0.75000,0.00000,2.50000,0.23228
1000,16.6100,2.50000,1.04083,0.28770,0.063333,0.75000,0.00000,2.50000,0.29561
1001,16.7390,2.50000,1.04083,0.35103,0.063333,0.74994,0.00000,2.50000,0.35895
1002,16.6430,2.50000,1.04083,0.41437,0.063333,0.75000,0.00000,2.50000,0.42228
1003,16.6570,2.50000,1.04083,0.47770,0.063333,0.75006,0.00000,2.50000,0.48561
1004,16.6380,2.50000,1.04083,0.54103,0.063333,0.75000,0.00000,2.50000,0.54895
1005,16.7350,2.50000,1.04083,0.60437,0.063333,0.75000,0.00000,2.50000,0.61228
1006,16.7600,2.50000,1.04083,0.66770,0.063334,0.75000,0.00000,2.50000,0.67561
1007,16.5840,2.50000,1.04083,0.73108,0.063380,0.75000,0.00000,2.50000,0.73895
1008,18.3240,2.50000,1.04083,0.79441,0.063333,0.75055,0.00000,2.50000,0.80228
1009,14.9690,2.50000,1.04083,0.85775,0.063334,0.75000,0.00000,2.50000,0.86561
1010,16.7560,2.50000,1.04083,0.92118,0.063428,0.75000,0.00000,2.50000,0.92895
1011,16.7450,2.50000,1.04083,0.98451,0.063333,0.75110,0.00000,2.50000,0.99228
1012,16.5590,2.50000,1.04083,1.04784,0.063333,0.75000,0.00000,2.50000,1.05561
1013,16.7770,2.50000,1.04083,1.11132,0.063482,0.75006,0.00000,2.50000,1.11895
1014,16.7210,2.50000,1.04083,1.17466,0.063333,0.75171,0.00000,2.50000,1.18228
1015,16.4550,2.50000,1.04083,1.23799,0.063333,0.75000,0.00000,2.50000,1.24561
1016,16.7580,2.50000,1.04083,1.30136,0.063367,0.75000,0.00000,2.50000,1.30895
1017,16.7260,2.50000,1.04083,1.36469,0.063333,0.75037,0.00000,2.50000,1.37228
1018,16.8700,2.50000,1.04083,1.42813,0.063438,0.75000,0.00000,2.50000,1.43561
1019,16.3510,2.50000,1.04083,1.49146,0.063334,0.75128,0.00000,2.50000,1.49895
1020,18.2320,2.50000,1.04083,1.55480,0.063333,0.75000,0.00000,2.50000,1.56228
1021,15.3750,2.50000,1.04083,1.61813,0.063333,0.75000,0.00000,2.50000,1.62561
1022,16.9500,2.50000,1.04083,1.68177,0.063642,0.75000,0.00000,2.50000,1.68895
1023,16.3820,2.50000,1.04083,1.74511,0.063333,0.75366,0.00000,2.50000,1.75228
1024,16.7700,2.50000,1.04083,1.80844,0.063334,0.75000,0.00000,2.50000,1.81561
1025,16.9170,2.50000,1.04083,1.87178,0.063345,0.74994,0.00000,2.50000,1.87895
1026,16.2010,2.50000,1.04083,1.93512,0.063333,0.75018,0.00000,2.50000,1.94228
1027,17.1620,2.50000,1.04083,1.99867,0.063552,0.75000,0.00000,2.50000,2.00561
1028,16.2240,2.50000,1.04083,2.06200,0.063334,0.75262,0.00000,2.50000,2.06895
1029,16.5930,2.50000,1.04083,2.12534,0.063333,0.75000,0.00000,2.50000,2.13228
1030,16.7320,2.50000,1.04083,2.18867,0.063333,0.75000,0.00000,2.50000,2.19561
1031,16.9520,2.50000,1.04083,2.25200,0.063333,0.75000,0.00000,2.50000,2.25894
1032,17.8220,2.50000,1.04083,2.31534,0.063333,0.75000,0.00000,2.50000,2.32228
1033,15.2980,2.50000,1.04083,2.37867,0.063333,0.74994,0.00000,2.50000,2.38561
1034,16.8910,2.50000,1.04083,2.44200,0.063333,0.75000,0.00000,2.50000,2.44894
1035,16.4630,2.50000,1.04083,2.50534,0.063333,0.75006,0.00000,2.50000,2.51228
1036,517.6390,2.50000,1.04083,2.91950,0.414164,0.75000,0.00000,2.50000,2.96478
1037,10.6890,2.50000,1.04083,3.00644,0.086945,5.33228,0.00000,2.50000,3.04450
1038,2.3840,2.50000,1.04083,3.02178,0.015332,1.49994,0.00000,2.50000,3.04450
1039,19.3890,2.50000,1.04083,3.05817,0.036388,0.30212,0.00000,2.50000,3.07894
1040,16.5770,2.50000,1.04083,3.09118,0.033012,0.74536,0.00000,2.50000,3.10978
1041,16.4250,2.50000,1.04083,3.12058,0.029402,0.75006,0.00000,2.50000,3.13700
1042,17.2480,2.50000,1.04083,3.14637,0.025788,0.75000,0.00000,2.50000,3.16061
1043,16.5750,2.50000,1.04083,3.16855,0.022180,0.75000,0.00000,2.50000,3.18061
1044,16.6950,2.50000,1.04083,3.18480,0.016253,0.75000,0.00000,2.50000,3.19117
1045,16.4470,2.50000,1.04083,3.19161,0.006808,0.74994,0.00000,2.50000,3.19228
1046,16.6960,2.50000,1.04083,3.19173,0.000120,0.75000,0.00000,2.50000,3.19089
1047,16.7630,2.50000,1.04083,3.18935,0.002381,0.75000,0.00000,2.50000,3.18700
1048,16.8310,2.50000,1.04083,3.18447,0.004881,0.75006,0.00000,2.50000,3.18061
1049,16.7960,2.50000,1.04083,3.17708,0.007381,0.75000,0.00000,2.50000,3.17172
1050,21.1890,2.50000,1.04083,3.16726,0.009829,0.75000,0.00000,2.50000,3.16033
1051,11.9530,2.50000,1.04083,3.15489,0.012368,0.74646,0.00000,2.50000,3.14644
1052,16.5920,2.50000,1.04083,3.14002,0.014869,0.75006,0.00000,2.50000,3.13006
1053,16.7180,2.50000,1.04083,3.12265,0.017369,0.75000,0.00000,2.50000,3.11117
1054,16.6860,2.50000,1.04083,3.10278,0.019869,0.75000,0.00000,2.50000,3.08978
1055,16.8110,2.50000,1.04083,3.08041,0.022369,0.75000,0.00000,2.50000,3.06589
1056,16.7500,2.50000,1.04083,3.05554,0.024869,0.75000,0.00000,2.50000,3.03950
1057,16.4780,2.50000,1.04083,3.02817,0.027369,0.74994,0.00000,2.50000,3.01061
1058,16.7330,2.50000,1.04083,2.99830,0.029868,0.75000,0.00000,2.50000,2.97922
1059,16.6630,2.50000,1.04083,2.96593,0.032371,0.75000,0.00000,2.50000,2.94533
1060,16.6200,2.50000,1.04083,2.93107,0.034868,0.75006,0.00000,2.50000,2.90894
1061,16.9910,2.50000,1.04083,2.89370,0.037369,0.75000,0.00000,2.50000,2.87006
1062,16.4980,2.50000,1.04083,2.85383,0.039869,0.75000,0.00000,2.50000,2.82867
1063,18.4230,2.50000,1.04083,2.81146,0.042369,0.75000,0.00000,2.50000,2.78478
1064,14.7050,2.50000,1.04083,2.76659,0.044869,0.74994,0.00000,2.50000,2.73839
1065,16.7210,2.50000,1.04083,2.71922,0.047369,0.75000,0.00000,2.50000,2.68950
1066,16.8820,2.50000,1.04083,2.66935,0.049869,0.75000,0.00000,2.50000,2.63811
1067,16.3940,2.50000,1.04083,2.61698,0.052370,0.75006,0.00000,2.50000,2.58422
1068,17.2020,2.50000,1.04083,2.56211,0.054868,0.75000,0.00000,2.50000,2.52783
1069,16.2840,2.50000,1.04083,2.50474,0.057370,0.75000,0.00000,2.50000,2.46894
1070,16.6980,2.50000,1.04083,2.44487,0.059868,0.75000,0.00000,2.50000,2.40756
1071,16.6100,2.50000,1.04083,2.38272,0.062151,0.75000,0.00000,2.50000,2.34422
1072,16.5270,2.50000,1.04083,2.31939,0.063333,0.74994,0.00000,2.50000,2.28089
1073,16.8770,2.50000,1.04083,2.25606,0.063333,0.75000,0.00000,2.50000,2.21756
1074,16.6960,2.50000,1.04083,2.19272,0.063333,0.75000,0.00000,2.50000,2.15422
1075,16.7710,2.50000,1.04083,2.12939,0.063333,0.75006,0.00000,2.50000,2.09089
1076,18.2220,2.50000,1.04083,2.06606,0.063333,0.75000,0.00000,2.50000,2.02756
1077,15.0630,2.50000,1.04083,2.00272,0.063333,0.75000,0.00000,2.50000,1.96422
1078,16.6290,2.50000,1.04083,1.93939,0.063333,0.75000,0.00000,2.50000,1.90089
1079,16.5630,2.50000,1.04083,1.87606,0.063333,0.74994,0.00000,2.50000,1.83756
1080,16.7790,2.50000,1.04083,1.81272,0.063333,0.75000,0.00000,2.50000,1.77422
1081,16.6680,2.50000,1.04083,1.74939,0.063333,0.75000,0.00000,2.50000,1.71089
1082,16.5450,2.50000,1.04083,1.68606,0.063333,0.75006,0.00000,2.50000,1.64756
1083,17.2990,2.50000,1.04083,1.62272,0.063333,0.75000,0.00000,2.50000,1.58422
1084,16.5870,2.50000,1.04083,1.55939,0.063333,0.75000,0.00000,2.50000,1.52089
1085,16.1710,2.50000,1.04083,1.49606,0.063333,0.75000,0.00000,2.50000,1.45756
1086,16.7110,2.50000,1.04083,1.43272,0.063333,0.75000,0.00000,2.50000,1.39422
1087,16.7060,2.50000,1.04083,1.36939,0.063334,0.74994,0.00000,2.50000,1.33089
1088,16.6370,2.50000,1.04083,1.30606,0.063333,0.75000,0.00000,2.50000,1.26756
1089,21.6420,2.50000,1.04083,1.24272,0.063333,0.75000,0.00000,2.50000,1.20422
1090,11.7390,2.50000,1.04083,1.17939,0.063333,0.75006,0.00000,2.50000,1.14089
1091,16.8440,2.50000,1.04083,1.11606,0.063333,0.75000,0.00000,2.50000,1.07756
1092,16.4970,2.50000,1.04083,1.05272,0.063333,0.75000,0.00000,2.50000,1.01422
1093,16.8170,2.50000,1.04083,0.98939,0.063333,0.75000,0.00000,2.50000,0.95089
1094,16.4260,2.50000,1.04083,0.92606,0.063333,0.74994,0.00000,2.50000,0.88756
1095,16.9830,2.50000,1.04083,0.86272,0.063333,0.75000,0.00000,2.50000,0.82422
1096,16.5740,2.50000,1.04083,0.79939,0.063333,0.75000,0.00000,2.50000,0.76089
1097,16.7000,2.50000,1.04083,0.73606,0.063333,0.75006,0.00000,2.50000,0.69756
1098,16.6700,2.50000,1.04083,0.67272,0.063333,0.75000,0.00000,2.50000,0.63422
1099,16.4600,2.50000,1.04083,0.60939,0.063333,0.75000,0.00000,2.50000,0.57089
1100,16.6850,2.50000,1.04083,0.54606,0.063333,0.75000,0.00000,2.50000,0.50756
1101,16.3900,2.50000,1.04083,0.48272,0.063333,0.75000,0.00000,2.50000,0.44422
1102,19.1190,2.50000,1.04083,0.41939,0.063333,0.74994,0.00000,2.50000,0.38089
1103,14.7210,2.50000,1.04083,0.35606,0.063333,0.75000,0.00000,2.50000,0.31756
1104,16.5790,2.50000,1.04083,0.29272,0.063333,0.75000,0.00000,2.50000,0.25422
1105,16.6620,2.50000,1.04083,0.22939,0.063333,0.75006,0.00000,2.50000,0.19089
1106,16.5950,2.50000,1.04083,0.16606,0.063333,0.75000,0.00000,2.50000,0.12756
1107,16.5900,2.50000,1.04083,0.10272,0.063333,0.75000,0.00000,2.50000,0.06422
1108,16.6320,2.50000,1.04083,0.03939,0.063333,0.75000,0.00000,2.50000,0.00089
1109,17.1670,2.50000,1.04083,-0.02394,0.063333,0.74994,0.00000,2.50000,-0.06244
1110,16.1240,2.50000,1.04083,-0.08728,0.063333,0.75000,0.00000,2.50000,-0.12578
1111,16.6950,2.50000,1.04083,-0.15061,0.063333,0.75000,0.00000,2.50000,-0.18911
1112,16.5230,2.50000,1.04083,-0.21394,0.063333,0.75006,0.00000,2.50000,-0.25244
1113,16.3940,2.50000,1.04083,-0.27728,0.063333,0.75000,0.00000,2.50000,-0.31578
1114,16.5900,2.50000,1.04083,-0.34061,0.063333,0.75000,0.00000,2.50000,-0.37911
1115,21.7230,2.50000,1.04083,-0.40394,0.063333,0.75000,0.00000,2.50000,-0.44244
1116,11.9410,2.50000,1.04083,-0.46728,0.063333,0.75000,0.00000,2.50000,-0.50578
1117,16.9480,2.50000,1.04083,-0.53061,0.063333,0.75000,0.00000,2.50000,-0.56911
1118,16.4250,2.50000,1.04083,-0.59394,0.063333,0.74988,0.00000,2.50000,-0.63244
1119,16.6920,2.50000,1.04083,-0.65728,0.063333,0.75000,0.00000,2.50000,-0.69578
1120,16.5220,2.50000,1.04083,-0.72061,0.063333,0.75012,0.00000,2.50000,-0.75911
1121,16.5630,2.50000,1.04083,-0.78394,0.063333,0.75006,0.00000,2.50000,-0.82244
1122,17.3390,2.50000,1.04083,-0.84728,0.063333,0.75000,0.00000,2.50000,-0.88578
1123,16.3870,2.50000,1.04083,-0.91061,0.063333,0.75000,0.00000,2.50000,-0.94911
1124,16.7410,2.50000,1.04083,-0.97394,0.063333,0.74988,0.00000,2.50000,-1.01244
1125,16.4240,2.50000,1.04083,-1.03728,0.063333,0.75000,0.00000,2.50000,-1.07578
1126,17.0560,2.50000,1.04083,-1.10061,0.063333,0.75006,0.00000,2.50000,-1.13911
1127,16.3950,2.50000,1.04083,-1.16394,0.063333,0.75000,0.00000,2.50000,-1.20244
1128,21.9570,2.50000,1.04083,-1.22728,0.063333,0.75000,0.00000,2.50000,-1.26578
1129,11.4540,2.50000,1.04083,-1.29061,0.063333,0.75000,0.00000,2.50000,-1.32911
1130,16.5000,2.50000,1.04083,-1.35394,0.063333,0.75000,0.00000,2.50000,-1.39244
1131,16.5030,2.50000,1.04083,-1.41727,0.063333,0.75000,0.00000,2.50000,-1.45578
1132,16.6610,2.50000,1.04083,-1.48061,0.063333,0.74994,0.00000,2.50000,-1.51911
1133,16.9320,2.50000,1.04083,-1.54253,0.061918,0.75000,0.00000,2.50000,-1.57883
1134,16.4560,2.50000,1.04083,-1.60083,0.058306,0.75000,0.00000,2.50000,-1.63494
1135,16.8610,2.50000,1.04083,-1.65553,0.054695,0.75012,0.00000,2.50000,-1.68744
1136,16.8630,2.50000,1.04083,-1.70661,0.051084,0.74988,0.00000,2.50000,-1.73633
1137,16.8390,2.50000,1.04083,-1.75408,0.047473,0.75000,0.00000,2.50000,-1.78161
1138,16.5010,2.50000,1.04083,-1.79795,0.043862,0.75006,0.00000,2.50000,-1.82328
1139,16.7110,2.50000,1.04083,-1.83820,0.040251,0.75000,0.00000,2.50000,-1.86133
1140,16.7580,2.50000,1.04083,-1.87484,0.036640,0.75000,0.00000,2.50000,-1.89578
1141,21.8110,2.50000,1.04083,-1.90787,0.033028,0.74988,0.00000,2.50000,-1.92661
1142,11.6260,2.50000,1.04083,-1.93728,0.029418,0.75012,0.00000,2.50000,-1.95383
1143,16.8750,2.50000,1.04083,-1.96309,0.025806,0.75000,0.00000,2.50000,-1.97744
1144,16.6590,2.50000,1.04083,-1.98528,0.022195,0.75000,0.00000,2.50000,-1.99744
1145,16.3560,2.50000,1.04083,-2.00158,0.016297,0.75006,0.00000,2.50000,-2.00800
1146,16.8930,2.50000,1.04083,-2.00843,0.006853,0.75000,0.00000,2.50000,-2.00911
1147,16.8390,2.50000,1.04083,-2.00857,0.000131,0.74988,0.00000,2.50000,-2.00772
1148,16.5050,2.50000,1.04083,-2.00620,0.002369,0.75000,0.00000,2.50000,-2.00383
1149,16.3050,2.50000,1.04083,-2.00133,0.004869,0.75000,0.00000,2.50000,-1.99744
1150,17.5590,2.50000,1.04083,-1.99396,0.007369,0.75006,0.00000,2.50000,-1.98855
1151,16.7060,2.50000,1.04083,-1.98409,0.009869,0.75000,0.00000,2.50000,-1.97717
1152,16.2620,2.50000,1.04083,-1.97172,0.012369,0.75000,0.00000,2.50000,-1.96328
1153,16.6660,2.50000,1.04083,-1.95685,0.014870,0.75000,0.00000,2.50000,-1.94689
1154,18.7840,2.50000,1.04083,-1.93948,0.017369,0.74988,0.00000,2.50000,-1.92800
1155,14.0870,2.50000,1.04083,-1.91961,0.019869,0.75006,0.00000,2.50000,-1.90661
1156,17.3350,2.50000,1.04083,-1.89724,0.022369,0.75000,0.00000,2.50000,-1.88272
1157,16.6670,2.50000,1.04083,-1.87237,0.024869,0.75012,0.00000,2.50000,-1.85633
1158,16.4220,2.50000,1.04083,-1.84501,0.027369,0.75000,0.00000,2.50000,-1.82744
1159,17.3430,2.50000,1.04083,-1.81514,0.029869,0.74988,0.00000,2.50000,-1.79605
1160,16.0490,2.50000,1.04083,-1.78277,0.032369,0.75000,0.00000,2.50000,-1.76217
1161,16.6230,2.50000,1.04083,-1.74790,0.034869,0.75006,0.00000,2.50000,-1.72578
1162,16.6750,2.50000,1.04083,-1.71053,0.037369,0.75000,0.00000,2.50000,-1.68689
1163,16.4750,2.50000,1.04083,-1.67066,0.039869,0.75000,0.00000,2.50000,-1.64550
1164,17.0140,2.50000,1.04083,-1.62829,0.042369,0.74988,0.00000,2.50000,-1.60161
1165,16.6140,2.50000,1.04083,-1.58342,0.044869,0.75012,0.00000,2.50000,-1.55522
1166,16.7120,2.50000,1.04083,-1.53605,0.047369,0.75000,0.00000,2.50000,-1.50633
1167,21.1740,2.50000,1.04083,-1.48618,0.049869,0.75000,0.00000,2.50000,-1.45494
1168,529.9020,2.50000,1.04083,-1.03439,0.451796,0.75006,0.00000,2.50000,-0.97105
1169,3.8380,2.50000,1.04083,-0.94162,0.092769,5.70587,0.00000,2.50000,-0.90772
1170,12.3300,2.50000,1.04083,-0.87829,0.063331,1.09851,0.00000,2.50000,-0.84439
1171,16.5260,2.50000,1.04083,-0.81496,0.063331,0.75000,0.00000,2.50000,-0.78105
1172,22.1550,2.50000,1.04083,-0.75162,0.063333,0.75000,0.00000,2.50000,-0.71772
1173,11.3950,2.50000,1.04083,-0.68829,0.063333,0.75000,0.00000,2.50000,-0.65439
1174,16.7970,2.50000,1.04083,-0.62496,0.063334,0.75000,0.00000,2.50000,-0.59105
1175,16.6550,2.50000,1.04083,-0.56162,0.063333,0.74994,0.00000,2.50000,-0.52772
1176,16.9750,2.50000,1.04083,-0.49829,0.063333,0.75012,0.00000,2.50000,-0.46439
1177,16.4140,2.50000,1.04083,-0.43496,0.063333,0.74988,0.00000,2.50000,-0.40105
1178,16.4210,2.50000,1.04083,-0.37162,0.063333,0.75000,0.00000,2.50000,-0.33772
1179,16.5490,2.50000,1.04083,-0.30829,0.063333,0.75000,0.00000,2.50000,-0.27439
1180,16.4500,2.50000,1.04083,-0.24496,0.063333,0.75006,0.00000,2.50000,-0.21105
1181,16.8020,2.50000,1.04083,-0.18162,0.063333,0.75000,0.00000,2.50000,-0.14772
1182,16.5860,2.50000,1.04083,-0.11829,0.063333,0.75000,0.00000,2.50000,-0.08439
1183,16.6540,2.50000,1.04083,-0.05496,0.063333,0.75012,0.00000,2.50000,-0.02105
1184,16.6840,2.50000,1.04083,0.00838,0.063333,0.74988,0.00000,2.50000,0.04228
1185,21.5690,2.50000,1.04083,0.07171,0.063333,0.75000,0.00000,2.50000,0.10561
1186,11.7730,2.50000,1.04083,0.13504,0.063333,0.75006,0.00000,2.50000,0.16895
1187,16.8190,2.50000,1.04083,0.19838,0.063333,0.75000,0.00000,2.50000,0.23228
1188,16.8020,2.50000,1.04083,0.26171,0.063333,0.75000,0.00000,2.50000,0.29561
1189,16.3300,2.50000,1.04083,0.32504,0.063333,0.74988,0.00000,2.50000,0.35895
1190,16.6990,2.50000,1.04083,0.38838,0.063333,0.75000,0.00000,2.50000,0.42228
1191,16.6110,2.50000,1.04083,0.45171,0.063333,0.75012,0.00000,2.50000,0.48561
1192,17.2020,2.50000,1.04083,0.51504,0.063334,0.74994,0.00000,2.50000,0.54895
1193,17.2630,2.50000,1.04083,0.57838,0.063333,0.75000,0.00000,2.50000,0.61228
1194,16.2020,2.50000,1.04083,0.64171,0.063333,0.75000,0.00000,2.50000,0.67561
1195,16.5880,2.50000,1.04083,0.70504,0.063333,0.75000,0.00000,2.50000,0.73895
1196,16.2330,2.50000,1.04083,0.76838,0.063333,0.75000,0.00000,2.50000,0.80228
1197,16.5640,2.50000,1.04083,0.83171,0.063333,0.74994,0.00000,2.50000,0.86561
1198,22.0900,2.50000,1.04083,0.89504,0.063333,0.75012,0.00000,2.50000,0.92895
1199,11.8530,2.50000,1.04083,0.95838,0.063333,0.75000,0.00000,2.50000,0.99228
1200,16.9030,2.50000,1.04083,1.02171,0.063333,0.75000,0.00000,2.50000,1.05561
1201,16.0960,2.50000,1.04083,1.08504,0.063333,0.74988,0.00000,2.50000,1.11895
1202,17.0940,2.50000,1.04083,1.14838,0.063333,0.75000,0.00000,2.50000,1.18228
1203,16.1070,2.50000,1.04083,1.21171,0.063333,0.75006,0.00000,2.50000,1.24561
1204,16.6940,2.50000,1.04083,1.27504,0.063333,0.75000,0.00000,2.50000,1.30895
1205,17.0200,2.50000,1.04083,1.33838,0.063334,0.75000,0.00000,2.50000,1.37228
1206,16.4600,2.50000,1.04083,1.40171,0.063333,0.75012,0.00000,2.50000,1.43561
1207,16.4820,2.50000,1.04083,1.46504,0.063333,0.74988,0.00000,2.50000,1.49895
1208,16.7720,2.50000,1.04083,1.52838,0.063333,0.75000,0.00000,2.50000,1.56228
1209,16.6020,2.50000,1.04083,1.59171,0.063333,0.75006,0.00000,2.50000,1.62561
1210,16.8600,2.50000,1.04083,1.65504,0.063333,0.75000,0.00000,2.50000,1.68895
1211,18.1900,2.50000,1.04083,1.71838,0.063333,0.75000,0.00000,2.50000,1.75228
1212,15.5190,2.50000,1.04083,1.78193,0.063556,0.74988,0.00000,2.50000,1.81561
1213,16.5660,2.50000,1.04083,1.84545,0.063517,0.75262,0.00000,2.50000,1.87895
1214,16.6480,2.50000,1.04083,1.90878,0.063333,0.75220,0.00000,2.50000,1.94228
1215,16.5850,2.50000,1.04083,1.97212,0.063333,0.75000,0.00000,2.50000,2.00561
1216,16.8450,2.50000,1.04083,2.03545,0.063334,0.75006,0.00000,2.50000,2.06894
1217,16.7170,2.50000,1.04083,2.09880,0.063354,0.75000,0.00000,2.50000,2.13228
1218,16.6410,2.50000,1.04083,2.16214,0.063333,0.75018,0.00000,2.50000,2.19561
1219,16.3440,2.50000,1.04083,2.22547,0.063333,0.75006,0.00000,2.50000,2.25894
1220,16.6520,2.50000,1.04083,2.28880,0.063333,0.75000,0.00000,2.50000,2.32228
1221,16.3610,2.50000,1.04083,2.35214,0.063333,0.75000,0.00000,2.50000,2.38561
1222,16.7870,2.50000,1.04083,2.41547,0.063333,0.75000,0.00000,2.50000,2.44894
1223,18.2980,2.50000,1.04083,2.47880,0.063333,0.75000,0.00000,2.50000,2.51228
1224,15.1320,2.50000,1.04083,2.54214,0.063333,0.75000,0.00000,2.50000,2.57561
1225,16.6420,2.50000,1.04083,2.60547,0.063333,0.75006,0.00000,2.50000,2.63894
1226,16.5680,2.50000,1.04083,2.66880,0.063333,0.75000,0.00000,2.50000,2.70228
1227,17.2610,2.50000,1.04083,2.73071,0.061911,0.74988,0.00000,2.50000,2.76200
1228,16.1990,2.50000,1.04083,2.78872,0.058002,0.75354,0.00000,2.50000,2.81811
1229,16.7350,2.50000,1.04083,2.84311,0.054392,0.75006,0.00000,2.50000,2.87061
1230,16.6410,2.50000,1.04083,2.89389,0.050781,0.75006,0.00000,2.50000,2.91950
1231,16.6730,2.50000,1.04083,2.94106,0.047169,0.75000,0.00000,2.50000,2.96478
1232,537.7570,2.50000,1.04083,3.18061,0.239552,0.75000,0.00000,2.50000,3.19117
1233,5.6600,2.50000,1.04083,3.19228,0.011667,5.64294,0.00000,2.50000,3.19089
1234,4.3780,2.50000,1.04083,3.19160,0.000680,1.49988,0.00000,2.50000,3.19089
1235,19.1190,2.50000,1.04083,3.18900,0.002599,0.36719,0.00000,2.50000,3.18700
1236,16.5970,2.50000,1.04083,3.18389,0.005105,0.74744,0.00000,2.50000,3.18061
1237,16.6230,2.50000,1.04083,3.17629,0.007604,0.75012,0.00000,2.50000,3.17172
1238,17.0180,2.50000,1.04083,3.16618,0.010105,0.75000,0.00000,2.50000,3.16033
1239,16.7490,2.50000,1.04083,3.15358,0.012604,0.75000,0.00000,2.50000,3.14644
1240,17.0380,2.50000,1.04083,3.13848,0.015104,0.74988,0.00000,2.50000,3.13006
1241,16.3830,2.50000,1.04083,3.12087,0.017605,0.75000,0.00000,2.50000,3.11117
1242,16.9630,2.50000,1.04083,3.10077,0.020104,0.75006,0.00000,2.50000,3.08978
1243,16.5430,2.50000,1.04083,3.07816,0.022604,0.75000,0.00000,2.50000,3.06589
1244,18.4540,2.50000,1.04083,3.05306,0.025104,0.75000,0.00000,2.50000,3.03950
1245,14.9840,2.50000,1.04083,3.02545,0.027604,0.75000,0.00000,2.50000,3.01061
1246,16.5910,2.50000,1.04083,2.99535,0.030104,0.75000,0.00000,2.50000,2.97922
1247,16.6570,2.50000,1.04083,2.96274,0.032605,0.75000,0.00000,2.50000,2.94533
1248,16.7330,2.50000,1.04083,2.92764,0.035105,0.75000,0.00000,2.50000,2.90894
1249,16.5650,2.50000,1.04083,2.89004,0.037605,0.75000,0.00000,2.50000,2.87005
1250,16.7100,2.50000,1.04083,2.84993,0.040104,0.74988,0.00000,2.50000,2.82867
1251,16.7560,2.50000,1.04083,2.80733,0.042604,0.75000,0.00000,2.50000,2.78478
1252,16.8760,2.50000,1.04083,2.76222,0.045104,0.75012,0.00000,2.50000,2.73839
1253,16.4100,2.50000,1.04083,2.71462,0.047605,0.75000,0.00000,2.50000,2.68950
1254,16.7020,2.50000,1.04083,2.66451,0.050104,0.75000,0.00000,2.50000,2.63811
1255,16.7600,2.50000,1.04083,2.61191,0.052604,0.75000,0.00000,2.50000,2.58422
1256,16.6080,2.50000,1.04083,2.55681,0.055104,0.75000,0.00000,2.50000,2.52783
1257,18.3790,2.50000,1.04083,2.49920,0.057605,0.74988,0.00000,2.50000,2.46894
1258,15.1200,2.50000,1.04083,2.43910,0.060105,0.75000,0.00000,2.50000,2.40755
1259,16.4190,2.50000,1.04083,2.37676,0.062334,0.75000,0.00000,2.50000,2.34422
1260,16.4530,2.50000,1.04083,2.31343,0.063333,0.75012,0.00000,2.50000,2.28089
1261,16.4430,2.50000,1.04083,2.25010,0.063333,0.75000,0.00000,2.50000,2.21756
1262,16.8640,2.50000,1.04083,2.18676,0.063333,0.75000,0.00000,2.50000,2.15422
1263,16.4800,2.50000,1.04083,2.12343,0.063333,0.75000,0.00000,2.50000,2.09089
1264,16.8540,2.50000,1.04083,2.06010,0.063333,0.75000,0.00000,2.50000,2.02756
1265,16.7670,2.50000,1.04083,1.99676,0.063333,0.74988,0.00000,2.50000,1.96422
1266,16.9290,2.50000,1.04083,1.93343,0.063333,0.75000,0.00000,2.50000,1.90089
1267,16.3650,2.50000,1.04083,1.87010,0.063333,0.75012,0.00000,2.50000,1.83756
1268,16.4370,2.50000,1.04083,1.80676,0.063333,0.75000,0.00000,2.50000,1.77422
1269,16.8810,2.50000,1.04083,1.74343,0.063333,0.75000,0.00000,2.50000,1.71089
1270,21.3050,2.50000,1.04083,1.68010,0.063333,0.75000,0.00000,2.50000,1.64756
1271,11.7860,2.50000,1.04083,1.61676,0.063333,0.75000,0.00000,2.50000,1.58422
1272,16.6900,2.50000,1.04083,1.55343,0.063333,0.74988,0.00000,2.50000,1.52089
1273,16.9780,2.50000,1.04083,1.49010,0.063334,0.75000,0.00000,2.50000,1.45756
1274,16.5100,2.50000,1.04083,1.42676,0.063333,0.75000,0.00000,2.50000,1.39422
1275,16.2600,2.50000,1.04083,1.36343,0.063333,0.75012,0.00000,2.50000,1.33089
1276,16.7720,2.50000,1.04083,1.30010,0.063333,0.75000,0.00000,2.50000,1.26756
1277,16.5380,2.50000,1.04083,1.23736,0.062733,0.75000,0.00000,2.50000,1.20422
1278,17.0550,2.50000,1.04083,1.17403,0.063333,0.74280,0.00000,2.50000,1.14089
1279,16.6550,2.50000,1.04083,1.11070,0.063333,0.75000,0.00000,2.50000,1.07756
1280,16.4890,2.50000,1.04083,1.04736,0.063333,0.75000,0.00000,2.50000,1.01422
1281,16.6740,2.50000,1.04083,0.98403,0.063334,0.75012,0.00000,2.50000,0.95089
1282,16.4580,2.50000,1.04083,0.92070,0.063333,0.75000,0.00000,2.50000,0.88756
1283,21.3980,2.50000,1.04083,0.85736,0.063334,0.75000,0.00000,2.50000,0.82422
1284,12.0210,2.50000,1.04083,0.79403,0.063333,0.74988,0.00000,2.50000,0.76089
1285,16.4900,2.50000,1.04083,0.73070,0.063333,0.75000,0.00000,2.50000,0.69756
1286,16.6150,2.50000,1.04083,0.66736,0.063333,0.75000,0.00000,2.50000,0.63422
1287,16.9130,2.50000,1.04083,0.60403,0.063334,0.75000,0.00000,2.50000,0.57089
1288,16.4090,2.50000,1.04083,0.54070,0.063333,0.75000,0.00000,2.50000,0.50756
1289,16.5560,2.50000,1.04083,0.47754,0.063162,0.75012,0.00000,2.50000,0.44422
1290,16.8980,2.50000,1.04083,0.41420,0.063333,0.74792,0.00000,2.50000,0.38089
1291,16.7420,2.50000,1.04083,0.35087,0.063333,0.75000,0.00000,2.50000,0.31756
1292,16.6590,2.50000,1.04083,0.28753,0.063333,0.74988,0.00000,2.50000,0.25422
1293,16.5640,2.50000,1.04083,0.22420,0.063333,0.75012,0.00000,2.50000,0.19089
1294,16.8960,2.50000,1.04083,0.16087,0.063333,0.75000,0.00000,2.50000,0.12756
1295,16.7470,2.50000,1.04083,0.09753,0.063333,0.75000,0.00000,2.50000,0.06422
1296,18.2570,2.50000,1.04083,0.03420,0.063333,0.75000,0.00000,2.50000,0.00089
1297,14.8560,2.50000,1.04083,-0.02913,0.063333,0.75000,0.00000,2.50000,-0.06244
1298,16.6290,2.50000,1.04083,-0.09247,0.063333,0.75000,0.00000,2.50000,-0.12578
1299,16.8290,2.50000,1.04083,-0.15580,0.063333,0.75000,0.00000,2.50000,-0.18911
1300,16.5120,2.50000,1.04083,-0.21913,0.063333,0.74988,0.00000,2.50000,-0.25244
1301,16.9360,2.50000,1.04083,-0.28247,0.063333,0.75012,0.00000,2.50000,-0.31578
1302,16.9140,2.50000,1.04083,-0.34580,0.063333,0.75000,0.00000,2.50000,-0.37911
1303,16.6580,2.50000,1.04083,-0.40913,0.063333,0.75000,0.00000,2.50000,-0.44244
1304,50.2190,2.50000,1.04083,-0.47246,0.063333,0.75000,0.00000,2.50000,-0.50578
1305,15.7330,2.50000,1.04083,-0.62087,0.148408,0.75000,0.00000,2.50000,-0.63244
1306,3.1720,2.50000,1.04083,-0.68421,0.063333,1.75745,0.00000,2.50000,-0.69578
1307,3.0980,2.50000,1.04083,-0.71813,0.033923,0.75000,0.00000,2.50000,-0.75911
1308,10.0590,2.50000,1.04083,-0.75829,0.040158,0.40173,0.00000,2.50000,-0.75911
1309,17.9550,2.50000,1.04083,-0.82162,0.063333,0.47546,0.00000,2.50000,-0.82244
1310,16.4460,2.50000,1.04083,-0.88495,0.063333,0.75000,0.00000,2.50000,-0.88578
1311,16.1930,2.50000,1.04083,-0.94829,0.063333,0.75000,0.00000,2.50000,-0.94911
1312,16.5300,2.50000,1.04083,-1.01162,0.063333,0.75012,0.00000,2.50000,-1.01244
1313,16.8680,2.50000,1.04083,-1.07494,0.063317,0.75000,0.00000,2.50000,-1.07578
1314,16.5340,2.50000,1.04083,-1.13827,0.063333,0.74976,0.00000,2.50000,-1.13911
1315,16.4660,2.50000,1.04083,-1.20160,0.063333,0.75000,0.00000,2.50000,-1.20244
1316,16.8170,2.50000,1.04083,-1.26494,0.063333,0.75000,0.00000,2.50000,-1.26578
1317,16.6070,2.50000,1.04083,-1.32299,0.058056,0.75000,0.00000,2.50000,-1.32911
1318,16.8370,2.50000,1.04083,-1.38105,0.058056,0.68750,0.00000,2.50000,-1.39244
1319,16.7690,2.50000,1.04083,-1.43910,0.058056,0.68750,0.00000,2.50000,-1.45578
1320,16.7040,2.50000,1.04083,-1.49716,0.058056,0.68750,0.00000,2.50000,-1.51911
1321,21.3390,2.50000,1.04083,-1.55316,0.055997,0.68750,0.00000,2.50000,-1.57883
1322,11.9120,2.50000,1.04083,-1.60654,0.053388,0.68750,0.00000,2.50000,-1.63494
1323,16.7680,2.50000,1.04083,-1.66087,0.054328,0.69287,0.00000,2.50000,-1.68744
1324,16.5510,2.50000,1.04083,-1.71159,0.050716,0.75000,0.00000,2.50000,-1.73633
1325,16.8120,2.50000,1.04083,-1.75869,0.047105,0.75000,0.00000,2.50000,-1.78161
1326,16.5550,2.50000,1.04083,-1.80219,0.043494,0.74988,0.00000,2.50000,-1.82328
1327,16.9200,2.50000,1.04083,-1.84207,0.039883,0.75012,0.00000,2.50000,-1.86133
1328,16.2860,2.50000,1.04083,-1.87834,0.036272,0.75000,0.00000,2.50000,-1.89578
1329,17.1490,2.50000,1.04083,-1.91100,0.032661,0.75000,0.00000,2.50000,-1.92661
1330,16.3760,2.50000,1.04083,-1.94005,0.029050,0.75000,0.00000,2.50000,-1.95383
1331,16.5870,2.50000,1.04083,-1.96549,0.025439,0.75000,0.00000,2.50000,-1.97744
1332,16.6400,2.50000,1.04083,-1.98732,0.021828,0.75000,0.00000,2.50000,-1.99744
1333,16.7770,2.50000,1.04083,-2.00266,0.015336,0.74988,0.00000,2.50000,-2.00800
1334,20.4420,2.50000,1.04083,-2.00855,0.005890,0.75012,0.00000,2.50000,-2.00911
1335,12.7520,2.50000,1.04083,-2.00842,0.000124,0.75000,0.00000,2.50000,-2.00772
1336,16.9700,2.50000,1.04083,-2.00580,0.002624,0.75000,0.00000,2.50000,-2.00383
1337,16.7460,2.50000,1.04083,-2.00068,0.005124,0.75000,0.00000,2.50000,-1.99744
1338,16.3860,2.50000,1.04083,-1.99305,0.007623,0.75000,0.00000,2.50000,-1.98855
1339,16.9440,2.50000,1.04083,-1.98293,0.010124,0.75000,0.00000,2.50000,-1.97717
1340,16.3470,2.50000,1.04083,-1.97031,0.012624,0.75000,0.00000,2.50000,-1.96328
1341,16.9210,2.50000,1.04083,-1.95518,0.015123,0.74988,0.00000,2.50000,-1.94689
1342,16.5360,2.50000,1.04083,-1.93756,0.017624,0.75012,0.00000,2.50000,-1.92800
1343,16.6210,2.50000,1.04083,-1.91744,0.020124,0.75000,0.00000,2.50000,-1.90661
1344,16.7430,2.50000,1.04083,-1.89481,0.022624,0.75000,0.00000,2.50000,-1.88272
1345,16.7700,2.50000,1.04083,-1.86969,0.025124,0.75000,0.00000,2.50000,-1.85633
1346,16.5550,2.50000,1.04083,-1.84206,0.027624,0.75000,0.00000,2.50000,-1.82744
1347,18.2460,2.50000,1.04083,-1.81194,0.030124,0.75000,0.00000,2.50000,-1.79605
1348,15.2540,2.50000,1.04083,-1.77932,0.032624,0.74988,0.00000,2.50000,-1.76217
1349,16.6610,2.50000,1.04083,-1.74419,0.035124,0.75012,0.00000,2.50000,-1.72578
1350,16.4610,2.50000,1.04083,-1.70657,0.037624,0.75000,0.00000,2.50000,-1.68689
1351,16.8020,2.50000,1.04083,-1.66645,0.040124,0.75000,0.00000,2.50000,-1.64550
1352,16.8610,2.50000,1.04083,-1.62382,0.042624,0.75000,0.00000,2.50000,-1.60161
1353,16.7650,2.50000,1.04083,-1.57870,0.045124,0.75000,0.00000,2.50000,-1.55522
1354,16.5670,2.50000,1.04083,-1.53108,0.047624,0.75000,0.00000,2.50000,-1.50633
1355,16.7290,2.50000,1.04083,-1.48095,0.050124,0.75000,0.00000,2.50000,-1.45494
1356,16.6540,2.50000,1.04083,-1.42833,0.052624,0.74988,0.00000,2.50000,-1.40105
1357,16.5990,2.50000,1.04083,-1.37320,0.055124,0.75012,0.00000,2.50000,-1.34467
1358,16.7320,2.50000,1.04083,-1.31558,0.057623,0.75000,0.00000,2.50000,-1.28578
1359,16.4370,2.50000,1.04083,-1.25546,0.060124,0.75000,0.00000,2.50000,-1.22439
1360,21.6120,2.50000,1.04083,-1.19311,0.062349,0.75000,0.00000,2.50000,-1.16105
1361,11.7540,2.50000,1.04083,-1.12978,0.063333,0.75000,0.00000,2.50000,-1.09772
1362,17.3180,2.50000,1.04083,-1.06644,0.063333,0.75000,0.00000,2.50000,-1.03439
1363,16.5650,2.50000,1.04083,-1.00311,0.063333,0.74988,0.00000,2.50000,-0.97105
1364,16.1810,2.50000,1.04083,-0.93978,0.063333,0.75012,0.00000,2.50000,-0.90772
1365,16.6330,2.50000,1.04083,-0.87644,0.063333,0.75000,0.00000,2.50000,-0.84439
1366,16.9910,2.50000,1.04083,-0.81311,0.063333,0.75000,0.00000,2.50000,-0.78105
1367,16.7790,2.50000,1.04083,-0.74978,0.063333,0.75000,0.00000,2.50000,-0.71772
1368,16.6310,2.50000,1.04083,-0.68644,0.063333,0.75000,0.00000,2.50000,-0.65439
1369,16.6350,2.50000,1.04083,-0.62311,0.063333,0.75000,0.00000,2.50000,-0.59105
1370,16.7830,2.50000,1.04083,-0.55978,0.063333,0.75000,0.00000,2.50000,-0.52772
1371,16.3450,2.50000,1.04083,-0.49644,0.063333,0.74988,0.00000,2.50000,-0.46439
1372,16.6840,2.50000,1.04083,-0.43311,0.063333,0.75012,0.00000,2.50000,-0.40105
1373,21.3980,2.50000,1.04083,-0.36978,0.063333,0.75000,0.00000,2.50000,-0.33772
1374,11.7920,2.50000,1.04083,-0.30644,0.063333,0.75000,0.00000,2.50000,-0.27439
1375,16.7710,2.50000,1.04083,-0.24311,0.063333,0.75000,0.00000,2.50000,-0.21105
1376,16.6720,2.50000,1.04083,-0.17978,0.063333,0.75000,0.00000,2.50000,-0.14772
1377,16.5370,2.50000,1.04083,-0.11644,0.063333,0.75000,0.00000,2.50000,-0.08439
1378,16.7460,2.50000,1.04083,-0.05311,0.063333,0.74988,0.00000,2.50000,-0.02105
1379,16.6510,2.50000,1.04083,0.01022,0.063333,0.75012,0.00000,2.50000,0.04228
1380,16.9460,2.50000,1.04083,0.07356,0.063333,0.75000,0.00000,2.50000,0.10561
1381,16.4160,2.50000,1.04083,0.13689,0.063333,0.75000,0.00000,2.50000,0.16895
1382,17.0990,2.50000,1.04083,0.20022,0.063333,0.75000,0.00000,2.50000,0.23228
1383,16.5140,2.50000,1.04083,0.26356,0.063333,0.75000,0.00000,2.50000,0.29561
1384,16.5450,2.50000,1.04083,0.32689,0.063333,0.75000,0.00000,2.50000,0.35895
1385,16.6930,2.50000,1.04083,0.39022,0.063333,0.75000,0.00000,2.50000,0.42228
1386,21.7940,2.50000,1.04083,0.45356,0.063333,0.74988,0.00000,2.50000,0.48561
1387,11.5290,2.50000,1.04083,0.51689,0.063333,0.75012,0.00000,2.50000,0.54895
1388,16.5970,2.50000,1.04083,0.58022,0.063334,0.75000,0.00000,2.50000,0.61228
1389,16.7210,2.50000,1.04083,0.64356,0.063333,0.75000,0.00000,2.50000,0.67561
1390,16.6290,2.50000,1.04083,0.70689,0.063333,0.75000,0.00000,2.50000,0.73895
1391,16.5800,2.50000,1.04083,0.77022,0.063333,0.75000,0.00000,2.50000,0.80228
1392,16.8880,2.50000,1.04083,0.83356,0.063333,0.75000,0.00000,2.50000,0.86561
1393,16.6170,2.50000,1.04083,0.89689,0.063333,0.74988,0.00000,2.50000,0.92895
1394,16.5780,2.50000,1.04083,0.96022,0.063333,0.75012,0.00000,2.50000,0.99228
1395,16.6180,2.50000,1.04083,1.02356,0.063333,0.75000,0.00000,2.50000,1.05561
1396,16.7010,2.50000,1.04083,1.08689,0.063333,0.75000,0.00000,2.50000,1.11895
1397,17.0820,2.50000,1.04083,1.15022,0.063333,0.75000,0.00000,2.50000,1.18228
1398,16.3370,2.50000,1.04083,1.21356,0.063334,0.75000,0.00000,2.50000,1.24561
1399,21.7470,2.50000,1.04083,1.27689,0.063333,0.75000,0.00000,2.50000,1.30895
1400,11.8220,2.50000,1.04083,1.34022,0.063333,0.75000,0.00000,2.50000,1.37228
1401,16.7840,2.50000,1.04083,1.40356,0.063333,0.74988,0.00000,2.50000,1.43561
1402,16.4410,2.50000,1.04083,1.46689,0.063334,0.75012,0.00000,2.50000,1.49895
1403,16.6030,2.50000,1.04083,1.53022,0.063333,0.75000,0.00000,2.50000,1.56228
1404,16.8700,2.50000,1.04083,1.59356,0.063333,0.75000,0.00000,2.50000,1.62561
1405,16.6680,2.50000,1.04083,1.65689,0.063333,0.75000,0.00000,2.50000,1.68895
1406,16.8780,2.50000,1.04083,1.72022,0.063334,0.75000,0.00000,2.50000,1.75228
1407,16.5730,2.50000,1.04083,1.78356,0.063333,0.75000,0.00000,2.50000,1.81561
1408,16.4930,2.50000,1.04083,1.84689,0.063333,0.74988,0.00000,2.50000,1.87894
1409,16.6030,2.50000,1.04083,1.91022,0.063333,0.75012,0.00000,2.50000,1.94228
1410,16.2770,2.50000,1.04083,1.97356,0.063334,0.75000,0.00000,2.50000,2.00561
1411,17.1480,2.50000,1.04083,2.03689,0.063333,0.75000,0.00000,2.50000,2.06894
1412,18.1640,2.50000,1.04083,2.10022,0.063333,0.75000,0.00000,2.50000,2.13228
1413,15.1650,2.50000,1.04083,2.16356,0.063333,0.75000,0.00000,2.50000,2.19561
1414,16.3730,2.50000,1.04083,2.22689,0.063333,0.75000,0.00000,2.50000,2.25894
1415,16.7900,2.50000,1.04083,2.29022,0.063334,0.75000,0.00000,2.50000,2.32228
1416,16.9200,2.50000,1.04083,2.35356,0.063333,0.74988,0.00000,2.50000,2.38561
1417,16.5120,2.50000,1.04083,2.41689,0.063333,0.75012,0.00000,2.50000,2.44894
1418,16.7850,2.50000,1.04083,2.48022,0.063333,0.75000,0.00000,2.50000,2.51228
1419,16.7350,2.50000,1.04083,2.54356,0.063333,0.75000,0.00000,2.50000,2.57561
1420,16.3580,2.50000,1.04083,2.60689,0.063333,0.75000,0.00000,2.50000,2.63894
1421,16.8220,2.50000,1.04083,2.67022,0.063333,0.75000,0.00000,2.50000,2.70228
1422,16.4390,2.50000,1.04083,2.73177,0.061550,0.75000,0.00000,2.50000,2.76200
1423,17.2290,2.50000,1.04083,2.78971,0.057939,0.74988,0.00000,2.50000,2.81811
1424,16.4340,2.50000,1.04083,2.84404,0.054328,0.75012,0.00000,2.50000,2.87061
1425,18.3960,2.50000,1.04083,2.89476,0.050716,0.75000,0.00000,2.50000,2.91950
1426,14.5270,2.50000,1.04083,2.94186,0.047107,0.75000,0.00000,2.50000,2.96478
1427,17.1520,2.50000,1.04083,2.98536,0.043494,0.75000,0.00000,2.50000,3.00644
1428,16.5440,2.50000,1.04083,3.02524,0.039883,0.75000,0.00000,2.50000,3.04450
1429,16.7390,2.50000,1.04083,3.06151,0.036273,0.75000,0.00000,2.50000,3.07894
1430,16.7550,2.50000,1.04083,3.09417,0.032660,0.75000,0.00000,2.50000,3.10978
1431,16.9670,2.50000,1.04083,3.12322,0.029050,0.74988,0.00000,2.50000,3.13700
1432,16.4340,2.50000,1.04083,3.14866,0.025438,0.75012,0.00000,2.50000,3.16061
1433,16.5760,2.50000,1.04083,3.17049,0.021828,0.75000,0.00000,2.50000,3.18061
1434,16.4870,2.50000,1.04083,3.18582,0.015336,0.75000,0.00000,2.50000,3.19117
1435,16.9370,2.50000,1.04083,3.19171,0.005890,0.75000,0.00000,2.50000,3.19228
1436,16.9310,2.50000,1.04083,3.19159,0.000124,0.75000,0.00000,2.50000,3.19089
1437,16.3850,2.50000,1.04083,3.18897,0.002624,0.75000,0.00000,2.50000,3.18700
1438,21.1960,2.50000,1.04083,3.18384,0.005124,0.74988,0.00000,2.50000,3.18061
1439,12.2050,2.50000,1.04083,3.17622,0.007623,0.75012,0.00000,2.50000,3.17172
1440,16.4080,2.50000,1.04083,3.16610,0.010124,0.75000,0.00000,2.50000,3.16033
1441,16.6520,2.50000,1.04083,3.15347,0.012624,0.75000,0.00000,2.50000,3.14644
1442,16.6660,2.50000,1.04083,3.13835,0.015124,0.75000,0.00000,2.50000,3.13005
1443,16.9180,2.50000,1.04083,3.12073,0.017623,0.75000,0.00000,2.50000,3.11117
1444,16.6020,2.50000,1.04083,3.10060,0.020124,0.75000,0.00000,2.50000,3.08978
1445,16.6080,2.50000,1.04083,3.07798,0.022624,0.75000,0.00000,2.50000,3.06589
1446,17.0500,2.50000,1.04083,3.05286,0.025124,0.74988,0.00000,2.50000,3.03950
1447,16.7820,2.50000,1.04083,3.02523,0.027624,0.75012,0.00000,2.50000,3.01061
1448,16.2870,2.50000,1.04083,2.99511,0.030123,0.75000,0.00000,2.50000,2.97922
1449,16.4780,2.50000,1.04083,2.96248,0.032624,0.75000,0.00000,2.50000,2.94533
1450,16.9580,2.50000,1.04083,2.92736,0.035124,0.75000,0.00000,2.50000,2.90894
1451,21.2700,2.50000,1.04083,2.88974,0.037623,0.75000,0.00000,2.50000,2.87005
1452,11.7980,2.50000,1.04083,2.84961,0.040124,0.75000,0.00000,2.50000,2.82867
1453,17.1610,2.50000,1.04083,2.80699,0.042624,0.74988,0.00000,2.50000,2.78478
1454,16.4670,2.50000,1.04083,2.76187,0.045124,0.75012,0.00000,2.50000,2.73839
1455,16.3670,2.50000,1.04083,2.71424,0.047623,0.75000,0.00000,2.50000,2.68950
1456,16.7000,2.50000,1.04083,2.66412,0.050123,0.75000,0.00000,2.50000,2.63811
1457,17.0780,2.50000,1.04083,2.61150,0.052624,0.75000,0.00000,2.50000,2.58422
1458,16.4340,2.50000,1.04083,2.55637,0.055123,0.75000,0.00000,2.50000,2.52783
1459,16.5850,2.50000,1.04083,2.49875,0.057622,0.75000,0.00000,2.50000,2.46894
1460,16.7580,2.50000,1.04083,2.43863,0.060122,0.75000,0.00000,2.50000,2.40755
1461,16.6000,2.50000,1.04083,2.37628,0.062346,0.74988,0.00000,2.50000,2.34422
1462,16.6990,2.50000,1.04083,2.31295,0.063331,0.75000,0.00000,2.50000,2.28089
1463,16.5310,2.50000,1.04083,2.24962,0.063331,0.75000,0.00000,2.50000,2.21755
1464,21.7530,2.50000,1.04083,2.18629,0.063331,0.74988,0.00000,2.50000,2.15422
1465,11.7710,2.50000,1.04083,2.12296,0.063330,0.75000,0.00000,2.50000,2.09089
1466,16.5410,2.50000,1.04083,2.05963,0.063331,0.75000,0.00000,2.50000,2.02755
1467,16.9700,2.50000,1.04083,1.99630,0.063331,0.75000,0.00000,2.50000,1.96422
1468,16.5430,2.50000,1.04083,1.93297,0.063331,0.74988,0.00000,2.50000,1.90089
1469,16.6710,2.50000,1.04083,1.86964,0.063330,0.75000,0.00000,2.50000,1.83756
1470,16.4240,2.50000,1.04083,1.80631,0.063331,0.75000,0.00000,2.50000,1.77422
1471,16.8230,2.50000,1.04083,1.74297,0.063331,0.75000,0.00000,2.50000,1.71089
1472,16.7480,2.50000,1.04083,1.67964,0.063331,0.75000,0.00000,2.50000,1.64756
1473,16.5470,2.50000,1.04083,1.61631,0.063331,0.74988,0.00000,2.50000,1.58422
1474,16.8620,2.50000,1.04083,1.55298,0.063330,0.75000,0.00000,2.50000,1.52089
1475,16.4350,2.50000,1.04083,1.48965,0.063331,0.75000,0.00000,2.50000,1.45756
1476,16.7870,2.50000,1.04083,1.42632,0.063331,0.75000,0.00000,2.50000,1.39422
1477,21.8200,2.50000,1.04083,1.36299,0.063330,0.75000,0.00000,2.50000,1.33089
1478,11.5690,2.50000,1.04083,1.29966,0.063331,0.74988,0.00000,2.50000,1.26756
1479,16.6830,2.50000,1.04083,1.23633,0.063330,0.75000,0.00000,2.50000,1.20422
1480,16.7370,2.50000,1.04083,1.17300,0.063331,0.75000,0.00000,2.50000,1.14089
1481,16.5530,2.50000,1.04083,1.10967,0.063331,0.75000,0.00000,2.50000,1.07756
1482,16.7390,2.50000,1.04083,1.04634,0.063330,0.74988,0.00000,2.50000,1.01422
1483,17.0700,2.50000,1.04083,0.98301,0.063331,0.75000,0.00000,2.50000,0.95089
1484,16.1290,2.50000,1.04083,0.91967,0.063331,0.75000,0.00000,2.50000,0.88756
1485,16.6930,2.50000,1.04083,0.85634,0.063331,0.75000,0.00000,2.50000,0.82422
1486,16.8390,2.50000,1.04083,0.79301,0.063331,0.75000,0.00000,2.50000,0.76089
1487,16.5320,2.50000,1.04083,0.72968,0.063331,0.74988,0.00000,2.50000,0.69756
1488,16.8020,2.50000,1.04083,0.66635,0.063331,0.75000,0.00000,2.50000,0.63422
1489,16.4810,2.50000,1.04083,0.60302,0.063331,0.75000,0.00000,2.50000,0.57089
1490,21.7100,2.50000,1.04083,0.53969,0.063331,0.75000,0.00000,2.50000,0.50756
1491,12.2140,2.50000,1.04083,0.47636,0.063331,0.74988,0.00000,2.50000,0.44422
1492,16.3620,2.50000,1.04083,0.41303,0.063331,0.75000,0.00000,2.50000,0.38089
1493,16.3760,2.50000,1.04083,0.34970,0.063331,0.75000,0.00000,2.50000,0.31756
1494,17.0550,2.50000,1.04083,0.28637,0.063331,0.74988,0.00000,2.50000,0.25422
1495,16.8530,2.50000,1.04083,0.22304,0.063331,0.75000,0.00000,2.50000,0.19089
1496,16.0920,2.50000,1.04083,0.15971,0.063331,0.75000,0.00000,2.50000,0.12756
1497,16.6980,2.50000,1.04083,0.09637,0.063331,0.74988,0.00000,2.50000,0.06422
1498,16.7730,2.50000,1.04083,0.03304,0.063331,0.75000,0.00000,2.50000,0.00089
1499,16.4400,2.50000,1.04083,-0.03029,0.063331,0.75000,0.00000,2.50000,-0.06244
1500,17.0570,2.50000,1.04083,-0.09362,0.063331,0.75000,0.00000,2.50000,-0.12578
1501,16.6270,2.50000,1.04083,-0.15695,0.063331,0.74988,0.00000,2.50000,-0.18911
1502,16.7110,2.50000,1.04083,-0.22028,0.063331,0.75000,0.00000,2.50000,-0.25244
1503,18.3050,2.50000,1.04083,-0.28361,0.063331,0.75000,0.00000,2.50000,-0.31578
1504,15.2830,2.50000,1.04083,-0.34694,0.063331,0.75000,0.00000,2.50000,-0.37911
1505,16.1840,2.50000,1.04083,-0.41027,0.063331,0.74988,0.00000,2.50000,-0.44244
1506,17.1040,2.50000,1.04083,-0.47360,0.063331,0.75000,0.00000,2.50000,-0.50578
1507,16.3920,2.50000,1.04083,-0.53693,0.063331,0.75000,0.00000,2.50000,-0.56911
1508,16.8930,2.50000,1.04083,-0.60026,0.063331,0.75000,0.00000,2.50000,-0.63244
1509,16.6900,2.50000,1.04083,-0.66360,0.063331,0.75000,0.00000,2.50000,-0.69578
1510,16.3840,2.50000,1.04083,-0.72693,0.063331,0.74988,0.00000,2.50000,-0.75911
1511,16.4170,2.50000,1.04083,-0.79026,0.063331,0.75000,0.00000,2.50000,-0.82244
1512,16.9550,2.50000,1.04083,-0.85359,0.063331,0.75000,0.00000,2.50000,-0.88578
1513,16.7890,2.50000,1.04083,-0.91692,0.063331,0.75000,0.00000,2.50000,-0.94911
1514,539.4410,2.50000,1.04083,-1.39244,0.475525,0.75000,0.00000,2.50000,-1.45578
1515,3.5240,2.50000,1.04083,-1.48684,0.094393,5.63110,0.00000,2.50000,-1.51911
1516,6.9570,2.50000,1.04083,-1.54840,0.061560,1.11792,0.00000,2.50000,-1.57883
1517,17.2340,2.50000,1.04083,-1.60635,0.057950,0.74988,0.00000,2.50000,-1.63494
1518,16.7580,2.50000,1.04083,-1.66069,0.054340,0.75000,0.00000,2.50000,-1.68744
1519,16.4970,2.50000,1.04083,-1.71142,0.050730,0.75000,0.00000,2.50000,-1.73633
1520,17.0890,2.50000,1.04083,-1.75853,0.047118,0.75000,0.00000,2.50000,-1.78161
1521,16.5410,2.50000,1.04083,-1.80204,0.043507,0.75000,0.00000,2.50000,-1.82328
1522,16.5690,2.50000,1.04083,-1.84194,0.039897,0.75000,0.00000,2.50000,-1.86133
1523,16.5700,2.50000,1.04083,-1.87822,0.036284,0.75000,0.00000,2.50000,-1.89578
1524,16.6250,2.50000,1.04083,-1.91090,0.032674,0.75000,0.00000,2.50000,-1.92661
1525,16.5930,2.50000,1.04083,-1.93996,0.029063,0.75000,0.00000,2.50000,-1.95383
1526,18.0970,2.50000,1.04083,-1.96541,0.025451,0.75000,0.00000,2.50000,-1.97744
1527,15.1130,2.50000,1.04083,-1.98725,0.021841,0.75000,0.00000,2.50000,-1.99744
1528,16.8580,2.50000,1.04083,-2.00263,0.015384,0.75000,0.00000,2.50000,-2.00800
1529,16.4450,2.50000,1.04083,-2.00855,0.005911,0.75110,0.00000,2.50000,-2.00911
1530,16.8440,2.50000,1.04083,-2.00843,0.000118,0.75000,0.00000,2.50000,-2.00772
1531,16.5340,2.50000,1.04083,-2.00581,0.002619,0.75000,0.00000,2.50000,-2.00383
1532,16.7100,2.50000,1.04083,-2.00069,0.005118,0.75000,0.00000,2.50000,-1.99744
1533,16.6870,2.50000,1.04083,-1.99307,0.007618,0.75000,0.00000,2.50000,-1.98855
1534,16.8070,2.50000,1.04083,-1.98292,0.010150,0.75000,0.00000,2.50000,-1.97717
1535,16.6820,2.50000,1.04083,-1.97030,0.012625,0.75208,0.00000,2.50000,-1.96328
1536,16.6530,2.50000,1.04083,-1.95517,0.015125,0.75000,0.00000,2.50000,-1.94689
1537,16.9050,2.50000,1.04083,-1.93752,0.017655,0.75000,0.00000,2.50000,-1.92800
1538,18.4520,2.50000,1.04083,-1.91736,0.020160,0.75110,0.00000,2.50000,-1.90661
1539,14.8830,2.50000,1.04083,-1.89472,0.022633,0.75110,0.00000,2.50000,-1.88272
1540,16.3460,2.50000,1.04083,-1.86957,0.025154,0.75000,0.00000,2.50000,-1.85633
1541,16.6550,2.50000,1.04083,-1.84194,0.027635,0.75061,0.00000,2.50000,-1.82744
1542,16.6410,2.50000,1.04083,-1.81180,0.030135,0.75000,0.00000,2.50000,-1.79605
1543,16.6370,2.50000,1.04083,-1.77917,0.032635,0.75012,0.00000,2.50000,-1.76217
1544,16.7010,2.50000,1.04083,-1.74403,0.035134,0.75000,0.00000,2.50000,-1.72578
1545,16.7960,2.50000,1.04083,-1.70640,0.037635,0.74988,0.00000,2.50000,-1.68689
1546,16.5510,2.50000,1.04083,-1.66626,0.040134,0.75000,0.00000,2.50000,-1.64550
1547,16.7930,2.50000,1.04083,-1.62363,0.042635,0.75000,0.00000,2.50000,-1.60161
1548,16.5610,2.50000,1.04083,-1.57849,0.045135,0.75000,0.00000,2.50000,-1.55522
1549,17.1020,2.50000,1.04083,-1.53057,0.047922,0.75000,0.00000,2.50000,-1.50633
1550,17.9490,2.50000,1.04083,-1.48042,0.050149,0.75452,0.00000,2.50000,-1.45494
1551,15.1100,2.50000,1.04083,-1.42777,0.052649,0.74988,0.00000,2.50000,-1.40105
1552,16.2840,2.50000,1.04083,-1.37262,0.055150,0.75000,0.00000,2.50000,-1.34467
1553,16.8860,2.50000,1.04083,-1.31497,0.057650,0.75000,0.00000,2.50000,-1.28578
1554,16.6220,2.50000,1.04083,-1.25482,0.060149,0.75000,0.00000,2.50000,-1.22439
1555,16.6280,2.50000,1.04083,-1.19245,0.062369,0.75000,0.00000,2.50000,-1.16105
1556,16.7360,2.50000,1.04083,-1.12912,0.063333,0.75012,0.00000,2.50000,-1.09772
1557,16.7330,2.50000,1.04083,-1.06579,0.063333,0.75000,0.00000,2.50000,-1.03439
1558,17.0150,2.50000,1.04083,-1.00245,0.063333,0.75000,0.00000,2.50000,-0.97105
1559,16.3520,2.50000,1.04083,-0.93912,0.063333,0.74988,0.00000,2.50000,-0.90772
1560,16.9090,2.50000,1.04083,-0.87569,0.063427,0.75000,0.00000,2.50000,-0.84439
1561,16.5510,2.50000,1.04083,-0.81236,0.063333,0.75110,0.00000,2.50000,-0.78105
1562,20.7520,2.50000,1.04083,-0.74903,0.063333,0.75000,0.00000,2.50000,-0.71772
1563,12.5120,2.50000,1.04083,-0.68569,0.063333,0.75000,0.00000,2.50000,-0.65439
1564,16.8090,2.50000,1.04083,-0.62236,0.063333,0.75012,0.00000,2.50000,-0.59105
1565,16.3880,2.50000,1.04083,-0.55903,0.063333,0.75000,0.00000,2.50000,-0.52772
1566,16.7950,2.50000,1.04083,-0.49569,0.063334,0.75000,0.00000,2.50000,-0.46439
1567,16.4670,2.50000,1.04083,-0.43236,0.063333,0.75000,0.00000,2.50000,-0.40105
1568,16.6900,2.50000,1.04083,-0.36903,0.063333,0.74988,0.00000,2.50000,-0.33772
1569,17.0650,2.50000,1.04083,-0.30566,0.063364,0.75000,0.00000,2.50000,-0.27439
1570,16.5920,2.50000,1.04083,-0.24233,0.063333,0.75049,0.00000,2.50000,-0.21105
1571,16.7840,2.50000,1.04083,-0.17896,0.063370,0.75000,0.00000,2.50000,-0.14772
1572,16.7000,2.50000,1.04083,-0.11526,0.063696,0.75037,0.00000,2.50000,-0.08439
1573,16.9130,2.50000,1.04083,-0.05188,0.063384,0.75427,0.00000,2.50000,-0.02105
1574,20.8650,2.50000,1.04083,0.01145,0.063333,0.75061,0.00000,2.50000,0.04228
1575,11.9780,2.50000,1.04083,0.07479,0.063333,0.75000,0.00000,2.50000,0.10561
1576,16.7860,2.50000,1.04083,0.13812,0.063333,0.75000,0.00000,2.50000,0.16895
1577,16.8650,2.50000,1.04083,0.20145,0.063333,0.75000,0.00000,2.50000,0.23228
1578,16.3930,2.50000,1.04083,0.26479,0.063333,0.75000,0.00000,2.50000,0.29561
1579,16.4790,2.50000,1.04083,0.32812,0.063333,0.75000,0.00000,2.50000,0.35895
1580,16.7460,2.50000,1.04083,0.39145,0.063333,0.75000,0.00000,2.50000,0.42228
1581,16.7060,2.50000,1.04083,0.45479,0.063333,0.75000,0.00000,2.50000,0.48561
1582,17.1580,2.50000,1.04083,0.51818,0.063394,0.75000,0.00000,2.50000,0.54895
1583,16.5010,2.50000,1.04083,0.58152,0.063333,0.75073,0.00000,2.50000,0.61228
1584,16.3380,2.50000,1.04083,0.64485,0.063333,0.75000,0.00000,2.50000,0.67561
1585,16.7760,2.50000,1.04083,0.70818,0.063333,0.75000,0.00000,2.50000,0.73895
1586,21.2740,2.50000,1.04083,0.77152,0.063333,0.75000,0.00000,2.50000,0.80228
1587,12.0800,2.50000,1.04083,0.83485,0.063336,0.75000,0.00000,2.50000,0.86561
1588,16.9690,2.50000,1.04083,0.89818,0.063333,0.75000,0.00000,2.50000,0.92895
1589,16.2350,2.50000,1.04083,0.96152,0.063333,0.75000,0.00000,2.50000,0.99228
1590,16.8990,2.50000,1.04083,1.02485,0.063333,0.75000,0.00000,2.50000,1.05561
1591,16.8480,2.50000,1.04083,1.08818,0.063333,0.75000,0.00000,2.50000,1.11895
1592,16.6510,2.50000,1.04083,1.15152,0.063333,0.75000,0.00000,2.50000,1.18228
1593,16.4630,2.50000,1.04083,1.21485,0.063333,0.75000,0.00000,2.50000,1.24561
1594,17.1260,2.50000,1.04083,1.27818,0.063333,0.75012,0.00000,2.50000,1.30895
1595,16.6510,2.50000,1.04083,1.34152,0.063333,0.74988,0.00000,2.50000,1.37228
1596,16.1800,2.50000,1.04083,1.40485,0.063333,0.75000,0.00000,2.50000,1.43561
1597,16.7910,2.50000,1.04083,1.46818,0.063333,0.75000,0.00000,2.50000,1.49894
1598,21.4570,2.50000,1.04083,1.53152,0.063333,0.75000,0.00000,2.50000,1.56228
1599,12.0520,2.50000,1.04083,1.59485,0.063333,0.75000,0.00000,2.50000,1.62561
1600,16.8260,2.50000,1.04083,1.65818,0.063333,0.75000,0.00000,2.50000,1.68894
1601,16.7570,2.50000,1.04083,1.72152,0.063333,0.75012,0.00000,2.50000,1.75228
1602,16.9950,2.50000,1.04083,1.78485,0.063333,0.74988,0.00000,2.50000,1.81561
1603,16.2150,2.50000,1.04083,1.84818,0.063333,0.75000,0.00000,2.50000,1.87894
1604,17.1060,2.50000,1.04083,1.91152,0.063333,0.75000,0.00000,2.50000,1.94228
1605,16.4430,2.50000,1.04083,1.97485,0.063333,0.75000,0.00000,2.50000,2.00561
1606,16.5380,2.50000,1.04083,2.03818,0.063333,0.75000,0.00000,2.50000,2.06894
1607,16.6870,2.50000,1.04083,2.10152,0.063333,0.75000,0.00000,2.50000,2.13228
1608,16.7840,2.50000,1.04083,2.16485,0.063334,0.75000,0.00000,2.50000,2.19561
1609,16.9140,2.50000,1.04083,2.22818,0.063333,0.75012,0.00000,2.50000,2.25894
1610,16.5760,2.50000,1.04083,2.29152,0.063333,0.74988,0.00000,2.50000,2.32228
1611,18.2630,2.50000,1.04083,2.35485,0.063333,0.75000,0.00000,2.50000,2.38561
1612,14.8780,2.50000,1.04083,2.41818,0.063334,0.75000,0.00000,2.50000,2.44894
1613,16.7050,2.50000,1.04083,2.48152,0.063333,0.75000,0.00000,2.50000,2.51228
1614,16.6620,2.50000,1.04083,2.54485,0.063333,0.75000,0.00000,2.50000,2.57561
1615,16.6820,2.50000,1.04083,2.60818,0.063333,0.75000,0.00000,2.50000,2.63894
1616,16.8480,2.50000,1.04083,2.67152,0.063334,0.75012,0.00000,2.50000,2.70228
1617,16.5910,2.50000,1.04083,2.73299,0.061476,0.74988,0.00000,2.50000,2.76200
1618,16.7490,2.50000,1.04083,2.79086,0.057865,0.75000,0.00000,2.50000,2.81811
1619,16.7350,2.50000,1.04083,2.84511,0.054254,0.75000,0.00000,2.50000,2.87061
1620,16.5550,2.50000,1.04083,2.89575,0.050643,0.75000,0.00000,2.50000,2.91950
1621,16.7250,2.50000,1.04083,2.94279,0.047032,0.75000,0.00000,2.50000,2.96478
1622,16.5250,2.50000,1.04083,2.98621,0.043421,0.75000,0.00000,2.50000,3.00644
1623,16.9860,2.50000,1.04083,3.02602,0.039809,0.75000,0.00000,2.50000,3.04450
1624,22.4460,2.50000,1.04083,3.06221,0.036199,0.75012,0.00000,2.50000,3.07894
1625,11.2130,2.50000,1.04083,3.09480,0.032587,0.74988,0.00000,2.50000,3.10978
1626,16.5370,2.50000,1.04083,3.12378,0.028977,0.75000,0.00000,2.50000,3.13700
1627,16.9210,2.50000,1.04083,3.14914,0.025364,0.75000,0.00000,2.50000,3.16061
1628,16.4250,2.50000,1.04083,3.17090,0.021753,0.75000,0.00000,2.50000,3.18061
1629,16.8300,2.50000,1.04083,3.18604,0.015143,0.75000,0.00000,2.50000,3.19117
1630,16.7950,2.50000,1.04083,3.19174,0.005698,0.75000,0.00000,2.50000,3.19228
1631,16.4280,2.50000,1.04083,3.19156,0.000175,0.75012,0.00000,2.50000,3.19089
1632,16.8550,2.50000,1.04083,3.18889,0.002674,0.74988,0.00000,2.50000,3.18700
1633,16.8300,2.50000,1.04083,3.18371,0.005175,0.75000,0.00000,2.50000,3.18061
1634,16.4440,2.50000,1.04083,3.17604,0.007675,0.75000,0.00000,2.50000,3.17172
1635,16.6400,2.50000,1.04083,3.16586,0.010175,0.75000,0.00000,2.50000,3.16033
1636,16.6990,2.50000,1.04083,3.15319,0.012675,0.75000,0.00000,2.50000,3.14644
1637,18.4000,2.50000,1.04083,3.13801,0.015174,0.75000,0.00000,2.50000,3.13005
1638,14.9540,2.50000,1.04083,3.12034,0.017675,0.75000,0.00000,2.50000,3.11117
1639,16.6170,2.50000,1.04083,3.10016,0.020175,0.75012,0.00000,2.50000,3.08978
1640,16.8820,2.50000,1.04083,3.07749,0.022674,0.74988,0.00000,2.50000,3.06589
1641,16.3990,2.50000,1.04083,3.05232,0.025175,0.75000,0.00000,2.50000,3.03950
1642,533.9940,2.50000,1.04083,2.76108,0.291234,0.75000,0.00000,2.50000,2.73839
1643,8.2820,2.50000,1.04083,2.68950,0.071583,5.99731,0.00000,2.50000,2.63811
1644,8.1710,2.50000,1.04083,2.63811,0.051389,1.11694,0.00000,2.50000,2.58422
1645,16.6040,2.50000,1.04083,2.58422,0.053889,0.75000,0.00000,2.50000,2.52783
1646,16.9000,2.50000,1.04083,2.52721,0.057014,0.75012,0.00000,2.50000,2.46894
1647,16.4840,2.50000,1.04083,2.46829,0.058913,0.75793,0.00000,2.50000,2.40755
1648,17.1400,2.50000,1.04083,2.40689,0.061407,0.74988,0.00000,2.50000,2.34422
1649,16.4690,2.50000,1.04083,2.34356,0.063331,0.75000,0.00000,2.50000,2.28089
1650,17.1750,2.50000,1.04083,2.28023,0.063330,0.75000,0.00000,2.50000,2.21755
1651,16.2270,2.50000,1.04083,2.21689,0.063331,0.75000,0.00000,2.50000,2.15422
1652,16.4060,2.50000,1.04083,2.15356,0.063331,0.74988,0.00000,2.50000,2.09089
1653,16.6140,2.50000,1.04083,2.09023,0.063330,0.75000,0.00000,2.50000,2.02755
1654,16.7910,2.50000,1.04083,2.02676,0.063476,0.75000,0.00000,2.50000,1.96422
1655,18.1810,2.50000,1.04083,1.96397,0.062787,0.75171,0.00000,2.50000,1.90089
1656,12.0820,2.50000,1.04083,1.90592,0.058056,0.74353,0.00000,2.50000,1.90089
1657,19.7450,2.50000,1.04083,1.84786,0.058056,0.68738,0.00000,2.50000,1.83755
1658,16.7020,2.50000,1.04083,1.78980,0.058055,0.68750,0.00000,2.50000,1.77422
1659,16.6950,2.50000,1.04083,1.73175,0.058055,0.68750,0.00000,2.50000,1.71089
1660,16.7340,2.50000,1.04083,1.67369,0.058056,0.68750,0.00000,2.50000,1.64756
1661,16.8680,2.50000,1.04083,1.61493,0.058758,0.68762,0.00000,2.50000,1.58422
1662,16.3220,2.50000,1.04083,1.55160,0.063333,0.69580,0.00000,2.50000,1.52089
1663,16.7160,2.50000,1.04083,1.48827,0.063333,0.75000,0.00000,2.50000,1.45756
1664,16.8770,2.50000,1.04083,1.42493,0.063333,0.75000,0.00000,2.50000,1.39422
1665,16.4580,2.50000,1.04083,1.36160,0.063333,0.75000,0.00000,2.50000,1.33089
