frame,frame_ms,eye_x,eye_y,eye_z,step_m,yaw_step_deg,visual_error_m,body_x,body_z
0,52.1480,-2.48950,2.10382,-2.48950,0.039113,0.75519,0.00000,-2.48950,-2.48950
1,15.6130,-2.45059,1.92993,-2.45059,0.182387,2.99291,0.00000,-2.45059,-2.45059
2,3.6720,-2.43639,1.86150,-2.43639,0.071319,2.25000,0.00000,-2.43639,-2.43639
3,0.8660,-2.43639,1.86150,-2.43639,0.000000,1.04664,0.00000,-2.43639,-2.43639
4,0.4440,-2.43639,1.86150,-2.43639,0.000000,0.01965,0.00000,-2.43639,-2.43639
5,9.1920,-2.42039,1.78307,-2.42039,0.081628,0.00261,0.00000,-2.42039,-2.42039
6,13.8270,-2.42039,1.78307,-2.42039,0.000000,0.43110,0.00000,-2.42039,-2.42039
7,21.2310,-2.40260,1.69463,-2.40260,0.091940,0.37500,0.00000,-2.40260,-2.40260
8,56.7870,-2.38302,1.59620,-2.38302,0.102252,0.38522,0.00000,-2.38302,-2.38302
9,8.4140,-2.33848,1.36934,-2.33848,0.235444,0.74934,0.00000,-2.33848,-2.33848
10,3.9490,-2.31352,1.24091,-2.31352,0.133193,2.05295,0.00000,-2.31352,-2.31352
11,3.3490,-2.28677,1.10248,-2.28677,0.143508,0.75000,0.00000,-2.28677,-2.28677
12,25.9060,-2.25822,1.04083,-2.25822,0.073691,0.54949,0.00000,-2.25822,-2.25822
13,5.2350,-2.22710,1.04083,-2.22710,0.044017,0.39182,0.00000,-2.22710,-2.22710
14,11.6290,-2.19339,1.04083,-2.19339,0.047664,0.75000,0.00000,-2.19339,-2.19339
15,16.7170,-2.15711,1.04083,-2.15711,0.051313,0.75000,0.00000,-2.15711,-2.15711
16,16.8350,-2.11968,1.04083,-2.11824,0.053957,0.75000,0.00000,-2.11968,-2.11824
17,25.2130,-2.08230,1.04083,-2.07682,0.055800,0.75000,0.00000,-2.08230,-2.07682
18,7.8570,-2.04496,1.04083,-2.03285,0.057685,0.75000,0.00000,-2.04496,-2.03285
19,16.4930,-2.00764,1.04083,-1.98636,0.059609,0.75000,0.00000,-2.00764,-1.98636
20,528.0160,-1.70933,1.04083,-1.57902,0.504895,0.75000,0.00000,-1.70933,-1.57902
21,6.5110,-1.63475,1.04083,-1.47664,0.126667,6.53706,0.00000,-1.63475,-1.47664
22,3.6150,-1.59747,1.04083,-1.42544,0.063333,1.27899,0.00000,-1.59747,-1.42544
23,12.8080,-1.56018,1.04083,-1.37425,0.063333,0.43014,0.00000,-1.56018,-1.37425
24,16.4470,-1.52289,1.04083,-1.32306,0.063333,0.75000,0.00000,-1.52289,-1.32306
25,17.9130,-1.48560,1.04083,-1.27186,0.063333,0.79448,0.00000,-1.48560,-1.27186
26,15.8030,-1.44831,1.04083,-1.22067,0.063333,0.75073,0.00000,-1.44831,-1.22067
27,16.7080,-1.41103,1.04083,-1.16948,0.063333,0.75204,0.00000,-1.41103,-1.16948
28,16.8890,-1.37374,1.04083,-1.11828,0.063333,0.75254,0.00000,-1.37374,-1.11828
29,16.1680,-1.33645,1.04083,-1.06709,0.063333,0.74893,0.00000,-1.33645,-1.06709
30,16.5100,-1.29916,1.04083,-1.01590,0.063333,0.75155,0.00000,-1.29916,-1.01590
31,16.7190,-1.26187,1.04083,-0.96471,0.063333,0.74965,0.00000,-1.26187,-0.96471
32,19.2180,-1.22459,1.04083,-0.91351,0.063333,0.75262,0.00000,-1.22459,-0.91351
33,14.3720,-1.18730,1.04083,-0.86232,0.063333,0.74961,0.00000,-1.18730,-0.86232
34,16.8170,-1.15001,1.04083,-0.81113,0.063333,0.75000,0.00000,-1.15001,-0.81113
35,16.7100,-1.11272,1.04083,-0.75993,0.063333,0.75000,0.00000,-1.11272,-0.75993
36,16.7270,-1.07543,1.04083,-0.70874,0.063333,0.75000,0.00000,-1.07543,-0.70874
37,16.5790,-1.03815,1.04083,-0.65755,0.063333,0.75000,0.00000,-1.03815,-0.65755
38,17.4790,-1.00086,1.04083,-0.60636,0.063333,0.75000,0.00000,-1.00086,-0.60636
39,16.0800,-0.96357,1.04083,-0.55516,0.063333,0.75000,0.00000,-0.96357,-0.55516
40,16.4500,-0.92628,1.04083,-0.50397,0.063333,0.75000,0.00000,-0.92628,-0.50397
41,17.0060,-0.88899,1.04083,-0.45278,0.063333,0.75000,0.00000,-0.88899,-0.45278
42,16.6190,-0.85171,1.04083,-0.40158,0.063333,0.75000,0.00000,-0.85171,-0.40158
43,16.6680,-0.81442,1.04083,-0.35039,0.063333,0.75000,0.00000,-0.81442,-0.35039
44,16.8910,-0.77713,1.04083,-0.29920,0.063333,0.75000,0.00000,-0.77713,-0.29920
45,20.7040,-0.73984,1.04083,-0.24800,0.063333,0.75000,0.00000,-0.73984,-0.24800
46,12.3680,-0.70255,1.04083,-0.19681,0.063333,0.75000,0.00000,-0.70255,-0.19681
47,16.8280,-0.66527,1.04083,-0.14562,0.063333,0.75000,0.00000,-0.66527,-0.14562
48,16.7090,-0.62798,1.04083,-0.09443,0.063333,0.75000,0.00000,-0.62798,-0.09443
49,16.5220,-0.59069,1.04083,-0.04323,0.063333,0.75000,0.00000,-0.59069,-0.04323
50,16.7480,-0.55340,1.04083,0.00796,0.063333,0.75000,0.00000,-0.55340,0.00796
51,16.5030,-0.51612,1.04083,0.05915,0.063333,0.75000,0.00000,-0.51612,0.05915
52,16.7300,-0.47883,1.04083,0.11035,0.063333,0.75000,0.00000,-0.47883,0.11035
53,17.1140,-0.44154,1.04083,0.16154,0.063333,0.75000,0.00000,-0.44154,0.16154
54,16.4090,-0.40425,1.04083,0.21273,0.063333,0.75000,0.00000,-0.40425,0.21273
55,16.6920,-0.36696,1.04083,0.26392,0.063333,0.75000,0.00000,-0.36696,0.26392
56,17.8250,-0.32968,1.04083,0.31512,0.063333,0.75000,0.00000,-0.32968,0.31512
57,15.3010,-0.29239,1.04083,0.36631,0.063333,0.75000,0.00000,-0.29239,0.36631
58,21.4970,-0.25510,1.04083,0.41750,0.063333,0.75000,0.00000,-0.25510,0.41750
59,12.1530,-0.21781,1.04083,0.46870,0.063333,0.75000,0.00000,-0.21781,0.46870
60,16.9570,-0.18052,1.04083,0.51989,0.063333,0.75000,0.00000,-0.18052,0.51989
61,16.3140,-0.14324,1.04083,0.57108,0.063333,0.75000,0.00000,-0.14324,0.57108
62,16.6800,-0.10595,1.04083,0.62228,0.063333,0.75000,0.00000,-0.10595,0.62228
63,17.1740,-0.06866,1.04083,0.67347,0.063333,0.75000,0.00000,-0.06866,0.67347
64,15.9780,-0.03137,1.04083,0.72466,0.063333,0.75000,0.00000,-0.03137,0.72466
65,17.0160,0.00592,1.04083,0.77585,0.063333,0.75000,0.00000,0.00592,0.77585
66,16.6660,0.04320,1.04083,0.82705,0.063333,0.75000,0.00000,0.04320,0.82705
67,16.6690,0.08049,1.04083,0.87824,0.063333,0.75000,0.00000,0.08049,0.87824
68,16.7600,0.11778,1.04083,0.92943,0.063333,0.75000,0.00000,0.11778,0.92943
69,16.1440,0.15507,1.04083,0.98063,0.063333,0.75000,0.00000,0.15507,0.98063
70,17.0240,0.19236,1.04083,1.03182,0.063333,0.75000,0.00000,0.19236,1.03182
71,21.8090,0.22964,1.04083,1.08301,0.063333,0.75000,0.00000,0.22964,1.08301
72,11.5320,0.26693,1.04083,1.13421,0.063333,0.75000,0.00000,0.26693,1.13421
73,16.6570,0.30422,1.04083,1.18540,0.063333,0.75000,0.00000,0.30422,1.18540
74,16.9590,0.34151,1.04083,1.23659,0.063333,0.75000,0.00000,0.34151,1.23659
75,16.4990,0.37880,1.04083,1.28778,0.063333,0.74999,0.00000,0.37880,1.28778
76,16.7770,0.41608,1.04083,1.33897,0.063327,0.75000,0.00000,0.41608,1.33897
77,16.2170,0.45337,1.04083,1.39016,0.063333,0.75000,0.00000,0.45337,1.39016
78,17.0580,0.49066,1.04083,1.44136,0.063333,0.75000,0.00000,0.49066,1.44136
79,16.7580,0.52795,1.04083,1.49255,0.063333,0.75000,0.00000,0.52795,1.49255
80,16.6540,0.56523,1.04083,1.54374,0.063333,0.75001,0.00000,0.56523,1.54374
81,16.7500,0.60252,1.04083,1.59494,0.063333,0.75000,0.00000,0.60252,1.59494
82,16.6280,0.63981,1.04083,1.64613,0.063333,0.74999,0.00000,0.63981,1.64613
83,17.4460,0.67710,1.04083,1.69732,0.063333,0.75000,0.00000,0.67710,1.69732
84,21.2610,0.71439,1.04083,1.74851,0.063333,0.75000,0.00000,0.71439,1.74851
85,11.3760,0.75167,1.04083,1.79971,0.063333,0.75000,0.00000,0.75167,1.79971
86,16.6070,0.78896,1.04083,1.85090,0.063333,0.75000,0.00000,0.78896,1.85090
87,16.6790,0.82625,1.04083,1.90209,0.063333,0.75000,0.00000,0.82625,1.90209
88,16.9780,0.86354,1.04083,1.95329,0.063333,0.75001,0.00000,0.86354,1.95329
89,16.3900,0.90083,1.04083,2.00448,0.063333,0.75000,0.00000,0.90083,2.00448
90,16.9860,0.93811,1.04083,2.05567,0.063333,0.74999,0.00000,0.93811,2.05567
91,16.4420,0.97540,1.04083,2.10687,0.063333,0.75000,0.00000,0.97540,2.10687
92,16.7750,1.01269,1.04083,2.15806,0.063333,0.75000,0.00000,1.01269,2.15806
93,16.2290,1.04998,1.04083,2.20925,0.063333,0.75000,0.00000,1.04998,2.20925
94,16.9980,1.08727,1.04083,2.26044,0.063333,0.75000,0.00000,1.08727,2.26044
95,16.9910,1.12455,1.04083,2.31164,0.063333,0.75001,0.00000,1.12455,2.31164
96,16.4990,1.16184,1.04083,2.36283,0.063333,0.75000,0.00000,1.16184,2.36283
97,22.0180,1.19913,1.04083,2.41402,0.063333,0.74999,0.00000,1.19913,2.41402
98,11.1100,1.23642,1.04083,2.46522,0.063333,0.75000,0.00000,1.23642,2.46522
99,16.6890,1.27371,1.04083,2.51641,0.063333,0.75000,0.00000,1.27371,2.51641
100,16.4850,1.31099,1.04083,2.56760,0.063333,0.75000,0.00000,1.31099,2.56760
101,16.6700,1.34828,1.04083,2.61880,0.063333,0.75000,0.00000,1.34828,2.61880
102,17.0280,1.38557,1.04083,2.66999,0.063333,0.75000,0.00000,1.38557,2.66999
103,16.5810,1.42286,1.04083,2.72118,0.063333,0.75001,0.00000,1.42286,2.72118
104,16.6110,1.46014,1.04083,2.77237,0.063333,0.75000,0.00000,1.46014,2.77237
105,16.1380,1.49743,1.04083,2.82357,0.063333,0.74999,0.00000,1.49743,2.82357
106,16.5830,1.53472,1.04083,2.87476,0.063333,0.75000,0.00000,1.53472,2.87476
107,16.8600,1.57201,1.04083,2.92595,0.063333,0.75000,0.00000,1.57201,2.92595
108,16.5760,1.60930,1.04083,2.97715,0.063333,0.75001,0.00000,1.60930,2.97715
109,17.0660,1.64658,1.04083,3.02834,0.063333,0.75000,0.00000,1.64658,3.02834
110,18.2700,1.68026,1.04083,3.07592,0.058294,0.75000,0.00000,1.68026,3.07592
111,15.1150,1.71033,1.04083,3.11989,0.053267,0.75000,0.00000,1.71033,3.11989
112,15.9420,1.73678,1.04083,3.16025,0.048257,0.74999,0.00000,1.73678,3.16025
113,16.9010,1.75963,1.04083,3.19700,0.043270,0.75000,0.00000,1.75963,3.19700
114,17.2360,1.77886,1.04083,3.23014,0.038314,0.75000,0.00000,1.77886,3.23014
115,16.3480,1.79448,1.04083,3.25966,0.033404,0.75000,0.00000,1.79448,3.25966
116,16.6470,1.80649,1.04083,3.28558,0.028563,0.75000,0.00000,1.80649,3.28558
117,16.6140,1.81489,1.04083,3.30788,0.023833,0.75000,0.00000,1.81489,3.30788
118,16.8240,1.81968,1.04083,3.32658,0.019296,0.75000,0.00000,1.81968,3.32658
119,17.4760,1.82645,1.04083,3.33582,0.011462,0.75000,0.00000,1.82645,3.33582
120,16.2780,1.83314,1.04083,3.33563,0.006698,0.75000,0.00000,1.83314,3.33563
121,16.5620,1.83977,1.04083,3.32692,0.010947,0.75001,0.00000,1.83977,3.32692
122,16.2520,1.84635,1.04083,3.31469,0.013879,0.75000,0.00000,1.84635,3.31469
123,18.9790,1.85287,1.04083,3.29945,0.016582,0.75000,0.00000,1.85287,3.29945
124,14.3500,1.85934,1.04083,3.28139,0.019184,0.75000,0.00000,1.85934,3.28139
125,18.2740,1.86577,1.04083,3.26063,0.021734,0.75000,0.00000,1.86577,3.26063
126,16.4160,1.87215,1.04083,3.23723,0.024255,0.75000,0.00000,1.87215,3.23723
127,17.1050,1.87849,1.04083,3.21123,0.026758,0.74999,0.00000,1.87849,3.21123
128,16.3300,1.88480,1.04083,3.18267,0.029251,0.75000,0.00000,1.88480,3.18267
129,17.0650,1.89107,1.04083,3.15156,0.031737,0.75000,0.00000,1.89107,3.15156
130,16.4080,1.89731,1.04083,3.11791,0.034220,0.75000,0.00000,1.89731,3.11791
131,16.8270,1.90352,1.04083,3.08174,0.036700,0.75000,0.00000,1.90352,3.08174
132,16.6080,1.90970,1.04083,3.04305,0.039180,0.75000,0.00000,1.90970,3.04305
133,16.9670,1.91586,1.04083,3.00185,0.041660,0.75000,0.00000,1.91586,3.00185
134,15.7010,1.92199,1.04083,2.95814,0.044140,0.75000,0.00000,1.92199,2.95814
135,16.8280,1.92811,1.04083,2.91192,0.046620,0.75000,0.00000,1.92811,2.91192
136,18.5960,1.96431,1.04083,2.96340,0.062931,0.75001,0.08378,1.96431,2.96340
137,15.0040,1.96997,1.04083,2.91470,0.049028,0.75000,0.06859,1.96997,2.91470
138,16.6590,1.97562,1.04083,2.86350,0.051513,0.75000,0.05616,1.97562,2.86350
139,16.6880,1.98127,1.04083,2.80979,0.053999,0.75000,0.04598,1.98127,2.80979
140,16.3830,1.98690,1.04083,2.75359,0.056486,0.75000,0.03765,1.98690,2.75359
141,16.8400,1.99252,1.04083,2.69488,0.058974,0.74999,0.03082,1.99252,2.69488
142,16.6030,1.99815,1.04083,2.63368,0.061463,0.75000,0.02523,1.99815,2.63368
143,16.9140,2.00377,1.04083,2.57059,0.063333,0.74999,0.02066,2.00377,2.57059
144,16.7480,2.00938,1.04083,2.50751,0.063333,0.75001,0.01692,2.00938,2.50751
145,16.8160,2.01500,1.04083,2.44443,0.063333,0.75000,0.01385,2.01500,2.44443
146,16.3060,2.02062,1.04083,2.38134,0.063333,0.74999,0.01134,2.02062,2.38134
147,17.1630,2.02624,1.04083,2.31826,0.063333,0.75002,0.00928,2.02624,2.31826
148,16.2510,2.03186,1.04083,2.25518,0.063333,0.74999,0.00760,2.03186,2.25518
149,21.8710,2.03748,1.04083,2.19209,0.063333,0.74999,0.00622,2.03748,2.19209
150,11.8820,2.04310,1.04083,2.12901,0.063333,0.75002,0.00509,2.04310,2.12901
151,17.0540,2.04872,1.04083,2.06592,0.063333,0.74999,0.00417,2.04872,2.06592
152,16.3310,2.05434,1.04083,2.00284,0.063333,0.75001,0.00342,2.05434,2.00284
153,16.6100,2.05996,1.04083,1.93976,0.063333,0.75000,0.00280,2.05996,1.93976
154,16.4880,2.06558,1.04083,1.87667,0.063333,0.74999,0.00229,2.06558,1.87667
155,16.7160,2.07120,1.04083,1.81359,0.063333,0.75002,0.00187,2.07120,1.81359
156,16.7480,2.07682,1.04083,1.75051,0.063333,0.74999,0.00153,2.07682,1.75051
157,16.6900,2.08244,1.04083,1.68742,0.063333,0.74999,0.00126,2.08244,1.68742
158,16.6000,2.08806,1.04083,1.62434,0.063333,0.75000,0.00103,2.08806,1.62434
159,17.0550,2.09368,1.04083,1.56126,0.063333,0.75000,0.00000,2.09368,1.56126
160,16.7160,2.09930,1.04083,1.49817,0.063333,0.75000,0.00000,2.09930,1.49817
161,16.7500,2.10492,1.04083,1.43509,0.063333,0.75000,0.00000,2.10492,1.43509
162,21.4710,2.11054,1.04083,1.37201,0.063333,0.75000,0.00000,2.11054,1.37201
163,12.3850,2.11001,1.04083,1.37195,0.000531,0.75000,0.05185,2.11001,1.37195
164,16.0980,2.11564,1.04083,1.30886,0.063333,0.75000,0.04245,2.11564,1.30886
165,16.5700,2.12126,1.04083,1.24578,0.063333,0.75000,0.03475,2.12126,1.24578
166,16.7090,2.12689,1.04083,1.18270,0.063333,0.75002,0.02845,2.12689,1.18270
167,16.6790,2.13252,1.04083,1.11962,0.063333,0.74998,0.02330,2.13252,1.11962
168,16.9410,2.13814,1.04083,1.05653,0.063333,0.75000,0.01907,2.13814,1.05653
169,16.3260,2.14377,1.04083,0.99345,0.063333,0.75000,0.01562,2.14377,0.99345
170,16.7370,2.14940,1.04083,0.93037,0.063333,0.75000,0.01279,2.14940,0.93037
171,16.6930,2.15503,1.04083,0.86729,0.063333,0.75000,0.01047,2.15503,0.86729
172,16.9000,2.16065,1.04083,0.80420,0.063333,0.75000,0.00857,2.16065,0.80420
173,16.7220,2.16628,1.04083,0.74112,0.063333,0.75000,0.00702,2.16628,0.74112
174,16.5890,2.17191,1.04083,0.67804,0.063333,0.75000,0.00574,2.17191,0.67804
175,20.8660,2.17753,1.04083,0.61495,0.063333,0.75000,0.00470,2.17753,0.61495
176,12.7390,2.18316,1.04083,0.55187,0.063333,0.75000,0.00385,2.18316,0.55187
177,532.9180,2.22818,1.04083,0.04721,0.506667,0.75000,0.00000,2.22818,0.04721
178,5.3040,2.23943,1.04083,-0.07896,0.126667,6.57869,0.00000,2.23943,-0.07896
179,11.9860,2.24506,1.04083,-0.14204,0.063333,0.87074,0.00000,2.24506,-0.14204
180,20.1660,2.25069,1.04083,-0.20512,0.063333,0.74841,0.00000,2.25069,-0.20512
181,13.0610,2.25631,1.04083,-0.26821,0.063333,0.75000,0.00000,2.25631,-0.26821
182,16.6800,2.26194,1.04083,-0.33129,0.063333,0.93750,0.00000,2.26194,-0.33129
183,17.0470,2.26757,1.04083,-0.39437,0.063333,0.81387,0.00000,2.26757,-0.39437
184,16.6460,2.26759,1.04083,-0.39437,0.000019,0.75114,0.05185,2.26759,-0.39437
185,16.5090,2.27321,1.04083,-0.45745,0.063333,0.75082,0.04245,2.27321,-0.45745
186,16.2970,2.27884,1.04083,-0.52054,0.063333,0.74556,0.03476,2.27884,-0.52054
187,17.0630,2.28447,1.04083,-0.58362,0.063333,0.74452,0.02846,2.28447,-0.58362
188,16.5790,2.29009,1.04083,-0.64670,0.063333,0.75964,0.02330,2.29009,-0.64670
189,16.6650,2.29572,1.04083,-0.70979,0.063333,0.75064,0.01908,2.29572,-0.70979
190,16.8930,2.30135,1.04083,-0.77287,0.063333,0.74953,0.01562,2.30135,-0.77287
191,16.3430,2.30697,1.04083,-0.83595,0.063333,0.75000,0.01279,2.30697,-0.83595
192,18.1080,2.31260,1.04083,-0.89903,0.063333,0.74809,0.01047,2.31260,-0.89903
193,15.8120,2.29571,1.04083,-0.70979,0.190000,0.74254,0.21598,2.29571,-0.70979
194,16.3260,2.30134,1.04083,-0.77287,0.063333,0.75000,0.17683,2.30134,-0.77287
195,16.5660,2.30697,1.04083,-0.83595,0.063333,0.75000,0.14478,2.30697,-0.83595
196,16.4580,2.31259,1.04083,-0.89903,0.063333,0.75000,0.11853,2.31259,-0.89903
197,16.6640,2.31822,1.04083,-0.96212,0.063333,0.75000,0.09705,2.31822,-0.96212
198,16.6900,2.32385,1.04083,-1.02520,0.063333,0.75000,0.07946,2.32385,-1.02520
199,16.7520,2.32947,1.04083,-1.08828,0.063333,0.75000,0.06505,2.32947,-1.08828
200,16.6600,2.33510,1.04083,-1.15137,0.063333,0.75000,0.05326,2.33510,-1.15137
201,16.7610,2.34073,1.04083,-1.21445,0.063333,0.75002,0.04361,2.34073,-1.21445
202,16.7320,2.34635,1.04083,-1.27753,0.063333,0.75000,0.03570,2.34635,-1.27753
203,16.7630,2.31259,1.04083,-0.89903,0.380000,0.75000,0.39220,2.31259,-0.89903
204,16.3120,2.31822,1.04083,-0.96212,0.063333,0.75000,0.32111,2.31822,-0.96212
205,21.5960,2.32385,1.04083,-1.02520,0.063333,0.75000,0.26290,2.32385,-1.02520
206,11.8360,2.32947,1.04083,-1.08828,0.063333,0.75000,0.21524,2.32947,-1.08828
207,16.6670,2.33510,1.04083,-1.15137,0.063333,0.74998,0.17623,2.33510,-1.15137
208,516.5180,2.37088,1.04083,-1.64520,0.495124,0.75000,0.03558,2.37088,-1.64520
209,5.1730,2.37088,1.04083,-1.74608,0.100888,6.40556,0.02385,2.37088,-1.74608
210,16.8030,2.37088,1.04083,-1.79111,0.045027,0.87097,0.01953,2.37088,-1.79111
211,11.6620,2.37088,1.04083,-1.83253,0.041416,0.72960,0.01599,2.37088,-1.83253
212,16.7900,2.37088,1.04083,-1.87033,0.037805,0.75000,0.01309,2.37088,-1.87033
213,16.6700,2.37088,1.04083,-1.90453,0.034194,0.93750,0.01072,2.37088,-1.90453
214,17.0660,2.37088,1.04083,-1.93511,0.030583,0.83412,0.00877,2.37088,-1.93511
215,16.5940,2.36525,1.04083,-1.89900,0.036547,0.74854,0.05904,2.36525,-1.89900
216,16.6360,2.36525,1.04083,-1.92236,0.023361,0.75136,0.04833,2.36525,-1.92236
217,16.3610,2.36525,1.04083,-1.94211,0.019750,0.75024,0.03957,2.36525,-1.94211
218,16.7210,2.36664,1.04083,-1.95241,0.010398,0.75043,0.03240,2.36664,-1.95241
219,17.2890,2.36801,1.04083,-1.95327,0.001620,0.74988,0.02653,2.36801,-1.95327
220,15.8810,2.36937,1.04083,-1.95163,0.002129,0.75407,0.02172,2.36937,-1.95163
221,17.2750,2.37072,1.04083,-1.94749,0.004352,0.73610,0.01778,2.37072,-1.94749
222,18.3740,2.37205,1.04083,-1.94086,0.006772,0.74998,0.01456,2.37205,-1.94086
223,14.8880,2.37337,1.04083,-1.93161,0.009342,0.75002,0.01192,2.37337,-1.93161
224,16.4330,2.37467,1.04083,-1.91981,0.011871,0.74998,0.00976,2.37467,-1.91981
225,16.5350,2.37597,1.04083,-1.90548,0.014385,0.75002,0.00799,2.37597,-1.90548
226,17.0090,2.37726,1.04083,-1.88864,0.016893,0.74998,0.00654,2.37726,-1.88864
227,16.2320,2.37853,1.04083,-1.86928,0.019397,0.75002,0.00536,2.37853,-1.86928
228,17.2100,2.37980,1.04083,-1.84742,0.021899,0.75000,0.00438,2.37980,-1.84742
229,16.3390,2.38106,1.04083,-1.82305,0.024400,0.75000,0.00359,2.38106,-1.82305
230,16.5170,2.38231,1.04083,-1.79618,0.026900,0.75000,0.00294,2.38231,-1.79618
231,17.4740,2.38355,1.04083,-1.76681,0.029399,0.74998,0.00241,2.38355,-1.76681
232,16.1090,2.38479,1.04083,-1.73494,0.031899,0.75002,0.00197,2.38479,-1.73494
233,16.3290,2.38602,1.04083,-1.70056,0.034398,0.74998,0.00161,2.38602,-1.70056
234,17.2090,2.38724,1.04083,-1.66368,0.036897,0.75002,0.00132,2.38724,-1.66368
235,21.3680,2.38846,1.04083,-1.62430,0.039397,0.74998,0.00108,2.38846,-1.62430
236,11.7970,2.38967,1.04083,-1.58243,0.041896,0.75002,0.00000,2.38967,-1.58243
237,16.5800,2.39088,1.04083,-1.53805,0.044395,0.74998,0.00000,2.39088,-1.53805
238,16.6950,2.39208,1.04083,-1.49117,0.046894,0.75002,0.00000,2.39208,-1.49117
239,16.4720,2.39328,1.04083,-1.44179,0.049394,0.74998,0.00000,2.39328,-1.44179
240,16.8290,2.39448,1.04083,-1.38991,0.051893,0.75002,0.00000,2.39448,-1.38991
241,16.7220,2.39568,1.04083,-1.33553,0.054392,0.74998,0.00000,2.39568,-1.33553
242,17.1620,2.39687,1.04083,-1.27865,0.056892,0.75002,0.00000,2.39687,-1.27865
243,16.3030,2.39806,1.04083,-1.21927,0.059391,0.75000,0.00000,2.39806,-1.21927
244,16.9350,2.39925,1.04083,-1.15739,0.061891,0.75000,0.00000,2.39925,-1.15739
245,16.2130,2.40044,1.04083,-1.09407,0.063333,0.75000,0.00000,2.40044,-1.09407
246,17.5400,2.39485,1.04083,-1.33584,0.241836,0.74998,0.24252,2.39485,-1.33584
247,16.1200,2.39606,1.04083,-1.27898,0.056874,0.75002,0.19856,2.39606,-1.27898
248,21.6470,2.39726,1.04083,-1.21962,0.059374,0.74998,0.16256,2.39726,-1.21962
249,12.1550,2.39846,1.04083,-1.15776,0.061873,0.75002,0.13310,2.39846,-1.15776
250,17.0040,2.39966,1.04083,-1.09444,0.063333,0.74998,0.10897,2.39966,-1.09444
251,15.9770,2.40086,1.04083,-1.03111,0.063333,0.75002,0.08922,2.40086,-1.03111
252,17.2640,2.40206,1.04083,-0.96779,0.063333,0.74998,0.07304,2.40206,-0.96779
253,16.3410,2.40326,1.04083,-0.90447,0.063333,0.75002,0.05980,2.40326,-0.90447
254,16.9250,2.39925,1.04083,-1.09465,0.190222,0.74998,0.25656,2.39925,-1.09465
255,16.4550,2.40046,1.04083,-1.03133,0.063333,0.75002,0.21005,2.40046,-1.03133
256,17.1200,2.40166,1.04083,-0.96801,0.063333,0.74998,0.17197,2.40166,-0.96801
257,16.3810,2.40287,1.04083,-0.90468,0.063333,0.75002,0.14080,2.40287,-0.90468
258,16.8560,2.40407,1.04083,-0.84136,0.063333,0.75000,0.11528,2.40407,-0.84136
259,16.6690,2.40528,1.04083,-0.77804,0.063333,0.75000,0.09438,2.40528,-0.77804
260,17.1830,2.40648,1.04083,-0.71472,0.063333,0.75000,0.07727,2.40648,-0.71472
261,18.0460,2.40769,1.04083,-0.65140,0.063333,0.74998,0.06327,2.40769,-0.65140
262,14.8810,2.40889,1.04083,-0.58807,0.063333,0.75002,0.05180,2.40889,-0.58807
263,16.7930,2.41010,1.04083,-0.52475,0.063333,0.74998,0.04241,2.41010,-0.52475
264,16.7750,2.41131,1.04083,-0.46140,0.063361,0.75002,0.03470,2.41131,-0.46140
265,16.5420,2.41252,1.04083,-0.39808,0.063333,0.74998,0.02841,2.41252,-0.39808
266,16.6000,2.41372,1.04083,-0.33476,0.063333,0.75002,0.02326,2.41372,-0.33476
267,16.6770,2.41492,1.04083,-0.27144,0.063333,0.74998,0.01904,2.41492,-0.27144
268,16.6460,2.41613,1.04083,-0.20812,0.063333,0.75002,0.01559,2.41613,-0.20812
269,16.3720,2.41733,1.04083,-0.14479,0.063333,0.74998,0.01276,2.41733,-0.14479
270,16.7830,2.41854,1.04083,-0.08147,0.063333,0.75002,0.01045,2.41854,-0.08147
271,16.6090,2.41974,1.04083,-0.01815,0.063333,0.74998,0.00856,2.41974,-0.01815
272,16.7850,2.42095,1.04083,0.04517,0.063333,0.75002,0.00701,2.42095,0.04517
273,16.5090,2.42215,1.04083,0.10849,0.063333,0.75000,0.00574,2.42215,0.10849
274,21.1950,2.42336,1.04083,0.17182,0.063333,0.75000,0.00470,2.42336,0.17182
275,12.2230,2.42456,1.04083,0.23514,0.063333,0.75000,0.00384,2.42456,0.23514
276,16.5340,2.42577,1.04083,0.29846,0.063333,0.74998,0.00315,2.42577,0.29846
277,16.9040,2.42697,1.04083,0.36178,0.063333,0.75002,0.00258,2.42697,0.36178
278,16.4310,2.42818,1.04083,0.42510,0.063333,0.75000,0.00211,2.42818,0.42510
279,16.6420,2.42938,1.04083,0.48843,0.063333,0.75000,0.00173,2.42938,0.48843
280,16.7920,2.43059,1.04083,0.55175,0.063333,0.74998,0.00141,2.43059,0.55175
281,16.4670,2.43179,1.04083,0.61507,0.063333,0.75002,0.00116,2.43179,0.61507
282,17.2270,2.43300,1.04083,0.67839,0.063333,0.74998,0.00000,2.43300,0.67839
283,16.4160,2.43420,1.04083,0.74171,0.063333,0.75000,0.00000,2.43420,0.74171
284,16.8480,2.43541,1.04083,0.80503,0.063333,0.75002,0.00000,2.43541,0.80503
285,16.7920,2.43661,1.04083,0.86836,0.063333,0.75000,0.00000,2.43661,0.86836
286,16.8300,2.43781,1.04083,0.93168,0.063333,0.74998,0.00000,2.43781,0.93168
287,21.1240,2.43902,1.04083,0.99500,0.063333,0.75002,0.00000,2.43902,0.99500
288,12.1970,2.44022,1.04083,1.05832,0.063333,0.75002,0.00000,2.44022,1.05832
289,16.6000,2.44143,1.04083,1.12164,0.063333,0.74997,0.00000,2.44143,1.12164
290,16.6700,2.44263,1.04083,1.18497,0.063333,0.75002,0.00000,2.44263,1.18497
291,16.9450,2.44384,1.04083,1.24829,0.063333,0.74998,0.00000,2.44384,1.24829
292,16.4600,2.44504,1.04083,1.31161,0.063333,0.75000,0.00000,2.44504,1.31161
293,16.3700,2.44625,1.04083,1.37493,0.063333,0.74998,0.00000,2.44625,1.37493
294,16.8960,2.44745,1.04083,1.43825,0.063333,0.75005,0.00000,2.44745,1.43825
295,16.6260,2.44866,1.04083,1.50158,0.063333,0.74998,0.00000,2.44866,1.50158
296,16.6310,2.44986,1.04083,1.56490,0.063333,0.75000,0.00000,2.44986,1.56490
297,16.4880,2.45107,1.04083,1.62822,0.063333,0.74998,0.00000,2.45107,1.62822
298,17.2860,2.45227,1.04083,1.69154,0.063333,0.75002,0.00000,2.45227,1.69154
299,16.4220,2.45348,1.04083,1.75486,0.063333,0.74997,0.00000,2.45348,1.75486
300,18.5370,2.45468,1.04083,1.81818,0.063333,0.75005,0.00000,2.45468,1.81818
301,14.7880,2.45589,1.04083,1.88151,0.063333,0.74998,0.00000,2.45589,1.88151
302,16.6360,2.45709,1.04083,1.94483,0.063333,0.75000,0.00000,2.45709,1.94483
303,16.3340,2.45829,1.04083,2.00815,0.063333,0.75002,0.00000,2.45829,2.00815
304,16.6880,2.45950,1.04083,2.07147,0.063333,0.74998,0.00000,2.45950,2.07147
305,17.1350,2.46070,1.04083,2.13479,0.063333,0.75000,0.00000,2.46070,2.13479
306,16.5900,2.46191,1.04083,2.19812,0.063333,0.74998,0.00000,2.46191,2.19812
307,16.2280,2.46311,1.04083,2.26144,0.063333,0.75002,0.00000,2.46311,2.26144
308,16.6900,2.46432,1.04083,2.32476,0.063333,0.74998,0.00000,2.46432,2.32476
309,16.6400,2.46552,1.04083,2.38808,0.063333,0.75000,0.00000,2.46552,2.38808
310,16.9060,2.46673,1.04083,2.45140,0.063333,0.75002,0.00000,2.46673,2.45140
311,16.5060,2.46793,1.04083,2.51472,0.063333,0.75000,0.00000,2.46793,2.51472
312,16.8490,2.46914,1.04083,2.57805,0.063333,0.74998,0.00000,2.46914,2.57805
313,18.1740,2.47034,1.04083,2.64137,0.063333,0.75000,0.00000,2.47034,2.64137
314,14.8500,2.47155,1.04083,2.70469,0.063333,0.75000,0.00000,2.47155,2.70469
315,16.8320,2.47155,1.04083,2.76440,0.059711,0.75000,0.00000,2.47155,2.76440
316,16.6150,2.47155,1.04083,2.82050,0.056100,0.75000,0.00000,2.47155,2.82050
317,16.6840,2.47155,1.04083,2.87299,0.052489,0.75000,0.00000,2.47155,2.87299
318,16.4690,2.47155,1.04083,2.92187,0.048877,0.75003,0.00000,2.47155,2.92187
319,17.0400,2.47155,1.04083,2.96713,0.045266,0.74997,0.00000,2.47155,2.96713
320,16.4690,2.47155,1.04083,3.00879,0.041655,0.75003,0.00000,2.47155,3.00879
321,16.5540,2.47155,1.04083,3.04683,0.038044,0.74997,0.00000,2.47155,3.04683
322,16.8280,2.47155,1.04083,3.08126,0.034433,0.75003,0.00000,2.47155,3.08126
323,517.5980,2.47269,1.04083,3.18923,0.107970,0.74997,0.00000,2.47269,3.18923
324,8.3190,2.47353,1.04083,3.16251,0.026727,6.44208,0.00000,2.47353,3.16251
325,518.9500,2.47565,1.04083,2.98123,0.181301,1.54568,0.00000,2.47565,2.98123
326,11.4640,2.47616,1.04083,2.91090,0.070326,6.70337,0.00000,2.47616,2.91090
327,4.0990,2.47642,1.04083,2.87199,0.038913,0.79666,0.00000,2.47642,2.87199
328,7.0110,2.47667,1.04083,2.83058,0.041413,0.74997,0.00000,2.47667,2.83058
329,16.7590,2.47692,1.04083,2.78667,0.043913,0.75003,0.00000,2.47692,2.78667
330,16.4610,2.47718,1.04083,2.74025,0.046413,0.93747,0.00000,2.47718,2.74025
331,17.1700,2.47743,1.04083,2.69134,0.048913,0.89072,0.00000,2.47743,2.69134
332,16.4740,2.47768,1.04083,2.63993,0.051413,0.74997,0.00000,2.47768,2.63993
333,16.7300,2.47793,1.04083,2.58602,0.053913,0.74997,0.00000,2.47793,2.58602
334,17.0030,2.47818,1.04083,2.52961,0.056413,0.74997,0.00000,2.47818,2.52961
335,16.2350,2.47843,1.04083,2.47069,0.058913,0.74997,0.00000,2.47843,2.47069
336,16.8970,2.47868,1.04083,2.40928,0.061413,0.74997,0.00000,2.47868,2.40928
337,16.5390,2.47893,1.04083,2.34595,0.063333,0.74997,0.00000,2.47893,2.34595
338,18.4490,2.47918,1.04083,2.28262,0.063333,0.74997,0.00000,2.47918,2.28262
339,14.9690,2.47943,1.04083,2.21928,0.063333,0.74997,0.00000,2.47943,2.21928
340,16.5740,2.47968,1.04083,2.15595,0.063333,0.74997,0.00000,2.47968,2.15595
341,16.7510,2.47993,1.04083,2.09262,0.063333,0.74997,0.00000,2.47993,2.09262
342,16.6790,2.48018,1.04083,2.02928,0.063333,0.74997,0.00000,2.48018,2.02928
343,16.5500,2.48043,1.04083,1.96595,0.063333,0.75000,0.00000,2.48043,1.96595
344,16.8930,2.48068,1.04083,1.90262,0.063333,0.74994,0.00000,2.48068,1.90262
345,16.7490,2.48093,1.04083,1.83929,0.063333,0.74997,0.00000,2.48093,1.83929
346,16.4860,2.48118,1.04083,1.77595,0.063333,0.74997,0.00000,2.48118,1.77595
347,16.6550,2.48143,1.04083,1.71262,0.063333,0.74997,0.00000,2.48143,1.71262
348,16.5370,2.48168,1.04083,1.64929,0.063333,0.74997,0.00000,2.48168,1.64929
349,16.3490,2.48193,1.04083,1.58596,0.063333,0.74997,0.00000,2.48193,1.58596
350,17.0170,2.48217,1.04083,1.52262,0.063333,0.75000,0.00000,2.48217,1.52262
351,20.7230,2.48242,1.04083,1.45929,0.063333,0.74997,0.00000,2.48242,1.45929
352,13.2250,2.48267,1.04083,1.39596,0.063333,0.74997,0.00000,2.48267,1.39596
353,16.3920,2.48292,1.04083,1.33262,0.063333,0.74994,0.00000,2.48292,1.33262
354,16.4910,2.48317,1.04083,1.26929,0.063333,0.74997,0.00000,2.48317,1.26929
355,16.6590,2.48342,1.04083,1.20596,0.063333,0.74997,0.00000,2.48342,1.20596
356,16.8360,2.48367,1.04083,1.14263,0.063333,0.74997,0.00000,2.48367,1.14263
357,515.8330,2.48567,1.04083,0.63596,0.506667,0.74997,0.00000,2.48567,0.63596
358,9.6690,2.48642,1.04083,0.44596,0.190000,6.37415,0.00000,2.48642,0.44596
359,7.9840,2.48667,1.04083,0.38263,0.063333,1.54843,0.00000,2.48667,0.38263
360,16.5430,2.48692,1.04083,0.31930,0.063333,0.75003,0.00000,2.48692,0.31930
361,16.7530,2.48717,1.04083,0.25597,0.063333,0.75000,0.00000,2.48717,0.25597
362,16.7420,2.48742,1.04083,0.19263,0.063333,0.75000,0.00000,2.48742,0.19263
363,16.7480,2.48767,1.04083,0.12930,0.063333,0.75000,0.00000,2.48767,0.12930
364,16.5900,2.48792,1.04083,0.06597,0.063333,0.74997,0.00000,2.48792,0.06597
365,16.9270,2.48817,1.04083,0.00263,0.063333,0.75003,0.00000,2.48817,0.00263
366,16.3000,2.48842,1.04083,-0.06070,0.063333,0.74997,0.00000,2.48842,-0.06070
367,16.8730,2.48867,1.04083,-0.12403,0.063333,0.75003,0.00000,2.48867,-0.12403
368,18.3530,2.48891,1.04083,-0.18736,0.063333,0.74997,0.00000,2.48891,-0.18736
369,15.0290,2.48916,1.04083,-0.25070,0.063333,0.75003,0.00000,2.48916,-0.25070
370,16.4660,2.48941,1.04083,-0.31403,0.063333,0.74997,0.00000,2.48941,-0.31403
371,16.6090,2.48966,1.04083,-0.37736,0.063333,0.75003,0.00000,2.48966,-0.37736
372,16.6560,2.48991,1.04083,-0.44070,0.063333,0.74997,0.00000,2.48991,-0.44070
373,16.8020,2.49016,1.04083,-0.50403,0.063333,0.75003,0.00000,2.49016,-0.50403
374,16.4510,2.49041,1.04083,-0.56736,0.063333,0.74997,0.00000,2.49041,-0.56736
375,16.7580,2.49066,1.04083,-0.63069,0.063333,0.75003,0.00000,2.49066,-0.63069
376,16.9440,2.49091,1.04083,-0.69403,0.063333,0.75000,0.00000,2.49091,-0.69403
377,16.4780,2.49116,1.04083,-0.75736,0.063333,0.75000,0.00000,2.49116,-0.75736
378,16.5180,2.49141,1.04083,-0.82069,0.063333,0.75000,0.00000,2.49141,-0.82069
379,16.4380,2.49166,1.04083,-0.88403,0.063333,0.74997,0.00000,2.49166,-0.88403
380,16.9260,2.49191,1.04083,-0.94736,0.063333,0.75003,0.00000,2.49191,-0.94736
381,21.3910,2.49216,1.04083,-1.01069,0.063333,0.74997,0.00000,2.49216,-1.01069
382,11.6890,2.49241,1.04083,-1.07402,0.063333,0.75003,0.00000,2.49241,-1.07402
383,16.9550,2.49266,1.04083,-1.13736,0.063333,0.74997,0.00000,2.49266,-1.13736
384,16.4280,2.49291,1.04083,-1.20069,0.063333,0.75003,0.00000,2.49291,-1.20069
385,16.4310,2.49316,1.04083,-1.26402,0.063333,0.74997,0.00000,2.49316,-1.26402
386,16.8960,2.49341,1.04083,-1.32736,0.063333,0.75003,0.00000,2.49341,-1.32736
387,16.5980,2.49366,1.04083,-1.39069,0.063333,0.74997,0.00000,2.49366,-1.39069
388,16.2440,2.49391,1.04083,-1.45402,0.063333,0.75003,0.00000,2.49391,-1.45402
389,537.6870,2.49416,1.04083,-1.85957,0.405552,0.74997,0.00000,2.49416,-1.85957
390,5.2760,2.49416,1.04083,-1.92485,0.065277,6.69598,0.00000,2.49416,-1.92485
391,6.7060,2.49416,1.04083,-1.95207,0.027222,1.08463,0.00000,2.49416,-1.95207
392,18.7720,2.49416,1.04083,-1.97568,0.023611,0.46939,0.00000,2.49416,-1.97568
393,14.7040,2.49416,1.04083,-1.99568,0.020000,0.76941,0.00000,2.49416,-1.99568
394,16.9000,2.49422,1.04083,-2.00624,0.010555,0.93753,0.00000,2.49422,-2.00624
395,17.0930,2.49428,1.04083,-2.00735,0.001112,0.85953,0.00000,2.49428,-2.00735
396,16.1190,2.49433,1.04083,-2.00596,0.001391,0.75082,0.00000,2.49433,-2.00596
397,17.3490,2.49439,1.04083,-2.00207,0.003890,0.73813,0.00000,2.49439,-2.00207
398,16.3800,2.49445,1.04083,-1.99568,0.006390,0.76535,0.00000,2.49445,-1.99568
399,16.5120,2.49451,1.04083,-1.98679,0.008890,0.74869,0.00000,2.49451,-1.98679
400,16.6220,2.49456,1.04083,-1.97540,0.011390,0.75070,0.00000,2.49456,-1.97540
401,18.5830,2.49462,1.04083,-1.96151,0.013890,0.74896,0.00000,2.49462,-1.96151
402,15.2220,2.49467,1.04083,-1.94512,0.016390,0.75113,0.00000,2.49467,-1.94512
403,16.1950,2.49473,1.04083,-1.92623,0.018890,0.74850,0.00000,2.49473,-1.92623
404,16.7630,2.49478,1.04083,-1.90484,0.021390,0.75000,0.00000,2.49478,-1.90484
405,16.5180,2.49484,1.04083,-1.88095,0.023890,0.75000,0.00000,2.49484,-1.88095
406,16.9070,2.49489,1.04083,-1.85456,0.026390,0.75000,0.00000,2.49489,-1.85456
407,17.0590,2.49494,1.04083,-1.82567,0.028890,0.75000,0.00000,2.49494,-1.82567
408,16.2720,2.49500,1.04083,-1.79428,0.031390,0.75000,0.00000,2.49500,-1.79428
409,16.7770,2.49505,1.04083,-1.76039,0.033890,0.74335,0.00000,2.49505,-1.76039
410,16.4580,2.49510,1.04083,-1.72400,0.036390,0.75000,0.00000,2.49510,-1.72400
411,16.6050,2.49516,1.04083,-1.68511,0.038890,0.74997,0.00000,2.49516,-1.68511
412,16.7010,2.49521,1.04083,-1.64372,0.041390,0.75003,0.00000,2.49521,-1.64372
413,16.2380,2.49526,1.04083,-1.59983,0.043890,0.74997,0.00000,2.49526,-1.59983
414,21.8620,2.49531,1.04083,-1.55344,0.046390,0.74817,0.00000,2.49531,-1.55344
415,12.2200,2.49536,1.04083,-1.50455,0.048890,0.75000,0.00000,2.49536,-1.50455
416,16.4130,2.49541,1.04083,-1.45316,0.051390,0.75000,0.00000,2.49541,-1.45316
417,16.8230,2.49547,1.04083,-1.39927,0.053890,0.75000,0.00000,2.49547,-1.39927
418,16.6420,2.49552,1.04083,-1.34288,0.056390,0.74997,0.00000,2.49552,-1.34288
419,17.0970,2.49557,1.04083,-1.28399,0.058890,0.75000,0.00000,2.49557,-1.28399
420,16.0260,2.49562,1.04083,-1.22260,0.061390,0.75003,0.00000,2.49562,-1.22260
421,16.9420,2.49567,1.04083,-1.15927,0.063333,0.75000,0.00000,2.49567,-1.15927
422,16.6940,2.49572,1.04083,-1.09593,0.063333,0.74997,0.00000,2.49572,-1.09593
423,16.5180,2.49577,1.04083,-1.03260,0.063333,0.75000,0.00000,2.49577,-1.03260
424,16.5400,2.49582,1.04083,-0.96927,0.063333,0.75003,0.00000,2.49582,-0.96927
425,16.6880,2.49588,1.04083,-0.90593,0.063333,0.75000,0.00000,2.49588,-0.90593
426,16.8080,2.49593,1.04083,-0.84260,0.063333,0.74997,0.00000,2.49593,-0.84260
427,21.2290,2.49598,1.04083,-0.77927,0.063333,0.75003,0.00000,2.49598,-0.77927
428,12.3240,2.49603,1.04083,-0.71593,0.063333,0.75000,0.00000,2.49603,-0.71593
429,16.9550,2.49608,1.04083,-0.65260,0.063333,0.75000,0.00000,2.49608,-0.65260
430,16.3060,2.49613,1.04083,-0.58927,0.063333,0.74997,0.00000,2.49613,-0.58927
431,16.9010,2.49618,1.04083,-0.52593,0.063333,0.75003,0.00000,2.49618,-0.52593
432,16.3510,2.49623,1.04083,-0.46260,0.063333,0.75000,0.00000,2.49623,-0.46260
433,16.5740,2.49629,1.04083,-0.39927,0.063333,0.74997,0.00000,2.49629,-0.39927
434,16.7210,2.49634,1.04083,-0.33593,0.063333,0.75000,0.00000,2.49634,-0.33593
435,17.0190,2.49639,1.04083,-0.27260,0.063333,0.75003,0.00000,2.49639,-0.27260
436,16.9590,2.49644,1.04083,-0.20927,0.063333,0.75000,0.00000,2.49644,-0.20927
437,16.2380,2.49649,1.04083,-0.14593,0.063333,0.74997,0.00000,2.49649,-0.14593
438,16.6220,2.49654,1.04083,-0.08260,0.063333,0.75000,0.00000,2.49654,-0.08260
439,16.6460,2.49659,1.04083,-0.01927,0.063333,0.75003,0.00000,2.49659,-0.01927
440,21.3310,2.49664,1.04083,0.04407,0.063333,0.75000,0.00000,2.49664,0.04407
441,11.9730,2.49670,1.04083,0.10740,0.063333,0.74997,0.00000,2.49670,0.10740
442,16.7180,2.49675,1.04083,0.17073,0.063333,0.75003,0.00000,2.49675,0.17073
443,16.7220,2.49680,1.04083,0.23406,0.063333,0.75000,0.00000,2.49680,0.23406
444,16.6280,2.49685,1.04083,0.29740,0.063333,0.75000,0.00000,2.49685,0.29740
445,16.5340,2.49690,1.04083,0.36073,0.063333,0.74997,0.00000,2.49690,0.36073
446,16.6740,2.49695,1.04083,0.42406,0.063333,0.75003,0.00000,2.49695,0.42406
447,16.5870,2.49700,1.04083,0.48740,0.063333,0.75000,0.00000,2.49700,0.48740
448,16.7960,2.49705,1.04083,0.55073,0.063333,0.74997,0.00000,2.49705,0.55073
449,16.6450,2.49710,1.04083,0.61406,0.063333,0.75000,0.00000,2.49710,0.61406
450,17.0630,2.49716,1.04083,0.67740,0.063333,0.75003,0.00000,2.49716,0.67740
451,16.5690,2.49721,1.04083,0.74073,0.063333,0.75000,0.00000,2.49721,0.74073
452,16.7080,2.49726,1.04083,0.80406,0.063333,0.74997,0.00000,2.49726,0.80406
453,21.1590,2.49731,1.04083,0.86740,0.063333,0.75000,0.00000,2.49731,0.86740
454,11.8940,2.49736,1.04083,0.93073,0.063333,0.75003,0.00000,2.49736,0.93073
455,16.6590,2.49741,1.04083,0.99406,0.063333,0.75000,0.00000,2.49741,0.99406
456,16.6880,2.49746,1.04083,1.05740,0.063333,0.74997,0.00000,2.49746,1.05740
457,16.9120,2.49751,1.04083,1.12073,0.063333,0.75003,0.00000,2.49751,1.12073
458,16.5500,2.49756,1.04083,1.18406,0.063333,0.75000,0.00000,2.49756,1.18406
459,16.6020,2.49762,1.04083,1.24740,0.063333,0.75000,0.00000,2.49762,1.24740
460,16.6790,2.49767,1.04083,1.31073,0.063333,0.74997,0.00000,2.49767,1.31073
461,16.7790,2.49772,1.04083,1.37406,0.063333,0.75003,0.00000,2.49772,1.37406
462,17.0050,2.49777,1.04083,1.43740,0.063333,0.75000,0.00000,2.49777,1.43740
463,16.2900,2.49782,1.04083,1.50073,0.063333,0.74997,0.00000,2.49782,1.50073
464,16.7420,2.49787,1.04083,1.56406,0.063333,0.75000,0.00000,2.49787,1.56406
465,16.5750,2.49792,1.04083,1.62740,0.063333,0.75003,0.00000,2.49792,1.62740
466,18.2850,2.49797,1.04083,1.69073,0.063333,0.75000,0.00000,2.49797,1.69073
467,15.3950,2.49802,1.04083,1.75406,0.063333,0.74997,0.00000,2.49802,1.75406
468,16.3690,2.49808,1.04083,1.81740,0.063333,0.75000,0.00000,2.49808,1.81740
469,16.9820,2.49813,1.04083,1.88073,0.063333,0.75003,0.00000,2.49813,1.88073
470,16.3660,2.49818,1.04083,1.94406,0.063333,0.75000,0.00000,2.49818,1.94406
471,16.7440,2.49823,1.04083,2.00740,0.063333,0.74997,0.00000,2.49823,2.00740
472,16.6410,2.49828,1.04083,2.07073,0.063333,0.75003,0.00000,2.49828,2.07073
473,16.6220,2.49833,1.04083,2.13406,0.063333,0.75000,0.00000,2.49833,2.13406
474,16.5990,2.49838,1.04083,2.19740,0.063333,0.75000,0.00000,2.49838,2.19740
475,16.7170,2.49843,1.04083,2.26073,0.063333,0.74997,0.00000,2.49843,2.26073
476,16.8100,2.49849,1.04083,2.32406,0.063333,0.75003,0.00000,2.49849,2.32406
477,16.5440,2.49854,1.04083,2.38740,0.063333,0.75000,0.00000,2.49854,2.38740
478,16.8380,2.49859,1.04083,2.45073,0.063333,0.74997,0.00000,2.49859,2.45073
479,21.0630,2.49864,1.04083,2.51406,0.063333,0.75000,0.00000,2.49864,2.51406
480,12.0190,2.49869,1.04083,2.57740,0.063333,0.75003,0.00000,2.49869,2.57740
481,16.6590,2.49874,1.04083,2.64073,0.063333,0.75000,0.00000,2.49874,2.64073
482,16.6740,2.49879,1.04083,2.70406,0.063333,0.74997,0.00000,2.49879,2.70406
483,16.6790,2.49879,1.04083,2.76379,0.059722,0.75000,0.00000,2.49879,2.76379
484,16.8700,2.49879,1.04083,2.81990,0.056111,0.75003,0.00000,2.49879,2.81990
485,16.3880,2.49879,1.04083,2.87240,0.052500,0.75000,0.00000,2.49879,2.87240
486,16.7900,2.49879,1.04083,2.92129,0.048889,0.74997,0.00000,2.49879,2.92129
487,16.5710,2.49879,1.04083,2.96656,0.045278,0.75003,0.00000,2.49879,2.96656
488,16.8780,2.49879,1.04083,3.00823,0.041667,0.75000,0.00000,2.49879,3.00823
489,17.1440,2.49879,1.04083,3.04629,0.038055,0.75000,0.00000,2.49879,3.04629
490,16.2290,2.49879,1.04083,3.08073,0.034444,0.74997,0.00000,2.49879,3.08073
491,16.3480,2.49879,1.04083,3.11156,0.030833,0.75003,0.00000,2.49879,3.11156
492,22.4810,2.49879,1.04083,3.13879,0.027222,0.75000,0.00000,2.49879,3.13879
493,11.1760,2.49879,1.04083,3.16240,0.023611,0.74997,0.00000,2.49879,3.16240
494,16.6560,2.49879,1.04083,3.18240,0.020000,0.75000,0.00000,2.49879,3.18240
495,16.7100,2.49880,1.04083,3.19295,0.010556,0.75003,0.00000,2.49880,3.19295
496,16.7150,2.49882,1.04083,3.19406,0.001111,0.75000,0.00000,2.49882,3.19406
497,16.1920,2.49883,1.04083,3.19267,0.001389,0.74997,0.00000,2.49883,3.19267
498,17.3920,2.49884,1.04083,3.18879,0.003889,0.75000,0.00000,2.49884,3.18879
499,16.7270,2.49885,1.04083,3.18240,0.006389,0.75003,0.00000,2.49885,3.18240
500,16.4070,2.49886,1.04083,3.17351,0.008889,0.75000,0.00000,2.49886,3.17351
501,16.4910,2.49888,1.04083,3.16212,0.011389,0.74997,0.00000,2.49888,3.16212
502,16.8530,2.49889,1.04083,3.14823,0.013889,0.75003,0.00000,2.49889,3.14823
503,16.2640,2.49890,1.04083,3.13184,0.016389,0.75000,0.00000,2.49890,3.13184
504,17.0710,2.49891,1.04083,3.11295,0.018889,0.75000,0.00000,2.49891,3.11295
505,21.2340,2.49892,1.04083,3.09156,0.021389,0.74997,0.00000,2.49892,3.09156
506,12.1300,2.49893,1.04083,3.06767,0.023889,0.75003,0.00000,2.49893,3.06767
507,16.5090,2.49894,1.04083,3.04128,0.026389,0.75000,0.00000,2.49894,3.04128
508,16.8160,2.49895,1.04083,3.01240,0.028889,0.74997,0.00000,2.49895,3.01240
509,16.3450,2.49897,1.04083,2.98101,0.031389,0.75000,0.00000,2.49897,2.98101
510,16.9570,2.49898,1.04083,2.94712,0.033889,0.75003,0.00000,2.49898,2.94712
511,16.6000,2.49899,1.04083,2.91073,0.036389,0.75000,0.00000,2.49899,2.91073
512,16.7000,2.49900,1.04083,2.87184,0.038889,0.74997,0.00000,2.49900,2.87184
513,16.7560,2.49901,1.04083,2.83045,0.041389,0.75000,0.00000,2.49901,2.83045
514,16.5820,2.49902,1.04083,2.78656,0.043889,0.75003,0.00000,2.49902,2.78656
515,16.7250,2.49903,1.04083,2.74017,0.046389,0.75000,0.00000,2.49903,2.74017
516,16.5720,2.49904,1.04083,2.69128,0.048889,0.74997,0.00000,2.49904,2.69128
517,16.5440,2.49905,1.04083,2.63990,0.051389,0.75003,0.00000,2.49905,2.63990
518,21.5480,2.49906,1.04083,2.58601,0.053889,0.75000,0.00000,2.49906,2.58601
519,11.9380,2.49907,1.04083,2.52962,0.056389,0.75000,0.00000,2.49907,2.52962
520,16.8430,2.49908,1.04083,2.47073,0.058889,0.74997,0.00000,2.49908,2.47073
521,16.4730,2.49909,1.04083,2.40934,0.061389,0.75003,0.00000,2.49909,2.40934
522,17.0270,2.49911,1.04083,2.34601,0.063333,0.75000,0.00000,2.49911,2.34601
523,16.4520,2.49912,1.04083,2.28267,0.063333,0.74997,0.00000,2.49912,2.28267
524,539.3100,2.49920,1.04083,1.77601,0.506666,0.75000,0.00000,2.49920,1.77601
525,5.1660,2.49922,1.04083,1.64934,0.126667,6.41800,0.00000,2.49922,1.64934
526,5.4920,2.49923,1.04083,1.58601,0.063333,0.77182,0.00000,2.49923,1.58601
527,16.5530,2.49924,1.04083,1.52267,0.063333,0.75000,0.00000,2.49924,1.52267
528,17.1220,2.49925,1.04083,1.45934,0.063333,0.74997,0.00000,2.49925,1.45934
529,16.5190,2.49926,1.04083,1.39601,0.063333,0.93750,0.00000,2.49926,1.39601
530,16.8590,2.49927,1.04083,1.33267,0.063333,0.90002,0.00000,2.49927,1.33267
531,16.7320,2.49928,1.04083,1.26934,0.063333,0.76553,0.00000,2.49928,1.26934
532,16.4790,2.49930,1.04083,1.20601,0.063333,0.74994,0.00000,2.49930,1.20601
533,16.4250,2.49931,1.04083,1.14267,0.063333,0.74997,0.00000,2.49931,1.14267
534,16.8230,2.49932,1.04083,1.07934,0.063333,0.74997,0.00000,2.49932,1.07934
535,16.8100,2.49933,1.04083,1.01601,0.063333,0.74997,0.00000,2.49933,1.01601
536,18.6550,2.49934,1.04083,0.95267,0.063333,0.74994,0.00000,2.49934,0.95267
537,14.8130,2.49935,1.04083,0.88934,0.063333,0.75000,0.00000,2.49935,0.88934
538,16.5540,2.49936,1.04083,0.82601,0.063333,0.75000,0.00000,2.49936,0.82601
539,16.2160,2.49937,1.04083,0.76267,0.063333,0.74994,0.00000,2.49937,0.76267
540,17.1750,2.49938,1.04083,0.69934,0.063333,0.75000,0.00000,2.49938,0.69934
541,16.5240,2.49939,1.04083,0.63601,0.063333,0.74997,0.00000,2.49939,0.63601
542,16.8820,2.49940,1.04083,0.57267,0.063333,0.74994,0.00000,2.49940,0.57267
543,16.6260,2.49941,1.04083,0.50934,0.063333,0.74997,0.00000,2.49941,0.50934
544,16.7160,2.49942,1.04083,0.44601,0.063333,0.75000,0.00000,2.49942,0.44601
545,16.3000,2.49943,1.04083,0.38267,0.063333,0.74994,0.00000,2.49943,0.38267
546,16.9270,2.49944,1.04083,0.31934,0.063333,0.74997,0.00000,2.49944,0.31934
547,16.5680,2.49945,1.04083,0.25601,0.063333,0.75000,0.00000,2.49945,0.25601
548,16.9190,2.49947,1.04083,0.19267,0.063333,0.74997,0.00000,2.49947,0.19267
549,18.0860,2.49948,1.04083,0.12934,0.063333,0.74994,0.00000,2.49948,0.12934
550,15.0400,2.49949,1.04083,0.06601,0.063333,0.74997,0.00000,2.49949,0.06601
551,16.7300,2.49950,1.04083,0.00267,0.063333,0.74994,0.00000,2.49950,0.00267
552,16.6600,2.49951,1.04083,-0.06066,0.063333,0.75003,0.00000,2.49951,-0.06066
553,16.6820,2.49952,1.04083,-0.12399,0.063333,0.74994,0.00000,2.49952,-0.12399
554,16.7360,2.49953,1.04083,-0.18733,0.063333,0.75000,0.00000,2.49953,-0.18733
555,16.6850,2.49954,1.04083,-0.25066,0.063333,0.74991,0.00000,2.49954,-0.25066
556,16.6070,2.49955,1.04083,-0.31399,0.063333,0.75003,0.00000,2.49955,-0.31399
557,16.7240,2.49956,1.04083,-0.37733,0.063333,0.74994,0.00000,2.49956,-0.37733
558,17.2280,2.49957,1.04083,-0.44066,0.063333,0.75000,0.00000,2.49957,-0.44066
559,16.2730,2.49958,1.04083,-0.50399,0.063333,0.74997,0.00000,2.49958,-0.50399
560,16.4210,2.49959,1.04083,-0.56733,0.063333,0.74994,0.00000,2.49959,-0.56733
561,16.6190,2.49960,1.04083,-0.63066,0.063333,0.75003,0.00000,2.49960,-0.63066
562,22.2270,2.49961,1.04083,-0.69399,0.063333,0.74988,0.00000,2.49961,-0.69399
563,55.4300,2.49962,1.04083,-0.75733,0.063333,0.75003,0.00000,2.49962,-0.75733
564,3.7100,2.49963,1.04083,-0.82066,0.063333,0.74994,0.00000,2.49963,-0.82066
565,3.3990,2.49965,1.04083,-0.88399,0.063333,0.81253,0.00000,2.49965,-0.88399
566,4.3630,2.49966,1.04083,-0.94733,0.063333,0.81253,0.00000,2.49966,-0.94733
567,11.6190,2.49967,1.04083,-1.01066,0.063333,0.81244,0.00000,2.49967,-1.01066
568,16.8210,2.49968,1.04083,-1.07399,0.063333,0.75003,0.00000,2.49968,-1.07399
569,16.5840,2.49969,1.04083,-1.13733,0.063333,0.75000,0.00000,2.49969,-1.13733
570,16.6820,2.49970,1.04083,-1.20066,0.063333,0.75000,0.00000,2.49970,-1.20066
571,16.3120,2.49971,1.04083,-1.26399,0.063333,0.74997,0.00000,2.49971,-1.26399
572,16.7490,2.49972,1.04083,-1.32733,0.063333,0.75006,0.00000,2.49972,-1.32733
573,16.5800,2.49973,1.04083,-1.39066,0.063333,0.74994,0.00000,2.49973,-1.39066
574,18.7410,2.49974,1.04083,-1.45399,0.063333,0.75003,0.00000,2.49974,-1.45399
575,14.6920,2.49975,1.04083,-1.51733,0.063333,0.74994,0.00000,2.49975,-1.51733
576,16.7390,2.49975,1.04083,-1.57705,0.059722,0.75006,0.00000,2.49975,-1.57705
577,16.6850,2.49975,1.04083,-1.63316,0.056111,0.75003,0.00000,2.49975,-1.63316
578,16.6940,2.49975,1.04083,-1.68566,0.052500,0.74994,0.00000,2.49975,-1.68566
579,16.5640,2.49975,1.04083,-1.73455,0.048889,0.75000,0.00000,2.49975,-1.73455
580,16.5780,2.49975,1.04083,-1.77983,0.045278,0.75003,0.00000,2.49975,-1.77983
581,16.3820,2.49975,1.04083,-1.82149,0.041667,0.75000,0.00000,2.49975,-1.82149
582,16.5350,2.49975,1.04083,-1.85955,0.038056,0.74997,0.00000,2.49975,-1.85955
583,16.7130,2.49975,1.04083,-1.89399,0.034444,0.75000,0.00000,2.49975,-1.89399
584,16.8260,2.49975,1.04083,-1.92483,0.030833,0.75000,0.00000,2.49975,-1.92483
585,16.2820,2.49975,1.04083,-1.95205,0.027222,0.75003,0.00000,2.49975,-1.95205
586,16.9030,2.49975,1.04083,-1.97566,0.023611,0.75000,0.00000,2.49975,-1.97566
587,20.5370,2.49975,1.04083,-1.99566,0.020000,0.75000,0.00000,2.49975,-1.99566
588,12.9730,2.49975,1.04083,-2.00621,0.010556,0.75000,0.00000,2.49975,-2.00621
589,16.7310,2.49976,1.04083,-2.00733,0.001111,0.74997,0.00000,2.49976,-2.00733
590,16.4890,2.49976,1.04083,-2.00594,0.001389,0.75000,0.00000,2.49976,-2.00594
591,16.9750,2.49976,1.04083,-2.00205,0.003889,0.75003,0.00000,2.49976,-2.00205
592,16.3470,2.49976,1.04083,-1.99566,0.006389,0.75000,0.00000,2.49976,-1.99566
593,17.1790,2.49977,1.04083,-1.98677,0.008889,0.74994,0.00000,2.49977,-1.98677
594,16.5440,2.49977,1.04083,-1.97538,0.011389,0.75003,0.00000,2.49977,-1.97538
595,16.3860,2.49977,1.04083,-1.96149,0.013889,0.75006,0.00000,2.49977,-1.96149
596,16.5690,2.49977,1.04083,-1.94510,0.016389,0.74994,0.00000,2.49977,-1.94510
597,16.4950,2.49978,1.04083,-1.92621,0.018889,0.75003,0.00000,2.49978,-1.92621
598,17.1210,2.49978,1.04083,-1.90483,0.021389,0.74994,0.00000,2.49978,-1.90483
599,16.3640,2.49978,1.04083,-1.88094,0.023889,0.75006,0.00000,2.49978,-1.88094
600,18.7080,2.49978,1.04083,-1.85455,0.026389,0.75003,0.00000,2.49978,-1.85455
601,14.7830,2.49979,1.04083,-1.82566,0.028889,0.74994,0.00000,2.49979,-1.82566
602,16.7000,2.49979,1.04083,-1.79427,0.031389,0.75000,0.00000,2.49979,-1.79427
603,16.6190,2.49979,1.04083,-1.76038,0.033889,0.75003,0.00000,2.49979,-1.76038
604,16.6420,2.49979,1.04083,-1.72399,0.036389,0.74994,0.00000,2.49979,-1.72399
605,16.9120,2.49979,1.04083,-1.68510,0.038889,0.75003,0.00000,2.49979,-1.68510
606,16.0860,2.49980,1.04083,-1.64371,0.041389,0.75006,0.00000,2.49980,-1.64371
607,17.0310,2.49980,1.04083,-1.59983,0.043889,0.74994,0.00000,2.49980,-1.59983
608,16.6450,2.49980,1.04083,-1.55344,0.046389,0.75000,0.00000,2.49980,-1.55344
609,16.7060,2.49980,1.04083,-1.50455,0.048889,0.75003,0.00000,2.49980,-1.50455
610,16.6550,2.49980,1.04083,-1.45316,0.051389,0.75000,0.00000,2.49980,-1.45316
611,16.6230,2.49981,1.04083,-1.39927,0.053889,0.75000,0.00000,2.49981,-1.39927
612,16.8840,2.49981,1.04083,-1.34288,0.056389,0.74997,0.00000,2.49981,-1.34288
613,21.1510,2.49981,1.04083,-1.28399,0.058889,0.75000,0.00000,2.49981,-1.28399
614,12.1560,2.49981,1.04083,-1.22260,0.061389,0.75000,0.00000,2.49981,-1.22260
615,16.5980,2.49982,1.04083,-1.15927,0.063333,0.75000,0.00000,2.49982,-1.15927
616,16.6150,2.49982,1.04083,-1.09594,0.063333,0.75000,0.00000,2.49982,-1.09594
617,16.6780,2.49982,1.04083,-1.03260,0.063333,0.75006,0.00000,2.49982,-1.03260
618,17.2020,2.49982,1.04083,-0.96927,0.063333,0.74994,0.00000,2.49982,-0.96927
619,16.5100,2.49982,1.04083,-0.90594,0.063333,0.75098,0.00000,2.49982,-0.90594
620,16.5220,2.49983,1.04083,-0.84260,0.063333,0.75000,0.00000,2.49983,-0.84260
621,16.5810,2.49983,1.04083,-0.77927,0.063333,0.75000,0.00000,2.49983,-0.77927
622,17.1380,2.49983,1.04083,-0.71594,0.063333,0.75000,0.00000,2.49983,-0.71594
623,16.2250,2.49983,1.04083,-0.65260,0.063333,0.75000,0.00000,2.49983,-0.65260
624,16.8520,2.49983,1.04083,-0.58927,0.063333,0.75000,0.00000,2.49983,-0.58927
625,18.4590,2.49984,1.04083,-0.52594,0.063333,0.75031,0.00000,2.49984,-0.52594
626,15.0430,2.49984,1.04083,-0.46260,0.063333,0.75177,0.00000,2.49984,-0.46260
627,16.2670,2.49984,1.04083,-0.39927,0.063333,0.75067,0.00000,2.49984,-0.39927
628,16.7290,2.49984,1.04083,-0.33594,0.063333,0.74994,0.00000,2.49984,-0.33594
629,16.6020,2.49985,1.04083,-0.27260,0.063333,0.75006,0.00000,2.49985,-0.27260
630,16.7410,2.49985,1.04083,-0.20927,0.063333,0.75000,0.00000,2.49985,-0.20927
631,16.4540,2.49985,1.04083,-0.14594,0.063333,0.75000,0.00000,2.49985,-0.14594
632,17.0690,2.49985,1.04083,-0.08260,0.063333,0.75000,0.00000,2.49985,-0.08260
633,16.4040,2.49985,1.04083,-0.01927,0.063333,0.75000,0.00000,2.49985,-0.01927
634,16.6190,2.49986,1.04083,0.04406,0.063333,0.75000,0.00000,2.49986,0.04406
635,16.6980,2.49986,1.04083,0.10740,0.063333,0.75000,0.00000,2.49986,0.10740
636,16.7360,2.49986,1.04083,0.17073,0.063333,0.75000,0.00000,2.49986,0.17073
637,18.3610,2.49986,1.04083,0.23406,0.063333,0.75000,0.00000,2.49986,0.23406
638,14.9860,2.49986,1.04083,0.29740,0.063333,0.75000,0.00000,2.49986,0.29740
639,17.1350,2.49987,1.04083,0.36073,0.063333,0.74994,0.00000,2.49987,0.36073
640,16.3390,2.49987,1.04083,0.42406,0.063333,0.75006,0.00000,2.49987,0.42406
641,17.0080,2.49987,1.04083,0.48740,0.063333,0.75000,0.00000,2.49987,0.48740
642,16.6180,2.49987,1.04083,0.55073,0.063333,0.75000,0.00000,2.49987,0.55073
643,16.3550,2.49988,1.04083,0.61406,0.063333,0.74994,0.00000,2.49988,0.61406
644,16.6750,2.49988,1.04083,0.67740,0.063333,0.75006,0.00000,2.49988,0.67740
645,16.5830,2.49988,1.04083,0.74073,0.063333,0.75000,0.00000,2.49988,0.74073
646,16.6480,2.49988,1.04083,0.80406,0.063333,0.75000,0.00000,2.49988,0.80406
647,16.6660,2.49988,1.04083,0.86740,0.063333,0.75000,0.00000,2.49988,0.86740
648,16.8020,2.49989,1.04083,0.93073,0.063333,0.75000,0.00000,2.49989,0.93073
649,16.4830,2.49989,1.04083,0.99406,0.063333,0.75000,0.00000,2.49989,0.99406
650,18.5300,2.49989,1.04083,1.05740,0.063333,0.75000,0.00000,2.49989,1.05740
651,15.0510,2.49989,1.04083,1.12073,0.063333,0.75000,0.00000,2.49989,1.12073
652,16.6510,2.49989,1.04083,1.18406,0.063333,0.75000,0.00000,2.49989,1.18406
653,16.5850,2.49990,1.04083,1.24740,0.063333,0.75000,0.00000,2.49990,1.24740
654,16.7200,2.49990,1.04083,1.31073,0.063333,0.74994,0.00000,2.49990,1.31073
655,16.6540,2.49990,1.04083,1.37406,0.063333,0.75006,0.00000,2.49990,1.37406
656,16.6810,2.49990,1.04083,1.43740,0.063333,0.75000,0.00000,2.49990,1.43740
657,16.5380,2.49991,1.04083,1.50073,0.063333,0.75000,0.00000,2.49991,1.50073
658,17.2270,2.49991,1.04083,1.56406,0.063333,0.74994,0.00000,2.49991,1.56406
659,16.2710,2.49991,1.04083,1.62740,0.063333,0.75006,0.00000,2.49991,1.62740
660,16.6390,2.49991,1.04083,1.69073,0.063333,0.75000,0.00000,2.49991,1.69073
661,16.7310,2.49991,1.04083,1.75406,0.063333,0.75000,0.00000,2.49991,1.75406
662,16.5670,2.49992,1.04083,1.81740,0.063333,0.75000,0.00000,2.49992,1.81740
663,21.7520,2.49992,1.04083,1.88073,0.063333,0.75000,0.00000,2.49992,1.88073
664,11.9070,2.49992,1.04083,1.94406,0.063333,0.75000,0.00000,2.49992,1.94406
665,16.6470,2.49992,1.04083,2.00740,0.063333,0.75000,0.00000,2.49992,2.00740
666,16.3240,2.49992,1.04083,2.07073,0.063333,0.75000,0.00000,2.49992,2.07073
667,16.7390,2.49993,1.04083,2.13406,0.063333,0.75000,0.00000,2.49993,2.13406
668,16.7490,2.49993,1.04083,2.19740,0.063333,0.75000,0.00000,2.49993,2.19740
669,16.7300,2.49993,1.04083,2.26073,0.063333,0.74994,0.00000,2.49993,2.26073
670,16.6510,2.49993,1.04083,2.32406,0.063333,0.75006,0.00000,2.49993,2.32406
671,16.3880,2.49994,1.04083,2.38740,0.063333,0.75000,0.00000,2.49994,2.38740
672,16.9970,2.49994,1.04083,2.45073,0.063333,0.75000,0.00000,2.49994,2.45073
673,16.4970,2.49994,1.04083,2.51406,0.063333,0.74994,0.00000,2.49994,2.51406
674,16.7260,2.49994,1.04083,2.57740,0.063333,0.75006,0.00000,2.49994,2.57740
675,16.8670,2.49994,1.04083,2.64073,0.063333,0.75000,0.00000,2.49994,2.64073
676,18.2000,2.49995,1.04083,2.70406,0.063333,0.75000,0.00000,2.49995,2.70406
677,15.0290,2.49995,1.04083,2.76378,0.059722,0.75000,0.00000,2.49995,2.76378
678,16.5900,2.49995,1.04083,2.81990,0.056111,0.75000,0.00000,2.49995,2.81990
679,17.3150,2.49995,1.04083,2.87240,0.052500,0.75000,0.00000,2.49995,2.87240
680,16.1370,2.49995,1.04083,2.92128,0.048889,0.75000,0.00000,2.49995,2.92128
681,16.6490,2.49995,1.04083,2.96656,0.045278,0.75000,0.00000,2.49995,2.96656
682,16.7060,2.49995,1.04083,3.00823,0.041667,0.75000,0.00000,2.49995,3.00823
683,16.5000,2.49995,1.04083,3.04628,0.038056,0.75000,0.00000,2.49995,3.04628
684,16.7960,2.49995,1.04083,3.08073,0.034444,0.74994,0.00000,2.49995,3.08073
685,16.7440,2.49995,1.04083,3.11156,0.030833,0.75006,0.00000,2.49995,3.11156
686,17.1090,2.49995,1.04083,3.13878,0.027222,0.75000,0.00000,2.49995,3.13878
687,16.2210,2.49995,1.04083,3.16240,0.023611,0.75000,0.00000,2.49995,3.16240
688,16.7570,2.49995,1.04083,3.18240,0.020000,0.74994,0.00000,2.49995,3.18240
689,21.9150,2.49995,1.04083,3.19295,0.010556,0.75006,0.00000,2.49995,3.19295
690,11.3480,2.49995,1.04083,3.19406,0.001111,0.75000,0.00000,2.49995,3.19406
691,16.5960,2.49995,1.04083,3.19267,0.001389,0.75000,0.00000,2.49995,3.19267
692,16.7620,2.49995,1.04083,3.18878,0.003889,0.75000,0.00000,2.49995,3.18878
693,16.7360,2.49995,1.04083,3.18240,0.006389,0.75000,0.00000,2.49995,3.18240
694,16.5810,2.49995,1.04083,3.17351,0.008889,0.75000,0.00000,2.49995,3.17351
695,16.9630,2.49995,1.04083,3.16212,0.011389,0.75000,0.00000,2.49995,3.16212
696,16.4270,2.49995,1.04083,3.14823,0.013889,0.75000,0.00000,2.49995,3.14823
697,16.5720,2.49995,1.04083,3.13184,0.016389,0.75000,0.00000,2.49995,3.13184
698,16.8470,2.49995,1.04083,3.11295,0.018889,0.75000,0.00000,2.49995,3.11295
699,17.0140,2.49995,1.04083,3.09156,0.021389,0.74994,0.00000,2.49995,3.09156
700,16.8340,2.49995,1.04083,3.06767,0.023889,0.75006,0.00000,2.49995,3.06767
701,16.9070,2.49995,1.04083,3.04128,0.026389,0.75000,0.00000,2.49995,3.04128
702,21.2480,2.49995,1.04083,3.01239,0.028889,0.75000,0.00000,2.49995,3.01239
703,12.1920,2.49995,1.04083,2.98101,0.031389,0.74994,0.00000,2.49995,2.98101
704,16.7840,2.49995,1.04083,2.94712,0.033889,0.75006,0.00000,2.49995,2.94712
705,16.4950,2.49995,1.04083,2.91073,0.036389,0.75000,0.00000,2.49995,2.91073
706,16.8480,2.49996,1.04083,2.87184,0.038889,0.75000,0.00000,2.49996,2.87184
707,16.7620,2.49996,1.04083,2.83045,0.041389,0.75000,0.00000,2.49996,2.83045
708,16.5270,2.49996,1.04083,2.78656,0.043889,0.75000,0.00000,2.49996,2.78656
709,16.7070,2.49996,1.04083,2.74017,0.046389,0.75000,0.00000,2.49996,2.74017
710,16.8560,2.49996,1.04083,2.69128,0.048889,0.75000,0.00000,2.49996,2.69128
711,16.4070,2.49996,1.04083,2.63989,0.051389,0.75000,0.00000,2.49996,2.63989
712,16.9020,2.49996,1.04083,2.58601,0.053889,0.75000,0.00000,2.49996,2.58601
713,16.5800,2.49996,1.04083,2.52962,0.056389,0.75000,0.00000,2.49996,2.52962
714,17.0720,2.49996,1.04083,2.47073,0.058889,0.74994,0.00000,2.49996,2.47073
715,21.6990,2.49996,1.04083,2.40934,0.061389,0.75006,0.00000,2.49996,2.40934
716,11.5360,2.49996,1.04083,2.34601,0.063333,0.75000,0.00000,2.49996,2.34601
717,16.5520,2.49996,1.04083,2.28267,0.063333,0.75000,0.00000,2.49996,2.28267
718,16.7200,2.49996,1.04083,2.21934,0.063333,0.74994,0.00000,2.49996,2.21934
719,16.7580,2.49996,1.04083,2.15601,0.063333,0.75006,0.00000,2.49996,2.15601
720,16.5340,2.49996,1.04083,2.09267,0.063333,0.75000,0.00000,2.49996,2.09267
721,16.7740,2.49996,1.04083,2.02934,0.063333,0.75000,0.00000,2.49996,2.02934
722,16.6810,2.49996,1.04083,1.96601,0.063333,0.75000,0.00000,2.49996,1.96601
723,16.6590,2.49996,1.04083,1.90267,0.063333,0.75000,0.00000,2.49996,1.90267
724,16.6530,2.49996,1.04083,1.83934,0.063333,0.75000,0.00000,2.49996,1.83934
725,16.7810,2.49996,1.04083,1.77601,0.063333,0.75000,0.00000,2.49996,1.77601
726,16.6340,2.49996,1.04083,1.71267,0.063333,0.75000,0.00000,2.49996,1.71267
727,16.6150,2.49997,1.04083,1.64934,0.063333,0.75000,0.00000,2.49997,1.64934
728,20.5330,2.49997,1.04083,1.58601,0.063333,0.75000,0.00000,2.49997,1.58601
729,12.5800,2.49997,1.04083,1.52267,0.063333,0.74994,0.00000,2.49997,1.52267
730,16.5130,2.49997,1.04083,1.45934,0.063333,0.75006,0.00000,2.49997,1.45934
731,16.4900,2.49997,1.04083,1.39601,0.063333,0.75000,0.00000,2.49997,1.39601
732,16.5220,2.49997,1.04083,1.33267,0.063333,0.75000,0.00000,2.49997,1.33267
733,16.6390,2.49997,1.04083,1.26934,0.063333,0.74994,0.00000,2.49997,1.26934
734,16.7990,2.49997,1.04083,1.20601,0.063333,0.75006,0.00000,2.49997,1.20601
735,16.8540,2.49997,1.04083,1.14267,0.063333,0.75000,0.00000,2.49997,1.14267
736,16.4440,2.49997,1.04083,1.07934,0.063333,0.75000,0.00000,2.49997,1.07934
737,16.6360,2.49997,1.04083,1.01601,0.063333,0.75000,0.00000,2.49997,1.01601
738,16.6650,2.49997,1.04083,0.95267,0.063333,0.75000,0.00000,2.49997,0.95267
739,17.1850,2.49997,1.04083,0.88934,0.063333,0.75000,0.00000,2.49997,0.88934
740,16.4260,2.49997,1.04083,0.82601,0.063333,0.75000,0.00000,2.49997,0.82601
741,21.3670,2.49997,1.04083,0.76267,0.063333,0.75000,0.00000,2.49997,0.76267
742,12.0590,2.49997,1.04083,0.69934,0.063333,0.75000,0.00000,2.49997,0.69934
743,16.0820,2.49997,1.04083,0.63601,0.063333,0.75000,0.00000,2.49997,0.63601
744,17.0580,2.49997,1.04083,0.57267,0.063333,0.74994,0.00000,2.49997,0.57267
745,16.7820,2.49997,1.04083,0.50934,0.063333,0.75006,0.00000,2.49997,0.50934
746,17.0710,2.49997,1.04083,0.44601,0.063333,0.75000,0.00000,2.49997,0.44601
747,16.3440,2.49997,1.04083,0.38267,0.063333,0.75000,0.00000,2.49997,0.38267
748,16.6080,2.49998,1.04083,0.31934,0.063333,0.74994,0.00000,2.49998,0.31934
749,17.2390,2.49998,1.04083,0.25601,0.063333,0.75006,0.00000,2.49998,0.25601
750,15.8670,2.49998,1.04083,0.19267,0.063333,0.75000,0.00000,2.49998,0.19267
751,16.7090,2.49998,1.04083,0.12934,0.063333,0.75000,0.00000,2.49998,0.12934
752,16.7240,2.49998,1.04083,0.06601,0.063333,0.75000,0.00000,2.49998,0.06601
753,17.0100,2.49998,1.04083,0.00267,0.063333,0.75000,0.00000,2.49998,0.00267
754,20.9370,2.49998,1.04083,-0.06066,0.063333,0.75000,0.00000,2.49998,-0.06066
755,12.2080,2.49998,1.04083,-0.12399,0.063333,0.75000,0.00000,2.49998,-0.12399
756,16.8920,2.49998,1.04083,-0.18733,0.063333,0.75000,0.00000,2.49998,-0.18733
757,16.4330,2.49998,1.04083,-0.25066,0.063333,0.75000,0.00000,2.49998,-0.25066
758,16.4980,2.49998,1.04083,-0.31399,0.063333,0.75000,0.00000,2.49998,-0.31399
759,17.2000,2.49998,1.04083,-0.37733,0.063333,0.74994,0.00000,2.49998,-0.37733
760,16.5530,2.49998,1.04083,-0.44066,0.063333,0.75006,0.00000,2.49998,-0.44066
761,16.2640,2.49998,1.04083,-0.50399,0.063333,0.75000,0.00000,2.49998,-0.50399
762,16.6770,2.49998,1.04083,-0.56733,0.063333,0.75000,0.00000,2.49998,-0.56733
763,16.9300,2.49998,1.04083,-0.63066,0.063333,0.74994,0.00000,2.49998,-0.63066
764,16.3480,2.49998,1.04083,-0.69399,0.063333,0.75006,0.00000,2.49998,-0.69399
765,16.7150,2.49998,1.04083,-0.75733,0.063333,0.75000,0.00000,2.49998,-0.75733
766,16.7050,2.49998,1.04083,-0.82066,0.063333,0.75000,0.00000,2.49998,-0.82066
767,18.4300,2.49998,1.04083,-0.88399,0.063333,0.75000,0.00000,2.49998,-0.88399
768,14.8540,2.49998,1.04083,-0.94733,0.063333,0.75000,0.00000,2.49998,-0.94733
769,17.1580,2.49999,1.04083,-1.01066,0.063333,0.75000,0.00000,2.49999,-1.01066
770,16.6790,2.49999,1.04083,-1.07399,0.063333,0.75000,0.00000,2.49999,-1.07399
771,16.1600,2.49999,1.04083,-1.13733,0.063333,0.75000,0.00000,2.49999,-1.13733
772,16.7730,2.49999,1.04083,-1.20066,0.063333,0.75000,0.00000,2.49999,-1.20066
773,16.7000,2.49999,1.04083,-1.26399,0.063333,0.75000,0.00000,2.49999,-1.26399
774,16.5730,2.49999,1.04083,-1.32733,0.063333,0.74994,0.00000,2.49999,-1.32733
775,16.8640,2.49999,1.04083,-1.39066,0.063333,0.75006,0.00000,2.49999,-1.39066
776,16.8170,2.49999,1.04083,-1.45399,0.063333,0.75000,0.00000,2.49999,-1.45399
777,17.1150,2.49999,1.04083,-1.51733,0.063333,0.75000,0.00000,2.49999,-1.51733
778,16.4860,2.49999,1.04083,-1.57705,0.059722,0.74994,0.00000,2.49999,-1.57705
779,16.3210,2.49999,1.04083,-1.63316,0.056111,0.75006,0.00000,2.49999,-1.63316
780,21.7070,2.49999,1.04083,-1.68566,0.052500,0.75000,0.00000,2.49999,-1.68566
781,11.6220,2.49999,1.04083,-1.73455,0.048889,0.75000,0.00000,2.49999,-1.73455
782,16.5620,2.49999,1.04083,-1.77983,0.045278,0.75000,0.00000,2.49999,-1.77983
783,16.8590,2.49999,1.04083,-1.82149,0.041667,0.75000,0.00000,2.49999,-1.82149
784,516.6440,2.49999,1.04083,-2.00733,0.185833,0.75000,0.00000,2.49999,-2.00733
785,10.3850,2.49999,1.04083,-2.00205,0.005278,5.99219,0.00000,2.49999,-2.00205
786,6.3910,2.49999,1.04083,-1.99566,0.006389,0.96460,0.00000,2.49999,-1.99566
787,16.9870,2.49999,1.04083,-1.98677,0.008889,0.75000,0.00000,2.49999,-1.98677
788,16.3520,2.49999,1.04083,-1.97538,0.011389,0.75000,0.00000,2.49999,-1.97538
789,16.7540,2.49999,1.04083,-1.96149,0.013889,0.91022,0.00000,2.49999,-1.96149
790,17.2940,2.49999,1.04083,-1.94510,0.016389,0.75000,0.00000,2.49999,-1.94510
791,16.0740,2.49999,1.04083,-1.92621,0.018889,0.74994,0.00000,2.49999,-1.92621
792,17.0120,2.49999,1.04083,-1.90483,0.021389,0.75000,0.00000,2.49999,-1.90483
793,16.5140,2.49999,1.04083,-1.88094,0.023889,0.74994,0.00000,2.49999,-1.88094
794,16.4540,2.49999,1.04083,-1.85455,0.026389,0.75000,0.00000,2.49999,-1.85455
795,16.7260,2.49999,1.04083,-1.82566,0.028889,0.75000,0.00000,2.49999,-1.82566
796,16.5350,2.49999,1.04083,-1.79427,0.031389,0.74994,0.00000,2.49999,-1.79427
797,18.4580,2.49999,1.04083,-1.76038,0.033889,0.75000,0.00000,2.49999,-1.76038
798,15.0450,2.49999,1.04083,-1.72399,0.036389,0.74994,0.00000,2.49999,-1.72399
799,16.6560,2.49999,1.04083,-1.68510,0.038889,0.75000,0.00000,2.49999,-1.68510
800,16.7020,2.49999,1.04083,-1.64371,0.041389,0.74994,0.00000,2.49999,-1.64371
801,16.6150,2.49999,1.04083,-1.59983,0.043889,0.75000,0.00000,2.49999,-1.59983
802,16.6170,2.49999,1.04083,-1.55344,0.046389,0.74994,0.00000,2.49999,-1.55344
803,16.7160,2.49999,1.04083,-1.50455,0.048889,0.75000,0.00000,2.49999,-1.50455
804,16.8090,2.49999,1.04083,-1.45316,0.051389,0.74994,0.00000,2.49999,-1.45316
805,16.4980,2.49999,1.04083,-1.39927,0.053889,0.74994,0.00000,2.49999,-1.39927
806,16.6690,2.49999,1.04083,-1.34288,0.056389,0.75000,0.00000,2.49999,-1.34288
807,16.8210,2.49999,1.04083,-1.28399,0.058889,0.74994,0.00000,2.49999,-1.28399
808,16.4870,2.49999,1.04083,-1.22260,0.061389,0.75000,0.00000,2.49999,-1.22260
809,17.0670,2.49999,1.04083,-1.15927,0.063333,0.74994,0.00000,2.49999,-1.15927
810,18.0910,2.49999,1.04083,-1.09594,0.063333,0.75000,0.00000,2.49999,-1.09594
811,15.1490,2.49999,1.04083,-1.03260,0.063333,0.75000,0.00000,2.49999,-1.03260
812,16.5710,2.49999,1.04083,-0.96927,0.063333,0.74994,0.00000,2.49999,-0.96927
813,16.8560,2.49999,1.04083,-0.90594,0.063333,0.75000,0.00000,2.49999,-0.90594
814,16.4830,2.49999,1.04083,-0.84260,0.063333,0.74994,0.00000,2.49999,-0.84260
815,16.7110,2.49999,1.04083,-0.77927,0.063333,0.75000,0.00000,2.49999,-0.77927
816,16.5570,2.49999,1.04083,-0.71594,0.063333,0.74994,0.00000,2.49999,-0.71594
817,16.7980,2.49999,1.04083,-0.65260,0.063333,0.75000,0.00000,2.49999,-0.65260
818,16.5310,2.49999,1.04083,-0.58927,0.063333,0.75000,0.00000,2.49999,-0.58927
819,535.7820,2.49999,1.04083,-0.08260,0.506667,0.74994,0.00000,2.49999,-0.08260
820,5.4700,2.49999,1.04083,0.04406,0.126667,6.37408,0.00000,2.49999,0.04406
821,8.8650,2.49999,1.04083,0.10740,0.063333,0.96649,0.00000,2.49999,0.10740
822,16.4710,2.49999,1.04083,0.17073,0.063333,0.75006,0.00000,2.49999,0.17073
823,16.8510,2.49999,1.04083,0.23406,0.063333,0.75000,0.00000,2.49999,0.23406
824,16.6150,2.49999,1.04083,0.29740,0.063333,0.91058,0.00000,2.49999,0.29740
825,17.4060,2.49999,1.04083,0.36073,0.063333,0.74219,0.00000,2.49999,0.36073
826,16.0380,2.49999,1.04083,0.42406,0.063333,0.76086,0.00000,2.49999,0.42406
827,16.8730,2.49999,1.04083,0.48740,0.063333,0.74677,0.00000,2.49999,0.48740
828,16.2740,2.49999,1.04083,0.55073,0.063333,0.74829,0.00000,2.49999,0.55073
829,16.5830,2.49999,1.04083,0.61406,0.063333,0.74573,0.00000,2.49999,0.61406
830,16.4990,2.49999,1.04083,0.67740,0.063333,0.73999,0.00000,2.49999,0.67740
831,18.6150,2.49999,1.04083,0.74073,0.063333,0.74902,0.00000,2.49999,0.74073
832,15.6170,2.49999,1.04083,0.80406,0.063333,0.76294,0.00000,2.49999,0.80406
833,16.1120,2.49999,1.04083,0.86740,0.063333,0.74994,0.00000,2.49999,0.86740
834,16.7030,2.49999,1.04083,0.93073,0.063333,0.74982,0.00000,2.49999,0.93073
835,16.6820,2.49999,1.04083,0.99406,0.063333,0.74835,0.00000,2.49999,0.99406
836,16.7660,2.49999,1.04083,1.05740,0.063333,0.75000,0.00000,2.49999,1.05740
837,16.5670,2.49999,1.04083,1.12073,0.063333,0.75000,0.00000,2.49999,1.12073
838,16.2910,2.49999,1.04083,1.18406,0.063333,0.74994,0.00000,2.49999,1.18406
839,16.9660,2.49999,1.04083,1.24740,0.063333,0.74091,0.00000,2.49999,1.24740
840,16.4680,2.49999,1.04083,1.31073,0.063333,0.75000,0.00000,2.49999,1.31073
841,16.6760,2.49999,1.04083,1.37406,0.063333,0.75000,0.00000,2.49999,1.37406
842,16.7350,2.49999,1.04083,1.43740,0.063333,0.75000,0.00000,2.49999,1.43740
843,16.5290,2.49999,1.04083,1.50073,0.063333,0.75000,0.00000,2.49999,1.50073
844,20.7220,2.49999,1.04083,1.56406,0.063333,0.75006,0.00000,2.49999,1.56406
845,12.7530,2.50000,1.04083,1.62740,0.063333,0.74994,0.00000,2.50000,1.62740
846,16.8800,2.50000,1.04083,1.69073,0.063333,0.75000,0.00000,2.50000,1.69073
847,16.3910,2.50000,1.04083,1.75406,0.063333,0.75000,0.00000,2.50000,1.75406
848,16.5950,2.50000,1.04083,1.81740,0.063333,0.75000,0.00000,2.50000,1.81740
849,541.5770,2.50000,1.04083,2.32406,0.506666,0.75000,0.00000,2.50000,2.32406
850,5.2990,2.50000,1.04083,2.45073,0.126667,6.54901,0.00000,2.50000,2.45073
851,3.0130,2.50000,1.04083,2.51406,0.063333,1.09644,0.00000,2.50000,2.51406
852,17.3710,2.50000,1.04083,2.57740,0.063333,0.45923,0.00000,2.50000,2.57740
853,16.4690,2.50000,1.04083,2.64073,0.063333,0.75000,0.00000,2.50000,2.64073
854,16.2640,2.50000,1.04083,2.70406,0.063333,0.90845,0.00000,2.50000,2.70406
855,17.1610,2.50000,1.04083,2.76378,0.059722,0.74072,0.00000,2.50000,2.76378
856,16.5810,2.50000,1.04083,2.81990,0.056111,0.76062,0.00000,2.50000,2.81990
857,16.6460,2.50000,1.04083,2.87240,0.052500,0.75098,0.00000,2.50000,2.87240
858,16.9610,2.50000,1.04083,2.92128,0.048889,0.73792,0.00000,2.50000,2.92128
859,16.5720,2.50000,1.04083,2.96656,0.045278,0.76373,0.00000,2.50000,2.96656
860,16.4710,2.50000,1.04083,3.00823,0.041667,0.75122,0.00000,2.50000,3.00823
861,18.4180,2.50000,1.04083,3.04628,0.038056,0.74756,0.00000,2.50000,3.04628
862,14.9550,2.50000,1.04083,3.08073,0.034444,0.75140,0.00000,2.50000,3.08073
863,16.2860,2.50000,1.04083,3.11156,0.030833,0.74994,0.00000,2.50000,3.11156
864,17.0300,2.50000,1.04083,3.13878,0.027222,0.73743,0.00000,2.50000,3.13878
865,16.6850,2.50000,1.04083,3.16240,0.023611,0.75006,0.00000,2.50000,3.16240
866,16.4970,2.50000,1.04083,3.18239,0.020000,0.74994,0.00000,2.50000,3.18239
867,17.2220,2.50000,1.04083,3.19295,0.010556,0.75006,0.00000,2.50000,3.19295
868,16.4610,2.50000,1.04083,3.19406,0.001111,0.75000,0.00000,2.50000,3.19406
869,16.2780,2.50000,1.04083,3.19267,0.001389,0.75000,0.00000,2.50000,3.19267
870,16.7610,2.50000,1.04083,3.18878,0.003889,0.74994,0.00000,2.50000,3.18878
871,16.7200,2.50000,1.04083,3.18239,0.006389,0.75000,0.00000,2.50000,3.18239
872,16.8900,2.50000,1.04083,3.17351,0.008889,0.75000,0.00000,2.50000,3.17351
873,16.4980,2.50000,1.04083,3.16212,0.011389,0.75000,0.00000,2.50000,3.16212
874,24.8910,2.50000,1.04083,3.14823,0.013889,0.75000,0.00000,2.50000,3.14823
875,8.5720,2.50000,1.04083,3.13184,0.016389,0.75006,0.00000,2.50000,3.13184
876,16.7720,2.50000,1.04083,3.11295,0.018889,0.75000,0.00000,2.50000,3.11295
877,16.6500,2.50000,1.04083,3.09156,0.021389,0.75000,0.00000,2.50000,3.09156
878,16.5730,2.50000,1.04083,3.06767,0.023889,0.74994,0.00000,2.50000,3.06767
879,16.7190,2.50000,1.04083,3.04128,0.026389,0.75000,0.00000,2.50000,3.04128
880,16.6030,2.50000,1.04083,3.01239,0.028889,0.75000,0.00000,2.50000,3.01239
881,16.4130,2.50000,1.04083,2.98101,0.031389,0.75000,0.00000,2.50000,2.98101
882,17.6730,2.50000,1.04083,2.94712,0.033889,0.75006,0.00000,2.50000,2.94712
883,16.3610,2.50000,1.04083,2.91073,0.036389,0.75000,0.00000,2.50000,2.91073
884,16.3180,2.50000,1.04083,2.87184,0.038889,0.75000,0.00000,2.50000,2.87184
885,16.7540,2.50000,1.04083,2.83045,0.041389,0.74994,0.00000,2.50000,2.83045
886,16.5180,2.50000,1.04083,2.78656,0.043889,0.75000,0.00000,2.50000,2.78656
887,21.7420,2.50000,1.04083,2.74017,0.046389,0.75000,0.00000,2.50000,2.74017
888,11.8490,2.50000,1.04083,2.69128,0.048889,0.75000,0.00000,2.50000,2.69128
889,16.7970,2.50000,1.04083,2.63989,0.051389,0.75000,0.00000,2.50000,2.63989
890,16.6210,2.50000,1.04083,2.58601,0.053889,0.75006,0.00000,2.50000,2.58601
891,16.4360,2.50000,1.04083,2.52962,0.056389,0.75000,0.00000,2.50000,2.52962
892,16.8460,2.50000,1.04083,2.47073,0.058889,0.75000,0.00000,2.50000,2.47073
893,16.5900,2.50000,1.04083,2.40934,0.061389,0.74994,0.00000,2.50000,2.40934
894,16.4760,2.50000,1.04083,2.34601,0.063333,0.75000,0.00000,2.50000,2.34601
895,16.7250,2.50000,1.04083,2.28267,0.063333,0.75000,0.00000,2.50000,2.28267
896,16.8890,2.50000,1.04083,2.21934,0.063333,0.75000,0.00000,2.50000,2.21934
897,16.5910,2.50000,1.04083,2.15601,0.063333,0.75006,0.00000,2.50000,2.15601
898,16.5040,2.50000,1.04083,2.09267,0.063333,0.75000,0.00000,2.50000,2.09267
899,17.0740,2.50000,1.04083,2.02934,0.063333,0.75000,0.00000,2.50000,2.02934
900,21.3520,2.50000,1.04083,1.96601,0.063333,0.74994,0.00000,2.50000,1.96601
901,11.5280,2.50000,1.04083,1.90267,0.063333,0.75000,0.00000,2.50000,1.90267
902,16.7100,2.50000,1.04083,1.83934,0.063333,0.75000,0.00000,2.50000,1.83934
903,16.9080,2.50000,1.04083,1.77601,0.063333,0.75000,0.00000,2.50000,1.77601
904,16.3700,2.50000,1.04083,1.71267,0.063333,0.75000,0.00000,2.50000,1.71267
905,16.8460,2.50000,1.04083,1.64934,0.063333,0.75006,0.00000,2.50000,1.64934
906,16.7060,2.50000,1.04083,1.58601,0.063333,0.75000,0.00000,2.50000,1.58601
907,16.7620,2.50000,1.04083,1.52267,0.063333,0.75000,0.00000,2.50000,1.52267
908,16.5300,2.50000,1.04083,1.45934,0.063333,0.74994,0.00000,2.50000,1.45934
909,16.8020,2.50000,1.04083,1.39601,0.063333,0.75000,0.00000,2.50000,1.39601
910,17.2480,2.50000,1.04083,1.33267,0.063333,0.75000,0.00000,2.50000,1.33267
911,16.1290,2.50000,1.04083,1.26934,0.063333,0.75000,0.00000,2.50000,1.26934
912,16.7570,2.50000,1.04083,1.20601,0.063333,0.75006,0.00000,2.50000,1.20601
913,18.4540,2.50000,1.04083,1.14267,0.063333,0.75000,0.00000,2.50000,1.14267
914,14.6310,2.50000,1.04083,1.07934,0.063333,0.75000,0.00000,2.50000,1.07934
915,16.6230,2.50000,1.04083,1.01601,0.063333,0.74994,0.00000,2.50000,1.01601
916,17.0400,2.50000,1.04083,0.95267,0.063333,0.75000,0.00000,2.50000,0.95267
917,16.9900,2.50000,1.04083,0.88934,0.063333,0.75000,0.00000,2.50000,0.88934
918,16.3310,2.50000,1.04083,0.82601,0.063333,0.75000,0.00000,2.50000,0.82601
919,16.7460,2.50000,1.04083,0.76267,0.063333,0.75000,0.00000,2.50000,0.76267
920,16.5440,2.50000,1.04083,0.69934,0.063333,0.75006,0.00000,2.50000,0.69934
921,16.4300,2.50000,1.04083,0.63601,0.063333,0.75000,0.00000,2.50000,0.63601
922,17.0300,2.50000,1.04083,0.57267,0.063333,0.75000,0.00000,2.50000,0.57267
923,16.5360,2.50000,1.04083,0.50934,0.063333,0.74994,0.00000,2.50000,0.50934
924,16.7480,2.50000,1.04083,0.44601,0.063333,0.75000,0.00000,2.50000,0.44601
925,16.7200,2.50000,1.04083,0.38267,0.063333,0.75000,0.00000,2.50000,0.38267
926,20.2190,2.50000,1.04083,0.31934,0.063333,0.75000,0.00000,2.50000,0.31934
927,13.0360,2.50000,1.04083,0.25601,0.063333,0.75006,0.00000,2.50000,0.25601
928,1014.2740,2.50000,1.04083,-0.25066,0.506667,0.75000,0.00000,2.50000,-0.25066
929,6.1010,2.50000,1.04083,-0.37733,0.126667,6.33319,0.00000,2.50000,-0.37733
930,0.7500,2.50000,1.04083,-0.37733,0.000000,1.01672,0.00000,2.50000,-0.37733
931,10.0800,2.50000,1.04083,-0.37733,0.000000,0.13007,0.00000,2.50000,-0.37733
932,24.0270,2.50000,1.04083,-0.44066,0.063333,0.45190,0.00000,2.50000,-0.44066
933,11.9810,2.50000,1.04083,-0.50399,0.063333,0.74939,0.00000,2.50000,-0.50399
934,16.5160,2.50000,1.04083,-0.56733,0.063333,0.49994,0.00000,2.50000,-0.56733
935,16.5560,2.50000,1.04083,-0.63066,0.063333,0.62683,0.00000,2.50000,-0.63066
936,17.1940,2.50000,1.04083,-0.69399,0.063333,0.74982,0.00000,2.50000,-0.69399
937,16.2970,2.50000,1.04083,-0.75733,0.063333,0.75220,0.00000,2.50000,-0.75733
938,16.6340,2.50000,1.04083,-0.82066,0.063333,0.74982,0.00000,2.50000,-0.82066
939,16.5490,2.50000,1.04083,-0.88399,0.063333,0.74896,0.00000,2.50000,-0.88399
940,16.6710,2.50000,1.04083,-0.94733,0.063333,0.74921,0.00000,2.50000,-0.94733
941,16.8140,2.50000,1.04083,-1.01066,0.063333,0.75336,0.00000,2.50000,-1.01066
942,16.8280,2.50000,1.04083,-1.07399,0.063333,0.74945,0.00000,2.50000,-1.07399
943,16.4430,2.50000,1.04083,-1.13733,0.063333,0.75098,0.00000,2.50000,-1.13733
944,16.7240,2.50000,1.04083,-1.20066,0.063333,0.75055,0.00000,2.50000,-1.20066
945,18.2410,2.50000,1.04083,-1.26399,0.063333,0.75000,0.00000,2.50000,-1.26399
946,14.7930,2.50000,1.04083,-1.32733,0.063333,0.75000,0.00000,2.50000,-1.32733
947,16.8760,2.50000,1.04083,-1.39066,0.063333,0.75000,0.00000,2.50000,-1.39066
948,16.9030,2.50000,1.04083,-1.45399,0.063333,0.74994,0.00000,2.50000,-1.45399
949,16.4530,2.50000,1.04083,-1.51733,0.063333,0.75000,0.00000,2.50000,-1.51733
950,16.4920,2.50000,1.04083,-1.57705,0.059722,0.75055,0.00000,2.50000,-1.57705
951,16.9350,2.50000,1.04083,-1.63316,0.056111,0.75006,0.00000,2.50000,-1.63316
952,16.5430,2.50000,1.04083,-1.68566,0.052500,0.75098,0.00000,2.50000,-1.68566
953,16.7580,2.50000,1.04083,-1.73455,0.048889,0.75000,0.00000,2.50000,-1.73455
954,16.9170,2.50000,1.04083,-1.77983,0.045278,0.75098,0.00000,2.50000,-1.77983
955,16.8520,2.50000,1.04083,-1.82149,0.041667,0.75055,0.00000,2.50000,-1.82149
956,16.2580,2.50000,1.04083,-1.85955,0.038056,0.75311,0.00000,2.50000,-1.85955
957,18.2840,2.50000,1.04083,-1.89399,0.034444,0.74994,0.00000,2.50000,-1.89399
958,14.7170,2.50000,1.04083,-1.92483,0.030833,0.75000,0.00000,2.50000,-1.92483
959,16.9820,2.50000,1.04083,-1.95205,0.027222,0.75000,0.00000,2.50000,-1.95205
960,16.9380,2.50000,1.04083,-1.97566,0.023611,0.75000,0.00000,2.50000,-1.97566
961,515.9240,2.50000,1.04083,-1.97538,0.000278,0.75000,0.00000,2.50000,-1.97538
962,9.1020,2.50000,1.04083,-1.94510,0.030278,6.38916,0.00000,2.50000,-1.94510
963,8.2120,2.50000,1.04083,-1.92621,0.018889,0.89233,0.00000,2.50000,-1.92621
964,16.9400,2.50000,1.04083,-1.90483,0.021389,0.75000,0.00000,2.50000,-1.90483
965,16.4530,2.50000,1.04083,-1.88094,0.023889,0.75000,0.00000,2.50000,-1.88094
966,16.7500,2.50000,1.04083,-1.85455,0.026389,0.93750,0.00000,2.50000,-1.85455
967,16.9530,2.50000,1.04083,-1.82566,0.028889,0.79156,0.00000,2.50000,-1.82566
968,16.4440,2.50000,1.04083,-1.79427,0.031389,0.74872,0.00000,2.50000,-1.79427
969,17.0240,2.50000,1.04083,-1.76038,0.033889,0.75079,0.00000,2.50000,-1.76038
970,16.3910,2.50000,1.04083,-1.72399,0.036389,0.75171,0.00000,2.50000,-1.72399
971,16.4540,2.50000,1.04083,-1.68510,0.038889,0.75037,0.00000,2.50000,-1.68510
972,16.8040,2.50000,1.04083,-1.64371,0.041389,0.74261,0.00000,2.50000,-1.64371
973,16.9700,2.50000,1.04083,-1.59983,0.043889,0.75604,0.00000,2.50000,-1.59983
974,18.5240,2.50000,1.04083,-1.55344,0.046389,0.74969,0.00000,2.50000,-1.55344
975,14.8080,2.50000,1.04083,-1.50455,0.048889,0.74994,0.00000,2.50000,-1.50455
976,16.5460,2.50000,1.04083,-1.45316,0.051389,0.75000,0.00000,2.50000,-1.45316
977,16.7520,2.50000,1.04083,-1.39927,0.053889,0.75000,0.00000,2.50000,-1.39927
978,16.3840,2.50000,1.04083,-1.34288,0.056389,0.75000,0.00000,2.50000,-1.34288
979,16.5430,2.50000,1.04083,-1.28399,0.058889,0.75000,0.00000,2.50000,-1.28399
980,16.9560,2.50000,1.04083,-1.22260,0.061389,0.74994,0.00000,2.50000,-1.22260
981,16.4680,2.50000,1.04083,-1.15927,0.063333,0.75012,0.00000,2.50000,-1.15927
982,16.7830,2.50000,1.04083,-1.09594,0.063333,0.74994,0.00000,2.50000,-1.09594
983,16.7750,2.50000,1.04083,-1.03260,0.063333,0.75000,0.00000,2.50000,-1.03260
984,16.5860,2.50000,1.04083,-0.96927,0.063333,0.75000,0.00000,2.50000,-0.96927
985,16.6000,2.50000,1.04083,-0.90594,0.063333,0.75000,0.00000,2.50000,-0.90594
986,17.2030,2.50000,1.04083,-0.84260,0.063333,0.75000,0.00000,2.50000,-0.84260
987,21.4630,2.50000,1.04083,-0.77927,0.063333,0.75000,0.00000,2.50000,-0.77927
988,11.5130,2.50000,1.04083,-0.71594,0.063333,0.75006,0.00000,2.50000,-0.71594
989,16.4670,2.50000,1.04083,-0.65260,0.063333,0.75000,0.00000,2.50000,-0.65260
990,16.6500,2.50000,1.04083,-0.58927,0.063333,0.74994,0.00000,2.50000,-0.58927
991,17.0680,2.50000,1.04083,-0.52594,0.063333,0.75000,0.00000,2.50000,-0.52594
992,16.3680,2.50000,1.04083,-0.46260,0.063333,0.75000,0.00000,2.50000,-0.46260
993,16.6670,2.50000,1.04083,-0.39927,0.063333,0.75000,0.00000,2.50000,-0.39927
994,16.9040,2.50000,1.04083,-0.33594,0.063333,0.75000,0.00000,2.50000,-0.33594
995,16.2550,2.50000,1.04083,-0.27260,0.063333,0.74994,0.00000,2.50000,-0.27260
996,16.7440,2.50000,1.04083,-0.20927,0.063333,0.75012,0.00000,2.50000,-0.20927
997,16.8930,2.50000,1.04083,-0.14594,0.063333,0.74994,0.00000,2.50000,-0.14594
998,16.6880,2.50000,1.04083,-0.08260,0.063333,0.75000,0.00000,2.50000,-0.08260
999,16.6210,2.50000,1.04083,-0.01927,0.063333,0.75000,0.00000,2.50000,-0.01927
1000,18.3570,2.50000,1.04083,0.04406,0.063333,0.75000,0.00000,2.50000,0.04406
1001,15.0240,2.50000,1.04083,0.10740,0.063333,0.75000,0.00000,2.50000,0.10740
1002,17.0420,2.50000,1.04083,0.17073,0.063333,0.75000,0.00000,2.50000,0.17073
1003,17.2600,2.50000,1.04083,0.23406,0.063333,0.75006,0.00000,2.50000,0.23406
1004,16.4760,2.50000,1.04083,0.29740,0.063333,0.75000,0.00000,2.50000,0.29740
1005,15.9350,2.50000,1.04083,0.36073,0.063333,0.74994,0.00000,2.50000,0.36073
1006,17.2690,2.50000,1.04083,0.42406,0.063333,0.75000,0.00000,2.50000,0.42406
1007,16.0470,2.50000,1.04083,0.48740,0.063333,0.75000,0.00000,2.50000,0.48740
1008,17.2050,2.50000,1.04083,0.55073,0.063333,0.75000,0.00000,2.50000,0.55073
1009,16.0690,2.50000,1.04083,0.61406,0.063333,0.75000,0.00000,2.50000,0.61406
1010,16.7150,2.50000,1.04083,0.67740,0.063333,0.74994,0.00000,2.50000,0.67740
1011,16.4270,2.50000,1.04083,0.74073,0.063333,0.75012,0.00000,2.50000,0.74073
1012,16.6720,2.50000,1.04083,0.80406,0.063333,0.74994,0.00000,2.50000,0.80406
1013,18.6880,2.50000,1.04083,0.86740,0.063333,0.75000,0.00000,2.50000,0.86740
1014,41.8210,2.50000,1.04083,0.93073,0.063333,0.75000,0.00000,2.50000,0.93073
1015,3.5410,2.50000,1.04083,0.99406,0.063333,0.75000,0.00000,2.50000,0.99406
1016,3.0350,2.50000,1.04083,1.05740,0.063333,0.81244,0.00000,2.50000,1.05740
1017,16.5990,2.50000,1.04083,1.12073,0.063333,0.71411,0.00000,2.50000,1.12073
1018,16.9310,2.50000,1.04083,1.18406,0.063333,0.72778,0.00000,2.50000,1.18406
1019,16.2200,2.50000,1.04083,1.24740,0.063333,0.75000,0.00000,2.50000,1.24740
1020,17.0380,2.50000,1.04083,1.31073,0.063333,0.75000,0.00000,2.50000,1.31073
1021,16.3760,2.50000,1.04083,1.37406,0.063333,0.74994,0.00000,2.50000,1.37406
1022,16.7520,2.50000,1.04083,1.43740,0.063333,0.75000,0.00000,2.50000,1.43740
1023,16.1940,2.50000,1.04083,1.50073,0.063333,0.75000,0.00000,2.50000,1.50073
1024,17.1520,2.50000,1.04083,1.56406,0.063333,0.74976,0.00000,2.50000,1.56406
1025,18.3960,2.50000,1.04083,1.62740,0.063333,0.75000,0.00000,2.50000,1.62740
1026,14.7530,2.50000,1.04083,1.69073,0.063333,0.74994,0.00000,2.50000,1.69073
1027,16.6250,2.50000,1.04083,1.75406,0.063333,0.75000,0.00000,2.50000,1.75406
1028,16.7600,2.50000,1.04083,1.81740,0.063333,0.75000,0.00000,2.50000,1.81740
1029,16.6680,2.50000,1.04083,1.88073,0.063333,0.75000,0.00000,2.50000,1.88073
1030,17.1220,2.50000,1.04083,1.94406,0.063333,0.75006,0.00000,2.50000,1.94406
1031,16.1460,2.50000,1.04083,2.00740,0.063333,0.75000,0.00000,2.50000,2.00740
1032,16.7850,2.50000,1.04083,2.07073,0.063333,0.75000,0.00000,2.50000,2.07073
1033,16.5450,2.50000,1.04083,2.13406,0.063333,0.74994,0.00000,2.50000,2.13406
1034,16.8050,2.50000,1.04083,2.19740,0.063333,0.75000,0.00000,2.50000,2.19740
1035,16.7210,2.50000,1.04083,2.26073,0.063333,0.75000,0.00000,2.50000,2.26073
1036,17.0740,2.50000,1.04083,2.32406,0.063333,0.75000,0.00000,2.50000,2.32406
1037,16.3320,2.50000,1.04083,2.38740,0.063333,0.75006,0.00000,2.50000,2.38740
1038,20.5190,2.50000,1.04083,2.45073,0.063333,0.75000,0.00000,2.50000,2.45073
1039,12.6730,2.50000,1.04083,2.51406,0.063333,0.75000,0.00000,2.50000,2.51406
1040,16.6880,2.50000,1.04083,2.57739,0.063333,0.75000,0.00000,2.50000,2.57739
1041,16.5510,2.50000,1.04083,2.64073,0.063333,0.74994,0.00000,2.50000,2.64073
1042,17.0120,2.50000,1.04083,2.70406,0.063333,0.75000,0.00000,2.50000,2.70406
1043,16.6440,2.50000,1.04083,2.76378,0.059722,0.75000,0.00000,2.50000,2.76378
1044,16.7610,2.50000,1.04083,2.81989,0.056111,0.75000,0.00000,2.50000,2.81989
1045,16.4320,2.50000,1.04083,2.87239,0.052500,0.75006,0.00000,2.50000,2.87239
1046,16.3940,2.50000,1.04083,2.92128,0.048889,0.75000,0.00000,2.50000,2.92128
1047,17.2430,2.50000,1.04083,2.96656,0.045278,0.75000,0.00000,2.50000,2.96656
1048,16.5050,2.50000,1.04083,3.00823,0.041667,0.74994,0.00000,2.50000,3.00823
1049,16.5260,2.50000,1.04083,3.04628,0.038056,0.75000,0.00000,2.50000,3.04628
1050,17.0190,2.50000,1.04083,3.08073,0.034444,0.75000,0.00000,2.50000,3.08073
1051,21.4780,2.50000,1.04083,3.11156,0.030833,0.75000,0.00000,2.50000,3.11156
1052,11.6200,2.50000,1.04083,3.13878,0.027222,0.75006,0.00000,2.50000,3.13878
1053,16.5460,2.50000,1.04083,3.16239,0.023611,0.75000,0.00000,2.50000,3.16239
1054,16.7600,2.50000,1.04083,3.18239,0.020000,0.75000,0.00000,2.50000,3.18239
1055,16.5950,2.50000,1.04083,3.19295,0.010556,0.75000,0.00000,2.50000,3.19295
1056,16.6770,2.50000,1.04083,3.19406,0.001111,0.74994,0.00000,2.50000,3.19406
1057,16.7080,2.50000,1.04083,3.19267,0.001389,0.75000,0.00000,2.50000,3.19267
1058,16.7790,2.50000,1.04083,3.18878,0.003889,0.75000,0.00000,2.50000,3.18878
1059,16.6520,2.50000,1.04083,3.18239,0.006389,0.75000,0.00000,2.50000,3.18239
1060,16.3730,2.50000,1.04083,3.17351,0.008889,0.75006,0.00000,2.50000,3.17351
1061,17.1520,2.50000,1.04083,3.16212,0.011389,0.75000,0.00000,2.50000,3.16212
1062,16.9330,2.50000,1.04083,3.14823,0.013889,0.75000,0.00000,2.50000,3.14823
1063,16.8180,2.50000,1.04083,3.13184,0.016389,0.74994,0.00000,2.50000,3.13184
1064,21.5140,2.50000,1.04083,3.11295,0.018889,0.75000,0.00000,2.50000,3.11295
1065,11.5900,2.50000,1.04083,3.09156,0.021389,0.75000,0.00000,2.50000,3.09156
1066,16.7090,2.50000,1.04083,3.06767,0.023889,0.75000,0.00000,2.50000,3.06767
1067,16.6000,2.50000,1.04083,3.04128,0.026389,0.75006,0.00000,2.50000,3.04128
1068,533.4740,2.50000,1.04083,2.74017,0.301111,0.75000,0.00000,2.50000,2.74017
1069,10.3290,2.50000,1.04083,2.63989,0.100278,6.41602,0.00000,2.50000,2.63989
1070,6.0000,2.50000,1.04083,2.58601,0.053889,0.90552,0.00000,2.50000,2.58601
1071,17.5610,2.50000,1.04083,2.52962,0.056389,0.69550,0.00000,2.50000,2.52962
1072,16.8150,2.50000,1.04083,2.47073,0.058889,0.74994,0.00000,2.50000,2.47073
1073,16.2970,2.50000,1.04083,2.40934,0.061389,0.93756,0.00000,2.50000,2.40934
1074,16.8970,2.50000,1.04083,2.34601,0.063333,0.83893,0.00000,2.50000,2.34601
1075,15.7400,2.50000,1.04083,2.28267,0.063333,0.74396,0.00000,2.50000,2.28267
1076,17.0220,2.50000,1.04083,2.21934,0.063333,0.74176,0.00000,2.50000,2.21934
1077,17.0720,2.50000,1.04083,2.15601,0.063333,0.75903,0.00000,2.50000,2.15601
1078,16.5160,2.50000,1.04083,2.09267,0.063333,0.75415,0.00000,2.50000,2.09267
1079,17.0860,2.50000,1.04083,2.02934,0.063333,0.75000,0.00000,2.50000,2.02934
1080,16.0470,2.50000,1.04083,1.96601,0.063333,0.75238,0.00000,2.50000,1.96601
1081,18.6330,2.50000,1.04083,1.90267,0.063333,0.73901,0.00000,2.50000,1.90267
1082,15.0100,2.50000,1.04083,1.83934,0.063333,0.74945,0.00000,2.50000,1.83934
1083,16.5370,2.50000,1.04083,1.77601,0.063333,0.75000,0.00000,2.50000,1.77601
1084,16.7060,2.50000,1.04083,1.71267,0.063333,0.75000,0.00000,2.50000,1.71267
1085,16.3020,2.50000,1.04083,1.64934,0.063333,0.75006,0.00000,2.50000,1.64934
1086,16.4270,2.50000,1.04083,1.58601,0.063333,0.75000,0.00000,2.50000,1.58601
1087,16.7640,2.50000,1.04083,1.52267,0.063333,0.74725,0.00000,2.50000,1.52267
1088,17.0360,2.50000,1.04083,1.45934,0.063333,0.75000,0.00000,2.50000,1.45934
1089,16.4630,2.50000,1.04083,1.39601,0.063333,0.75006,0.00000,2.50000,1.39601
1090,17.0620,2.50000,1.04083,1.33267,0.063333,0.75000,0.00000,2.50000,1.33267
1091,16.5850,2.50000,1.04083,1.26934,0.063333,0.74994,0.00000,2.50000,1.26934
1092,16.1820,2.50000,1.04083,1.20601,0.063333,0.75000,0.00000,2.50000,1.20601
1093,17.1400,2.50000,1.04083,1.14267,0.063333,0.75000,0.00000,2.50000,1.14267
1094,22.5680,2.50000,1.04083,1.07934,0.063333,0.75000,0.00000,2.50000,1.07934
1095,11.3640,2.50000,1.04083,1.01601,0.063333,0.75000,0.00000,2.50000,1.01601
1096,16.4480,2.50000,1.04083,0.95267,0.063333,0.74994,0.00000,2.50000,0.95267
1097,16.6530,2.50000,1.04083,0.88934,0.063333,0.75012,0.00000,2.50000,0.88934
1098,16.2410,2.50000,1.04083,0.82601,0.063333,0.74994,0.00000,2.50000,0.82601
1099,16.7880,2.50000,1.04083,0.76267,0.063333,0.75000,0.00000,2.50000,0.76267
1100,16.8180,2.50000,1.04083,0.69934,0.063333,0.75000,0.00000,2.50000,0.69934
1101,16.5040,2.50000,1.04083,0.63601,0.063333,0.75000,0.00000,2.50000,0.63601
1102,16.4560,2.50000,1.04083,0.57267,0.063333,0.75000,0.00000,2.50000,0.57267
1103,16.9370,2.50000,1.04083,0.50934,0.063333,0.75000,0.00000,2.50000,0.50934
1104,16.1360,2.50000,1.04083,0.44601,0.063333,0.75006,0.00000,2.50000,0.44601
1105,16.6120,2.50000,1.04083,0.38267,0.063333,0.75000,0.00000,2.50000,0.38267
1106,17.0010,2.50000,1.04083,0.31934,0.063333,0.74988,0.00000,2.50000,0.31934
1107,19.0730,2.50000,1.04083,0.25601,0.063333,0.75000,0.00000,2.50000,0.25601
1108,14.3520,2.50000,1.04083,0.19267,0.063333,0.75006,0.00000,2.50000,0.19267
1109,16.7360,2.50000,1.04083,0.12934,0.063333,0.75000,0.00000,2.50000,0.12934
1110,16.4630,2.50000,1.04083,0.06601,0.063333,0.75000,0.00000,2.50000,0.06601
1111,16.4650,2.50000,1.04083,0.00267,0.063333,0.74988,0.00000,2.50000,0.00267
1112,17.0250,2.50000,1.04083,-0.06066,0.063333,0.75012,0.00000,2.50000,-0.06066
1113,16.9290,2.50000,1.04083,-0.12399,0.063333,0.75000,0.00000,2.50000,-0.12399
1114,16.7820,2.50000,1.04083,-0.18733,0.063333,0.75006,0.00000,2.50000,-0.18733
1115,16.8020,2.50000,1.04083,-0.25066,0.063333,0.75000,0.00000,2.50000,-0.25066
1116,16.6690,2.50000,1.04083,-0.31399,0.063333,0.75000,0.00000,2.50000,-0.31399
1117,16.3900,2.50000,1.04083,-0.37733,0.063333,0.74988,0.00000,2.50000,-0.37733
1118,16.4190,2.50000,1.04083,-0.44066,0.063333,0.75000,0.00000,2.50000,-0.44066
1119,16.6820,2.50000,1.04083,-0.50399,0.063333,0.75012,0.00000,2.50000,-0.50399
1120,21.8860,2.50000,1.04083,-0.56733,0.063333,0.75000,0.00000,2.50000,-0.56733
1121,11.9590,2.50000,1.04083,-0.63066,0.063333,0.74994,0.00000,2.50000,-0.63066
1122,16.8430,2.50000,1.04083,-0.69399,0.063333,0.75000,0.00000,2.50000,-0.69399
1123,16.6410,2.50000,1.04083,-0.75733,0.063333,0.75000,0.00000,2.50000,-0.75733
1124,16.2380,2.50000,1.04083,-0.82066,0.063333,0.75000,0.00000,2.50000,-0.82066
1125,16.6770,2.50000,1.04083,-0.88399,0.063333,0.75000,0.00000,2.50000,-0.88399
1126,16.4890,2.50000,1.04083,-0.94733,0.063333,0.74994,0.00000,2.50000,-0.94733
1127,16.9210,2.50000,1.04083,-1.01066,0.063333,0.75012,0.00000,2.50000,-1.01066
1128,16.5050,2.50000,1.04083,-1.07399,0.063333,0.75000,0.00000,2.50000,-1.07399
1129,17.1210,2.50000,1.04083,-1.13733,0.063333,0.74988,0.00000,2.50000,-1.13733
1130,16.7530,2.50000,1.04083,-1.20066,0.063333,0.75000,0.00000,2.50000,-1.20066
1131,16.5440,2.50000,1.04083,-1.26399,0.063333,0.75006,0.00000,2.50000,-1.26399
1132,16.6340,2.50000,1.04083,-1.32733,0.063333,0.75000,0.00000,2.50000,-1.32733
1133,18.3750,2.50000,1.04083,-1.39066,0.063333,0.75000,0.00000,2.50000,-1.39066
1134,15.3530,2.50000,1.04083,-1.45399,0.063333,0.75012,0.00000,2.50000,-1.45399
1135,16.6980,2.50000,1.04083,-1.51733,0.063333,0.74988,0.00000,2.50000,-1.51733
1136,16.4240,2.50000,1.04083,-1.57705,0.059722,0.75000,0.00000,2.50000,-1.57705
1137,16.7530,2.50000,1.04083,-1.63316,0.056111,0.75000,0.00000,2.50000,-1.63316
1138,16.9930,2.50000,1.04083,-1.68566,0.052500,0.75006,0.00000,2.50000,-1.68566
1139,16.3340,2.50000,1.04083,-1.73455,0.048889,0.75000,0.00000,2.50000,-1.73455
1140,16.5990,2.50000,1.04083,-1.77983,0.045278,0.75000,0.00000,2.50000,-1.77983
1141,16.7970,2.50000,1.04083,-1.82149,0.041667,0.74988,0.00000,2.50000,-1.82149
1142,16.7830,2.50000,1.04083,-1.85955,0.038056,0.75012,0.00000,2.50000,-1.85955
1143,16.5570,2.50000,1.04083,-1.89399,0.034444,0.74994,0.00000,2.50000,-1.89399
1144,16.8950,2.50000,1.04083,-1.92483,0.030833,0.75000,0.00000,2.50000,-1.92483
1145,16.0590,2.50000,1.04083,-1.95205,0.027222,0.75000,0.00000,2.50000,-1.95205
1146,21.7800,2.50000,1.04083,-1.97566,0.023611,0.75000,0.00000,2.50000,-1.97566
1147,11.7570,2.50000,1.04083,-1.99566,0.020000,0.75000,0.00000,2.50000,-1.99566
1148,17.0540,2.50000,1.04083,-2.00622,0.010556,0.75000,0.00000,2.50000,-2.00622
1149,16.6010,2.50000,1.04083,-2.00733,0.001111,0.75006,0.00000,2.50000,-2.00733
1150,16.5890,2.50000,1.04083,-2.00594,0.001389,0.75000,0.00000,2.50000,-2.00594
1151,16.6110,2.50000,1.04083,-2.00205,0.003889,0.75000,0.00000,2.50000,-2.00205
1152,16.6050,2.50000,1.04083,-1.99566,0.006389,0.74988,0.00000,2.50000,-1.99566
1153,17.3000,2.50000,1.04083,-1.98677,0.008889,0.75000,0.00000,2.50000,-1.98677
1154,16.6120,2.50000,1.04083,-1.97538,0.011389,0.75006,0.00000,2.50000,-1.97538
1155,16.7570,2.50000,1.04083,-1.96149,0.013889,0.75000,0.00000,2.50000,-1.96149
1156,16.8660,2.50000,1.04083,-1.94510,0.016389,0.75000,0.00000,2.50000,-1.94510
1157,16.1140,2.50000,1.04083,-1.92622,0.018889,0.75012,0.00000,2.50000,-1.92622
1158,17.1920,2.50000,1.04083,-1.90483,0.021389,0.74988,0.00000,2.50000,-1.90483
1159,20.5180,2.50000,1.04083,-1.88094,0.023889,0.75000,0.00000,2.50000,-1.88094
1160,12.6550,2.50000,1.04083,-1.85455,0.026389,0.75000,0.00000,2.50000,-1.85455
1161,16.6660,2.50000,1.04083,-1.82566,0.028889,0.75006,0.00000,2.50000,-1.82566
1162,16.8020,2.50000,1.04083,-1.79427,0.031389,0.75000,0.00000,2.50000,-1.79427
1163,16.2960,2.50000,1.04083,-1.76038,0.033889,0.75000,0.00000,2.50000,-1.76038
1164,16.8990,2.50000,1.04083,-1.72399,0.036389,0.75000,0.00000,2.50000,-1.72399
1165,16.8520,2.50000,1.04083,-1.68510,0.038889,0.75000,0.00000,2.50000,-1.68510
1166,16.7200,2.50000,1.04083,-1.64371,0.041389,0.74994,0.00000,2.50000,-1.64371
1167,16.5430,2.50000,1.04083,-1.59983,0.043889,0.75000,0.00000,2.50000,-1.59983
1168,16.6330,2.50000,1.04083,-1.55344,0.046389,0.75000,0.00000,2.50000,-1.55344
1169,16.3440,2.50000,1.04083,-1.50455,0.048889,0.75000,0.00000,2.50000,-1.50455
1170,17.1520,2.50000,1.04083,-1.45316,0.051389,0.75000,0.00000,2.50000,-1.45316
1171,16.6680,2.50000,1.04083,-1.39927,0.053889,0.74994,0.00000,2.50000,-1.39927
1172,18.5710,2.50000,1.04083,-1.34288,0.056389,0.75012,0.00000,2.50000,-1.34288
1173,14.5550,2.50000,1.04083,-1.28399,0.058889,0.75000,0.00000,2.50000,-1.28399
1174,16.8890,2.50000,1.04083,-1.22260,0.061389,0.75000,0.00000,2.50000,-1.22260
1175,16.3080,2.50000,1.04083,-1.15927,0.063333,0.74988,0.00000,2.50000,-1.15927
1176,16.8580,2.50000,1.04083,-1.09594,0.063333,0.75000,0.00000,2.50000,-1.09594
1177,16.7350,2.50000,1.04083,-1.03260,0.063333,0.75000,0.00000,2.50000,-1.03260
1178,16.6850,2.50000,1.04083,-0.96927,0.063333,0.75006,0.00000,2.50000,-0.96927
1179,17.0020,2.50000,1.04083,-0.90594,0.063333,0.75012,0.00000,2.50000,-0.90594
1180,16.4610,2.50000,1.04083,-0.84260,0.063333,0.75000,0.00000,2.50000,-0.84260
1181,16.5210,2.50000,1.04083,-0.77927,0.063333,0.74988,0.00000,2.50000,-0.77927
1182,16.8920,2.50000,1.04083,-0.71594,0.063333,0.75000,0.00000,2.50000,-0.71594
1183,16.5200,2.50000,1.04083,-0.65260,0.063333,0.75000,0.00000,2.50000,-0.65260
1184,16.5920,2.50000,1.04083,-0.58927,0.063333,0.75006,0.00000,2.50000,-0.58927
1185,21.3320,2.50000,1.04083,-0.52594,0.063333,0.75000,0.00000,2.50000,-0.52594
1186,11.9940,2.50000,1.04083,-0.46260,0.063333,0.74988,0.00000,2.50000,-0.46260
1187,16.4210,2.50000,1.04083,-0.39927,0.063333,0.75012,0.00000,2.50000,-0.39927
1188,16.9170,2.50000,1.04083,-0.33594,0.063333,0.74988,0.00000,2.50000,-0.33594
1189,16.6020,2.50000,1.04083,-0.27260,0.063333,0.75006,0.00000,2.50000,-0.27260
1190,16.3700,2.50000,1.04083,-0.20927,0.063333,0.75000,0.00000,2.50000,-0.20927
1191,16.5800,2.50000,1.04083,-0.14594,0.063333,0.75000,0.00000,2.50000,-0.14594
1192,17.1490,2.50000,1.04083,-0.08260,0.063333,0.75000,0.00000,2.50000,-0.08260
1193,16.8320,2.50000,1.04083,-0.01927,0.063333,0.75000,0.00000,2.50000,-0.01927
1194,16.8950,2.50000,1.04083,0.04406,0.063333,0.75000,0.00000,2.50000,0.04406
1195,16.3990,2.50000,1.04083,0.10740,0.063333,0.75000,0.00000,2.50000,0.10740
1196,16.5330,2.50000,1.04083,0.17073,0.063333,0.75006,0.00000,2.50000,0.17073
1197,16.7830,2.50000,1.04083,0.23406,0.063333,0.75000,0.00000,2.50000,0.23406
1198,18.5900,2.50000,1.04083,0.29740,0.063333,0.75000,0.00000,2.50000,0.29740
1199,14.8910,2.50000,1.04083,0.36073,0.063333,0.74988,0.00000,2.50000,0.36073
1200,16.7930,2.50000,1.04083,0.42406,0.063333,0.75000,0.00000,2.50000,0.42406
1201,16.4140,2.50000,1.04083,0.48740,0.063333,0.75006,0.00000,2.50000,0.48740
1202,16.6050,2.50000,1.04083,0.55073,0.063333,0.75012,0.00000,2.50000,0.55073
1203,16.7500,2.50000,1.04083,0.61406,0.063333,0.74988,0.00000,2.50000,0.61406
1204,16.2440,2.50000,1.04083,0.67740,0.063333,0.75000,0.00000,2.50000,0.67740
1205,17.0600,2.50000,1.04083,0.74073,0.063333,0.75000,0.00000,2.50000,0.74073
1206,16.8060,2.50000,1.04083,0.80406,0.063333,0.75000,0.00000,2.50000,0.80406
1207,16.6450,2.50000,1.04083,0.86740,0.063333,0.75006,0.00000,2.50000,0.86740
1208,16.4500,2.50000,1.04083,0.93073,0.063333,0.75000,0.00000,2.50000,0.93073
1209,16.8800,2.50000,1.04083,0.99406,0.063333,0.75000,0.00000,2.50000,0.99406
1210,16.6580,2.50000,1.04083,1.05740,0.063333,0.75000,0.00000,2.50000,1.05740
1211,18.0640,2.50000,1.04083,1.12073,0.063333,0.74988,0.00000,2.50000,1.12073
1212,15.0450,2.50000,1.04083,1.18406,0.063333,0.75006,0.00000,2.50000,1.18406
1213,17.0760,2.50000,1.04083,1.24740,0.063333,0.75000,0.00000,2.50000,1.24740
1214,16.6280,2.50000,1.04083,1.31073,0.063333,0.75000,0.00000,2.50000,1.31073
1215,16.5220,2.50000,1.04083,1.37406,0.063333,0.75000,0.00000,2.50000,1.37406
1216,16.3340,2.50000,1.04083,1.43740,0.063333,0.74988,0.00000,2.50000,1.43740
1217,16.9420,2.50000,1.04083,1.50073,0.063333,0.75012,0.00000,2.50000,1.50073
1218,16.8190,2.50000,1.04083,1.56406,0.063333,0.75000,0.00000,2.50000,1.56406
1219,16.6800,2.50000,1.04083,1.62740,0.063333,0.75006,0.00000,2.50000,1.62740
1220,16.5910,2.50000,1.04083,1.69073,0.063333,0.75000,0.00000,2.50000,1.69073
1221,16.8350,2.50000,1.04083,1.75406,0.063333,0.75000,0.00000,2.50000,1.75406
1222,16.4700,2.50000,1.04083,1.81740,0.063333,0.74988,0.00000,2.50000,1.81740
1223,16.7170,2.50000,1.04083,1.88073,0.063333,0.75000,0.00000,2.50000,1.88073
1224,21.3510,2.50000,1.04083,1.94406,0.063333,0.75012,0.00000,2.50000,1.94406
1225,11.9780,2.50000,1.04083,2.00740,0.063333,0.75006,0.00000,2.50000,2.00740
1226,16.3990,2.50000,1.04083,2.07073,0.063333,0.74988,0.00000,2.50000,2.07073
1227,16.8920,2.50000,1.04083,2.13406,0.063333,0.75000,0.00000,2.50000,2.13406
1228,16.8690,2.50000,1.04083,2.19740,0.063333,0.75000,0.00000,2.50000,2.19740
1229,16.5430,2.50000,1.04083,2.26073,0.063333,0.75000,0.00000,2.50000,2.26073
1230,16.7200,2.50000,1.04083,2.32406,0.063333,0.75006,0.00000,2.50000,2.32406
1231,16.6560,2.50000,1.04083,2.38739,0.063333,0.74988,0.00000,2.50000,2.38739
1232,16.7910,2.50000,1.04083,2.45073,0.063333,0.75012,0.00000,2.50000,2.45073
1233,16.5510,2.50000,1.04083,2.51406,0.063333,0.74988,0.00000,2.50000,2.51406
1234,16.6450,2.50000,1.04083,2.57739,0.063333,0.75000,0.00000,2.50000,2.57739
1235,16.8260,2.50000,1.04083,2.64073,0.063333,0.75000,0.00000,2.50000,2.64073
1236,16.6760,2.50000,1.04083,2.70406,0.063333,0.75006,0.00000,2.50000,2.70406
1237,21.6590,2.50000,1.04083,2.76378,0.059722,0.75000,0.00000,2.50000,2.76378
1238,11.5540,2.50000,1.04083,2.81989,0.056111,0.75000,0.00000,2.50000,2.81989
1239,16.6720,2.50000,1.04083,2.87239,0.052500,0.75012,0.00000,2.50000,2.87239
1240,16.6580,2.50000,1.04083,2.92128,0.048889,0.74988,0.00000,2.50000,2.92128
1241,16.5720,2.50000,1.04083,2.96656,0.045278,0.75000,0.00000,2.50000,2.96656
1242,16.9610,2.50000,1.04083,3.00823,0.041667,0.75006,0.00000,2.50000,3.00823
1243,16.8100,2.50000,1.04083,3.04628,0.038056,0.75000,0.00000,2.50000,3.04628
1244,16.5000,2.50000,1.04083,3.08073,0.034444,0.75000,0.00000,2.50000,3.08073
1245,16.5120,2.50000,1.04083,3.11156,0.030833,0.74988,0.00000,2.50000,3.11156
1246,16.6880,2.50000,1.04083,3.13878,0.027222,0.75000,0.00000,2.50000,3.13878
1247,16.7720,2.50000,1.04083,3.16239,0.023611,0.75012,0.00000,2.50000,3.16239
1248,16.5730,2.50000,1.04083,3.18239,0.020000,0.74994,0.00000,2.50000,3.18239
1249,16.7730,2.50000,1.04083,3.19295,0.010556,0.75000,0.00000,2.50000,3.19295
1250,21.5000,2.50000,1.04083,3.19406,0.001111,0.75000,0.00000,2.50000,3.19406
1251,11.8800,2.50000,1.04083,3.19267,0.001389,0.75000,0.00000,2.50000,3.19267
1252,16.6350,2.50000,1.04083,3.18878,0.003889,0.75000,0.00000,2.50000,3.18878
1253,16.5910,2.50000,1.04083,3.18239,0.006389,0.75000,0.00000,2.50000,3.18239
1254,16.7630,2.50000,1.04083,3.17351,0.008889,0.75000,0.00000,2.50000,3.17351
1255,16.5200,2.50000,1.04083,3.16212,0.011389,0.75000,0.00000,2.50000,3.16212
1256,16.9140,2.50000,1.04083,3.14823,0.013889,0.75000,0.00000,2.50000,3.14823
1257,16.5770,2.50000,1.04083,3.13184,0.016389,0.75000,0.00000,2.50000,3.13184
1258,16.6020,2.50000,1.04083,3.11295,0.018889,0.75000,0.00000,2.50000,3.11295
1259,16.5840,2.50000,1.04083,3.09156,0.021389,0.75000,0.00000,2.50000,3.09156
1260,534.0720,2.50000,1.04083,2.83045,0.261111,0.75000,0.00000,2.50000,2.83045
1261,5.2970,2.50000,1.04083,2.74017,0.090278,6.43286,0.00000,2.50000,2.74017
1262,10.2610,2.50000,1.04083,2.69128,0.048889,0.80371,0.00000,2.50000,2.69128
1263,16.6810,2.50000,1.04083,2.63989,0.051389,0.75000,0.00000,2.50000,2.63989
1264,17.1750,2.50000,1.04083,2.58601,0.053889,0.74988,0.00000,2.50000,2.58601
1265,16.4350,2.50000,1.04083,2.52962,0.056389,0.93762,0.00000,2.50000,2.52962
1266,17.3710,2.50000,1.04083,2.47073,0.058889,0.88367,0.00000,2.50000,2.47073
1267,16.1650,2.50000,1.04083,2.40934,0.061389,0.75000,0.00000,2.50000,2.40934
1268,17.0650,2.50000,1.04083,2.34601,0.063333,0.75000,0.00000,2.50000,2.34601
1269,16.7990,2.50000,1.04083,2.28267,0.063333,0.75000,0.00000,2.50000,2.28267
1270,16.0980,2.50000,1.04083,2.21934,0.063333,0.74988,0.00000,2.50000,2.21934
1271,16.3540,2.50000,1.04083,2.15601,0.063333,0.75000,0.00000,2.50000,2.15601
1272,18.8540,2.50000,1.04083,2.09267,0.063333,0.74792,0.00000,2.50000,2.09267
1273,14.8420,2.50000,1.04083,2.02934,0.063333,0.75037,0.00000,2.50000,2.02934
1274,16.3600,2.50000,1.04083,1.96601,0.063333,0.74878,0.00000,2.50000,1.96601
1275,16.7320,2.50000,1.04083,1.90267,0.063333,0.74658,0.00000,2.50000,1.90267
1276,16.8020,2.50000,1.04083,1.83934,0.063333,0.74951,0.00000,2.50000,1.83934
1277,16.3020,2.50000,1.04083,1.77601,0.063333,0.74915,0.00000,2.50000,1.77601
1278,16.7680,2.50000,1.04083,1.71267,0.063333,0.74878,0.00000,2.50000,1.71267
1279,16.6810,2.50000,1.04083,1.64934,0.063333,0.74976,0.00000,2.50000,1.64934
1280,17.0210,2.50000,1.04083,1.58601,0.063333,0.75000,0.00000,2.50000,1.58601
1281,16.0210,2.50000,1.04083,1.52267,0.063333,0.74854,0.00000,2.50000,1.52267
1282,16.4690,2.50000,1.04083,1.45934,0.063333,0.74377,0.00000,2.50000,1.45934
1283,16.7420,2.50000,1.04083,1.39601,0.063333,0.74756,0.00000,2.50000,1.39601
1284,17.0660,2.50000,1.04083,1.33267,0.063333,0.75000,0.00000,2.50000,1.33267
1285,21.8820,2.50000,1.04083,1.26934,0.063333,0.75000,0.00000,2.50000,1.26934
1286,11.6560,2.50000,1.04083,1.20601,0.063333,0.75000,0.00000,2.50000,1.20601
1287,16.6880,2.50000,1.04083,1.14267,0.063333,0.75000,0.00000,2.50000,1.14267
1288,16.4610,2.50000,1.04083,1.07934,0.063333,0.75000,0.00000,2.50000,1.07934
1289,16.6640,2.50000,1.04083,1.01601,0.063333,0.75000,0.00000,2.50000,1.01601
1290,524.5360,2.50000,1.04083,0.50934,0.506667,0.75000,0.00000,2.50000,0.50934
1291,7.5310,2.50000,1.04083,0.31934,0.190000,6.44824,0.00000,2.50000,0.31934
1292,0.9350,2.50000,1.04083,0.31934,0.000000,1.50000,0.00000,2.50000,0.31934
1293,14.4940,2.50000,1.04083,0.31934,0.000000,0.04248,0.00000,2.50000,0.31934
1294,19.1760,2.50000,1.04083,0.25601,0.063333,0.64722,0.00000,2.50000,0.25601
1295,16.5590,2.50000,1.04083,0.19267,0.063333,0.74731,0.00000,2.50000,0.19267
1296,17.1070,2.50000,1.04083,0.12934,0.063333,0.50000,0.00000,2.50000,0.12934
1297,16.6070,2.50000,1.04083,0.06601,0.063333,0.63062,0.00000,2.50000,0.06601
1298,16.5190,2.50000,1.04083,0.00267,0.063333,0.75000,0.00000,2.50000,0.00267
1299,17.0310,2.50000,1.04083,-0.06066,0.063333,0.73987,0.00000,2.50000,-0.06066
1300,16.5920,2.50000,1.04083,-0.12399,0.063333,0.76160,0.00000,2.50000,-0.12399
1301,16.4020,2.50000,1.04083,-0.18733,0.063333,0.75146,0.00000,2.50000,-0.18733
1302,16.8780,2.50000,1.04083,-0.25066,0.063333,0.74768,0.00000,2.50000,-0.25066
1303,18.1430,2.50000,1.04083,-0.31399,0.063333,0.75171,0.00000,2.50000,-0.31399
1304,14.9030,2.50000,1.04083,-0.37733,0.063333,0.75049,0.00000,2.50000,-0.37733
1305,16.6780,2.50000,1.04083,-0.44066,0.063333,0.73840,0.00000,2.50000,-0.44066
1306,16.6540,2.50000,1.04083,-0.50399,0.063333,0.76196,0.00000,2.50000,-0.50399
1307,17.0940,2.50000,1.04083,-0.56733,0.063333,0.75000,0.00000,2.50000,-0.56733
1308,16.7690,2.50000,1.04083,-0.63066,0.063333,0.75256,0.00000,2.50000,-0.63066
1309,16.4660,2.50000,1.04083,-0.69399,0.063333,0.75037,0.00000,2.50000,-0.69399
1310,16.3260,2.50000,1.04083,-0.75733,0.063333,0.75000,0.00000,2.50000,-0.75733
1311,16.8120,2.50000,1.04083,-0.82066,0.063333,0.75012,0.00000,2.50000,-0.82066
1312,16.6400,2.50000,1.04083,-0.88399,0.063333,0.75000,0.00000,2.50000,-0.88399
1313,16.4740,2.50000,1.04083,-0.94733,0.063333,0.75000,0.00000,2.50000,-0.94733
1314,16.6620,2.50000,1.04083,-1.01066,0.063333,0.75000,0.00000,2.50000,-1.01066
1315,18.5050,2.50000,1.04083,-1.07399,0.063333,0.75000,0.00000,2.50000,-1.07399
1316,15.5290,2.50000,1.04083,-1.13733,0.063333,0.74988,0.00000,2.50000,-1.13733
1317,16.4720,2.50000,1.04083,-1.20066,0.063333,0.75012,0.00000,2.50000,-1.20066
1318,16.3600,2.50000,1.04083,-1.26399,0.063333,0.75293,0.00000,2.50000,-1.26399
1319,16.7970,2.50000,1.04083,-1.32733,0.063333,0.75000,0.00000,2.50000,-1.32733
1320,16.5480,2.50000,1.04083,-1.39066,0.063333,0.75000,0.00000,2.50000,-1.39066
1321,16.9030,2.50000,1.04083,-1.45399,0.063333,0.75000,0.00000,2.50000,-1.45399
1322,16.5420,2.50000,1.04083,-1.51733,0.063333,0.75012,0.00000,2.50000,-1.51733
1323,17.1470,2.50000,1.04083,-1.57705,0.059722,0.75000,0.00000,2.50000,-1.57705
1324,16.2970,2.50000,1.04083,-1.63316,0.056111,0.75000,0.00000,2.50000,-1.63316
1325,16.3260,2.50000,1.04083,-1.68566,0.052500,0.75000,0.00000,2.50000,-1.68566
1326,16.6880,2.50000,1.04083,-1.73455,0.048889,0.75000,0.00000,2.50000,-1.73455
1327,18.4070,2.50000,1.04083,-1.77983,0.045278,0.75000,0.00000,2.50000,-1.77983
1328,15.1850,2.50000,1.04083,-1.82149,0.041667,0.75012,0.00000,2.50000,-1.82149
1329,16.5870,2.50000,1.04083,-1.85955,0.038056,0.75000,0.00000,2.50000,-1.85955
1330,17.0620,2.50000,1.04083,-1.89399,0.034444,0.75000,0.00000,2.50000,-1.89399
1331,16.3000,2.50000,1.04083,-1.92483,0.030833,0.75256,0.00000,2.50000,-1.92483
1332,16.7400,2.50000,1.04083,-1.95205,0.027222,0.75000,0.00000,2.50000,-1.95205
1333,16.4660,2.50000,1.04083,-1.97566,0.023611,0.75073,0.00000,2.50000,-1.97566
1334,17.3030,2.50000,1.04083,-1.99566,0.020000,0.75000,0.00000,2.50000,-1.99566
1335,16.7360,2.50000,1.04083,-2.00622,0.010556,0.75000,0.00000,2.50000,-2.00622
1336,16.4890,2.50000,1.04083,-2.00733,0.001111,0.75635,0.00000,2.50000,-2.00733
1337,16.6730,2.50000,1.04083,-2.00594,0.001389,0.75000,0.00000,2.50000,-2.00594
1338,16.6870,2.50000,1.04083,-2.00205,0.003889,0.75012,0.00000,2.50000,-2.00205
1339,18.2900,2.50000,1.04083,-1.99566,0.006389,0.75000,0.00000,2.50000,-1.99566
1340,15.3720,2.50000,1.04083,-1.98677,0.008889,0.75000,0.00000,2.50000,-1.98677
1341,16.5650,2.50000,1.04083,-1.97538,0.011389,0.74988,0.00000,2.50000,-1.97538
1342,16.3730,2.50000,1.04083,-1.96149,0.013889,0.75208,0.00000,2.50000,-1.96149
1343,16.4910,2.50000,1.04083,-1.94510,0.016389,0.75000,0.00000,2.50000,-1.94510
1344,16.4030,2.50000,1.04083,-1.92622,0.018889,0.75012,0.00000,2.50000,-1.92622
1345,16.7500,2.50000,1.04083,-1.90483,0.021389,0.75000,0.00000,2.50000,-1.90483
1346,16.7920,2.50000,1.04083,-1.88094,0.023889,0.75000,0.00000,2.50000,-1.88094
1347,16.6850,2.50000,1.04083,-1.85455,0.026389,0.74988,0.00000,2.50000,-1.85455
1348,16.4190,2.50000,1.04083,-1.82566,0.028889,0.75000,0.00000,2.50000,-1.82566
1349,16.9120,2.50000,1.04083,-1.79427,0.031389,0.75000,0.00000,2.50000,-1.79427
1350,16.6650,2.50000,1.04083,-1.76038,0.033889,0.75000,0.00000,2.50000,-1.76038
1351,18.4080,2.50000,1.04083,-1.72399,0.036389,0.75000,0.00000,2.50000,-1.72399
1352,14.9140,2.50000,1.04083,-1.68510,0.038889,0.75012,0.00000,2.50000,-1.68510
1353,16.7540,2.50000,1.04083,-1.64372,0.041389,0.75000,0.00000,2.50000,-1.64372
1354,16.4720,2.50000,1.04083,-1.59983,0.043889,0.74988,0.00000,2.50000,-1.59983
1355,16.7320,2.50000,1.04083,-1.55344,0.046389,0.75000,0.00000,2.50000,-1.55344
1356,16.6410,2.50000,1.04083,-1.50455,0.048889,0.75000,0.00000,2.50000,-1.50455
1357,16.6540,2.50000,1.04083,-1.45316,0.051389,0.75000,0.00000,2.50000,-1.45316
1358,16.8020,2.50000,1.04083,-1.39927,0.053889,0.75000,0.00000,2.50000,-1.39927
1359,16.6970,2.50000,1.04083,-1.34288,0.056389,0.75012,0.00000,2.50000,-1.34288
1360,16.8460,2.50000,1.04083,-1.28399,0.058889,0.75000,0.00000,2.50000,-1.28399
1361,16.6170,2.50000,1.04083,-1.22260,0.061389,0.75000,0.00000,2.50000,-1.22260
1362,16.6720,2.50000,1.04083,-1.15927,0.063333,0.75024,0.00000,2.50000,-1.15927
1363,18.1750,2.50000,1.04083,-1.09594,0.063333,0.75110,0.00000,2.50000,-1.09594
1364,14.6500,2.50000,1.04083,-1.03260,0.063333,0.74988,0.00000,2.50000,-1.03260
1365,17.1380,2.50000,1.04083,-0.96927,0.063333,0.75012,0.00000,2.50000,-0.96927
1366,16.6730,2.50000,1.04083,-0.90594,0.063333,0.75000,0.00000,2.50000,-0.90594
1367,16.5200,2.50000,1.04083,-0.84260,0.063333,0.75098,0.00000,2.50000,-0.84260
1368,16.7720,2.50000,1.04083,-0.77927,0.063333,0.75000,0.00000,2.50000,-0.77927
1369,16.5470,2.50000,1.04083,-0.71594,0.063333,0.75134,0.00000,2.50000,-0.71594
1370,16.5360,2.50000,1.04083,-0.65260,0.063333,0.75000,0.00000,2.50000,-0.65260
1371,17.1850,2.50000,1.04083,-0.58927,0.063333,0.75000,0.00000,2.50000,-0.58927
1372,16.6990,2.50000,1.04083,-0.52594,0.063333,0.75195,0.00000,2.50000,-0.52594
1373,16.2830,2.50000,1.04083,-0.46260,0.063333,0.74988,0.00000,2.50000,-0.46260
1374,16.7080,2.50000,1.04083,-0.39927,0.063333,0.75000,0.00000,2.50000,-0.39927
1375,18.4410,2.50000,1.04083,-0.33594,0.063333,0.75000,0.00000,2.50000,-0.33594
1376,14.9130,2.50000,1.04083,-0.27260,0.063333,0.75000,0.00000,2.50000,-0.27260
1377,16.8530,2.50000,1.04083,-0.20927,0.063333,0.75000,0.00000,2.50000,-0.20927
1378,16.4860,2.50000,1.04083,-0.14594,0.063333,0.75024,0.00000,2.50000,-0.14594
1379,16.8120,2.50000,1.04083,-0.08260,0.063333,0.75000,0.00000,2.50000,-0.08260
1380,16.6150,2.50000,1.04083,-0.01927,0.063333,0.75232,0.00000,2.50000,-0.01927
1381,17.0020,2.50000,1.04083,0.04406,0.063333,0.75000,0.00000,2.50000,0.04406
1382,16.3720,2.50000,1.04083,0.10740,0.063333,0.75183,0.00000,2.50000,0.10740
1383,16.6720,2.50000,1.04083,0.17073,0.063333,0.75000,0.00000,2.50000,0.17073
1384,16.6220,2.50000,1.04083,0.23406,0.063333,0.75000,0.00000,2.50000,0.23406
1385,16.7130,2.50000,1.04083,0.29740,0.063333,0.75000,0.00000,2.50000,0.29740
1386,16.5250,2.50000,1.04083,0.36073,0.063333,0.75000,0.00000,2.50000,0.36073
1387,18.3910,2.50000,1.04083,0.42406,0.063333,0.75000,0.00000,2.50000,0.42406
1388,14.8940,2.50000,1.04083,0.48740,0.063333,0.75000,0.00000,2.50000,0.48740
1389,532.8950,2.50000,1.04083,0.99406,0.506667,0.75000,0.00000,2.50000,0.99406
1390,5.1700,2.50000,1.04083,1.12073,0.126667,6.39185,0.00000,2.50000,1.12073
1391,12.0570,2.50000,1.04083,1.18406,0.063333,0.85767,0.00000,2.50000,1.18406
1392,21.6730,2.50000,1.04083,1.24740,0.063333,0.65161,0.00000,2.50000,1.24740
1393,11.7980,2.50000,1.04083,1.31073,0.063333,0.75000,0.00000,2.50000,1.31073
1394,17.0000,2.50000,1.04083,1.37406,0.063333,0.93762,0.00000,2.50000,1.37406
1395,16.9790,2.50000,1.04083,1.43740,0.063333,0.89990,0.00000,2.50000,1.43740
1396,16.1620,2.50000,1.04083,1.50073,0.063333,0.77576,0.00000,2.50000,1.50073
1397,16.8800,2.50000,1.04083,1.56406,0.063333,0.74634,0.00000,2.50000,1.56406
1398,16.7240,2.50000,1.04083,1.62740,0.063333,0.75159,0.00000,2.50000,1.62740
1399,16.4640,2.50000,1.04083,1.69073,0.063333,0.75146,0.00000,2.50000,1.69073
1400,16.5580,2.50000,1.04083,1.75406,0.063333,0.74878,0.00000,2.50000,1.75406
1401,16.7410,2.50000,1.04083,1.81740,0.063333,0.74915,0.00000,2.50000,1.81740
1402,17.2120,2.50000,1.04083,1.88073,0.063333,0.75134,0.00000,2.50000,1.88073
1403,16.2740,2.50000,1.04083,1.94406,0.063333,0.74988,0.00000,2.50000,1.94406
1404,18.4590,2.50000,1.04083,2.00740,0.063333,0.75012,0.00000,2.50000,2.00740
1405,14.8750,2.50000,1.04083,2.07073,0.063333,0.75000,0.00000,2.50000,2.07073
1406,16.3250,2.50000,1.04083,2.13406,0.063333,0.75000,0.00000,2.50000,2.13406
1407,16.7490,2.50000,1.04083,2.19739,0.063333,0.74573,0.00000,2.50000,2.19739
1408,16.9550,2.50000,1.04083,2.26073,0.063333,0.74976,0.00000,2.50000,2.26073
1409,16.9640,2.50000,1.04083,2.32406,0.063333,0.75000,0.00000,2.50000,2.32406
1410,16.3160,2.50000,1.04083,2.38739,0.063333,0.75000,0.00000,2.50000,2.38739
1411,16.7350,2.50000,1.04083,2.45073,0.063333,0.75012,0.00000,2.50000,2.45073
1412,16.9090,2.50000,1.04083,2.51406,0.063333,0.74988,0.00000,2.50000,2.51406
1413,16.3400,2.50000,1.04083,2.57739,0.063333,0.75000,0.00000,2.50000,2.57739
1414,16.7540,2.50000,1.04083,2.64073,0.063333,0.75000,0.00000,2.50000,2.64073
1415,16.3750,2.50000,1.04083,2.70406,0.063333,0.75000,0.00000,2.50000,2.70406
1416,17.3010,2.50000,1.04083,2.76378,0.059722,0.75000,0.00000,2.50000,2.76378
1417,21.5020,2.50000,1.04083,2.81989,0.056111,0.75000,0.00000,2.50000,2.81989
1418,11.4120,2.50000,1.04083,2.87239,0.052500,0.75000,0.00000,2.50000,2.87239
1419,16.6360,2.50000,1.04083,2.92128,0.048889,0.75012,0.00000,2.50000,2.92128
1420,16.5230,2.50000,1.04083,2.96656,0.045278,0.74988,0.00000,2.50000,2.96656
1421,16.7800,2.50000,1.04083,3.00823,0.041667,0.74829,0.00000,2.50000,3.00823
1422,16.9320,2.50000,1.04083,3.04628,0.038056,0.74988,0.00000,2.50000,3.04628
1423,16.5810,2.50000,1.04083,3.08073,0.034444,0.75000,0.00000,2.50000,3.08073
1424,16.9420,2.50000,1.04083,3.11156,0.030833,0.75000,0.00000,2.50000,3.11156
1425,16.4270,2.50000,1.04083,3.13878,0.027222,0.75000,0.00000,2.50000,3.13878
1426,16.6540,2.50000,1.04083,3.16239,0.023611,0.75000,0.00000,2.50000,3.16239
1427,16.6960,2.50000,1.04083,3.18239,0.020000,0.75000,0.00000,2.50000,3.18239
1428,16.7080,2.50000,1.04083,3.19295,0.010556,0.75000,0.00000,2.50000,3.19295
1429,16.5480,2.50000,1.04083,3.19406,0.001111,0.75012,0.00000,2.50000,3.19406
1430,21.7020,2.50000,1.04083,3.19267,0.001389,0.74988,0.00000,2.50000,3.19267
1431,11.4960,2.50000,1.04083,3.18878,0.003889,0.75000,0.00000,2.50000,3.18878
1432,16.7860,2.50000,1.04083,3.18239,0.006389,0.75000,0.00000,2.50000,3.18239
1433,16.4080,2.50000,1.04083,3.17351,0.008889,0.75000,0.00000,2.50000,3.17351
1434,17.0370,2.50000,1.04083,3.16212,0.011389,0.75000,0.00000,2.50000,3.16212
1435,16.6860,2.50000,1.04083,3.14823,0.013889,0.75000,0.00000,2.50000,3.14823
1436,16.6530,2.50000,1.04083,3.13184,0.016389,0.75012,0.00000,2.50000,3.13184
1437,16.5470,2.50000,1.04083,3.11295,0.018889,0.74988,0.00000,2.50000,3.11295
1438,16.7370,2.50000,1.04083,3.09156,0.021389,0.75000,0.00000,2.50000,3.09156
1439,16.7460,2.50000,1.04083,3.06767,0.023889,0.75000,0.00000,2.50000,3.06767
1440,16.5700,2.50000,1.04083,3.04128,0.026389,0.75000,0.00000,2.50000,3.04128
1441,16.7590,2.50000,1.04083,3.01239,0.028889,0.75000,0.00000,2.50000,3.01239
1442,16.7310,2.50000,1.04083,2.98100,0.031389,0.75000,0.00000,2.50000,2.98100
1443,18.2750,2.50000,1.04083,2.94712,0.033889,0.75000,0.00000,2.50000,2.94712
1444,15.2040,2.50000,1.04083,2.91073,0.036389,0.75012,0.00000,2.50000,2.91073
1445,16.5740,2.50000,1.04083,2.87184,0.038889,0.74988,0.00000,2.50000,2.87184
1446,16.4980,2.50000,1.04083,2.83045,0.041389,0.75000,0.00000,2.50000,2.83045
1447,16.7240,2.50000,1.04083,2.78656,0.043889,0.75000,0.00000,2.50000,2.78656
1448,16.6250,2.50000,1.04083,2.74017,0.046389,0.75000,0.00000,2.50000,2.74017
1449,17.1130,2.50000,1.04083,2.69128,0.048889,0.75000,0.00000,2.50000,2.69128
1450,16.4540,2.50000,1.04083,2.63989,0.051389,0.75000,0.00000,2.50000,2.63989
1451,16.4470,2.50000,1.04083,2.58600,0.053889,0.75012,0.00000,2.50000,2.58600
1452,16.6200,2.50000,1.04083,2.52962,0.056389,0.74988,0.00000,2.50000,2.52962
1453,528.9020,2.50000,1.04083,2.02934,0.500278,0.75000,0.00000,2.50000,2.02934
1454,7.7510,2.50000,1.04083,1.90267,0.126667,6.15002,0.00000,2.50000,1.90267
1455,1.3830,2.50000,1.04083,1.90267,0.000000,0.99438,0.00000,2.50000,1.90267
1456,12.9980,2.50000,1.04083,1.83934,0.063333,0.31738,0.00000,2.50000,1.83934
1457,16.6460,2.50000,1.04083,1.77601,0.063333,0.45923,0.00000,2.50000,1.77601
1458,16.7030,2.50000,1.04083,1.71267,0.063333,0.75000,0.00000,2.50000,1.71267
1459,16.5860,2.50000,1.04083,1.64934,0.063333,0.75000,0.00000,2.50000,1.64934
1460,16.6830,2.50000,1.04083,1.58601,0.063333,0.75000,0.00000,2.50000,1.58601
1461,16.6540,2.50000,1.04083,1.52267,0.063333,0.75000,0.00000,2.50000,1.52267
1462,16.5060,2.50000,1.04083,1.45934,0.063333,0.75000,0.00000,2.50000,1.45934
1463,16.6560,2.50000,1.04083,1.39601,0.063333,0.75000,0.00000,2.50000,1.39601
1464,16.7100,2.50000,1.04083,1.33267,0.063333,0.75000,0.00000,2.50000,1.33267
1465,16.6130,2.50000,1.04083,1.26934,0.063333,0.75000,0.00000,2.50000,1.26934
1466,18.4530,2.50000,1.04083,1.20601,0.063333,0.75000,0.00000,2.50000,1.20601
1467,15.2240,2.50000,1.04083,1.14267,0.063333,0.74438,0.00000,2.50000,1.14267
1468,16.5300,2.50000,1.04083,1.07934,0.063333,0.75000,0.00000,2.50000,1.07934
1469,16.7660,2.50000,1.04083,1.01601,0.063333,0.74536,0.00000,2.50000,1.01601
1470,16.4770,2.50000,1.04083,0.95267,0.063333,0.75000,0.00000,2.50000,0.95267
1471,16.6980,2.50000,1.04083,0.88934,0.063333,0.75000,0.00000,2.50000,0.88934
1472,16.6870,2.50000,1.04083,0.82601,0.063333,0.75000,0.00000,2.50000,0.82601
1473,16.4310,2.50000,1.04083,0.76267,0.063333,0.75000,0.00000,2.50000,0.76267
1474,16.6320,2.50000,1.04083,0.69934,0.063333,0.75000,0.00000,2.50000,0.69934
1475,16.9090,2.50000,1.04083,0.63601,0.063333,0.74634,0.00000,2.50000,0.63601
1476,16.1890,2.50000,1.04083,0.57267,0.063333,0.75000,0.00000,2.50000,0.57267
1477,16.6200,2.50000,1.04083,0.50934,0.063333,0.75000,0.00000,2.50000,0.50934
1478,16.6770,2.50000,1.04083,0.44601,0.063333,0.75000,0.00000,2.50000,0.44601
1479,18.5780,2.50000,1.04083,0.38267,0.063333,0.75000,0.00000,2.50000,0.38267
1480,14.8440,2.50000,1.04083,0.31934,0.063333,0.75000,0.00000,2.50000,0.31934
1481,16.9530,2.50000,1.04083,0.25601,0.063333,0.75012,0.00000,2.50000,0.25601
1482,16.2920,2.50000,1.04083,0.19267,0.063333,0.75000,0.00000,2.50000,0.19267
1483,16.9910,2.50000,1.04083,0.12934,0.063333,0.74988,0.00000,2.50000,0.12934
1484,16.4260,2.50000,1.04083,0.06601,0.063333,0.75000,0.00000,2.50000,0.06601
1485,16.6890,2.50000,1.04083,0.00267,0.063333,0.75000,0.00000,2.50000,0.00267
1486,16.3890,2.50000,1.04083,-0.06066,0.063333,0.75000,0.00000,2.50000,-0.06066
1487,17.1950,2.50000,1.04083,-0.12399,0.063333,0.74902,0.00000,2.50000,-0.12399
1488,16.5850,2.50000,1.04083,-0.18733,0.063333,0.75012,0.00000,2.50000,-0.18733
1489,16.7500,2.50000,1.04083,-0.25066,0.063333,0.75000,0.00000,2.50000,-0.25066
1490,16.5480,2.50000,1.04083,-0.31399,0.063333,0.75000,0.00000,2.50000,-0.31399
1491,16.4980,2.50000,1.04083,-0.37733,0.063333,0.75000,0.00000,2.50000,-0.37733
1492,21.1770,2.50000,1.04083,-0.44066,0.063333,0.75000,0.00000,2.50000,-0.44066
1493,12.7060,2.50000,1.04083,-0.50399,0.063333,0.74988,0.00000,2.50000,-0.50399
1494,16.2630,2.50000,1.04083,-0.56733,0.063333,0.75000,0.00000,2.50000,-0.56733
1495,16.9010,2.50000,1.04083,-0.63066,0.063333,0.75000,0.00000,2.50000,-0.63066
1496,16.5900,2.50000,1.04083,-0.69399,0.063333,0.75012,0.00000,2.50000,-0.69399
1497,16.9180,2.50000,1.04083,-0.75733,0.063333,0.75000,0.00000,2.50000,-0.75733
1498,16.0310,2.50000,1.04083,-0.82066,0.063333,0.75000,0.00000,2.50000,-0.82066
1499,17.0660,2.50000,1.04083,-0.88399,0.063333,0.75000,0.00000,2.50000,-0.88399
1500,16.5180,2.50000,1.04083,-0.94733,0.063333,0.75000,0.00000,2.50000,-0.94733
1501,16.9610,2.50000,1.04083,-1.01066,0.063333,0.74988,0.00000,2.50000,-1.01066
1502,16.7280,2.50000,1.04083,-1.07399,0.063333,0.75000,0.00000,2.50000,-1.07399
1503,16.5000,2.50000,1.04083,-1.13733,0.063333,0.75012,0.00000,2.50000,-1.13733
1504,16.9020,2.50000,1.04083,-1.20066,0.063333,0.75000,0.00000,2.50000,-1.20066
1505,18.3320,2.50000,1.04083,-1.26399,0.063333,0.75000,0.00000,2.50000,-1.26399
1506,14.6460,2.50000,1.04083,-1.32733,0.063333,0.75000,0.00000,2.50000,-1.32733
1507,16.9150,2.50000,1.04083,-1.39066,0.063333,0.75000,0.00000,2.50000,-1.39066
1508,16.4740,2.50000,1.04083,-1.45399,0.063333,0.74988,0.00000,2.50000,-1.45399
1509,16.8770,2.50000,1.04083,-1.51733,0.063333,0.75000,0.00000,2.50000,-1.51733
1510,16.4040,2.50000,1.04083,-1.57705,0.059722,0.75000,0.00000,2.50000,-1.57705
1511,16.9020,2.50000,1.04083,-1.63316,0.056111,0.75012,0.00000,2.50000,-1.63316
1512,16.3730,2.50000,1.04083,-1.68566,0.052500,0.75000,0.00000,2.50000,-1.68566
1513,17.1140,2.50000,1.04083,-1.73455,0.048889,0.75000,0.00000,2.50000,-1.73455
1514,16.2780,2.50000,1.04083,-1.77983,0.045278,0.75000,0.00000,2.50000,-1.77983
1515,16.9230,2.50000,1.04083,-1.82149,0.041667,0.75000,0.00000,2.50000,-1.82149
1516,17.1430,2.50000,1.04083,-1.85955,0.038056,0.74988,0.00000,2.50000,-1.85955
1517,16.1300,2.50000,1.04083,-1.89399,0.034444,0.75000,0.00000,2.50000,-1.89399
1518,21.3800,2.50000,1.04083,-1.92483,0.030833,0.75012,0.00000,2.50000,-1.92483
1519,11.9910,2.50000,1.04083,-1.95205,0.027222,0.75000,0.00000,2.50000,-1.95205
1520,16.4390,2.50000,1.04083,-1.97566,0.023611,0.75000,0.00000,2.50000,-1.97566
1521,16.9180,2.50000,1.04083,-1.99566,0.020000,0.75000,0.00000,2.50000,-1.99566
1522,16.5250,2.50000,1.04083,-2.00622,0.010556,0.75000,0.00000,2.50000,-2.00622
1523,16.7350,2.50000,1.04083,-2.00733,0.001111,0.74988,0.00000,2.50000,-2.00733
1524,16.5930,2.50000,1.04083,-2.00594,0.001389,0.75000,0.00000,2.50000,-2.00594
1525,16.8390,2.50000,1.04083,-2.00205,0.003889,0.75000,0.00000,2.50000,-2.00205
1526,16.4940,2.50000,1.04083,-1.99566,0.006389,0.75012,0.00000,2.50000,-1.99566
1527,16.8110,2.50000,1.04083,-1.98677,0.008889,0.75000,0.00000,2.50000,-1.98677
1528,17.1020,2.50000,1.04083,-1.97538,0.011389,0.75000,0.00000,2.50000,-1.97538
1529,16.1040,2.50000,1.04083,-1.96149,0.013889,0.75000,0.00000,2.50000,-1.96149
1530,16.7320,2.50000,1.04083,-1.94510,0.016389,0.75000,0.00000,2.50000,-1.94510
1531,22.0600,2.50000,1.04083,-1.92622,0.018889,0.74988,0.00000,2.50000,-1.92622
1532,11.1560,2.50000,1.04083,-1.90483,0.021389,0.75000,0.00000,2.50000,-1.90483
1533,16.6620,2.50000,1.04083,-1.88094,0.023889,0.75012,0.00000,2.50000,-1.88094
1534,16.8740,2.50000,1.04083,-1.85455,0.026389,0.75000,0.00000,2.50000,-1.85455
1535,16.6660,2.50000,1.04083,-1.82566,0.028889,0.75000,0.00000,2.50000,-1.82566
1536,16.5900,2.50000,1.04083,-1.79427,0.031389,0.75000,0.00000,2.50000,-1.79427
1537,16.7370,2.50000,1.04083,-1.76038,0.033889,0.75000,0.00000,2.50000,-1.76038
1538,16.5760,2.50000,1.04083,-1.72399,0.036389,0.74988,0.00000,2.50000,-1.72399
1539,16.6260,2.50000,1.04083,-1.68510,0.038889,0.75000,0.00000,2.50000,-1.68510
1540,16.8970,2.50000,1.04083,-1.64372,0.041389,0.75000,0.00000,2.50000,-1.64372
1541,16.2450,2.50000,1.04083,-1.59983,0.043889,0.75012,0.00000,2.50000,-1.59983
1542,16.9230,2.50000,1.04083,-1.55344,0.046389,0.75000,0.00000,2.50000,-1.55344
1543,16.6960,2.50000,1.04083,-1.50455,0.048889,0.75000,0.00000,2.50000,-1.50455
1544,21.6440,2.50000,1.04083,-1.45316,0.051389,0.75000,0.00000,2.50000,-1.45316
1545,11.6130,2.50000,1.04083,-1.39927,0.053889,0.75000,0.00000,2.50000,-1.39927
1546,16.8610,2.50000,1.04083,-1.34288,0.056389,0.74988,0.00000,2.50000,-1.34288
1547,16.6400,2.50000,1.04083,-1.28399,0.058889,0.75000,0.00000,2.50000,-1.28399
1548,16.5110,2.50000,1.04083,-1.22260,0.061389,0.75012,0.00000,2.50000,-1.22260
1549,16.8910,2.50000,1.04083,-1.15927,0.063333,0.75000,0.00000,2.50000,-1.15927
1550,16.4490,2.50000,1.04083,-1.09594,0.063333,0.75000,0.00000,2.50000,-1.09594
1551,16.7860,2.50000,1.04083,-1.03260,0.063333,0.75000,0.00000,2.50000,-1.03260
1552,517.0500,2.50000,1.04083,-0.52594,0.506667,0.75000,0.00000,2.50000,-0.52594
1553,5.8420,2.50000,1.04083,-0.39927,0.126667,6.73816,0.00000,2.50000,-0.39927
1554,11.2640,2.50000,1.04083,-0.33594,0.063333,0.78540,0.00000,2.50000,-0.33594
1555,16.4880,2.50000,1.04083,-0.27260,0.063333,0.75000,0.00000,2.50000,-0.27260
1556,16.6070,2.50000,1.04083,-0.20927,0.063333,0.75000,0.00000,2.50000,-0.20927
1557,16.8510,2.50000,1.04083,-0.14594,0.063333,0.93750,0.00000,2.50000,-0.14594
1558,16.8180,2.50000,1.04083,-0.08260,0.063333,0.90002,0.00000,2.50000,-0.08260
1559,16.7250,2.50000,1.04083,-0.01927,0.063333,0.78735,0.00000,2.50000,-0.01927
1560,16.9220,2.50000,1.04083,0.04406,0.063333,0.74988,0.00000,2.50000,0.04406
1561,16.1460,2.50000,1.04083,0.10740,0.063333,0.75000,0.00000,2.50000,0.10740
1562,17.0650,2.50000,1.04083,0.17073,0.063333,0.75000,0.00000,2.50000,0.17073
1563,16.3890,2.50000,1.04083,0.23406,0.063333,0.75000,0.00000,2.50000,0.23406
1564,18.5060,2.50000,1.04083,0.29740,0.063333,0.75000,0.00000,2.50000,0.29740
1565,15.5970,2.50000,1.04083,0.36073,0.063333,0.74988,0.00000,2.50000,0.36073
1566,16.0570,2.50000,1.04083,0.42406,0.063333,0.75000,0.00000,2.50000,0.42406
1567,16.7770,2.50000,1.04083,0.48740,0.063333,0.75000,0.00000,2.50000,0.48740
1568,16.4950,2.50000,1.04083,0.55073,0.063333,0.75000,0.00000,2.50000,0.55073
1569,16.7770,2.50000,1.04083,0.61406,0.063333,0.74988,0.00000,2.50000,0.61406
1570,16.7340,2.50000,1.04083,0.67740,0.063333,0.75000,0.00000,2.50000,0.67740
1571,16.7340,2.50000,1.04083,0.74073,0.063333,0.75000,0.00000,2.50000,0.74073
1572,16.8480,2.50000,1.04083,0.80406,0.063333,0.75000,0.00000,2.50000,0.80406
1573,16.9120,2.50000,1.04083,0.86740,0.063333,0.75000,0.00000,2.50000,0.86740
1574,16.1970,2.50000,1.04083,0.93073,0.063333,0.74988,0.00000,2.50000,0.93073
1575,16.9220,2.50000,1.04083,0.99406,0.063333,0.75000,0.00000,2.50000,0.99406
1576,16.6680,2.50000,1.04083,1.05740,0.063333,0.75000,0.00000,2.50000,1.05740
1577,22.9240,2.50000,1.04083,1.12073,0.063333,0.75000,0.00000,2.50000,1.12073
1578,10.6110,2.50000,1.04083,1.18406,0.063333,0.75000,0.00000,2.50000,1.18406
1579,16.7180,2.50000,1.04083,1.24740,0.063333,0.74988,0.00000,2.50000,1.24740
1580,16.3790,2.50000,1.04083,1.31073,0.063333,0.75000,0.00000,2.50000,1.31073
1581,16.3520,2.50000,1.04083,1.37406,0.063333,0.75000,0.00000,2.50000,1.37406
1582,16.7570,2.50000,1.04083,1.43740,0.063333,0.75000,0.00000,2.50000,1.43740
1583,16.6530,2.50000,1.04083,1.50073,0.063333,0.74988,0.00000,2.50000,1.50073
1584,520.6930,2.50000,1.04083,2.00739,0.506666,0.75000,0.00000,2.50000,2.00739
1585,7.5990,2.50000,1.04083,2.19739,0.190000,6.34058,0.00000,2.50000,2.19739
1586,4.8920,2.50000,1.04083,2.26073,0.063333,1.53345,0.00000,2.50000,2.26073
1587,16.8980,2.50000,1.04083,2.32406,0.063333,0.75000,0.00000,2.50000,2.32406
1588,16.7010,2.50000,1.04083,2.38739,0.063333,0.74988,0.00000,2.50000,2.38739
1589,16.9050,2.50000,1.04083,2.45073,0.063333,0.75000,0.00000,2.50000,2.45073
1590,16.6050,2.50000,1.04083,2.51406,0.063333,0.75000,0.00000,2.50000,2.51406
1591,16.8920,2.50000,1.04083,2.57739,0.063333,0.75000,0.00000,2.50000,2.57739
1592,16.7080,2.50000,1.04083,2.64073,0.063333,0.75281,0.00000,2.50000,2.64073
1593,16.3490,2.50000,1.04083,2.70406,0.063333,0.74988,0.00000,2.50000,2.70406
1594,17.0290,2.50000,1.04083,2.76378,0.059722,0.75000,0.00000,2.50000,2.76378
1595,18.2800,2.50000,1.04083,2.81989,0.056111,0.75098,0.00000,2.50000,2.81989
1596,14.8850,2.50000,1.04083,2.87239,0.052500,0.75000,0.00000,2.50000,2.87239
1597,16.9280,2.50000,1.04083,2.92128,0.048889,0.75000,0.00000,2.50000,2.92128
1598,16.4780,2.50000,1.04083,2.96656,0.045278,0.75183,0.00000,2.50000,2.96656
1599,16.4740,2.50000,1.04083,3.00823,0.041667,0.75000,0.00000,2.50000,3.00823
1600,16.7240,2.50000,1.04083,3.04628,0.038056,0.75000,0.00000,2.50000,3.04628
1601,16.8040,2.50000,1.04083,3.08073,0.034444,0.75000,0.00000,2.50000,3.08073
1602,16.5450,2.50000,1.04083,3.11156,0.030833,0.75000,0.00000,2.50000,3.11156
1603,16.8830,2.50000,1.04083,3.13878,0.027222,0.75000,0.00000,2.50000,3.13878
1604,16.5500,2.50000,1.04083,3.16239,0.023611,0.75110,0.00000,2.50000,3.16239
1605,16.5050,2.50000,1.04083,3.18239,0.020000,0.75000,0.00000,2.50000,3.18239
1606,16.7570,2.50000,1.04083,3.19295,0.010556,0.75000,0.00000,2.50000,3.19295
1607,18.4940,2.50000,1.04083,3.19406,0.001111,0.74988,0.00000,2.50000,3.19406
1608,15.0080,2.50000,1.04083,3.19267,0.001389,0.75000,0.00000,2.50000,3.19267
1609,16.5710,2.50000,1.04083,3.18878,0.003889,0.75110,0.00000,2.50000,3.18878
1610,16.6770,2.50000,1.04083,3.18239,0.006389,0.75012,0.00000,2.50000,3.18239
1611,16.7110,2.50000,1.04083,3.17351,0.008889,0.75000,0.00000,2.50000,3.17351
1612,16.5410,2.50000,1.04083,3.16212,0.011389,0.75061,0.00000,2.50000,3.16212
1613,17.2850,2.50000,1.04083,3.14823,0.013889,0.75000,0.00000,2.50000,3.14823
1614,16.2130,2.50000,1.04083,3.13184,0.016389,0.75171,0.00000,2.50000,3.13184
1615,16.5050,2.50000,1.04083,3.11295,0.018889,0.75000,0.00000,2.50000,3.11295
1616,16.6460,2.50000,1.04083,3.09156,0.021389,0.75000,0.00000,2.50000,3.09156
1617,17.1120,2.50000,1.04083,3.06767,0.023889,0.75000,0.00000,2.50000,3.06767
1618,16.4910,2.50000,1.04083,3.04128,0.026389,0.75049,0.00000,2.50000,3.04128
1619,18.1930,2.50000,1.04083,3.01239,0.028889,0.75110,0.00000,2.50000,3.01239
1620,14.8360,2.50000,1.04083,2.98100,0.031389,0.75000,0.00000,2.50000,2.98100
1621,16.8040,2.50000,1.04083,2.94712,0.033889,0.75000,0.00000,2.50000,2.94712
1622,16.7160,2.50000,1.04083,2.91073,0.036389,0.75000,0.00000,2.50000,2.91073
1623,16.6280,2.50000,1.04083,2.87184,0.038889,0.75012,0.00000,2.50000,2.87184
1624,16.8580,2.50000,1.04083,2.83045,0.041389,0.75061,0.00000,2.50000,2.83045
1625,16.8900,2.50000,1.04083,2.78656,0.043889,0.75000,0.00000,2.50000,2.78656
1626,40.0830,2.50000,1.04083,2.74017,0.046389,0.75000,0.00000,2.50000,2.74017
1627,12.9510,2.50000,1.04083,2.69128,0.048889,0.75085,0.00000,2.50000,2.69128
1628,4.0000,2.50000,1.04083,2.63989,0.051389,0.86218,0.00000,2.50000,2.63989
1629,9.3140,2.50000,1.04083,2.58600,0.053889,0.81250,0.00000,2.50000,2.58600
1630,17.0160,2.50000,1.04083,2.52962,0.056389,0.75000,0.00000,2.50000,2.52962
1631,18.6340,2.50000,1.04083,2.47073,0.058889,0.75000,0.00000,2.50000,2.47073
1632,14.7310,2.50000,1.04083,2.40934,0.061389,0.75000,0.00000,2.50000,2.40934
1633,16.4270,2.50000,1.04083,2.34600,0.063333,0.75000,0.00000,2.50000,2.34600
1634,16.5300,2.50000,1.04083,2.28267,0.063333,0.75000,0.00000,2.50000,2.28267
1635,16.4550,2.50000,1.04083,2.21934,0.063333,0.75000,0.00000,2.50000,2.21934
1636,16.9460,2.50000,1.04083,2.15600,0.063333,0.75000,0.00000,2.50000,2.15600
